# Blender 5.2.0 LTS
# www.blender.org
mtllib cyanaks.mtl
o aks_base
v -0.038349 0.814362 -10.010080
v 0.273880 0.687052 -10.007580
v -0.220141 0.687052 -10.007580
v -0.220141 0.306491 -9.974680
v 0.092088 0.814362 -10.010080
v 0.111706 0.852053 -9.962080
v -0.057967 0.852053 -9.962080
v 0.273880 0.306491 -9.974680
v -0.220141 -0.506160 -9.871780
v 0.273880 -0.506160 -9.871780
v -0.220141 -1.543790 -9.871780
v 0.273880 -1.543790 -9.871780
v -0.068176 -1.708590 -9.871780
v 0.121915 -1.708590 -9.871780
v -0.096766 -1.739470 -9.788680
v 0.150506 -1.739470 -9.788680
v 0.203050 0.632768 -9.742780
v -0.149311 0.322024 -9.742780
v -0.149311 0.632768 -9.742780
v 0.203050 0.322024 -9.742780
v 0.156774 0.668345 -9.742780
v -0.103035 0.668345 -9.742780
v 0.220372 0.598346 -9.711980
v 0.164732 0.598346 -9.711980
v 0.164732 0.628448 -9.711980
v 0.151875 0.710318 -9.711980
v 0.220372 -1.327360 -9.553081
v 0.164732 -1.575460 -9.553081
v 0.164732 -1.327360 -9.553081
v 0.220372 -1.575460 -9.553081
v 0.164732 -1.619740 -9.553081
v 0.107384 -1.714360 -9.553081
v -0.053644 -1.714360 -9.553081
v -0.110993 -1.619740 -9.553081
v -0.166632 -1.575460 -9.553081
v -0.110993 -1.575460 -9.553081
v -0.110993 -1.327360 -9.553081
v -0.166632 -1.327360 -9.553081
v 0.150506 -1.739470 -9.788680
v 0.273880 -1.543790 -9.871780
v 0.348182 -1.568910 -9.792080
v -0.220141 -1.543790 -9.871780
v -0.096766 -1.739470 -9.788680
v -0.294443 -1.568910 -9.792080
v -0.220141 0.687052 -10.007580
v -0.294443 0.306491 -9.900580
v -0.294443 0.715295 -9.946680
v 0.273880 -0.506160 -9.871780
v 0.348182 0.306491 -9.900580
v 0.348182 -0.506160 -9.806581
v 0.273880 -1.543790 -9.871780
v 0.273880 0.687052 -10.007580
v 0.348182 0.715295 -9.946680
v 0.348182 -1.568910 -9.792080
v 0.273880 -1.543790 -9.871780
v -0.294443 -0.506160 -9.806581
v -0.220141 -1.543790 -9.871780
v -0.294443 -1.568910 -9.792080
v -0.220141 -1.543790 -9.871780
v -0.220141 -0.506160 -9.871780
v -0.220141 0.306491 -9.974680
v -0.220141 0.306491 -9.974680
v -0.294443 0.306491 -9.900580
v -0.220141 0.687052 -10.007580
v 0.348182 0.306491 -9.900580
v 0.273880 -0.506160 -9.871780
v 0.273880 0.306491 -9.974680
v 0.273880 0.687052 -10.007580
v 0.273880 0.687052 -10.007580
v 0.111706 0.852053 -9.962080
v 0.348182 0.715295 -9.946680
v -0.294443 0.715295 -9.946680
v -0.057967 0.852053 -9.962080
v -0.220141 0.687052 -10.007580
v -0.316754 1.009227 10.010080
v -0.223818 1.153961 10.010080
v -0.270717 1.181038 10.010080
v -0.117866 1.259913 10.010080
v -0.262598 1.009227 10.010080
v -0.144943 1.306812 10.010080
v -0.270716 0.837417 10.010080
v 0.026868 1.298694 10.010080
v -0.223817 0.864494 10.010080
v 0.026868 1.352849 10.010080
v -0.144942 0.711643 10.010080
v 0.198679 1.306812 10.010080
v -0.117865 0.758542 10.010080
v 0.171601 1.259913 10.010080
v 0.026868 0.665606 10.010080
v 0.324452 1.181038 10.010080
v 0.026868 0.719761 10.010080
v 0.277553 1.153961 10.010080
v 0.198679 0.711643 10.010080
v 0.370490 1.009227 10.010080
v 0.171602 0.758542 10.010080
v 0.316334 1.009227 10.010080
v 0.277553 0.864494 10.010080
v 0.324453 0.837417 10.010080
v 0.111706 0.852053 -9.962080
v 0.273880 0.687052 -10.007580
v 0.092088 0.814362 -10.010080
v -0.220141 0.687052 -10.007580
v -0.057967 0.852053 -9.962080
v -0.038349 0.814362 -10.010080
v -0.059869 1.059305 9.442930
v -0.073287 1.009227 9.442930
v 0.026868 1.009227 9.442930
v -0.059869 0.959150 9.442930
v -0.023209 1.095965 9.442930
v -0.023209 0.922490 9.442930
v 0.026868 1.109383 9.442930
v 0.026868 0.909072 9.442930
v 0.076946 1.095965 9.442930
v 0.076946 0.922490 9.442930
v 0.113605 1.059305 9.442930
v 0.113605 0.959150 9.442930
v 0.127024 1.009227 9.442930
v 0.273880 -1.543790 -9.871780
v 0.150506 -1.739470 -9.788680
v 0.121915 -1.708590 -9.871780
v -0.096766 -1.739470 -9.788680
v -0.220141 -1.543790 -9.871780
v -0.068176 -1.708590 -9.871780
v -0.178224 1.146776 8.547729
v -0.209952 1.028366 8.547729
v 0.026868 1.028366 8.547729
v -0.178224 0.909956 8.547729
v -0.091541 1.233458 8.547729
v -0.091541 0.823274 8.547729
v 0.026868 1.265186 8.547729
v 0.026868 0.791546 8.547729
v 0.145278 1.233458 8.547729
v 0.145278 0.823274 8.547729
v 0.231961 1.146776 8.547729
v 0.231961 0.909956 8.547729
v 0.263689 1.028366 8.547729
v -0.251239 1.169793 8.469639
v -0.329850 1.009227 8.469639
v -0.294263 1.009227 8.469639
v -0.251239 0.848662 8.469639
v -0.282059 1.187587 8.469639
v -0.282059 0.830868 8.469639
v -0.151491 1.318154 8.469639
v -0.151491 0.700300 8.469639
v -0.133697 1.287335 8.469639
v -0.133697 0.731120 8.469639
v 0.026868 1.365946 8.469639
v 0.026868 0.652509 8.469639
v 0.026868 1.330359 8.469639
v 0.026868 0.688096 8.469639
v 0.187434 1.287335 8.469639
v 0.187434 0.731120 8.469639
v 0.205227 1.318154 8.469639
v 0.205227 0.700300 8.469639
v 0.304976 1.169793 8.469639
v 0.304976 0.848662 8.469639
v 0.335796 1.187587 8.469639
v 0.335796 0.830868 8.469639
v 0.383587 1.009227 8.469639
v 0.348000 1.009227 8.469639
v 0.290972 -2.371969 -3.474301
v 0.147506 -2.461419 -3.436021
v 0.147506 -2.350699 -3.538331
v -0.151779 -2.461419 -3.436021
v -0.295246 -2.371969 -3.474301
v -0.151779 -2.350699 -3.538331
v 0.147506 -2.461419 -3.436021
v 0.290972 -2.371969 -3.474301
v 0.290972 -2.490499 -3.362421
v -0.295246 -2.371969 -3.474301
v -0.151779 -2.461419 -3.436021
v -0.295246 -2.490499 -3.362421
v -0.272518 1.055254 -4.097881
v -0.317597 0.280883 -4.097881
v -0.317597 1.073987 -4.097881
v -0.272518 0.293030 -4.097881
v -0.263614 0.280883 -4.097881
v -0.317597 0.237269 -4.097881
v -0.231641 0.237269 -4.097881
v -0.208150 0.087970 -4.097881
v -0.177394 0.163269 -4.097881
v 0.231133 0.163269 -4.097881
v 0.261889 0.087970 -4.097881
v 0.285380 0.237269 -4.097881
v 0.371336 0.237269 -4.097881
v 0.317353 0.280883 -4.097881
v 0.371336 0.280883 -4.097881
v 0.326258 0.293030 -4.097881
v 0.326258 1.055255 -4.097881
v 0.371336 1.073987 -4.097881
v 0.261889 1.238771 -4.097881
v -0.177394 1.163472 -4.097881
v -0.208150 1.238771 -4.097881
v -0.220652 1.114259 -4.097881
v -0.317597 1.114259 -4.097881
v 0.231133 1.163472 -4.097881
v 0.274392 1.114259 -4.097881
v 0.371336 1.114259 -4.097881
v -0.196559 2.512301 7.899704
v -0.139630 2.512301 7.899704
v -0.153286 2.422182 7.899704
v -0.098640 2.462046 7.899704
v -0.035224 2.432189 7.899704
v 0.035162 2.432189 7.899704
v 0.155810 2.422182 7.899704
v 0.098578 2.462046 7.899704
v 0.139567 2.512301 7.899704
v -0.135696 2.362676 7.899704
v 0.199082 2.512301 7.899704
v 0.138219 2.362676 7.899704
v 0.138220 1.848064 7.899704
v -0.135696 1.848064 7.899704
v -0.165587 1.634974 7.911959
v 0.011298 1.783399 7.911959
v -0.219609 1.783399 7.911959
v -0.165587 1.931823 7.911959
v -0.028798 1.555999 7.911959
v 0.126752 1.583427 7.911959
v -0.028799 2.010798 7.911959
v 0.228280 1.704423 7.911959
v 0.126751 1.983370 7.911959
v 0.228280 1.862373 7.911959
v 0.164731 0.498256 -4.058371
v -0.110993 0.238083 -4.058371
v -0.110993 0.498256 -4.058371
v 0.164731 0.238083 -4.058371
v -0.200485 0.883368 7.884130
v 0.026868 1.048550 7.884130
v -0.254155 1.048550 7.884130
v -0.200485 1.213732 7.884130
v -0.059973 0.781280 7.884130
v -0.059973 1.315820 7.884130
v 0.113709 0.781280 7.884130
v 0.113709 1.315820 7.884130
v 0.254222 0.883368 7.884130
v 0.254222 1.213732 7.884130
v 0.307893 1.048550 7.884130
v 0.113709 1.315820 7.884130
v -0.059973 1.615716 7.884130
v -0.059973 1.315820 7.884130
v 0.113709 1.615716 7.884130
v 0.040771 2.418371 7.802849
v -0.042800 2.501941 7.802849
v -0.042800 2.418371 7.802849
v 0.040771 2.501941 7.802849
v 0.014938 2.510871 7.802849
v -0.016968 2.510871 7.802849
v -0.016968 2.649274 7.802849
v 0.014938 2.649274 7.802849
v 0.326258 1.055255 -3.792581
v -0.272518 0.293030 -3.792581
v -0.272518 1.055254 -3.792581
v 0.326258 0.293030 -3.792581
v 0.231133 0.163269 -3.792581
v -0.177394 0.163269 -3.792581
v -0.363105 -2.397309 -3.382301
v -0.295246 -2.490499 -3.362421
v -0.363105 -2.510739 -3.298631
v 0.128782 1.412422 7.529419
v -0.075046 1.616250 7.529419
v -0.075046 1.412422 7.529419
v 0.128782 1.616250 7.529419
v 0.290972 -2.490499 -3.362421
v 0.358832 -2.397309 -3.382301
v 0.358832 -2.510739 -3.298631
v 0.379792 1.009227 9.333380
v 0.332509 1.185689 9.333380
v 0.218611 1.119930 9.460420
v 0.248274 1.009227 9.460420
v 0.332509 0.832766 9.333380
v 0.218611 0.898525 9.460420
v -0.326055 1.009227 9.333380
v -0.164874 1.119930 9.460420
v -0.278773 1.185689 9.333380
v -0.194537 1.009227 9.460420
v -0.278772 0.832766 9.333380
v -0.164874 0.898525 9.460420
v 0.509880 1.106226 -3.629011
v -0.514154 0.127345 -3.629011
v -0.514154 1.106225 -3.629011
v 0.509881 0.127345 -3.629011
v 0.509880 1.287173 -3.631271
v -0.514154 1.287173 -3.631271
v -0.413432 1.344028 -3.631981
v 0.409156 1.344028 -3.631981
v 0.137571 1.200970 9.460420
v 0.026868 1.362151 9.333380
v 0.026868 1.230633 9.460420
v 0.203330 1.314868 9.333380
v 0.137571 1.200970 9.460420
v 0.332509 1.185689 9.333380
v 0.203330 1.314868 9.333380
v 0.218611 1.119930 9.460420
v 0.026868 1.362151 9.333380
v -0.083835 1.200970 9.460420
v 0.026868 1.230633 9.460420
v -0.149594 1.314868 9.333380
v 0.218611 0.898525 9.460420
v 0.203330 0.703587 9.333380
v 0.332509 0.832766 9.333380
v 0.137571 0.817485 9.460420
v -0.149594 1.314868 9.333380
v -0.278773 1.185689 9.333380
v -0.083835 1.200970 9.460420
v -0.164874 1.119930 9.460420
v 0.026868 0.656304 9.333380
v 0.137571 0.817485 9.460420
v 0.026868 0.787822 9.460420
v 0.203330 0.703587 9.333380
v 0.528158 1.117832 -3.566831
v -0.532432 1.102242 -3.566831
v -0.532432 1.117832 -3.566831
v 0.528158 1.102242 -3.566831
v -0.149593 0.703587 9.333380
v 0.026868 0.656304 9.333380
v -0.083834 0.817485 9.460420
v 0.026868 0.787822 9.460420
v -0.278772 0.832766 9.333380
v -0.149593 0.703587 9.333380
v -0.164874 0.898525 9.460420
v -0.083834 0.817485 9.460420
v -0.340255 2.041719 7.257899
v 0.340255 2.041719 7.257899
v -0.169977 2.181481 7.257899
v 0.169976 2.181481 7.257899
v -0.415085 1.872255 7.257899
v 0.415085 1.872255 7.257899
v 0.415085 1.440686 7.257899
v -0.415085 1.440686 7.257899
v -0.500985 0.781933 7.254649
v 0.416670 0.572635 7.254649
v 0.500985 0.781933 7.254649
v 0.444252 1.398040 7.254649
v -0.444252 1.398040 7.254649
v -0.416670 0.572635 7.254649
v -0.388557 0.513375 7.254649
v 0.388557 0.513375 7.254649
v 0.276320 0.465942 7.254649
v -0.276320 0.465942 7.254649
v -0.295246 -2.490499 -3.362421
v -0.363105 -2.397309 -3.382301
v -0.295246 -2.371969 -3.474301
v 0.358832 -2.397309 -3.382301
v 0.290972 -2.490499 -3.362421
v 0.290972 -2.371969 -3.474301
v 0.184497 1.585569 -3.417521
v -0.151857 1.637183 -3.425361
v 0.147582 1.637183 -3.425361
v -0.188772 1.585569 -3.417521
v 0.415085 1.440686 7.093619
v -0.415085 1.872254 7.093619
v -0.415085 1.440686 7.093619
v 0.415085 1.872254 7.093619
v 0.340255 2.041719 7.093619
v -0.340255 2.041719 7.093619
v -0.169976 2.181481 7.093619
v 0.169976 2.181481 7.093619
v 0.521020 0.757254 7.090369
v -0.443007 0.572635 7.090369
v 0.443007 0.572635 7.090369
v -0.521020 0.757254 7.090369
v -0.460413 1.398039 7.090369
v 0.460412 1.398039 7.090369
v -0.413117 0.513375 7.090369
v 0.413117 0.513375 7.090369
v 0.293786 0.465942 7.090369
v -0.293786 0.465942 7.090369
v -0.185780 0.186997 -3.213490
v -0.279736 0.018831 -3.215161
v -0.279736 0.120550 -3.215161
v -0.185780 -0.047619 -3.213490
v 0.181506 0.186997 -3.213490
v 0.181506 -0.047619 -3.213490
v 0.275463 0.120550 -3.215161
v 0.275463 0.018831 -3.215161
v -0.151779 -0.132289 -3.164481
v 0.126751 1.983370 7.422409
v -0.034365 2.049001 7.394269
v -0.028798 2.010798 7.422409
v 0.147318 2.016964 7.394269
v 0.147506 -0.132289 -3.164481
v -0.151779 -0.260169 -3.090461
v 0.147506 -0.260169 -3.090461
v -0.151779 -0.457519 -3.038221
v 0.147506 -0.457519 -3.038221
v -0.151779 -0.550399 -3.061441
v 0.147506 -0.550399 -3.061441
v -0.151779 -2.051829 -3.536530
v 0.147506 -2.051829 -3.536530
v -0.151779 -2.212129 -3.578531
v 0.147506 -2.212129 -3.578531
v -0.151779 -2.350699 -3.538331
v -0.295246 -2.233399 -3.509241
v -0.151779 -2.350699 -3.538331
v -0.295246 -2.371969 -3.474301
v -0.151779 -2.350699 -3.538331
v -0.295246 -2.070239 -3.473411
v -0.151779 -2.051829 -3.536530
v -0.295246 -0.550399 -2.987471
v 0.147506 -2.350699 -3.538331
v -0.151779 -2.461419 -3.436021
v 0.147506 -2.461419 -3.436021
v 0.290972 -2.233399 -3.509241
v 0.147506 -2.350699 -3.538331
v 0.147506 -2.350699 -3.538331
v 0.290972 -2.371969 -3.474301
v -0.034365 2.049001 7.394269
v -0.194134 1.956758 7.394269
v -0.028798 2.010798 7.422409
v -0.165587 1.931823 7.422409
v 0.228280 1.862373 7.422409
v 0.147318 2.016964 7.394269
v 0.126751 1.983370 7.422409
v 0.265903 1.875641 7.394269
v 0.358832 -2.510739 -3.298631
v -0.295246 -2.490499 -3.362421
v 0.290972 -2.490499 -3.362421
v -0.151779 -2.461419 -3.436021
v 0.147506 -2.461419 -3.436021
v -0.363105 -2.510739 -3.298631
v -0.363105 -2.535829 -3.228451
v 0.358832 -2.535829 -3.228451
v -0.363105 -2.657849 -2.887161
v 0.358832 -2.657849 -2.887161
v -0.363105 -2.677359 -2.832571
v 0.358832 -2.677359 -2.832571
v -0.291796 -2.698129 -2.741431
v 0.287523 -2.698129 -2.741431
v 0.100925 -2.705739 -2.614751
v -0.105198 -2.705739 -2.614751
v -0.105198 -2.668899 -2.472931
v 0.100925 -2.668899 -2.472931
v -0.455931 0.018831 -3.119231
v -0.279736 0.018831 -3.215161
v -0.361843 -0.047619 -3.106471
v -0.279736 0.120550 -3.215161
v -0.455931 0.120550 -3.119231
v 0.451658 0.120550 -3.119231
v 0.275463 0.018831 -3.215161
v 0.275463 0.120550 -3.215161
v 0.451658 0.018831 -3.119231
v 0.357570 -0.047619 -3.106471
v 0.147582 1.819022 -3.291471
v -0.151857 1.637183 -3.425361
v -0.151857 1.819022 -3.291471
v -0.188772 1.826861 -3.239861
v -0.188772 1.585569 -3.417521
v 0.147582 1.637183 -3.425361
v 0.184497 1.826861 -3.239861
v 0.184497 1.585569 -3.417521
v -0.178905 2.214701 7.224669
v 0.169976 2.181481 7.257899
v 0.178903 2.214701 7.224669
v -0.169977 2.181481 7.257899
v 0.228280 1.704423 7.422409
v 0.265903 1.875641 7.394269
v 0.228280 1.862373 7.422409
v 0.265903 1.691155 7.394269
v -0.165587 1.931823 7.422409
v -0.257232 1.783399 7.394269
v -0.219609 1.783399 7.422409
v -0.194134 1.956758 7.394269
v -0.165587 1.634974 7.422409
v -0.194134 1.610039 7.394269
v 0.528158 1.346629 -3.566831
v -0.532432 1.117832 -3.566831
v -0.532432 1.346629 -3.566831
v 0.528158 1.117832 -3.566831
v 0.528158 1.558033 -3.353961
v -0.532433 1.558033 -3.353961
v -0.525659 1.566032 -3.345591
v 0.521384 1.566032 -3.345591
v 0.404610 1.703919 -3.201361
v -0.408886 1.703919 -3.201361
v 0.389561 1.785483 -3.112691
v -0.393836 1.785483 -3.112691
v 0.360249 1.944348 -2.938301
v -0.364525 1.944348 -2.938301
v -0.362740 1.954020 -2.927791
v 0.358465 1.954020 -2.927791
v 0.293483 2.058724 -2.819801
v -0.297758 2.058724 -2.819801
v -0.180311 2.149941 -2.732611
v 0.176037 2.149941 -2.732611
v 0.026940 2.183501 -2.709841
v -0.031215 2.183501 -2.709841
v -0.151779 -0.457519 -3.038221
v -0.295246 -0.550399 -2.987471
v -0.295246 -0.457519 -2.949121
v -0.151779 -0.260169 -3.090461
v -0.151779 -0.260169 -3.090461
v -0.295246 -0.260169 -2.991661
v -0.151779 -0.132289 -3.164481
v 0.290972 -0.260169 -2.991661
v 0.147506 -0.457519 -3.038221
v 0.147506 -0.260169 -3.090461
v 0.290972 -0.132289 -3.060731
v 0.290972 -0.457519 -2.949121
v 0.147506 -0.550399 -3.061441
v 0.290972 -0.260169 -2.991661
v -0.514154 0.127345 -3.629011
v 0.469375 0.084846 -3.582981
v -0.473649 0.084846 -3.582981
v 0.509881 0.127345 -3.629011
v -0.340255 2.041719 7.257899
v -0.169977 2.181481 7.257899
v -0.361570 2.063602 7.224669
v -0.178905 2.214701 7.224669
v -0.361570 2.063602 7.224669
v 0.169976 2.181481 7.257899
v 0.361569 2.063602 7.224669
v 0.178903 2.214701 7.224669
v 0.361569 2.063602 7.224669
v 0.340255 2.041719 7.257899
v -0.532266 0.763328 7.221419
v -0.416670 0.572635 7.254649
v -0.500985 0.781933 7.254649
v 0.500985 0.781933 7.254649
v 0.416670 0.572635 7.254649
v 0.532266 0.763328 7.221419
v -0.295246 -2.070239 -3.473411
v -0.151779 -2.212129 -3.578531
v -0.295246 -2.233399 -3.509241
v -0.151779 -0.132289 -3.164481
v -0.295246 -0.260169 -2.991661
v -0.295246 -0.132289 -3.060731
v -0.185780 -0.047619 -3.213490
v 0.147506 -2.212129 -3.578531
v 0.290972 -2.070239 -3.473411
v 0.290972 -2.233399 -3.509241
v 0.147318 1.549832 7.394269
v 0.228280 1.704423 7.422409
v 0.126752 1.583427 7.422409
v 0.265903 1.691155 7.394269
v 0.181506 -0.047619 -3.213490
v 0.290972 -0.132289 -3.060731
v 0.147506 -0.132289 -3.164481
v 0.147506 -0.260169 -3.090461
v -0.423804 1.398039 6.094409
v 0.417328 1.397411 6.094409
v 0.417864 1.398039 6.094409
v 0.417328 1.397411 6.094409
v -0.423804 1.398039 6.094409
v -0.423268 1.397411 6.094409
v -0.423268 1.397411 6.094409
v 0.417328 1.391914 6.094409
v 0.417328 1.397411 6.094409
v -0.423268 1.391914 6.094409
v 0.417328 1.381600 6.094409
v -0.423268 1.381600 6.094409
v 0.415085 1.440686 6.094409
v -0.415085 1.454973 6.094409
v -0.415085 1.440686 6.094409
v 0.415085 1.454973 6.094409
v -0.280688 0.432718 7.221419
v 0.276320 0.465942 7.254649
v -0.276320 0.465942 7.254649
v 0.280688 0.432718 7.221419
v -0.405276 0.487554 7.221419
v -0.388557 0.513375 7.254649
v 0.405276 0.487554 7.221419
v 0.280688 0.432718 7.221419
v -0.276320 0.465942 7.254649
v -0.405276 0.487554 7.221419
v -0.280688 0.432718 7.221419
v -0.361843 -0.047619 -3.106471
v -0.279736 0.018831 -3.215161
v -0.185780 -0.047619 -3.213490
v -0.295246 -0.132289 -3.060731
v 0.275463 0.018831 -3.215161
v 0.357570 -0.047619 -3.106471
v 0.181506 -0.047619 -3.213490
v 0.290972 -0.132289 -3.060731
v 0.388557 0.513375 7.254649
v 0.276320 0.465942 7.254649
v 0.405276 0.487554 7.221419
v -0.194134 1.610039 7.394269
v -0.028798 1.555999 7.422409
v -0.165587 1.634974 7.422409
v -0.034365 1.517796 7.394269
v 0.509880 1.107012 -3.565971
v -0.475336 1.149991 -3.524051
v 0.471062 1.149991 -3.524051
v -0.514154 1.107012 -3.565971
v 0.290972 -2.070239 -3.473411
v 0.147506 -2.051829 -3.536530
v 0.290972 -0.550399 -2.987471
v -0.151779 -2.051829 -3.536530
v -0.295246 -0.550399 -2.987471
v -0.151779 -0.550399 -3.061441
v -0.151779 -0.457519 -3.038221
v 0.147506 -0.550399 -3.061441
v 0.290972 -0.457519 -2.949121
v 0.290972 -0.550399 -2.987471
v 0.147506 -2.051829 -3.536530
v -0.500985 0.781933 7.254649
v -0.472579 1.364816 7.221419
v -0.532266 0.763328 7.221419
v 0.532266 0.763328 7.221419
v 0.472579 1.364816 7.221419
v 0.500985 0.781933 7.254649
v -0.415085 1.872255 7.257899
v -0.340255 2.041719 7.257899
v -0.442607 1.880118 7.224669
v -0.361570 2.063602 7.224669
v -0.443412 1.473910 7.224669
v -0.415085 1.440686 7.257899
v -0.415085 1.872255 7.257899
v -0.442607 1.880118 7.224669
v 0.340255 2.041719 7.257899
v 0.442607 1.880118 7.224669
v 0.361569 2.063602 7.224669
v 0.415085 1.872255 7.257899
v 0.415085 1.440686 7.257899
v 0.443412 1.473910 7.224669
v 0.442607 1.880118 7.224669
v 0.415085 1.872255 7.257899
v -0.416670 0.572635 7.254649
v -0.532266 0.763328 7.221419
v -0.442292 0.563847 7.221419
v -0.442292 0.563847 7.221419
v -0.388557 0.513375 7.254649
v -0.416670 0.572635 7.254649
v 0.442292 0.563847 7.221419
v 0.532266 0.763328 7.221419
v 0.416670 0.572635 7.254649
v -0.388557 0.513375 7.254649
v -0.442292 0.563847 7.221419
v -0.405276 0.487554 7.221419
v 0.405276 0.487554 7.221419
v 0.442292 0.563847 7.221419
v 0.388557 0.513375 7.254649
v 0.442292 0.563847 7.221419
v 0.416670 0.572635 7.254649
v -0.472579 1.364816 7.221419
v -0.500985 0.781933 7.254649
v -0.444252 1.398040 7.254649
v 0.444252 1.398040 7.254649
v 0.500985 0.781933 7.254649
v 0.472579 1.364816 7.221419
v 0.202791 0.193191 -1.522381
v -0.207065 -0.612129 -1.522381
v -0.207066 0.193191 -1.522381
v 0.202791 -0.612129 -1.522381
v -0.207065 -0.692539 -1.496221
v 0.202791 -0.692539 -1.496221
v 0.046129 0.089553 -1.239991
v -0.050403 -0.148019 -1.239991
v -0.050404 0.089553 -1.239991
v 0.046129 -0.148019 -1.239991
v -0.050403 -0.382239 -1.149641
v 0.046129 -0.382239 -1.149641
v -0.050403 -0.529339 -0.985901
v 0.046129 -0.529339 -0.985901
v 0.046129 0.198252 -1.312991
v -0.050404 0.162557 -1.312991
v -0.050404 0.198252 -1.312991
v 0.046129 0.162557 -1.312991
v 0.046129 0.162557 -1.312991
v -0.050404 0.089553 -1.239991
v -0.050404 0.162557 -1.312991
v 0.046129 0.089553 -1.239991
v 0.417328 1.381600 4.686429
v -0.423268 1.393488 4.686429
v -0.423268 1.381600 4.686429
v 0.417328 1.393488 4.686429
v -0.423268 1.397411 4.686429
v 0.417328 1.397411 4.686429
v 0.417328 1.397411 4.686429
v -0.423804 1.398039 4.686429
v -0.423268 1.397411 4.686429
v -0.423804 1.398039 4.686429
v 0.417328 1.397411 4.686429
v 0.417864 1.398039 4.686429
v 0.415085 1.440685 4.686429
v -0.415085 1.454973 4.686429
v -0.415085 1.440685 4.686429
v 0.415085 1.454973 4.686429
v 0.150506 -1.739470 -9.761780
v -0.096766 -1.739470 -9.523581
v -0.096766 -1.739470 -9.761780
v 0.150506 -1.739470 -9.523581
v 0.150506 -1.739470 -9.788680
v -0.096766 -1.739470 -9.788680
v -0.445120 -0.047619 -2.963241
v -0.295246 -0.132289 -3.060731
v -0.363105 -0.132289 -2.921411
v -0.295246 -0.260169 -2.991661
v -0.177113 2.305501 4.410289
v 0.169976 2.281501 4.434289
v 0.177112 2.305501 4.410289
v -0.169976 2.281501 4.434289
v 0.358832 -0.132289 -2.921411
v 0.290972 -0.132289 -3.060731
v 0.440847 -0.047619 -2.963241
v 0.290972 -0.260169 -2.991661
v -0.445120 -0.047619 -2.963241
v -0.455931 0.018831 -3.119231
v -0.361843 -0.047619 -3.106471
v -0.295246 -0.132289 -3.060731
v 0.357570 -0.047619 -3.106471
v 0.451658 0.018831 -3.119231
v 0.440847 -0.047619 -2.963241
v 0.290972 -0.132289 -3.060731
v -0.340255 2.122871 4.434289
v -0.169976 2.281501 4.434289
v -0.356827 2.138071 4.410289
v -0.177113 2.305501 4.410289
v 0.169976 2.281501 4.434289
v 0.356827 2.138071 4.410289
v 0.177112 2.305501 4.410289
v 0.340255 2.122871 4.434289
v 0.279417 -0.475199 -0.121625
v -0.252314 -0.443819 -0.153003
v 0.248039 -0.443819 -0.153003
v -0.283692 -0.475199 -0.121625
v -0.050403 -0.148019 -1.239991
v -0.050403 -0.382239 -1.149641
v -0.072552 -0.369309 -1.130891
v -0.072552 -0.143889 -1.217841
v 0.184754 2.027920 4.314269
v -0.131017 2.144341 4.314269
v -0.131017 2.027920 4.314269
v 0.095930 1.981318 4.314269
v -0.042193 1.981318 4.314269
v 0.184754 2.144341 4.314269
v 0.129318 2.222201 4.314269
v -0.075581 2.222201 4.314269
v 0.068278 -0.369309 -1.130891
v 0.046129 -0.148019 -1.239991
v 0.068278 -0.143889 -1.217841
v 0.046129 -0.382239 -1.149641
v -0.455931 0.120550 -3.119231
v -0.455931 0.018831 -3.119231
v -0.506281 0.018831 -2.989211
v -0.445120 -0.047619 -2.963241
v -0.506281 0.120550 -2.989211
v 0.451658 0.120550 -3.119231
v 0.502007 0.120550 -2.989211
v 0.451658 0.018831 -3.119231
v 0.502007 0.018831 -2.989211
v 0.440847 -0.047619 -2.963241
v -0.105198 -2.705739 -2.614751
v -0.105198 -2.668899 -2.472931
v -0.291796 -2.631849 -2.563921
v 0.100925 -2.705739 -2.614751
v 0.287523 -2.631849 -2.563921
v 0.100925 -2.668899 -2.472931
v 0.046129 -0.529339 -0.985901
v -0.050403 -0.558539 -0.893821
v -0.050403 -0.529339 -0.985901
v 0.046129 -0.558539 -0.893821
v -0.050404 0.162557 -1.312991
v -0.072553 0.176103 -1.290841
v -0.050404 0.198252 -1.312991
v -0.072553 0.171732 -1.290841
v 0.046129 0.198252 -1.312991
v 0.068278 0.176103 -1.290841
v 0.046129 0.162557 -1.312991
v 0.068278 0.171732 -1.290841
v 0.434249 1.358832 4.196639
v -0.380512 1.745099 4.196639
v -0.380512 1.358832 4.196639
v 0.434249 1.745099 4.196639
v 0.415532 1.859993 4.196639
v -0.361795 1.859993 4.196639
v -0.281817 1.951635 4.196639
v 0.335554 1.951635 4.196639
v -0.050404 0.089553 -1.239991
v -0.050403 -0.148019 -1.239991
v -0.072552 -0.143889 -1.217841
v -0.072553 0.098727 -1.217841
v 0.046129 0.089553 -1.239991
v 0.068278 -0.143889 -1.217841
v 0.046129 -0.148019 -1.239991
v 0.068278 0.098727 -1.217841
v 0.026868 0.719761 10.010080
v 0.026868 0.909072 9.442930
v -0.023209 0.922490 9.442930
v -0.117865 0.758542 10.010080
v -0.059869 0.959150 9.442930
v -0.117865 0.758542 10.010080
v -0.023209 0.922490 9.442930
v -0.223817 0.864494 10.010080
v -0.073287 1.009227 9.442930
v -0.262598 1.009227 10.010080
v -0.059869 0.959150 9.442930
v -0.223817 0.864494 10.010080
v -0.059869 1.059305 9.442930
v -0.262598 1.009227 10.010080
v -0.073287 1.009227 9.442930
v -0.223818 1.153961 10.010080
v -0.223818 1.153961 10.010080
v -0.059869 1.059305 9.442930
v -0.117866 1.259913 10.010080
v -0.023209 1.095965 9.442930
v 0.076946 0.922490 9.442930
v 0.026868 0.719761 10.010080
v 0.171602 0.758542 10.010080
v 0.026868 0.909072 9.442930
v -0.050403 -0.529339 -0.985901
v -0.072552 -0.369309 -1.130891
v -0.050403 -0.382239 -1.149641
v -0.072552 -0.509669 -0.974651
v 0.026868 1.298694 10.010080
v -0.023209 1.095965 9.442930
v 0.026868 1.109383 9.442930
v -0.117866 1.259913 10.010080
v 0.076946 0.922490 9.442930
v 0.277553 0.864494 10.010080
v 0.113605 0.959150 9.442930
v 0.171602 0.758542 10.010080
v 0.068278 -0.369309 -1.130891
v 0.068278 -0.509669 -0.974651
v 0.046129 -0.529339 -0.985901
v 0.046129 -0.382239 -1.149641
v 0.076946 1.095965 9.442930
v 0.026868 1.298694 10.010080
v 0.026868 1.109383 9.442930
v 0.171601 1.259913 10.010080
v 0.113605 0.959150 9.442930
v 0.316334 1.009227 10.010080
v 0.127024 1.009227 9.442930
v 0.277553 0.864494 10.010080
v 0.113605 1.059305 9.442930
v 0.277553 1.153961 10.010080
v 0.076946 1.095965 9.442930
v 0.171601 1.259913 10.010080
v 0.127024 1.009227 9.442930
v 0.316334 1.009227 10.010080
v 0.113605 1.059305 9.442930
v 0.277553 1.153961 10.010080
v 0.191668 -0.451799 0.165520
v -0.195943 -0.541249 0.247301
v -0.195943 -0.451799 0.165520
v 0.191668 -0.541249 0.247301
v -0.195943 -0.656249 0.269012
v 0.191668 -0.656249 0.269012
v 0.125615 -0.717319 0.278578
v -0.129889 -0.717319 0.278578
v -0.022633 -0.782749 0.288144
v 0.018360 -0.782749 0.288144
v 0.270591 2.000069 4.031009
v -0.216854 2.179791 4.031009
v -0.216854 2.000069 4.031009
v 0.270591 2.179791 4.031009
v -0.131280 2.299971 4.031009
v 0.185017 2.299971 4.031009
v -0.050404 0.089553 -1.239991
v -0.072553 0.171732 -1.290841
v -0.050404 0.162557 -1.312991
v -0.072553 0.098727 -1.217841
v 0.248039 0.049391 -0.153003
v -0.252314 -0.443819 -0.153003
v -0.252314 0.049391 -0.153003
v 0.248039 -0.443819 -0.153003
v 0.068278 0.171732 -1.290841
v 0.068278 0.098727 -1.217841
v 0.046129 0.089553 -1.239991
v 0.046129 0.162557 -1.312991
v -0.435543 1.464680 4.410289
v -0.415085 1.930523 4.434289
v -0.435543 1.935738 4.410289
v -0.415085 1.440685 4.434289
v -0.340255 2.122871 4.434289
v -0.435543 1.935738 4.410289
v -0.356827 2.138071 4.410289
v 0.435543 1.464680 4.410289
v 0.435543 1.935738 4.410289
v 0.415085 1.930523 4.434289
v 0.415085 1.440685 4.434289
v 0.435543 1.935738 4.410289
v 0.340255 2.122871 4.434289
v 0.356827 2.138071 4.410289
v -0.281817 1.951635 4.196639
v 0.335554 1.951635 4.196639
v -0.281817 2.031922 4.057749
v -0.361795 1.940281 4.057749
v -0.361795 1.859993 4.196639
v 0.335554 2.031922 4.057749
v 0.415532 1.940281 4.057749
v 0.415532 1.859993 4.196639
v 0.237204 0.178994 -0.034331
v 0.279417 0.080769 -0.034331
v 0.237204 0.080769 -0.034331
v 0.279417 0.189698 -0.034331
v -0.241479 0.178994 -0.034331
v -0.283692 0.189698 -0.034331
v 0.279417 0.262857 -0.034331
v -0.283692 0.262857 -0.034331
v -0.283692 0.080769 -0.034331
v -0.241479 0.080769 -0.034331
v 0.202791 -0.638669 -0.108952
v -0.207065 -0.703799 -0.150578
v -0.207065 -0.638669 -0.108952
v 0.202791 -0.703799 -0.150578
v 0.202791 0.053631 -0.107550
v -0.207066 0.053631 -0.107550
v 0.202791 -0.692539 -1.496221
v -0.207065 -0.764989 -1.441611
v -0.207065 -0.692539 -1.496221
v 0.202791 -0.764989 -1.441611
v -0.207065 -0.819379 -1.322481
v 0.202791 -0.819379 -1.322481
v -0.207065 -0.780409 -0.191421
v 0.202791 -0.780409 -0.191421
v -0.207065 -0.733269 -0.113691
v 0.202791 -0.733269 -0.113691
v -0.105198 -2.705739 -2.614751
v -0.291796 -2.631849 -2.563921
v -0.291796 -2.698129 -2.741431
v 0.287523 -2.631849 -2.563921
v 0.100925 -2.705739 -2.614751
v 0.287523 -2.698129 -2.741431
v 0.531990 1.226224 3.752859
v 0.531990 1.259930 3.752859
v 0.526838 1.259930 3.752859
v 0.510766 1.276003 3.752859
v -0.530828 1.226224 3.752859
v -0.525675 1.259930 3.752859
v -0.530828 1.259930 3.752859
v -0.509603 1.276003 3.752859
v -0.501457 1.316360 3.752859
v 0.502620 1.316360 3.752859
v -0.470377 1.470347 3.752859
v 0.471540 1.470347 3.752859
v -0.470377 1.591115 3.752859
v 0.471540 1.591115 3.752859
v -0.423804 1.398039 4.221290
v -0.460413 1.398039 4.178349
v -0.460879 1.393110 4.177809
v -0.423268 1.394007 4.221919
v -0.462601 1.374899 4.175789
v -0.423268 1.397411 4.221919
v -0.423804 1.398039 4.221290
v -0.423268 1.394007 4.221919
v -0.246352 2.284737 0.667374
v -0.186848 2.284737 0.667374
v -0.246352 2.276257 0.658669
v -0.186848 2.276257 0.658669
v 0.179374 2.284737 0.667374
v 0.238879 2.284737 0.667374
v 0.179374 2.276257 0.658669
v 0.238879 2.276257 0.658669
v 0.417864 1.398039 4.221290
v 0.417328 1.397411 4.221919
v 0.417328 1.394007 4.221919
v 0.417328 1.394007 4.221919
v 0.460864 1.393267 4.170859
v 0.417864 1.398039 4.221290
v 0.460412 1.398039 4.171390
v 0.462887 1.371874 4.168479
v 0.018360 -0.782749 0.288144
v -0.022633 -0.782749 0.324164
v -0.022633 -0.782749 0.288144
v 0.018360 -0.782749 0.324164
v 0.509880 0.411985 3.685749
v -0.514155 1.195357 3.685749
v -0.514155 0.411985 3.685749
v 0.509880 1.195357 3.685749
v 0.191668 0.131576 0.165520
v -0.195943 -0.451799 0.165520
v -0.195943 0.131576 0.165520
v 0.191668 -0.451799 0.165520
v -0.514155 0.411985 3.685749
v 0.469374 0.365957 3.643249
v 0.509880 0.411985 3.685749
v -0.473650 0.365957 3.643249
v -0.050403 -0.529339 -0.985901
v -0.072552 -0.530329 -0.909501
v -0.072552 -0.509669 -0.974651
v -0.050403 -0.558539 -0.893821
v 0.182988 2.264067 0.728324
v -0.190127 2.216127 0.696733
v -0.190127 2.264067 0.728324
v 0.182988 2.216127 0.696733
v 0.068278 -0.530329 -0.909501
v 0.046129 -0.529339 -0.985901
v 0.068278 -0.509669 -0.974651
v 0.046129 -0.558539 -0.893821
v 0.014938 2.649274 7.802849
v 0.014938 2.649274 7.640629
v -0.016968 2.649274 7.640629
v -0.016968 2.649274 7.802849
v -0.283692 0.080769 -0.121625
v -0.283692 -0.475199 -0.121625
v -0.315069 -0.443819 -0.090247
v -0.315070 0.049391 -0.090247
v -0.252314 0.049391 -0.153003
v -0.252314 -0.443819 -0.153003
v 0.279417 -0.475199 -0.121625
v 0.279417 0.080769 -0.121625
v 0.310795 0.049391 -0.090247
v 0.310795 -0.443819 -0.090247
v 0.248039 -0.443819 -0.153003
v 0.248039 0.049391 -0.153003
v -0.188772 1.826861 -3.239861
v 0.184497 1.826861 -3.239861
v -0.151857 1.819022 -3.291471
v 0.147582 1.819022 -3.291471
v 0.313212 2.027308 3.508569
v -0.259474 2.316051 3.508569
v -0.259474 2.027308 3.508569
v 0.313212 2.316051 3.508569
v -0.283692 0.262857 -0.034331
v -0.283692 0.189698 -0.034331
v -0.308056 0.214062 -0.009967
v -0.308056 0.238493 -0.009967
v 0.279417 0.189698 -0.034331
v 0.279417 0.262857 -0.034331
v 0.303781 0.238493 -0.009967
v 0.303781 0.214062 -0.009967
v -0.423268 1.394007 4.221919
v -0.478227 1.209693 4.315069
v -0.423268 1.267422 4.348499
v -0.462601 1.374899 4.175789
v 0.478882 1.202766 4.311059
v 0.417328 1.394007 4.221919
v 0.417328 1.267422 4.348499
v 0.462887 1.371874 4.168479
v -0.291796 -2.698129 -2.741431
v -0.291796 -2.631849 -2.563921
v -0.363105 -2.605849 -2.684021
v 0.287523 -2.698129 -2.741431
v 0.358832 -2.605849 -2.684021
v 0.287523 -2.631849 -2.563921
v -0.190127 2.347247 1.136899
v 0.182988 2.347247 1.136899
v -0.190127 2.264067 1.063975
v 0.182988 2.264067 1.063975
v 0.218946 2.308397 3.380579
v 0.179374 2.333977 3.380579
v 0.179374 2.308397 3.380579
v 0.179374 2.290677 3.380579
v 0.238879 2.333977 3.380579
v 0.179374 2.358417 3.380579
v 0.238879 2.358417 3.380579
v 0.179374 2.513430 3.380579
v 0.238879 2.513430 3.380579
v -0.186848 2.333977 3.380579
v -0.226420 2.308397 3.380579
v -0.186848 2.308397 3.380579
v -0.186848 2.290677 3.380579
v -0.246353 2.333977 3.380579
v -0.246353 2.358417 3.380579
v -0.186848 2.358417 3.380579
v -0.246353 2.513430 3.380579
v -0.186848 2.513430 3.380579
v 0.098578 2.462045 7.597843
v 0.035162 2.432189 7.899704
v 0.098578 2.462046 7.899704
v 0.035162 2.432189 7.597129
v -0.035224 2.432189 7.597129
v -0.035224 2.432189 7.899704
v -0.098640 2.462045 7.597843
v -0.098640 2.462046 7.899704
v -0.129889 -0.717319 0.278578
v -0.195943 -0.656249 0.324164
v -0.195943 -0.656249 0.269012
v -0.129889 -0.717319 0.324164
v -0.022633 -0.782749 0.288144
v -0.022633 -0.782749 0.324164
v 0.164731 0.498256 -4.058371
v 0.220372 0.213557 -4.824391
v 0.164731 0.213557 -4.824391
v 0.164731 0.159363 -4.990691
v 0.220372 -1.327360 -9.553081
v 0.164732 -1.327360 -9.553081
v 0.220372 0.592670 -3.804341
v -0.166632 0.592670 -3.804341
v -0.110993 0.498256 -4.058371
v -0.166632 0.213557 -4.824391
v -0.110993 0.213557 -4.824391
v -0.110993 0.159363 -4.990691
v -0.166632 -1.327360 -9.553081
v -0.110993 -1.327360 -9.553081
v 0.125615 -0.717319 0.278578
v 0.191668 -0.656249 0.324164
v 0.125615 -0.717319 0.324164
v 0.191668 -0.656249 0.269012
v 0.018360 -0.782749 0.288144
v 0.018360 -0.782749 0.324164
v 0.040771 2.501941 7.802849
v 0.040771 2.501941 7.640629
v 0.014938 2.510871 7.640629
v 0.014938 2.510871 7.802849
v -0.016968 2.510871 7.802849
v -0.016968 2.510871 7.640629
v -0.042800 2.501941 7.640629
v -0.042800 2.501941 7.802849
v 0.293786 0.131911 3.959989
v -0.293786 0.361109 4.721049
v -0.293786 0.131911 3.959989
v -0.413117 0.421738 4.721049
v 0.293786 0.361109 4.721049
v 0.413117 0.228276 3.959989
v 0.238879 2.285107 1.628159
v 0.179374 2.285107 1.628159
v 0.238879 2.276257 1.636029
v 0.179374 2.276257 1.636029
v 0.238879 2.276257 2.818399
v 0.179374 2.276257 2.818399
v 0.238879 2.499347 3.206509
v 0.179374 2.499347 3.206509
v 0.238879 2.513430 3.380579
v 0.179374 2.513430 3.380579
v -0.186848 2.285107 1.628159
v -0.246353 2.285107 1.628159
v -0.186848 2.276257 1.636029
v -0.246353 2.276257 1.636029
v -0.186848 2.276257 2.818399
v -0.246353 2.276257 2.818399
v -0.186848 2.499347 3.206509
v -0.246353 2.499347 3.206509
v -0.186848 2.513430 3.380579
v -0.246353 2.513430 3.380579
v -0.189365 2.395981 3.220149
v 0.243102 2.395981 3.220149
v -0.189365 2.395981 3.171069
v 0.243102 2.395981 3.171069
v 0.243102 2.376451 3.256029
v -0.189365 2.376451 3.135199
v -0.189365 2.376451 3.256029
v 0.243102 2.345411 3.276689
v -0.189365 2.345411 3.276689
v 0.243102 2.376451 3.135199
v -0.189365 2.345411 3.114539
v 0.243102 2.345411 3.114539
v -0.514155 1.195357 3.685749
v 0.509880 1.195357 3.685749
v -0.475337 1.237277 3.642769
v 0.471062 1.237277 3.642769
v 0.169976 2.181481 7.093619
v 0.169976 2.281501 4.417520
v -0.169976 2.281501 4.417520
v -0.169976 2.181481 7.093619
v -0.525675 1.368835 3.213789
v -0.530828 1.406385 3.213789
v -0.530828 1.368835 3.213789
v -0.525675 1.259930 3.293159
v -0.530828 1.259930 3.293159
v -0.525675 1.406385 3.213789
v -0.530828 1.732369 3.213789
v -0.525675 1.732369 3.213789
v 0.531990 1.368835 3.213789
v 0.526838 1.406385 3.213789
v 0.526838 1.368835 3.213789
v 0.531990 1.259930 3.293159
v 0.526838 1.259930 3.293159
v 0.531990 1.406385 3.213789
v 0.526838 1.732369 3.213789
v 0.531990 1.732369 3.213789
v 0.243102 2.291581 3.276689
v -0.189365 2.345411 3.276689
v -0.189365 2.291581 3.276689
v 0.243102 2.345411 3.276689
v 0.293786 0.361109 4.721049
v 0.413117 0.228276 3.959989
v 0.413117 0.421738 4.721049
v -0.190127 2.264067 0.735035
v 0.182988 2.264067 0.735035
v -0.190127 2.264067 0.728324
v 0.182988 2.264067 0.728324
v 0.182988 2.264067 1.041965
v -0.190127 2.264067 1.041965
v 0.182988 2.264067 3.102499
v 0.182988 2.264067 1.330867
v -0.190127 2.264067 1.330867
v -0.190127 2.264067 3.102499
v -0.190127 2.264067 1.063975
v 0.182988 2.264067 1.063975
v -0.190127 2.264067 1.041965
v 0.182988 2.264067 1.041965
v 0.185017 2.299971 3.495979
v -0.131280 2.299971 3.495979
v 0.185017 2.299971 4.031009
v 0.270591 2.179791 4.031009
v 0.270591 2.179791 3.495979
v -0.131280 2.299971 4.031009
v -0.216854 2.179791 3.495979
v -0.216854 2.179791 4.031009
v -0.525675 1.368835 3.213789
v -0.470377 1.315229 3.321289
v -0.470377 1.386849 3.269089
v -0.525675 1.259930 3.293159
v -0.362740 1.947980 3.182499
v -0.273145 2.035332 3.182729
v -0.272697 2.036091 3.182729
v -0.430283 1.665513 0.493469
v -0.362740 1.952774 0.457769
v -0.408886 1.624277 0.457769
v 0.528158 1.223217 3.181439
v 0.516797 1.363940 3.181439
v 0.483203 1.223217 3.181439
v 0.528158 1.363940 3.181439
v 0.528158 1.551993 3.181439
v 0.516797 1.408308 3.181439
v 0.528158 1.408308 3.181439
v 0.483203 1.551993 3.181439
v 0.483203 1.554924 3.181449
v 0.500769 1.392281 3.181439
v 0.483203 1.223217 3.181439
v 0.516797 1.363940 3.181439
v 0.327895 1.697878 3.181929
v 0.521384 1.559991 3.181459
v 0.482081 1.555937 3.181449
v 0.327895 1.695121 3.181919
v 0.404610 1.697878 3.181929
v 0.389561 1.779443 3.182109
v 0.327895 1.779443 3.182109
v 0.360249 1.938308 3.182479
v 0.327895 1.935470 3.182469
v 0.358465 1.947980 3.182499
v 0.326219 1.938308 3.182479
v 0.320501 1.947980 3.182499
v 0.293483 2.052684 3.182779
v 0.268422 2.036091 3.182729
v 0.248076 2.052684 3.182779
v 0.267584 2.036775 3.182729
v 0.176036 2.143901 3.183049
v 0.160932 2.123751 3.182989
v -0.180311 2.143901 3.183049
v 0.026940 2.177461 3.183079
v -0.165207 2.123751 3.182989
v -0.297758 2.052684 3.182779
v -0.252351 2.052684 3.182779
v -0.166031 2.123081 3.182979
v -0.272697 2.036091 3.182729
v -0.362740 1.947980 3.182499
v -0.324776 1.947980 3.182499
v -0.273145 2.035332 3.182729
v 0.360249 1.938308 3.182479
v 0.326219 1.938308 3.182479
v 0.327440 1.936242 3.182469
v -0.180311 2.143901 3.183049
v 0.026940 2.177461 3.183079
v -0.031215 2.177461 3.183079
v -0.362740 1.947980 3.182499
v -0.330493 1.938308 3.182479
v -0.324776 1.947980 3.182499
v -0.330493 1.938308 3.182479
v -0.362740 1.947980 3.182499
v -0.364525 1.938308 3.182479
v -0.364525 1.938308 3.182479
v -0.332170 1.779443 3.182109
v -0.332170 1.935470 3.182469
v -0.393836 1.779443 3.182109
v -0.332170 1.697878 3.181929
v -0.408886 1.697878 3.181929
v -0.487478 1.554924 3.181449
v -0.333267 1.694130 3.181919
v -0.332170 1.695121 3.181919
v -0.532433 1.551993 3.181439
v -0.487478 1.551993 3.181439
v -0.487478 1.223217 3.181439
v -0.532433 1.223217 3.181439
v 0.482081 1.555937 3.181449
v 0.483203 1.554924 3.181449
v 0.528158 1.551993 3.181439
v 0.293483 2.052684 3.182779
v 0.267584 2.036775 3.182729
v 0.268422 2.036091 3.182729
v 0.360249 1.938308 3.182479
v 0.327440 1.936242 3.182469
v 0.327895 1.935470 3.182469
v -0.332170 1.935470 3.182469
v -0.330493 1.938308 3.182479
v -0.364525 1.938308 3.182479
v 0.356369 2.137651 4.229959
v 0.177112 2.305501 4.410289
v 0.356827 2.138071 4.410289
v 0.177112 2.305501 4.229959
v -0.177113 2.305501 4.229959
v -0.177113 2.305501 4.410289
v -0.356369 2.137651 4.229959
v -0.356827 2.138071 4.410289
v 0.471540 1.315229 3.321289
v 0.526838 1.368835 3.213789
v 0.471540 1.386849 3.269089
v 0.526838 1.259930 3.293159
v -0.246352 2.276257 0.658669
v -0.186848 2.276257 0.658669
v -0.186848 2.253337 0.658669
v -0.246352 2.220387 0.658669
v -0.163999 2.230587 0.658669
v 0.238879 2.220387 0.658669
v 0.156526 2.230587 0.658669
v -0.246352 2.203257 0.658669
v 0.179374 2.253337 0.658669
v 0.238879 2.276257 0.658669
v 0.179374 2.276257 0.658669
v 0.238879 2.203257 0.658669
v 0.218946 2.182587 0.658669
v -0.226420 2.182587 0.658669
v -0.184220 2.169317 0.658669
v 0.176747 2.169317 0.658669
v 0.404610 1.624277 0.457769
v 0.358465 1.952774 0.457769
v 0.426008 1.665513 0.493469
v -0.315069 -0.443819 -0.090247
v -0.283692 -0.475199 -0.034331
v -0.315069 -0.443819 -0.034331
v -0.283692 -0.475199 -0.121625
v -0.315070 -0.443819 0.188533
v -0.283692 -0.475199 0.194726
v -0.293786 0.131911 3.959989
v -0.413117 0.421738 4.721049
v -0.413117 0.228276 3.959989
v 0.279417 -0.475199 -0.034331
v 0.279417 -0.475199 -0.121625
v 0.310795 -0.443819 -0.090247
v 0.310795 -0.443819 -0.034331
v 0.310795 -0.443819 0.188533
v 0.279417 -0.475199 0.194726
v 0.146348 2.220457 3.280569
v 0.146348 2.220457 0.668802
v -0.153822 2.220457 0.668802
v -0.153822 2.220457 3.280569
v 0.156526 2.230587 0.658669
v -0.163999 2.230587 0.658669
v -0.297758 2.052684 3.182779
v -0.166031 2.123081 3.182979
v -0.165207 2.123751 3.182989
v 0.030595 2.215091 2.410469
v -0.034871 2.215091 2.410469
v 0.030595 2.215031 2.471779
v -0.031215 2.182261 2.361079
v 0.026940 2.182261 2.361079
v -0.034871 2.215031 2.471779
v -0.031215 2.182101 2.521019
v 0.026940 2.182101 2.521019
v 0.182988 2.216127 0.696733
v -0.190127 2.187627 0.696733
v -0.190127 2.216127 0.696733
v 0.182988 2.187627 0.696733
v -0.363105 -2.605849 -2.684021
v -0.363105 -2.677359 -2.832571
v -0.291796 -2.698129 -2.741431
v 0.129318 2.222201 4.314269
v 0.129318 2.222201 3.693159
v -0.075581 2.222201 3.693159
v 0.184754 2.144341 4.314269
v 0.184754 2.144341 3.693159
v -0.075581 2.222201 4.314269
v -0.131017 2.144341 3.693159
v -0.131017 2.144341 4.314269
v 0.030595 2.215091 0.493506
v -0.034871 2.215091 0.493506
v 0.030595 2.215031 0.539222
v -0.031215 2.182261 0.457769
v 0.026940 2.182261 0.457769
v -0.034871 2.215031 0.539222
v -0.031215 2.182101 0.574829
v 0.026940 2.182101 0.574829
v 0.030595 2.215091 -1.464001
v -0.034871 2.215091 -1.464001
v 0.030595 2.215031 -1.402701
v -0.031215 2.182261 -1.513391
v 0.026940 2.182261 -1.513391
v -0.034871 2.215031 -1.402701
v -0.031215 2.182101 -1.353451
v 0.026940 2.182101 -1.353451
v -0.178905 2.214701 7.126849
v -0.361570 2.063602 7.224669
v -0.178905 2.214701 7.224669
v 0.178903 2.214701 7.224669
v 0.178903 2.214701 7.126849
v 0.358832 -2.605849 -2.684021
v 0.287523 -2.698129 -2.741431
v 0.358832 -2.677359 -2.832571
v -0.194687 2.179051 2.471769
v -0.034871 2.215091 2.410469
v -0.194687 2.179111 2.410469
v -0.180311 2.148691 2.361079
v -0.031215 2.182261 2.361079
v -0.034871 2.215031 2.471779
v -0.180311 2.148541 2.521019
v -0.031215 2.182101 2.521019
v -0.194687 2.179051 0.539218
v -0.034871 2.215091 0.493506
v -0.194687 2.179111 0.493503
v -0.180311 2.148691 0.457769
v -0.031215 2.182261 0.457769
v -0.034871 2.215031 0.539222
v -0.180311 2.148541 0.574829
v -0.031215 2.182101 0.574829
v 0.182988 2.187627 3.102499
v -0.190127 2.264067 3.102499
v -0.190127 2.187627 3.102499
v 0.182988 2.264067 3.102499
v 0.030595 2.215031 2.471779
v 0.190412 2.179051 2.471769
v 0.030595 2.215091 2.410469
v 0.176036 2.148541 2.521019
v 0.026940 2.182101 2.521019
v 0.190412 2.179111 2.410469
v 0.176036 2.148691 2.361079
v 0.026940 2.182261 2.361079
v 0.030595 2.215031 0.539222
v 0.190412 2.179051 0.539218
v 0.030595 2.215091 0.493506
v 0.176036 2.148541 0.574829
v 0.026940 2.182101 0.574829
v 0.190412 2.179111 0.493503
v 0.176036 2.148691 0.457769
v 0.026940 2.182261 0.457769
v -0.194687 2.179051 -1.402701
v -0.034871 2.215091 -1.464001
v -0.194687 2.179111 -1.464011
v -0.180311 2.148691 -1.513391
v -0.031215 2.182261 -1.513391
v -0.034871 2.215031 -1.402701
v -0.180311 2.148541 -1.353451
v -0.031215 2.182101 -1.353451
v 0.030595 2.215031 -1.402701
v 0.190412 2.179051 -1.402701
v 0.030595 2.215091 -1.464001
v 0.176036 2.148541 -1.353451
v 0.026940 2.182101 -1.353451
v 0.190412 2.179111 -1.464011
v 0.176036 2.148691 -1.513391
v 0.026940 2.182261 -1.513391
v 0.164731 0.238083 -4.058371
v 0.164732 -0.141029 -4.990691
v -0.110993 -0.141029 -4.990691
v -0.110993 0.238083 -4.058371
v -0.110993 -1.619740 -9.553081
v 0.164732 -1.619740 -9.553081
v 0.169976 2.281501 4.417520
v 0.169976 2.181481 7.093619
v 0.340255 2.041719 7.093619
v 0.026940 2.177461 3.183079
v 0.026940 2.183501 -2.709841
v -0.031215 2.183501 -2.709841
v 0.176036 2.143901 3.183049
v -0.031215 2.177461 3.183079
v 0.176037 2.149941 -2.732611
v 0.293483 2.052684 3.182779
v 0.293483 2.058724 -2.819801
v -0.180311 2.143901 3.183049
v -0.180311 2.149941 -2.732611
v -0.297758 2.052684 3.182779
v -0.297758 2.058724 -2.819801
v -0.169976 2.181481 7.093619
v -0.169976 2.281501 4.417520
v -0.340255 2.122871 4.417520
v -0.340255 2.041719 7.093619
v -0.361570 2.063602 7.224669
v -0.178905 2.214701 7.126849
v -0.362205 2.064255 7.126849
v 0.340255 2.041719 7.093619
v 0.340255 2.122871 4.417520
v 0.169976 2.281501 4.417520
v 0.362205 2.064255 7.126849
v 0.178903 2.214701 7.126849
v 0.361569 2.063602 7.224669
v 0.178903 2.214701 7.224669
v 0.361569 2.063602 7.224669
v 0.178903 2.214701 7.126849
v -0.322584 2.079721 2.471749
v -0.194687 2.179111 2.410469
v -0.322584 2.079781 2.410449
v -0.297758 2.057477 2.361079
v -0.180311 2.148691 2.361079
v -0.194687 2.179051 2.471769
v -0.297758 2.057322 2.521019
v -0.180311 2.148541 2.521019
v -0.322584 2.079721 0.539205
v -0.194687 2.179111 0.493503
v -0.322584 2.079781 0.493489
v -0.180311 2.148691 0.457769
v -0.297758 2.057477 0.457769
v -0.194687 2.179051 0.539218
v -0.180311 2.148541 0.574829
v -0.297758 2.057322 0.574829
v -0.322584 2.079721 -1.402721
v -0.194687 2.179111 -1.464011
v -0.322584 2.079781 -1.464031
v -0.297758 2.057477 -1.513391
v -0.180311 2.148691 -1.513391
v -0.194687 2.179051 -1.402701
v -0.297758 2.057322 -1.353451
v -0.180311 2.148541 -1.353451
v -0.530828 1.732096 3.183339
v -0.530828 1.732369 3.213789
v -0.525675 1.732369 3.213789
v -0.470377 1.732863 3.269089
v 0.471540 1.732863 3.269089
v 0.531990 1.732096 3.183339
v 0.526838 1.732369 3.213789
v 0.531990 1.732369 3.213789
v 0.471540 1.733679 3.360349
v -0.470377 1.733679 3.360349
v 0.471540 1.729987 3.370519
v -0.470377 1.729987 3.370519
v 0.471540 1.602739 3.720849
v -0.470377 1.602739 3.720849
v 0.471540 1.591115 3.752859
v -0.470377 1.591115 3.752859
v 0.190412 2.179051 2.471769
v 0.318309 2.079721 2.471749
v 0.190412 2.179111 2.410469
v 0.293483 2.057322 2.521019
v 0.176036 2.148541 2.521019
v 0.318309 2.079781 2.410449
v 0.293483 2.057477 2.361079
v 0.176036 2.148691 2.361079
v 0.190412 2.179051 0.539218
v 0.318309 2.079721 0.539205
v 0.190412 2.179111 0.493503
v 0.176036 2.148541 0.574829
v 0.293483 2.057322 0.574829
v 0.318309 2.079781 0.493489
v 0.176036 2.148691 0.457769
v 0.293483 2.057477 0.457769
v 0.335554 2.031922 3.191149
v -0.281817 2.031922 3.191149
v 0.335554 2.031922 4.057749
v 0.415532 1.940281 4.057749
v 0.415532 1.940281 3.191149
v -0.281817 2.031922 4.057749
v -0.361795 1.940281 3.191149
v -0.361795 1.940281 4.057749
v 0.190412 2.179051 -1.402701
v 0.318309 2.079721 -1.402721
v 0.190412 2.179111 -1.464011
v 0.293483 2.057322 -1.353451
v 0.176036 2.148541 -1.353451
v 0.318309 2.079781 -1.464031
v 0.293483 2.057477 -1.513391
v 0.176036 2.148691 -1.513391
v 0.147318 2.016964 7.242129
v -0.034365 2.049001 7.242129
v 0.147318 2.016964 7.394269
v -0.034365 2.049001 7.394269
v -0.194134 1.956758 7.242129
v -0.034365 2.049001 7.394269
v -0.194134 1.956758 7.394269
v 0.237204 -0.475199 -0.100098
v 0.279417 -0.475199 -0.034331
v 0.237204 -0.475199 -0.034331
v 0.237204 -0.475199 0.194726
v 0.279417 -0.475199 -0.121625
v 0.279417 -0.475199 0.194726
v -0.241479 -0.475199 -0.100098
v 0.237204 -0.452059 0.251051
v -0.283692 -0.475199 -0.121625
v 0.279417 -0.424639 0.317830
v -0.283692 -0.475199 -0.034331
v 0.237204 -0.424639 0.317830
v 0.237204 -0.327909 0.379382
v 0.279417 -0.327909 0.379382
v -0.241479 -0.475199 -0.034331
v -0.283692 -0.475199 0.194726
v -0.241479 -0.475199 0.194726
v -0.241479 -0.452059 0.251051
v -0.283692 -0.424639 0.317830
v -0.241479 -0.424639 0.317830
v -0.283692 -0.327909 0.379382
v -0.241479 -0.327909 0.379382
v 0.126751 1.983370 7.911959
v 0.126751 1.983370 7.422409
v -0.028798 2.010798 7.422409
v -0.028799 2.010798 7.911959
v -0.363105 -0.132289 -2.921411
v -0.363105 -0.128559 -2.757601
v -0.445120 -0.041429 -2.794601
v 0.358832 -0.132289 -2.921411
v 0.440847 -0.041429 -2.794601
v 0.358832 -0.128559 -2.757601
v -0.363105 -0.110439 -1.961001
v -0.445120 -0.006479 -1.843321
v -0.445120 -0.011299 -1.974471
v -0.506853 0.055151 -1.955981
v -0.506929 0.059961 -1.818931
v -0.506378 0.025021 -2.812991
v -0.445120 -0.041429 -2.794601
v -0.363105 -0.128559 -2.757601
v -0.445120 -0.047619 -2.963241
v -0.363105 -0.132289 -2.921411
v -0.506281 0.018831 -2.989211
v 0.261889 0.087970 -4.097881
v -0.208150 0.087970 -3.601741
v -0.208150 0.087970 -4.097881
v 0.261889 0.087970 -3.601741
v -0.423268 1.267422 4.348499
v -0.487587 1.110737 4.638549
v -0.423268 1.186174 4.648580
v -0.478227 1.209693 4.315069
v 0.440847 -0.006479 -1.843321
v 0.358832 -0.110439 -1.961001
v 0.440847 -0.011299 -1.974471
v 0.502580 0.055151 -1.955981
v 0.502656 0.059961 -1.818931
v 0.502105 0.025021 -2.812991
v 0.440847 -0.041429 -2.794601
v 0.358832 -0.128559 -2.757601
v 0.440847 -0.047619 -2.963241
v 0.502007 0.018831 -2.989211
v 0.358832 -0.132289 -2.921411
v 0.488328 1.102901 4.637509
v 0.478882 1.202766 4.311059
v 0.417328 1.267422 4.348499
v 0.417328 1.186174 4.648580
v -0.392840 1.966520 2.471739
v -0.322584 2.079721 2.471749
v -0.392840 1.966580 2.410429
v -0.297758 2.057322 2.521019
v -0.362740 1.952619 2.521019
v -0.322584 2.079781 2.410449
v -0.297758 2.057477 2.361079
v -0.362740 1.952774 2.361079
v -0.392840 1.966520 0.539191
v -0.322584 2.079721 0.539205
v -0.392840 1.966580 0.493476
v -0.297758 2.057322 0.574829
v -0.362740 1.952619 0.574829
v -0.322584 2.079781 0.493489
v -0.297758 2.057477 0.457769
v -0.362740 1.952774 0.457769
v -0.392840 1.966520 -1.402741
v -0.322584 2.079721 -1.402721
v -0.392840 1.966580 -1.464041
v -0.297758 2.057322 -1.353451
v -0.362740 1.952619 -1.353451
v -0.322584 2.079781 -1.464031
v -0.297758 2.057477 -1.513391
v -0.362740 1.952774 -1.513391
v 0.184497 1.826861 -3.239861
v -0.188772 1.826861 -3.239861
v 0.184497 1.826861 -3.008721
v -0.188772 1.826861 -3.008721
v 0.318309 2.079721 2.471749
v 0.388565 1.966580 2.410429
v 0.318309 2.079781 2.410449
v 0.293483 2.057477 2.361079
v 0.358465 1.952774 2.361079
v 0.388565 1.966520 2.471739
v 0.293483 2.057322 2.521019
v 0.358465 1.952619 2.521019
v -0.514154 0.129332 -3.579151
v -0.514154 0.127345 -3.629011
v -0.473649 0.084846 -3.582981
v -0.473649 0.085438 -3.568130
v -0.514154 0.129858 -3.565971
v -0.473649 0.085594 -3.564201
v -0.473650 0.365957 3.643249
v -0.514155 0.411985 3.685749
v 0.318309 2.079721 0.539205
v 0.388565 1.966580 0.493476
v 0.318309 2.079781 0.493489
v 0.293483 2.057477 0.457769
v 0.358465 1.952774 0.457769
v 0.388565 1.966520 0.539191
v 0.293483 2.057322 0.574829
v 0.358465 1.952619 0.574829
v 0.318309 2.079721 -1.402721
v 0.388565 1.966580 -1.464041
v 0.318309 2.079781 -1.464031
v 0.293483 2.057477 -1.513391
v 0.358465 1.952774 -1.513391
v 0.388565 1.966520 -1.402741
v 0.293483 2.057322 -1.353451
v 0.358465 1.952619 -1.353451
v 0.237204 0.178994 -0.034331
v -0.241479 0.178994 0.251051
v -0.241479 0.178994 -0.034331
v 0.237204 0.178994 0.251051
v -0.241479 0.178994 0.379382
v 0.237204 0.178994 0.379382
v 0.413117 0.421738 4.721049
v 0.443007 0.334992 3.959989
v 0.443007 0.493796 4.721049
v 0.469375 0.084846 -3.582981
v 0.509881 0.129332 -3.579151
v 0.469375 0.085438 -3.568130
v 0.509881 0.127345 -3.629011
v 0.509881 0.129858 -3.565971
v 0.469375 0.085594 -3.564201
v 0.469374 0.365957 3.643249
v 0.509880 0.411985 3.685749
v -0.283692 0.080769 -0.121625
v 0.279417 0.080769 -0.121625
v -0.252314 0.049391 -0.153003
v 0.248039 0.049391 -0.153003
v -0.413117 0.421738 4.721049
v -0.443007 0.334992 3.959989
v -0.413117 0.228276 3.959989
v -0.413117 0.421738 4.721049
v -0.443007 0.493796 4.721049
v -0.283692 0.189698 0.194726
v -0.308056 0.214062 0.317830
v -0.308056 0.214062 0.194726
v -0.308056 0.214062 -0.009967
v -0.283692 0.189698 -0.034331
v -0.283692 0.189698 0.317830
v -0.308056 0.214062 0.355017
v -0.283692 0.189698 0.379382
v 0.146348 2.220457 3.280569
v 0.176746 2.250717 3.324409
v 0.179374 2.253337 3.326909
v 0.303781 0.214062 0.194726
v 0.279417 0.189698 0.317830
v 0.279417 0.189698 0.194726
v 0.303781 0.214062 -0.009967
v 0.279417 0.189698 -0.034331
v 0.303781 0.214062 0.317830
v 0.303781 0.214062 0.355017
v 0.279417 0.189698 0.379382
v 0.293786 0.361109 4.721049
v -0.293786 0.465942 7.090369
v -0.293786 0.361109 4.721049
v -0.413117 0.513375 7.090369
v 0.293786 0.465942 7.090369
v 0.413117 0.421738 4.721049
v 0.413117 0.421738 4.721049
v 0.413117 0.513375 7.090369
v -0.413117 0.513375 7.090369
v -0.413117 0.421738 4.721049
v -0.186848 2.253337 3.326499
v -0.184220 2.250717 3.324409
v -0.153822 2.220457 3.280569
v 0.443007 0.334992 3.959989
v 0.413117 0.421738 4.721049
v 0.413117 0.228276 3.959989
v 0.156774 1.123670 -4.804671
v 0.156774 0.668345 -9.742780
v -0.103035 0.668345 -9.742780
v 0.203050 0.632768 -9.742780
v 0.203049 1.088093 -4.804671
v -0.103035 1.123670 -4.804671
v -0.149311 1.088093 -4.804671
v -0.149311 0.632768 -9.742780
v -0.280688 0.432718 7.123599
v -0.405276 0.487554 7.221419
v -0.406386 0.485840 7.123599
v 0.405276 0.487554 7.221419
v 0.280688 0.432718 7.123599
v 0.406386 0.485840 7.123599
v -0.363105 -0.132289 -2.921411
v -0.295246 -0.260169 -2.991661
v -0.363105 -0.260169 -2.858231
v -0.295246 -0.457519 -2.949121
v -0.363105 -0.260169 -2.858231
v -0.363105 -0.457519 -2.827241
v -0.363105 -0.550399 -2.883611
v -0.295246 -0.550399 -2.987471
v -0.363105 -0.550399 -2.883611
v -0.363105 -2.092189 -3.382491
v -0.295246 -0.550399 -2.987471
v -0.295246 -2.070239 -3.473411
v -0.295246 -2.233399 -3.509241
v -0.363105 -2.258729 -3.410971
v -0.295246 -2.371969 -3.474301
v -0.295246 -2.233399 -3.509241
v -0.295246 -2.371969 -3.474301
v -0.363105 -2.397309 -3.382301
v -0.363105 -2.119389 -3.278681
v -0.363105 -2.092189 -3.382491
v -0.363105 -0.550399 -2.883611
v -0.363105 -2.290139 -3.298051
v -0.363105 -2.397309 -3.382301
v -0.363105 -0.550399 -2.763781
v -0.363105 -0.457519 -2.827241
v -0.363105 -2.251649 -2.773851
v -0.363105 -2.428709 -3.277151
v -0.363105 -2.510739 -3.298631
v -0.363105 -2.535829 -3.228451
v -0.363105 -2.442859 -2.748901
v -0.363105 -2.581429 -2.765801
v -0.363105 -2.657849 -2.887161
v -0.363105 -2.677359 -2.832571
v -0.363105 -2.605849 -2.684021
v -0.363105 -2.467279 -2.661081
v -0.363105 -2.272799 -2.693121
v -0.363105 -0.550399 -2.181011
v -0.363105 -0.550399 -2.087811
v -0.363105 -0.457519 -2.685061
v -0.363105 -0.457519 -1.993641
v -0.392840 1.966580 2.410429
v -0.430283 1.867336 2.410419
v -0.392840 1.966520 2.471739
v -0.362740 1.952774 2.361079
v -0.430283 1.867277 2.471729
v -0.362740 1.952619 2.521019
v -0.430283 1.867336 2.410419
v -0.408886 1.826100 2.361079
v -0.408886 1.825946 2.521019
v -0.430283 1.867277 2.471729
v -0.283692 -0.475199 0.194726
v -0.283692 -0.424639 0.317830
v -0.315070 -0.399389 0.296701
v -0.315070 -0.443819 0.188533
v 0.443007 0.376784 3.739709
v 0.413117 0.320336 3.694079
v 0.443007 0.375360 3.694079
v 0.469374 0.365957 3.643249
v 0.366331 0.241402 0.441224
v 0.469375 0.085594 -3.564201
v 0.366331 0.311460 2.242249
v -0.370606 0.311460 2.242249
v -0.370606 0.241402 0.441224
v -0.473650 0.365957 3.643249
v -0.473649 0.085594 -3.564201
v 0.469375 0.085438 -3.568130
v -0.473649 0.085438 -3.568130
v 0.469375 0.084846 -3.582981
v -0.473649 0.084846 -3.582981
v 0.279417 -0.475199 0.194726
v 0.310795 -0.399389 0.296701
v 0.279417 -0.424639 0.317830
v 0.310795 -0.443819 0.188533
v 0.290972 -0.457519 -2.949121
v 0.290972 -0.260169 -2.991661
v 0.358832 -0.260169 -2.858231
v 0.358832 -0.132289 -2.921411
v 0.358832 -0.260169 -2.858231
v 0.358832 -0.457519 -2.827241
v 0.358832 -0.550399 -2.883611
v 0.358832 -0.550399 -2.883611
v 0.290972 -0.550399 -2.987471
v 0.358832 -2.092189 -3.382491
v 0.290972 -0.550399 -2.987471
v 0.290972 -2.070239 -3.473411
v 0.290972 -2.233399 -3.509241
v 0.358832 -2.258729 -3.410971
v 0.290972 -2.371969 -3.474301
v 0.290972 -2.233399 -3.509241
v 0.290972 -2.371969 -3.474301
v 0.358832 -2.397309 -3.382301
v 0.358832 -2.119389 -3.278681
v 0.358832 -2.092189 -3.382491
v 0.358832 -0.550399 -2.883611
v 0.358832 -2.290139 -3.298051
v 0.358832 -2.397309 -3.382301
v 0.358832 -0.550399 -2.763781
v 0.358832 -0.457519 -2.827241
v 0.358832 -2.251649 -2.773851
v 0.358832 -2.428709 -3.277151
v 0.358832 -2.510739 -3.298631
v 0.358832 -2.535829 -3.228451
v 0.358832 -2.442859 -2.748901
v 0.358832 -2.581429 -2.765801
v 0.358832 -2.657849 -2.887161
v 0.358832 -2.677359 -2.832571
v 0.358832 -2.605849 -2.684021
v 0.358832 -2.467279 -2.661081
v 0.358832 -2.272799 -2.693121
v 0.358832 -0.550399 -2.181011
v 0.358832 -0.550399 -2.087811
v 0.358832 -0.457519 -2.685061
v 0.358832 -0.457519 -1.993641
v -0.509603 1.276003 3.752859
v -0.470377 1.315229 3.720889
v -0.525675 1.259930 3.700979
v -0.525675 1.259930 3.752859
v -0.470377 1.315229 3.665969
v -0.525675 1.259930 3.293159
v -0.470377 1.315229 3.321289
v -0.470377 1.344899 3.671639
v -0.470377 1.352764 3.325739
v -0.470377 1.343646 3.726749
v -0.470377 1.470347 3.752859
v -0.470377 1.602739 3.720849
v -0.470377 1.386849 3.269089
v -0.470377 1.470347 3.752859
v -0.470377 1.591115 3.752859
v -0.470377 1.729987 3.370519
v -0.470377 1.418993 3.269089
v -0.470377 1.732863 3.269089
v -0.470377 1.733679 3.360349
v -0.525675 1.732369 3.213789
v -0.525675 1.406385 3.213789
v -0.470377 1.386849 3.269089
v -0.525675 1.368835 3.213789
v -0.430283 1.848500 -1.402751
v -0.392840 1.966520 -1.402741
v -0.430283 1.848560 -1.464051
v -0.362740 1.952619 -1.353451
v -0.408886 1.807169 -1.353451
v -0.392840 1.966580 -1.464041
v -0.362740 1.952774 -1.513391
v -0.408886 1.807324 -1.513391
v 0.526838 1.259930 3.700979
v 0.510766 1.276003 3.752859
v 0.526838 1.259930 3.752859
v 0.471540 1.315229 3.720889
v 0.471540 1.315229 3.665969
v 0.526838 1.259930 3.293159
v 0.471540 1.315229 3.321289
v 0.471540 1.344899 3.671639
v 0.471540 1.343646 3.726749
v 0.471540 1.470347 3.752859
v 0.471540 1.352764 3.325739
v 0.471540 1.386849 3.269089
v 0.471540 1.602739 3.720849
v 0.471540 1.591115 3.752859
v 0.471540 1.729987 3.370519
v 0.471540 1.418993 3.269089
v 0.471540 1.732863 3.269089
v 0.526838 1.732369 3.213789
v 0.526838 1.406385 3.213789
v 0.471540 1.386849 3.269089
v 0.526838 1.368835 3.213789
v 0.483203 1.191463 3.150439
v 0.496780 1.190968 3.123749
v 0.496780 1.191463 3.150439
v 0.483203 1.223217 3.181439
v 0.528158 1.223217 3.181439
v -0.443239 0.563522 7.123599
v -0.405276 0.487554 7.221419
v -0.442292 0.563847 7.221419
v -0.405276 0.487554 7.221419
v -0.443239 0.563522 7.123599
v -0.406386 0.485840 7.123599
v -0.442292 0.563847 7.221419
v -0.532929 0.763134 7.123599
v -0.532266 0.763328 7.221419
v 0.405276 0.487554 7.221419
v 0.443239 0.563522 7.123599
v 0.442292 0.563847 7.221419
v -0.532433 1.558033 -3.353961
v -0.532433 1.158684 -1.199861
v -0.532433 1.406062 -0.972391
v -0.532432 1.102242 -3.353961
v -0.511227 1.120254 -1.235201
v -0.532433 1.141829 -1.215361
v -0.501055 1.070865 -3.353771
v -0.532433 1.554161 0.836348
v -0.532433 1.406062 0.794696
v -0.452724 1.648257 0.862813
v -0.525659 1.566032 -3.345591
v -0.450320 1.651097 0.863612
v -0.408886 1.703919 -3.201361
v -0.408886 1.700059 0.877382
v -0.402665 1.733763 0.886861
v -0.399180 1.752628 0.915656
v -0.393836 1.785483 -3.112691
v -0.393836 1.781576 0.959839
v -0.387412 1.816346 1.012909
v -0.364525 1.938308 3.182479
v -0.364525 1.944348 -2.938301
v -0.387060 1.816346 3.000109
v -0.362740 1.954020 -2.927791
v -0.393836 1.779443 3.182109
v -0.362740 1.947980 3.182499
v -0.297758 2.058724 -2.819801
v -0.297758 2.052684 3.182779
v -0.393836 1.779618 3.000109
v -0.394265 1.777290 3.000109
v -0.408886 1.697878 3.181929
v -0.408886 1.698050 3.000109
v -0.412323 1.693988 3.000109
v -0.532433 1.551993 3.181439
v -0.532433 1.552161 3.000109
v -0.532433 1.223217 3.181439
v -0.532433 1.223217 3.181439
v -0.532433 1.219860 3.000109
v -0.531562 1.218990 3.000109
v -0.532433 1.223217 3.181439
v -0.501055 1.191463 3.150439
v -0.501055 1.188676 3.000109
v 0.443239 0.563522 7.123599
v 0.405276 0.487554 7.221419
v 0.406386 0.485840 7.123599
v 0.532929 0.763134 7.123599
v 0.442292 0.563847 7.221419
v 0.532266 0.763328 7.221419
v 0.128782 1.616250 7.276769
v -0.075046 1.616250 7.276769
v 0.128782 1.616250 7.529419
v -0.075046 1.616250 7.529419
v 0.113709 1.615716 7.884130
v 0.113709 1.615716 7.555499
v -0.059973 1.615716 7.555499
v -0.059973 1.615716 7.884130
v -0.444252 1.398039 7.090369
v -0.472579 1.364816 7.221419
v -0.444252 1.398040 7.254649
v -0.472579 1.364816 7.123599
v 0.444252 1.398039 7.090369
v 0.444252 1.398040 7.254649
v 0.472579 1.364816 7.221419
v 0.472579 1.364816 7.123599
v 0.528158 1.117832 -3.566831
v 0.528158 1.346629 -3.566831
v 0.528158 1.131317 -3.353961
v 0.528158 1.558033 -3.353961
v 0.528158 1.102242 -3.353961
v 0.528158 1.102242 -3.566831
v 0.496781 1.070864 -3.535451
v 0.496780 1.070865 -3.353771
v 0.528158 1.198517 1.847079
v 0.528158 1.200644 1.848499
v 0.528158 1.231865 1.869489
v 0.528158 1.355071 1.869489
v 0.528158 1.408308 1.905999
v 0.528158 1.551993 3.181439
v 0.528158 1.408308 3.181439
v 0.521384 1.566032 -3.345591
v 0.521384 1.559991 3.181459
v 0.404610 1.703919 -3.201361
v 0.404610 1.697878 3.181929
v 0.389561 1.785483 -3.112691
v 0.389561 1.779443 3.182109
v 0.360249 1.944348 -2.938301
v 0.360249 1.938308 3.182479
v 0.358465 1.954020 -2.927791
v 0.358465 1.947980 3.182499
v 0.293483 2.058724 -2.819801
v 0.293483 2.052684 3.182779
v 0.280688 0.432718 7.123599
v 0.405276 0.487554 7.221419
v 0.280688 0.432718 7.221419
v -0.280688 0.432718 7.221419
v -0.280688 0.432718 7.123599
v -0.405276 0.487554 7.221419
v -0.532432 1.102242 -3.353961
v -0.532432 1.117832 -3.566831
v -0.532432 1.102242 -3.566831
v -0.501055 1.070864 -3.535451
v -0.501055 1.070865 -3.353771
v -0.532432 1.131317 -3.353961
v -0.532432 1.346629 -3.566831
v -0.530828 1.732096 3.183339
v -0.530828 1.406385 3.213789
v -0.530828 1.732369 3.213789
v -0.530828 1.226224 3.183339
v -0.530828 1.368835 3.213789
v -0.530828 1.259930 3.293159
v -0.530828 1.226224 3.360349
v -0.530828 1.259930 3.360349
v -0.530828 1.259930 3.700979
v -0.530828 1.226224 3.752859
v -0.530828 1.259930 3.700979
v -0.530828 1.226224 3.752859
v -0.530828 1.259930 3.752859
v 0.531990 1.732369 3.213789
v 0.531990 1.406385 3.213789
v 0.531990 1.732096 3.183339
v 0.531990 1.226224 3.183339
v 0.531990 1.368835 3.213789
v 0.531990 1.259930 3.293159
v 0.531990 1.226224 3.360349
v 0.531990 1.259930 3.360349
v 0.531990 1.259930 3.700979
v 0.531990 1.226224 3.752859
v 0.531990 1.259930 3.752859
v -0.532266 0.763328 7.221419
v -0.472579 1.364816 7.123599
v -0.532929 0.763134 7.123599
v -0.472579 1.364816 7.221419
v -0.460879 1.393110 4.177809
v -0.460413 1.398039 4.178349
v -0.460413 1.398039 3.959989
v -0.462601 1.374899 4.175789
v -0.478227 1.209693 4.315069
v -0.521020 0.757253 3.959989
v -0.443007 0.493796 4.721049
v -0.443007 0.334992 3.959989
v -0.521020 0.757253 3.811039
v -0.460413 1.398039 3.811039
v -0.443007 0.367431 3.811039
v -0.460413 1.362272 3.739709
v -0.521020 0.757253 4.721049
v -0.487587 1.110737 4.638549
v -0.487587 1.110737 4.701449
v -0.487587 1.110737 4.721049
v -0.487587 1.110737 4.761399
v -0.487587 1.110737 5.054049
v -0.443007 0.493796 4.721049
v -0.443007 0.367431 3.811039
v -0.443007 0.334992 3.959989
v -0.443007 0.376784 3.739709
v -0.413117 0.286994 3.739709
v -0.443007 0.376784 3.739709
v -0.443007 0.572635 7.090369
v -0.413117 0.513375 7.090369
v -0.413117 0.421738 4.721049
v -0.521020 0.757254 7.090369
v -0.481283 1.177377 6.429679
v -0.487587 1.110737 6.211849
v -0.478255 1.209399 6.534359
v -0.467113 1.327194 6.665949
v -0.467113 1.327194 6.624859
v -0.461967 1.381600 6.765619
v -0.460413 1.398039 7.090369
v -0.460413 1.398039 6.765619
v -0.442607 1.880118 7.224669
v -0.361570 2.063602 7.224669
v -0.443412 1.880347 7.126849
v -0.362205 2.064255 7.126849
v -0.443412 1.473910 7.126849
v -0.443412 1.473910 7.224669
v -0.415085 1.440686 7.257899
v -0.415085 1.440686 7.093619
v 0.472579 1.364816 7.221419
v 0.532266 0.763328 7.221419
v 0.472579 1.364816 7.123599
v 0.532929 0.763134 7.123599
v -0.430283 1.665453 0.539185
v -0.392840 1.966520 0.539191
v -0.430283 1.665513 0.493469
v -0.362740 1.952619 0.574829
v -0.392840 1.966580 0.493476
v -0.362740 1.952774 0.457769
v 0.528158 1.363940 3.181439
v 0.528158 1.223217 3.181439
v 0.528158 1.355071 3.175359
v 0.528158 1.231865 3.175359
v -0.506853 0.156870 -1.955981
v -0.506853 0.055151 -1.955981
v -0.506929 0.059961 -1.818931
v -0.506929 0.161688 -1.818931
v -0.506378 0.126744 -2.812991
v -0.506378 0.025021 -2.812991
v -0.506281 0.120550 -2.989211
v -0.506281 0.018831 -2.989211
v -0.514154 1.106225 -3.629011
v -0.514154 0.129332 -3.579151
v -0.514154 1.106848 -3.579151
v -0.514154 0.127345 -3.629011
v -0.514154 1.287173 -3.631271
v -0.514154 1.287796 -3.581411
v -0.514154 1.287960 -3.568221
v -0.514154 0.129858 -3.565971
v -0.514154 1.107012 -3.565971
v -0.514155 0.411985 3.685749
v -0.514155 1.195357 3.685749
v -0.415085 1.440685 5.357639
v -0.415085 1.454973 6.094409
v -0.415085 1.454973 5.357639
v -0.415085 1.440686 6.094409
v -0.415085 1.509380 6.194079
v -0.415085 1.509379 5.257969
v -0.415085 1.930523 4.417520
v -0.415085 1.509379 4.786099
v -0.415085 1.454973 4.686429
v -0.415085 1.440685 4.417520
v -0.415085 1.440685 4.686429
v -0.340255 2.041719 7.093619
v -0.340255 2.122871 4.417520
v -0.415085 1.872254 7.093619
v -0.340255 2.041719 7.093619
v -0.415085 1.509380 6.665949
v -0.415085 1.454973 6.765619
v -0.415085 1.440686 7.093619
v -0.415085 1.440686 6.765619
v 0.528158 1.223217 3.181439
v 0.528158 1.222994 3.169389
v 0.528158 1.231865 3.175359
v -0.443007 0.376784 3.739709
v -0.521020 0.757253 3.739709
v -0.476146 1.201551 3.694079
v -0.521020 0.757253 3.694079
v -0.443007 0.375360 3.694079
v -0.413117 0.320336 3.694079
v -0.443007 0.375360 3.694079
v 0.435543 1.935738 4.410289
v 0.435543 1.464680 4.410289
v 0.435076 1.935619 4.229959
v 0.435543 1.464680 4.229959
v 0.356369 2.137651 4.229959
v 0.356827 2.138071 4.410289
v 0.509880 1.106848 -3.579151
v 0.509881 0.129332 -3.579151
v 0.509880 1.106226 -3.629011
v 0.509881 0.127345 -3.629011
v 0.509880 1.287173 -3.631271
v 0.509880 1.287796 -3.581411
v 0.509881 0.129858 -3.565971
v 0.509880 1.287960 -3.568221
v 0.509880 1.107012 -3.565971
v 0.509880 0.411985 3.685749
v 0.509881 0.129858 -3.565971
v 0.509880 1.107012 -3.565971
v 0.509880 1.195357 3.685749
v -0.514154 1.107012 -3.565971
v -0.514155 1.195357 3.685749
v -0.475337 1.237277 3.642769
v -0.475336 1.149991 -3.524051
v 0.478905 1.202523 6.538539
v 0.467113 1.327194 6.634319
v 0.467113 1.327194 6.665949
v 0.521020 0.757254 7.090369
v 0.481804 1.171871 6.438339
v 0.461967 1.381600 6.765619
v 0.488328 1.102901 6.212889
v 0.460412 1.398039 7.090369
v 0.460412 1.398039 6.765619
v 0.521020 0.757253 4.721049
v 0.488328 1.102901 5.046669
v 0.488328 1.102901 4.760499
v 0.488328 1.102901 4.721049
v 0.488328 1.102901 4.701889
v 0.488328 1.102901 4.637509
v 0.443007 0.572635 7.090369
v 0.478882 1.202766 4.311059
v 0.443007 0.493796 4.721049
v 0.413117 0.513375 7.090369
v 0.413117 0.421738 4.721049
v 0.521020 0.757253 3.959989
v 0.443007 0.493796 4.721049
v 0.443007 0.334992 3.959989
v 0.460412 1.398039 3.959989
v 0.462887 1.371874 4.168479
v 0.460864 1.393267 4.170859
v 0.460412 1.398039 4.171390
v 0.460412 1.398039 3.811039
v 0.521020 0.757253 3.811039
v 0.443007 0.367431 3.811039
v 0.460412 1.362272 3.739709
v 0.443007 0.367431 3.811039
v 0.443007 0.334992 3.959989
v 0.443007 0.376784 3.739709
v 0.413117 0.286994 3.739709
v 0.443007 0.376784 3.739709
v 0.521020 0.757253 3.739709
v 0.476146 1.201551 3.694079
v 0.443007 0.376784 3.739709
v 0.521020 0.757253 3.694079
v 0.443007 0.375360 3.694079
v -0.521020 0.757253 4.721049
v -0.521020 0.757254 7.090369
v -0.487587 1.110737 6.211849
v -0.487587 1.110737 5.054049
v 0.147318 1.549832 7.242129
v -0.034365 1.517796 7.394269
v -0.034365 1.517796 7.242129
v 0.147318 1.549832 7.394269
v 0.126752 1.583427 7.422409
v -0.028798 1.555999 7.422409
v 0.361569 2.063602 7.224669
v 0.443412 1.880347 7.126849
v 0.362205 2.064255 7.126849
v 0.442607 1.880118 7.224669
v 0.443412 1.473910 7.126849
v 0.443412 1.473910 7.224669
v 0.415085 1.440686 7.257899
v 0.415085 1.440686 7.093619
v 0.415085 1.930523 4.417520
v 0.340255 2.041719 7.093619
v 0.415085 1.872254 7.093619
v 0.415085 1.454973 6.765619
v 0.415085 1.440686 7.093619
v 0.415085 1.509380 6.665949
v 0.415085 1.509380 6.194079
v 0.340255 2.041719 7.093619
v 0.340255 2.122871 4.417520
v 0.415085 1.509379 5.257969
v 0.415085 1.454973 6.094409
v 0.415085 1.509379 4.786099
v 0.415085 1.454973 4.686429
v 0.415085 1.440685 4.417520
v 0.415085 1.454973 5.357639
v 0.415085 1.440686 6.094409
v 0.415085 1.440685 5.357639
v 0.388565 1.966520 2.471739
v 0.426008 1.662184 2.410419
v 0.388565 1.966580 2.410429
v 0.358465 1.952774 2.361079
v 0.426008 1.662125 2.471729
v 0.358465 1.952619 2.521019
v 0.404610 1.620948 2.361079
v 0.358465 1.952774 2.361079
v 0.358465 1.952619 2.521019
v 0.404610 1.620793 2.521019
v 0.388565 1.966520 0.539191
v 0.426008 1.665513 0.493469
v 0.388565 1.966580 0.493476
v 0.358465 1.952774 0.457769
v 0.426008 1.665453 0.539185
v 0.358465 1.952619 0.574829
v 0.502580 0.156870 -1.955981
v 0.502656 0.059961 -1.818931
v 0.502580 0.055151 -1.955981
v 0.502656 0.161688 -1.818931
v 0.502105 0.126744 -2.812991
v 0.502105 0.025021 -2.812991
v 0.502007 0.120550 -2.989211
v 0.502007 0.018831 -2.989211
v 0.509880 1.107012 -3.565971
v 0.471062 1.237277 3.642769
v 0.509880 1.195357 3.685749
v 0.471062 1.149991 -3.524051
v -0.363105 -0.457519 -1.883061
v -0.363105 -0.260169 -2.701731
v -0.363105 -0.260169 -2.858231
v -0.363105 -0.260169 -1.940661
v -0.363105 -0.260169 -1.818941
v -0.363105 -0.107539 -1.833611
v -0.363105 -0.110439 -1.961001
v -0.363105 -0.128559 -2.757601
v -0.363105 -0.132289 -2.921411
v -0.445120 -0.011299 -1.974471
v -0.445120 -0.006479 -1.843321
v -0.363105 -0.107539 -1.833611
v 0.388565 1.966520 -1.402741
v 0.426008 1.643407 -1.464051
v 0.388565 1.966580 -1.464041
v 0.358465 1.952774 -1.513391
v 0.426008 1.643348 -1.402751
v 0.358465 1.952619 -1.353451
v 0.404610 1.602171 -1.513391
v 0.358465 1.952774 -1.513391
v 0.358465 1.952619 -1.353451
v 0.404610 1.602017 -1.353451
v -0.423268 1.381600 5.357639
v -0.423268 1.391914 6.094409
v -0.423268 1.392738 5.357639
v -0.423268 1.397411 6.094409
v -0.423268 1.381600 6.094409
v -0.423268 1.397411 5.357639
v -0.423804 1.398039 6.094409
v -0.423804 1.398039 5.357639
v -0.423268 1.327194 5.257969
v -0.423268 1.327194 6.194079
v -0.423268 1.266775 6.499499
v -0.423268 1.327194 6.555019
v -0.423268 1.267422 4.348499
v -0.423268 1.327194 4.786099
v -0.423268 1.362700 4.721049
v -0.423268 1.381600 4.686429
v -0.423268 1.393488 4.686429
v -0.423268 1.394007 4.221919
v -0.423268 1.397411 4.686429
v -0.423268 1.397411 4.221919
v -0.423804 1.398039 4.686429
v -0.423804 1.398039 4.221290
v -0.423268 1.186174 4.648580
v -0.423268 1.186175 6.201809
v -0.487587 1.110737 5.054049
v -0.487587 1.110737 6.211849
v -0.487587 1.110737 4.761399
v -0.487587 1.110737 4.721049
v -0.487587 1.110737 4.701449
v -0.487587 1.110737 4.638549
v 0.496781 1.070864 -3.535451
v 0.496780 1.070865 -3.353771
v 0.483204 1.070865 -3.439260
v 0.494022 1.167418 1.853609
v 0.483204 1.073073 -3.234701
v 0.483204 1.070865 -3.353771
v 0.496780 1.070865 -3.353771
v 0.483204 1.073073 -3.234701
v 0.483203 1.191463 3.150439
v 0.492433 1.167454 1.855549
v 0.494022 1.167418 1.853609
v 0.496780 1.167355 1.850249
v -0.487477 1.070864 -3.439260
v 0.496781 1.070864 -3.535451
v -0.501055 1.070864 -3.535451
v 0.528158 1.102242 -3.566831
v -0.532432 1.102242 -3.566831
v -0.501055 1.070865 -3.353771
v -0.501055 1.070864 -3.535451
v -0.501055 1.109971 -1.244661
v -0.487477 1.073072 -3.234701
v -0.487477 1.073072 -3.234701
v -0.487478 1.109971 -1.244661
v -0.501055 1.070865 -3.353771
v -0.487477 1.070865 -3.353771
v -0.413117 0.267795 3.811039
v -0.443007 0.334992 3.959989
v -0.443007 0.367431 3.811039
v -0.413117 0.286994 3.739709
v -0.413117 0.267795 3.811039
v -0.443007 0.334992 3.959989
v -0.413117 0.228276 3.959989
v 0.358832 -0.457519 -1.883061
v 0.358832 -0.260169 -2.701731
v 0.358832 -0.260169 -2.858231
v 0.358832 -0.260169 -1.940661
v 0.358832 -0.260169 -1.818941
v 0.358832 -0.107539 -1.833611
v 0.358832 -0.110439 -1.961001
v 0.358832 -0.128559 -2.757601
v 0.358832 -0.132289 -2.921411
v 0.440847 -0.011299 -1.974471
v 0.440847 -0.006479 -1.843321
v 0.358832 -0.107539 -1.833611
v 0.413117 0.286994 3.739709
v 0.443007 0.367431 3.811039
v 0.413117 0.267795 3.811039
v 0.443007 0.334992 3.959989
v 0.413117 0.267795 3.811039
v 0.413117 0.228276 3.959989
v 0.348182 0.306491 -9.657280
v 0.348182 -0.506160 -9.784180
v 0.348182 0.306491 -9.875880
v 0.348182 0.720856 -9.634180
v 0.348182 -0.506160 -9.585280
v 0.348182 0.720856 -9.634180
v 0.348182 0.715860 -9.914880
v 0.348182 -0.506160 -9.806581
v 0.348182 0.306491 -9.900580
v 0.348182 0.715860 -9.914880
v 0.348182 0.715295 -9.946680
v 0.348182 -1.568910 -9.792080
v 0.348182 -1.568910 -9.765980
v 0.150506 -1.739470 -9.788680
v 0.348182 -1.568910 -9.535080
v 0.150506 -1.739470 -9.761780
v 0.150506 -1.739470 -9.523581
v -0.435076 1.935619 4.229959
v -0.435543 1.464680 4.229959
v -0.435543 1.464680 4.410289
v -0.435543 1.935738 4.410289
v -0.356369 2.137651 4.229959
v -0.356827 2.138071 4.410289
v -0.415085 1.440685 4.434289
v -0.415085 1.440685 4.205969
v -0.394626 1.416690 4.229959
v -0.394626 1.416690 4.410289
v 0.471540 1.733679 3.360349
v 0.471540 1.729987 3.370519
v 0.471540 1.732863 3.269089
v 0.417328 1.327194 6.194079
v 0.417328 1.327194 6.555019
v 0.417328 1.266775 6.499499
v 0.417328 1.327194 5.257969
v 0.417328 1.381600 5.357639
v 0.417328 1.381600 6.094409
v 0.417328 1.391914 6.094409
v 0.417328 1.392738 5.357639
v 0.417328 1.397411 6.094409
v 0.417328 1.397411 5.357639
v 0.417864 1.398039 5.357639
v 0.417864 1.398039 6.094409
v 0.417328 1.267422 4.348499
v 0.417328 1.327194 4.786099
v 0.417328 1.362700 4.721049
v 0.417328 1.381600 4.686429
v 0.417328 1.393488 4.686429
v 0.417328 1.394007 4.221919
v 0.417328 1.397411 4.686429
v 0.417328 1.397411 4.221919
v 0.417864 1.398039 4.686429
v 0.417864 1.398039 4.221290
v 0.417328 1.186174 4.648580
v 0.417328 1.186175 6.201809
v 0.488328 1.102901 5.046669
v 0.488328 1.102901 6.212889
v 0.488328 1.102901 4.760499
v 0.488328 1.102901 4.721049
v 0.488328 1.102901 4.701889
v 0.488328 1.102901 4.637509
v 0.434249 1.358832 4.057749
v 0.434249 1.358832 3.191149
v 0.434249 1.825387 3.191149
v 0.434249 1.825387 4.057749
v 0.415532 1.940281 3.191149
v 0.415532 1.940281 4.057749
v 0.434249 1.745099 4.196639
v 0.434249 1.358832 4.196639
v 0.434249 1.825387 4.057749
v 0.415532 1.859993 4.196639
v 0.415532 1.940281 4.057749
v 0.492433 1.239293 3.150989
v 0.492433 1.190870 3.118439
v 0.492433 1.238975 3.124119
v 0.492433 1.190369 3.091449
v 0.492433 1.362300 3.124119
v 0.492433 1.224723 1.918009
v 0.492433 1.167904 1.879819
v 0.492433 1.224438 1.893849
v 0.492433 1.167454 1.855549
v 0.492433 1.347520 1.893849
v 0.492433 1.347811 1.918009
v 0.492433 1.383944 1.918829
v 0.492433 1.383944 1.942789
v 0.492433 1.362622 3.150989
v 0.492433 1.239293 3.150989
v 0.492433 1.383944 3.138959
v 0.492433 1.383944 3.165609
v 0.516489 1.408000 1.930509
v 0.516797 1.408308 1.905999
v 0.516797 1.408308 3.153639
v 0.501112 1.392624 3.154169
v 0.500769 1.392281 3.181439
v 0.516797 1.408308 3.181439
v -0.294443 -0.506160 -9.784180
v -0.294443 0.306491 -9.657280
v -0.294443 0.306491 -9.875880
v -0.294443 0.720856 -9.634180
v -0.294443 -0.506160 -9.585280
v -0.294443 0.720856 -9.634180
v -0.294443 0.715860 -9.914880
v -0.294443 -0.506160 -9.806581
v -0.294443 0.306491 -9.900580
v -0.294443 0.715860 -9.914880
v -0.294443 0.715295 -9.946680
v -0.294443 -1.568910 -9.792080
v -0.294443 -1.568910 -9.765980
v -0.096766 -1.739470 -9.788680
v -0.294443 -1.568910 -9.535080
v -0.096766 -1.739470 -9.761780
v -0.096766 -1.739470 -9.523581
v -0.259474 2.285731 3.383389
v 0.313212 2.285731 3.383389
v -0.259474 2.159711 3.219819
v 0.313212 2.159711 3.219819
v 0.313212 2.316051 3.508569
v -0.259474 2.316051 3.508569
v -0.361795 1.940281 4.057749
v -0.361795 1.940281 3.191149
v -0.380512 1.825387 3.191149
v -0.380512 1.825387 4.057749
v -0.380512 1.358832 3.191149
v -0.380512 1.825387 4.057749
v -0.380512 1.358832 4.057749
v -0.380512 1.745099 4.196639
v -0.380512 1.358832 4.196639
v -0.380512 1.825387 4.057749
v -0.361795 1.859993 4.196639
v -0.361795 1.940281 4.057749
v -0.413432 1.344650 -3.582121
v 0.409156 1.344650 -3.582121
v -0.413432 1.344028 -3.631981
v 0.409156 1.344028 -3.631981
v 0.509880 1.287173 -3.631271
v -0.514154 1.287173 -3.631271
v 0.509880 1.287796 -3.581411
v -0.514154 1.287796 -3.581411
v 0.409156 1.344814 -3.568931
v 0.509880 1.287960 -3.568221
v -0.413432 1.344814 -3.568931
v -0.514154 1.287960 -3.568221
v 0.415085 1.454973 4.686429
v 0.415085 1.440685 4.686429
v 0.415085 1.440685 4.417520
v 0.415085 1.440686 6.765619
v 0.415085 1.454973 6.765619
v 0.415085 1.440686 7.093619
v 0.293786 0.131911 3.959989
v 0.413117 0.267795 3.811039
v 0.413117 0.228276 3.959989
v 0.293786 0.178730 3.811039
v 0.413117 0.286994 3.739709
v -0.293786 0.178730 3.811039
v -0.413117 0.228276 3.959989
v -0.413117 0.267795 3.811039
v -0.293786 0.208083 3.739709
v -0.413117 0.286994 3.739709
v 0.182988 2.347247 1.257942
v -0.190127 2.347247 1.257942
v 0.182988 2.264067 1.330867
v -0.190127 2.264067 1.330867
v -0.444252 1.398040 7.254649
v 0.444252 1.398040 7.254649
v -0.444252 1.398039 7.090369
v 0.444252 1.398039 7.090369
v 0.417864 1.398039 5.357639
v -0.423804 1.398039 5.357639
v 0.417864 1.398039 6.094409
v -0.423804 1.398039 6.094409
v -0.460413 1.398039 7.090369
v 0.460412 1.398039 7.090369
v -0.460413 1.398039 6.765619
v 0.460412 1.398039 6.765619
v 0.332509 1.185689 9.333380
v 0.332509 1.185689 9.055460
v 0.203330 1.314868 9.055460
v 0.203330 1.314868 9.333380
v 0.379792 1.009227 9.055460
v 0.332509 1.185689 9.055460
v 0.379792 1.009227 9.333380
v 0.332509 1.185689 9.333380
v 0.026868 1.362151 9.055460
v -0.149594 1.314868 9.055460
v 0.026868 1.362151 9.333380
v -0.149594 1.314868 9.333380
v 0.203330 1.314868 9.055460
v 0.026868 1.362151 9.055460
v 0.203330 1.314868 9.333380
v 0.026868 1.362151 9.333380
v 0.379792 1.009227 9.055460
v 0.332509 0.832766 9.333380
v 0.332509 0.832766 9.055460
v 0.379792 1.009227 9.333380
v 0.371336 0.280883 -4.097881
v 0.371336 1.073987 -4.097881
v 0.371336 0.280883 -3.601741
v 0.371336 1.073987 -3.601741
v 0.371336 0.237269 -3.601741
v 0.371336 1.114259 -4.097881
v 0.371336 0.237269 -4.097881
v 0.261889 0.087970 -3.601741
v 0.261889 0.087970 -4.097881
v 0.371335 1.114259 -3.601741
v 0.261889 1.238771 -4.097881
v 0.261888 1.238771 -3.601741
v -0.423268 1.362700 4.721049
v 0.417328 1.362700 4.721049
v -0.423268 1.381600 4.686429
v 0.417328 1.381600 4.686429
v 0.417328 1.327194 4.786099
v -0.423268 1.327194 4.786099
v 0.417328 1.327194 5.257969
v -0.423268 1.327194 5.257969
v 0.417328 1.381600 5.357639
v -0.423268 1.381600 5.357639
v -0.149594 1.314868 9.333380
v -0.149594 1.314868 9.055460
v -0.278772 1.185689 9.055460
v -0.278773 1.185689 9.333380
v 0.332509 0.832766 9.055460
v 0.203330 0.703587 9.333380
v 0.203330 0.703587 9.055460
v 0.332509 0.832766 9.333380
v 0.516797 1.231865 1.869489
v 0.516797 1.355071 1.869489
v 0.492433 1.347520 1.893849
v 0.492433 1.224438 1.893849
v -0.278772 1.185689 9.055460
v -0.326055 1.009227 9.055460
v -0.278773 1.185689 9.333380
v -0.326055 1.009227 9.333380
v 0.203330 0.703587 9.055460
v 0.026868 0.656304 9.333380
v 0.026868 0.656304 9.055460
v 0.203330 0.703587 9.333380
v -0.315069 -0.443819 -0.090247
v -0.315070 0.049391 -0.034331
v -0.315070 0.049391 -0.090247
v -0.315069 -0.443819 -0.034331
v -0.315070 -0.443819 0.188533
v -0.315070 0.049391 0.194726
v -0.315070 -0.399389 0.296701
v -0.315070 0.049391 0.317830
v -0.315070 -0.318769 0.348004
v -0.315070 0.049391 0.348004
v -0.308056 0.214062 0.194726
v -0.308056 0.238493 0.317830
v -0.308056 0.238493 0.194726
v -0.308056 0.214062 -0.009967
v -0.308056 0.238493 -0.009967
v -0.308056 0.214062 0.317830
v -0.308056 0.238493 0.355017
v -0.308056 0.214062 0.355017
v 0.254222 1.213732 7.884130
v 0.254222 1.213732 7.555499
v 0.113709 1.315820 7.555499
v 0.113709 1.315820 7.884130
v -0.282059 0.830868 7.978859
v -0.329850 1.009227 8.469639
v -0.329850 1.009227 7.978859
v -0.282059 0.830868 8.469639
v 0.348000 1.009227 8.990630
v 0.348000 1.009227 8.469639
v 0.304976 1.169793 8.469639
v 0.304976 1.169793 8.990630
v 0.348000 1.009227 9.018410
v 0.304976 1.169793 9.018410
v 0.304976 0.848662 8.990630
v 0.304976 0.848662 8.469639
v 0.304976 0.848662 9.018410
v 0.348000 1.009227 9.018410
v 0.026868 0.656304 9.055460
v -0.149593 0.703587 9.333380
v -0.149593 0.703587 9.055460
v 0.026868 0.656304 9.333380
v -0.149593 0.703587 9.055460
v -0.278772 0.832766 9.333380
v -0.278772 0.832766 9.055460
v -0.149593 0.703587 9.333380
v -0.278772 0.832766 9.055460
v -0.326055 1.009227 9.333380
v -0.326055 1.009227 9.055460
v -0.278772 0.832766 9.333380
v -0.208151 1.238771 -3.601741
v -0.208150 1.238771 -4.097881
v -0.317597 1.114259 -4.097881
v -0.317598 1.114259 -3.601741
v -0.317597 1.073987 -4.097881
v -0.317598 1.114259 -3.601741
v -0.317597 1.073987 -3.601741
v -0.317597 0.280883 -4.097881
v -0.317597 0.280883 -3.601741
v -0.317597 0.237269 -4.097881
v -0.317597 0.237269 -3.601741
v -0.208150 0.087970 -4.097881
v -0.208150 0.087970 -3.601741
v 0.313212 2.027308 3.219819
v 0.313212 2.159711 3.219819
v 0.313212 2.027308 3.383389
v 0.313212 2.285731 3.383389
v 0.313212 2.027308 3.508569
v 0.313212 2.316051 3.508569
v 0.310795 0.049391 -0.034331
v 0.310795 -0.443819 -0.034331
v 0.310795 0.049391 -0.090247
v 0.310795 -0.443819 -0.090247
v 0.310795 -0.443819 0.188533
v 0.310795 0.049391 0.194726
v 0.310795 -0.399389 0.296701
v 0.310795 0.049391 0.317830
v 0.310795 -0.318769 0.348004
v 0.310795 0.049391 0.348004
v 0.417864 1.398039 4.221290
v 0.460412 1.398039 4.171390
v 0.460412 1.398039 3.959989
v -0.460413 1.398039 3.959989
v -0.460413 1.398039 3.811039
v 0.460412 1.398039 3.811039
v -0.460413 1.362272 3.739709
v 0.460412 1.362272 3.739709
v -0.423804 1.398039 4.221290
v -0.460413 1.398039 4.178349
v 0.417864 1.398039 4.686429
v -0.423804 1.398039 4.686429
v -0.423268 1.327194 6.555019
v -0.467113 1.327194 6.624859
v -0.467113 1.327194 6.665949
v -0.461967 1.381600 6.765619
v 0.461967 1.381600 6.765619
v 0.467113 1.327194 6.665949
v 0.417328 1.327194 6.555019
v 0.467113 1.327194 6.634319
v -0.423268 1.327194 6.194079
v 0.417328 1.327194 6.194079
v -0.423268 1.381600 6.094409
v 0.417328 1.381600 6.094409
v -0.283692 0.080769 0.194726
v -0.283692 0.189698 0.317830
v -0.283692 0.189698 0.194726
v -0.283692 0.080769 -0.034331
v -0.283692 0.189698 -0.034331
v -0.283692 0.080769 0.317830
v -0.283692 0.189698 0.379382
v -0.283692 0.080769 0.379382
v 0.303781 0.214062 0.317830
v 0.303781 0.214062 0.194726
v 0.303781 0.238493 0.194726
v 0.303781 0.238493 -0.009967
v 0.303781 0.214062 -0.009967
v 0.303781 0.238493 0.317830
v 0.303781 0.214062 0.355017
v 0.303781 0.238493 0.355017
v -0.059973 1.315820 7.884130
v -0.059973 1.315820 7.555499
v -0.200485 1.213732 7.555499
v -0.200485 1.213732 7.884130
v -0.251239 1.169793 8.990630
v -0.251239 1.169793 8.469639
v -0.294263 1.009227 8.469639
v -0.294263 1.009227 8.990630
v -0.251239 1.169793 9.018410
v -0.294263 1.009227 9.018410
v -0.251239 0.848662 8.469639
v -0.251239 0.848662 8.990630
v -0.294263 1.009227 9.018410
v -0.251239 0.848662 9.018410
v 0.279417 0.080769 0.194726
v 0.279417 0.189698 0.194726
v 0.279417 0.080769 0.317830
v 0.279417 0.189698 -0.034331
v 0.279417 0.080769 -0.034331
v 0.279417 0.189698 0.317830
v 0.279417 0.080769 0.379382
v 0.279417 0.189698 0.379382
v 0.307893 1.048550 7.555499
v 0.254222 0.883368 7.884130
v 0.254222 0.883368 7.555499
v 0.307893 1.048550 7.884130
v 0.254222 1.213732 7.555499
v 0.254222 1.213732 7.884130
v -0.133697 1.287335 8.990630
v -0.133697 1.287335 8.469639
v -0.251239 1.169793 8.469639
v -0.251239 1.169793 8.990630
v -0.133697 1.287335 9.018410
v -0.251239 1.169793 9.018410
v -0.133697 1.287335 9.018410
v 0.026868 1.330359 9.018410
v 0.026868 1.330359 8.990630
v 0.026868 1.330359 8.469639
v 0.026868 1.330359 9.018410
v 0.187434 1.287335 9.018410
v 0.187434 1.287335 8.990630
v 0.187434 1.287335 8.469639
v 0.304976 1.169793 8.990630
v 0.304976 1.169793 8.469639
v 0.304976 1.169793 9.018410
v 0.187434 1.287335 9.018410
v -0.259474 2.027308 3.383389
v -0.259474 2.159711 3.219819
v -0.259474 2.027308 3.219819
v -0.259474 2.285731 3.383389
v -0.259474 2.027308 3.508569
v -0.259474 2.316051 3.508569
v -0.525675 1.259930 3.293159
v -0.530828 1.259930 3.293159
v -0.530828 1.259930 3.360349
v -0.525675 1.259930 3.700979
v -0.530828 1.259930 3.700979
v -0.525675 1.259930 3.752859
v -0.530828 1.259930 3.752859
v 0.531990 1.259930 3.360349
v 0.531990 1.259930 3.293159
v 0.526838 1.259930 3.293159
v 0.526838 1.259930 3.700979
v 0.531990 1.259930 3.700979
v 0.531990 1.259930 3.752859
v 0.526838 1.259930 3.752859
v 0.270591 2.000069 4.031009
v 0.270591 2.000069 3.495979
v 0.270591 2.179791 3.495979
v 0.270591 2.179791 4.031009
v 0.383587 1.009227 7.978859
v 0.335796 0.830868 8.469639
v 0.335796 0.830868 7.978859
v 0.383587 1.009227 8.469639
v 0.205227 0.700300 8.469639
v 0.205227 0.700300 7.978859
v 0.026868 0.652509 8.469639
v 0.026868 0.652509 7.978859
v -0.151491 0.700300 8.469639
v -0.151491 0.700300 7.978859
v -0.282059 0.830868 8.469639
v -0.282059 0.830868 7.978859
v 0.304976 0.848662 8.469639
v 0.187434 0.731120 8.990630
v 0.187434 0.731120 8.469639
v 0.304976 0.848662 8.990630
v 0.187434 0.731120 9.018410
v 0.304976 0.848662 9.018410
v 0.026868 0.688096 9.018410
v 0.187434 0.731120 9.018410
v 0.026868 0.688096 8.990630
v 0.026868 0.688096 8.469639
v -0.133697 0.731120 9.018410
v 0.026868 0.688096 9.018410
v -0.133697 0.731120 8.990630
v -0.133697 0.731120 8.469639
v -0.251239 0.848662 8.990630
v -0.251239 0.848662 8.469639
v -0.251239 0.848662 9.018410
v -0.133697 0.731120 9.018410
v 0.026868 1.265186 8.547729
v 0.026868 1.265186 7.556299
v -0.091541 1.233458 7.556299
v -0.091541 1.233458 8.547729
v 0.145278 1.233458 8.547729
v 0.145278 1.233458 7.556299
v 0.261889 1.238771 -4.097881
v -0.208150 1.238771 -4.097881
v 0.261888 1.238771 -3.601741
v -0.208151 1.238771 -3.601741
v -0.511227 1.120254 -1.235201
v -0.501055 1.070865 -3.353771
v -0.501055 1.109971 -1.244661
v 0.516797 1.231865 1.869489
v 0.492433 1.167454 1.855549
v 0.494022 1.167418 1.853609
v 0.492433 1.224438 1.893849
v 0.503068 1.173582 1.846859
v 0.496780 1.167355 1.850249
v 0.516797 1.187086 1.839389
v 0.243102 2.291581 3.276689
v 0.243102 2.291581 3.114539
v 0.243102 2.345411 3.114539
v 0.243102 2.345411 3.276689
v 0.243102 2.376451 3.135199
v 0.243102 2.376451 3.256029
v 0.243102 2.395981 3.171069
v 0.243102 2.376451 3.256029
v 0.243102 2.395981 3.171069
v 0.243102 2.395981 3.220149
v -0.194134 1.610039 7.242129
v -0.257232 1.783399 7.394269
v -0.257232 1.783399 7.242129
v -0.194134 1.610039 7.394269
v -0.194134 1.956758 7.242129
v -0.194134 1.956758 7.394269
v -0.257232 1.783399 7.394269
v -0.200485 0.883368 7.555499
v -0.254155 1.048550 7.884130
v -0.254155 1.048550 7.555499
v -0.200485 0.883368 7.884130
v -0.200485 1.213732 7.884130
v -0.200485 1.213732 7.555499
v -0.282059 1.187587 8.469639
v -0.282059 1.187587 7.978859
v -0.329850 1.009227 7.978859
v -0.329850 1.009227 8.469639
v -0.151491 1.318154 8.469639
v -0.151491 1.318154 7.978859
v 0.026868 1.365946 8.469639
v 0.026868 1.365946 7.978859
v 0.205227 1.318154 8.469639
v 0.205227 1.318154 7.978859
v 0.335796 1.187587 8.469639
v 0.335796 1.187587 7.978859
v 0.383587 1.009227 8.469639
v 0.383587 1.009227 7.978859
v 0.231961 1.146776 8.547729
v 0.231961 1.146776 7.556299
v 0.145278 1.233458 7.556299
v 0.145278 1.233458 8.547729
v 0.263689 1.028366 8.547729
v 0.263689 1.028366 7.556299
v 0.231961 0.909956 8.547729
v 0.231961 0.909956 7.556299
v 0.528158 1.223217 3.181439
v 0.516797 1.211563 3.161709
v 0.528158 1.222994 3.169389
v 0.496780 1.191463 3.150439
v 0.496907 1.191100 3.123989
v 0.528158 1.223217 3.181439
v 0.516797 1.211563 3.161709
v 0.496907 1.191100 3.123989
v 0.496780 1.191463 3.150439
v 0.496780 1.190968 3.123749
v -0.216854 2.000069 3.495979
v -0.216854 2.179791 4.031009
v -0.216854 2.179791 3.495979
v -0.216854 2.000069 4.031009
v 0.496780 1.070865 -3.353771
v 0.503068 1.173582 1.846859
v 0.496780 1.167355 1.850249
v 0.528158 1.102242 -3.353961
v 0.516797 1.187086 1.839389
v 0.397984 1.198471 0.456518
v 0.471062 1.149991 -3.524051
v 0.397984 1.151848 -3.371621
v -0.475336 1.149991 -3.524051
v 0.471062 1.237277 3.642769
v 0.397984 1.220541 2.268609
v 0.397984 1.235433 3.491409
v -0.475337 1.237277 3.642769
v -0.402259 1.235433 3.491409
v -0.402259 1.220541 2.268609
v -0.402259 1.198471 0.456518
v -0.475336 1.149991 -3.524051
v -0.402259 1.151848 -3.371621
v 0.220372 0.213557 -4.824391
v 0.220372 0.344565 -3.804341
v 0.220372 -0.034549 -4.824391
v 0.220372 0.592670 -3.804341
v 0.220372 -1.327360 -9.553081
v 0.220372 -1.575460 -9.553081
v -0.207065 -0.612129 -1.522381
v -0.207066 0.193191 -1.475161
v -0.207066 0.193191 -1.522381
v -0.207065 -0.612129 -1.475161
v -0.207065 -0.653829 -1.469181
v -0.207065 -0.692539 -1.496221
v -0.207065 -0.721609 -1.422971
v -0.207065 -0.764989 -1.441611
v -0.207065 -0.772159 -1.322161
v -0.207065 -0.819379 -1.322481
v -0.207065 -0.735419 -0.205733
v -0.207065 -0.780409 -0.191421
v -0.207065 -0.703799 -0.150578
v -0.207065 -0.733269 -0.113691
v -0.207065 -0.638669 -0.108952
v -0.207065 -0.638759 -0.061737
v -0.207066 0.053631 -0.107550
v -0.207066 0.053531 -0.060336
v 0.265903 1.691155 7.242129
v 0.147318 1.549832 7.394269
v 0.147318 1.549832 7.242129
v 0.265903 1.691155 7.394269
v 0.265903 1.875641 7.242129
v 0.265903 1.691155 7.394269
v 0.265903 1.875641 7.394269
v 0.147318 2.016964 7.242129
v 0.265903 1.875641 7.394269
v 0.147318 2.016964 7.394269
v -0.195943 -0.451799 0.165520
v -0.195943 0.131576 0.324164
v -0.195943 0.131576 0.165520
v -0.195943 -0.451799 0.324164
v -0.195943 -0.541249 0.247301
v -0.195943 -0.541249 0.324164
v -0.195943 -0.656249 0.269012
v -0.195943 -0.656249 0.324164
v 0.293786 0.178730 3.811039
v -0.293786 0.131911 3.959989
v -0.293786 0.178730 3.811039
v -0.413117 0.228276 3.959989
v 0.293786 0.131911 3.959989
v 0.413117 0.267795 3.811039
v -0.178224 1.146776 8.547729
v -0.178224 1.146776 7.556299
v -0.209952 1.028366 7.556299
v -0.091541 1.233458 8.547729
v -0.091541 1.233458 7.556299
v -0.209952 1.028366 8.547729
v -0.178224 0.909956 7.556299
v -0.178224 0.909956 8.547729
v -0.190127 2.347247 1.136899
v -0.190127 2.347247 1.257942
v -0.190127 2.264067 1.063975
v -0.190127 2.264067 1.330867
v -0.190127 2.187627 1.063975
v -0.190127 2.187627 1.330867
v -0.190127 2.264067 3.102499
v -0.190127 2.187627 3.102499
v -0.190127 2.187627 1.041965
v -0.190127 2.264067 1.041965
v -0.190127 2.187627 0.735035
v -0.190127 2.264067 0.735035
v -0.190127 2.187627 0.728324
v -0.190127 2.264067 0.728324
v -0.190127 2.216127 0.696733
v -0.190127 2.187627 0.696733
v -0.443007 0.376784 3.739709
v -0.413117 0.320336 3.694079
v -0.413117 0.286994 3.739709
v -0.189365 2.291581 3.114539
v -0.189365 2.345411 3.276689
v -0.189365 2.345411 3.114539
v -0.189365 2.291581 3.276689
v -0.189365 2.376451 3.256029
v -0.189365 2.376451 3.135199
v -0.189365 2.395981 3.220149
v -0.189365 2.395981 3.171069
v 0.203049 1.088093 -4.804671
v 0.203049 1.088093 -3.797060
v 0.203049 0.777349 -4.804671
v 0.203049 0.777349 -3.797060
v 0.203050 0.632768 -9.742780
v 0.203050 0.322024 -9.742780
v 0.516797 1.355071 1.869489
v 0.516797 1.408308 1.905999
v 0.492433 1.383944 1.918829
v 0.492433 1.347520 1.893849
v -0.188772 1.826861 -3.239861
v -0.188772 1.585569 -3.242221
v -0.188772 1.826861 -3.008721
v -0.188772 1.585569 -3.417521
v 0.202791 0.193191 -1.475161
v 0.202791 -0.612129 -1.475161
v 0.202791 0.193191 -1.522381
v 0.202791 -0.612129 -1.522381
v 0.202791 -0.653829 -1.469181
v 0.202791 -0.692539 -1.496221
v 0.202791 -0.721609 -1.422971
v 0.202791 -0.764989 -1.441611
v 0.202791 -0.772159 -1.322161
v 0.202791 -0.819379 -1.322481
v 0.202791 -0.735419 -0.205733
v 0.202791 -0.780409 -0.191421
v 0.202791 -0.703799 -0.150578
v 0.202791 -0.733269 -0.113691
v 0.202791 -0.638669 -0.108952
v 0.202791 -0.638759 -0.061737
v 0.202791 0.053631 -0.107550
v 0.202791 0.053531 -0.060336
v 0.214997 1.028366 7.518419
v 0.214997 1.028366 7.110869
v 0.189792 1.122430 7.110869
v 0.189792 1.122430 7.518419
v 0.189792 0.934302 7.518419
v 0.189793 0.934302 7.110869
v 0.228280 1.704423 7.422409
v 0.126752 1.583427 7.911959
v 0.126752 1.583427 7.422409
v 0.228280 1.704423 7.911959
v 0.228280 1.862373 7.422409
v 0.228280 1.862373 7.911959
v 0.126751 1.983370 7.422409
v 0.126751 1.983370 7.911959
v 0.413117 0.320336 3.694079
v 0.443007 0.376784 3.739709
v 0.413117 0.286994 3.739709
v 0.184754 2.027920 4.314269
v 0.184754 2.027920 3.693159
v 0.184754 2.144341 3.693159
v 0.184754 2.144341 4.314269
v -0.487478 1.188676 3.000109
v -0.501055 1.191463 3.150439
v -0.501055 1.188676 3.000109
v -0.487478 1.191463 3.150439
v -0.487478 1.223217 3.181439
v -0.532433 1.223217 3.181439
v 0.184497 1.826861 -3.008721
v 0.184497 1.585569 -3.242221
v 0.184497 1.826861 -3.239861
v 0.184497 1.585569 -3.417521
v 0.191668 0.131576 0.324164
v 0.191668 -0.451799 0.324164
v 0.191668 0.131576 0.165520
v 0.191668 -0.451799 0.165520
v 0.191668 -0.541249 0.247301
v 0.191668 -0.541249 0.324164
v 0.191668 -0.656249 0.269012
v 0.191668 -0.656249 0.324164
v -0.059973 0.781280 7.555499
v -0.200485 0.883368 7.884130
v -0.200485 0.883368 7.555499
v -0.059973 0.781280 7.884130
v 0.113710 0.781280 7.555499
v 0.113709 0.781280 7.884130
v 0.254222 0.883368 7.555499
v 0.254222 0.883368 7.884130
v -0.067196 1.191290 7.518419
v -0.067196 1.191290 7.110869
v -0.136056 1.122430 7.110869
v -0.136056 1.122430 7.518419
v 0.026868 1.216495 7.518419
v 0.026868 1.216495 7.110869
v 0.120933 1.191290 7.518419
v 0.120933 1.191290 7.110869
v 0.189792 1.122430 7.518419
v 0.189792 1.122430 7.110869
v 0.182988 2.347247 1.257942
v 0.182988 2.347247 1.136899
v 0.182988 2.264067 1.063975
v 0.182988 2.264067 1.330867
v 0.182988 2.264067 3.102499
v 0.182988 2.187627 3.102499
v 0.182988 2.187627 1.330867
v 0.182988 2.187627 1.063975
v 0.182988 2.264067 1.041965
v 0.182988 2.187627 1.041965
v 0.182988 2.264067 0.735035
v 0.182988 2.187627 0.735035
v 0.182988 2.264067 0.728324
v 0.182988 2.187627 0.728324
v 0.182988 2.216127 0.696733
v 0.182988 2.187627 0.696733
v -0.166632 0.592670 -3.804341
v -0.166632 0.213557 -4.824391
v -0.166632 0.344565 -3.804341
v -0.166632 -0.034549 -4.824391
v -0.166632 -1.327360 -9.553081
v -0.166632 -1.575460 -9.553081
v 0.189793 0.934302 7.110869
v 0.120933 0.865442 7.518419
v 0.120933 0.865442 7.110869
v 0.189792 0.934302 7.518419
v -0.149311 0.777349 -4.804671
v -0.149311 0.777349 -3.797060
v -0.149311 1.088093 -4.804671
v -0.149311 1.088093 -3.797060
v -0.149311 0.632768 -9.742780
v -0.149311 0.322024 -9.742780
v -0.165587 1.931823 7.911959
v -0.165587 1.931823 7.422409
v -0.219609 1.783399 7.422409
v -0.028799 2.010798 7.911959
v -0.028798 2.010798 7.422409
v -0.219609 1.783399 7.911959
v -0.165587 1.634974 7.422409
v -0.165587 1.634974 7.911959
v -0.028798 1.555999 7.422409
v -0.028798 1.555999 7.911959
v -0.136056 1.122430 7.518419
v -0.136056 1.122430 7.110869
v -0.161260 1.028366 7.110869
v -0.161260 1.028366 7.518419
v -0.136056 0.934302 7.110869
v -0.136056 0.934302 7.518419
v 0.231961 0.909956 7.556299
v 0.145278 0.823274 8.547729
v 0.145278 0.823274 7.556299
v 0.231961 0.909956 8.547729
v 0.026868 0.791546 8.547729
v 0.026868 0.791546 7.556299
v -0.091541 0.823274 8.547729
v -0.091541 0.823274 7.556299
v -0.178224 0.909956 8.547729
v -0.178224 0.909956 7.556299
v 0.111706 0.859473 -9.626380
v 0.348182 0.715860 -9.914880
v 0.111706 0.852806 -9.927980
v 0.348182 0.715295 -9.946680
v 0.111706 0.852053 -9.962080
v -0.131017 2.027920 3.693159
v -0.131017 2.144341 4.314269
v -0.131017 2.144341 3.693159
v -0.131017 2.027920 4.314269
v 0.120933 0.865442 7.110869
v 0.026868 0.840237 7.518419
v 0.026868 0.840237 7.110869
v 0.120933 0.865442 7.518419
v -0.067196 0.865442 7.518419
v -0.067196 0.865442 7.110869
v -0.136056 0.934302 7.518419
v -0.136056 0.934302 7.110869
v -0.135696 2.369435 7.590392
v -0.135696 1.848064 7.899704
v -0.135696 2.362676 7.899704
v -0.135696 1.848064 7.398851
v -0.153286 2.422181 7.596888
v -0.153286 2.422182 7.899704
v -0.196559 2.512300 7.599049
v -0.196559 2.512301 7.899704
v -0.057967 0.852806 -9.927980
v -0.294443 0.715860 -9.914880
v -0.057967 0.859473 -9.626380
v -0.057967 0.852053 -9.962080
v -0.294443 0.715295 -9.946680
v 0.156774 1.123670 -3.797060
v 0.156774 1.123670 -4.804671
v -0.103035 1.123670 -4.804671
v 0.203049 1.088093 -4.804671
v 0.203049 1.088093 -3.797060
v -0.103035 1.123670 -3.797060
v -0.149311 1.088093 -3.797060
v -0.149311 1.088093 -4.804671
v 0.111706 0.859473 -9.626380
v 0.111706 0.852806 -9.927980
v -0.057967 0.852806 -9.927980
v -0.057967 0.859473 -9.626380
v -0.057967 0.852053 -9.962080
v 0.111706 0.852053 -9.962080
v 0.128782 1.412422 7.276769
v 0.128782 1.616250 7.276769
v 0.128782 1.412422 7.529419
v 0.128782 1.616250 7.529419
v -0.226420 2.182587 0.658669
v -0.246352 2.203257 1.166612
v -0.246352 2.203257 0.658669
v -0.226420 2.182587 1.166612
v -0.246352 2.220387 1.166612
v -0.246352 2.220387 0.658669
v -0.246353 2.203257 1.636029
v -0.226420 2.182587 1.636029
v -0.246353 2.220387 1.636029
v -0.246352 2.276257 1.166612
v -0.246353 2.276257 1.636029
v -0.246352 2.276257 0.658669
v -0.246352 2.284737 0.667374
v -0.246353 2.285107 1.628159
v -0.246353 2.276257 2.818399
v -0.246352 2.285567 1.166612
v -0.246353 2.220387 2.818399
v -0.246353 2.227277 3.206509
v -0.246353 2.499347 3.206509
v -0.246353 2.358417 3.380579
v -0.246353 2.513430 3.380579
v -0.246353 2.333977 3.380579
v -0.246353 2.205097 3.206509
v -0.246353 2.203257 2.818399
v -0.226420 2.182587 2.818399
v -0.226420 2.183567 3.206509
v -0.226420 2.183567 3.206509
v -0.246353 2.205097 3.206509
v -0.226420 2.308397 3.380579
v 0.138220 1.848064 7.398851
v 0.138220 2.369435 7.590392
v 0.138220 1.848064 7.899704
v 0.138219 2.362676 7.899704
v 0.155810 2.422181 7.596888
v 0.155810 2.422182 7.899704
v 0.199082 2.512300 7.599049
v 0.199082 2.512301 7.899704
v 0.348182 0.715860 -9.914880
v 0.111706 0.859473 -9.626380
v 0.348182 0.720856 -9.634180
v 0.348182 0.715295 -9.946680
v 0.111706 0.852806 -9.927980
v 0.113709 1.315820 7.555499
v 0.113709 1.615716 7.555499
v 0.113709 1.315820 7.884130
v 0.113709 1.615716 7.884130
v -0.294443 0.715860 -9.914880
v -0.294443 0.720856 -9.634180
v -0.057967 0.859473 -9.626380
v -0.057967 0.852806 -9.927980
v -0.294443 0.715295 -9.946680
v 0.238879 2.203257 0.658669
v 0.218946 2.182587 1.166612
v 0.218946 2.182587 0.658669
v 0.238879 2.203257 1.166612
v 0.238879 2.220387 0.658669
v 0.218946 2.182587 1.636029
v 0.238879 2.220387 1.166612
v 0.238879 2.203257 1.636029
v 0.238879 2.276257 0.658669
v 0.218946 2.182587 2.818399
v 0.238879 2.276257 1.166612
v 0.238879 2.284737 0.667374
v 0.238879 2.220387 1.636029
v 0.238879 2.203257 2.818399
v 0.218946 2.183567 3.206509
v 0.238879 2.276257 1.636029
v 0.238879 2.220387 2.818399
v 0.238879 2.285107 1.628159
v 0.238879 2.276257 2.818399
v 0.238879 2.285567 1.166612
v 0.238879 2.205097 3.206509
v 0.218946 2.183567 3.206509
v 0.238879 2.205097 3.206509
v 0.218946 2.308397 3.380579
v 0.238879 2.227277 3.206509
v 0.238879 2.333977 3.380579
v 0.238879 2.499347 3.206509
v 0.238879 2.358417 3.380579
v 0.238879 2.513430 3.380579
v -0.075046 1.412422 7.276769
v -0.075046 1.616250 7.529419
v -0.075046 1.616250 7.276769
v -0.075046 1.412422 7.529419
v 0.179374 2.284737 0.667374
v 0.179374 2.276257 0.658669
v 0.179374 2.253337 0.658669
v 0.179374 2.285107 1.628159
v 0.179374 2.276257 1.636029
v 0.156526 2.230587 0.658669
v 0.146348 2.220457 0.668802
v 0.146348 2.220457 3.280569
v 0.179374 2.253337 3.326909
v 0.179374 2.276257 2.818399
v 0.179374 2.499347 3.206509
v 0.179374 2.358417 3.380579
v 0.179374 2.513430 3.380579
v -0.408886 1.624277 0.457769
v -0.430283 1.665453 0.539185
v -0.430283 1.665513 0.493469
v -0.408886 1.624122 0.574829
v 0.404610 1.602171 -1.513391
v 0.426008 1.643348 -1.402751
v 0.404610 1.602017 -1.353451
v 0.426008 1.643407 -1.464051
v -0.072553 0.176038 -0.941721
v -0.072553 0.176103 -1.290841
v -0.072553 0.171732 -1.290841
v -0.072553 0.105191 -1.078691
v -0.072553 0.098727 -1.217841
v -0.072552 -0.146359 -1.167261
v -0.072552 -0.143889 -1.217841
v -0.072552 -0.346459 -1.127961
v -0.072552 -0.369309 -1.130891
v -0.072552 -0.499709 -0.970301
v -0.072552 -0.509669 -0.974651
v -0.072552 -0.530329 -0.909501
v -0.072552 -0.521739 -0.907311
v 0.404610 1.620948 2.361079
v 0.426008 1.662125 2.471729
v 0.404610 1.620793 2.521019
v 0.426008 1.662184 2.410419
v 0.404610 1.624277 0.457769
v 0.426008 1.665453 0.539185
v 0.404610 1.624122 0.574829
v 0.426008 1.665513 0.493469
v 0.068278 0.176038 -0.941721
v 0.068278 0.171732 -1.290841
v 0.068278 0.176103 -1.290841
v 0.068278 0.105191 -1.078691
v 0.068278 0.098727 -1.217841
v 0.068278 -0.146359 -1.167261
v 0.068278 -0.143889 -1.217841
v 0.068278 -0.346459 -1.127961
v 0.068278 -0.369309 -1.130891
v 0.068278 -0.499709 -0.970301
v 0.068278 -0.509669 -0.974651
v 0.068278 -0.530329 -0.909501
v 0.068278 -0.521739 -0.907311
v -0.186848 2.499347 3.206509
v -0.186848 2.513430 3.380579
v -0.186848 2.358417 3.380579
v -0.186848 2.253337 3.326499
v -0.186848 2.276257 2.818399
v -0.186848 2.276257 1.636029
v -0.186848 2.253337 0.658669
v -0.153822 2.220457 3.280569
v -0.153822 2.220457 0.668802
v -0.163999 2.230587 0.658669
v -0.186848 2.285107 1.628159
v -0.186848 2.284737 0.667374
v -0.186848 2.276257 0.658669
v -0.059973 1.315820 7.555499
v -0.059973 1.615716 7.884130
v -0.059973 1.615716 7.555499
v -0.059973 1.315820 7.884130
v -0.042800 2.418371 7.640629
v -0.042800 2.501941 7.802849
v -0.042800 2.501941 7.640629
v -0.042800 2.418371 7.802849
v -0.246353 2.205097 3.206509
v -0.226420 2.308397 3.380579
v -0.246353 2.333977 3.380579
v 0.238879 2.205097 3.206509
v 0.238879 2.333977 3.380579
v 0.218946 2.308397 3.380579
v 0.293786 0.208083 3.739709
v -0.293786 0.178730 3.811039
v -0.293786 0.208083 3.739709
v -0.413117 0.267795 3.811039
v 0.293786 0.178730 3.811039
v 0.413117 0.286994 3.739709
v 0.040771 2.418371 7.802849
v 0.040771 2.418371 7.640629
v 0.040771 2.501941 7.640629
v 0.040771 2.501941 7.802849
v -0.016968 2.510871 7.640629
v -0.016968 2.649274 7.802849
v -0.016968 2.649274 7.640629
v -0.016968 2.510871 7.802849
v 0.139567 2.512301 7.899704
v 0.139567 2.512300 7.599049
v 0.098578 2.462046 7.899704
v 0.098578 2.462045 7.597843
v 0.415085 1.440685 4.205969
v 0.394626 1.416690 4.410289
v 0.394626 1.416690 4.229959
v 0.415085 1.440685 4.434289
v 0.435543 1.464680 4.410289
v 0.415085 1.440685 4.434289
v 0.415085 1.440685 4.205969
v 0.435543 1.464680 4.229959
v -0.098640 2.462046 7.899704
v -0.098640 2.462045 7.597843
v -0.139630 2.512300 7.599049
v -0.139630 2.512301 7.899704
v 0.014938 2.510871 7.640629
v 0.014938 2.649274 7.640629
v 0.014938 2.510871 7.802849
v 0.014938 2.649274 7.802849
v -0.408886 1.807324 -1.513391
v -0.430283 1.848500 -1.402751
v -0.430283 1.848560 -1.464051
v -0.408886 1.807169 -1.353451
v -0.408886 1.826100 2.361079
v -0.430283 1.867277 2.471729
v -0.430283 1.867336 2.410419
v -0.408886 1.825946 2.521019
v 0.528158 1.231865 1.869489
v 0.516797 1.355071 1.869489
v 0.516797 1.231865 1.869489
v 0.528158 1.355071 1.869489
v 0.268813 0.728396 -9.879480
v -0.215074 0.735063 -9.633380
v -0.215074 0.728396 -9.879480
v 0.268813 0.735063 -9.633380
v -0.110993 0.213557 -4.824391
v -0.110993 -0.141029 -4.990691
v -0.110993 0.159363 -4.990691
v -0.110993 0.238083 -4.058371
v -0.110993 0.498256 -4.058371
v -0.110993 -1.575460 -9.553081
v -0.110993 -1.327360 -9.553081
v -0.110993 -1.619740 -9.553081
v 0.218946 2.308397 3.380579
v 0.179374 2.290677 3.380579
v 0.179374 2.282907 3.369749
v 0.218946 2.183567 3.206509
v 0.218946 2.308397 3.380579
v 0.179374 2.253337 3.326909
v -0.226420 2.308397 3.380579
v -0.226420 2.183567 3.206509
v -0.186848 2.253337 3.326499
v -0.226420 2.308397 3.380579
v -0.186848 2.253337 3.326499
v -0.186848 2.290677 3.380579
v -0.226420 2.183567 3.206509
v -0.184220 2.250717 3.324409
v 0.179374 2.282907 3.369749
v 0.179374 2.253337 3.326909
v 0.218946 2.308397 3.380579
v 0.164732 -0.141029 -4.990691
v 0.164731 0.213557 -4.824391
v 0.164731 0.159363 -4.990691
v 0.164732 -1.327360 -9.553081
v 0.164732 -1.575460 -9.553081
v 0.164732 -1.619740 -9.553081
v 0.164731 0.238083 -4.058371
v 0.164731 0.498256 -4.058371
v 0.483204 1.073073 -3.234701
v 0.494022 1.167418 1.853609
v 0.492433 1.167454 1.855549
v 0.483203 1.191463 3.150439
v 0.492433 1.167454 1.855549
v 0.492433 1.190870 3.118439
v 0.483203 1.191463 3.150439
v 0.492433 1.190870 3.118439
v 0.496780 1.190968 3.123749
v 0.179374 2.358417 3.380579
v 0.179374 2.253337 3.326909
v 0.179374 2.333977 3.380579
v 0.179374 2.282907 3.369749
v 0.179374 2.308397 3.380579
v 0.179374 2.290677 3.380579
v 0.516797 1.231865 1.869489
v 0.516797 1.187086 1.839389
v 0.528158 1.198517 1.847079
v 0.528158 1.231865 1.869489
v -0.184220 2.250717 3.324409
v -0.226420 2.183567 3.206509
v -0.184220 2.169317 3.206509
v 0.218946 2.183567 3.206509
v 0.176746 2.250717 3.324409
v 0.176746 2.169317 3.206509
v 0.218946 2.183567 3.206509
v 0.179374 2.253337 3.326909
v 0.176746 2.250717 3.324409
v -0.186848 2.253337 3.326499
v -0.186848 2.333977 3.380579
v -0.186848 2.308397 3.380579
v -0.186848 2.358417 3.380579
v -0.186848 2.290677 3.380579
v -0.283692 -0.327909 0.379382
v -0.315070 -0.399389 0.296701
v -0.283692 -0.424639 0.317830
v -0.315070 -0.399389 0.296701
v -0.315070 -0.318769 0.348004
v 0.310795 -0.399389 0.296701
v 0.310795 -0.318769 0.348004
v 0.279417 -0.327909 0.379382
v 0.279417 -0.424639 0.317830
v 0.531990 1.226224 3.183339
v -0.530828 1.226224 3.360349
v -0.530828 1.226224 3.183339
v 0.531990 1.226224 3.360349
v -0.530828 1.226224 3.752859
v 0.531990 1.226224 3.752859
v 0.237204 0.178994 0.251051
v 0.237204 0.178994 -0.034331
v 0.237204 0.080769 -0.034331
v 0.237204 0.080769 0.379382
v 0.237204 0.178994 0.379382
v 0.237204 -0.327909 0.379382
v 0.237204 -0.452059 0.251051
v 0.237204 -0.424639 0.317830
v 0.237204 -0.475199 0.194726
v 0.237204 -0.475199 -0.034331
v 0.237204 -0.475199 -0.100098
v 0.237204 0.080769 -0.100098
v 0.516797 1.355071 3.175359
v 0.492433 1.383944 3.165609
v 0.516797 1.363940 3.181439
v 0.500769 1.392281 3.181439
v 0.516797 1.355071 3.175359
v 0.492433 1.362622 3.150989
v 0.176746 2.169317 3.206509
v 0.176746 2.250717 3.324409
v 0.146348 2.220457 3.280569
v -0.184220 2.169317 3.206509
v 0.176746 2.169317 3.206509
v -0.153822 2.220457 3.280569
v -0.184220 2.250717 3.324409
v -0.241479 0.080769 -0.034331
v -0.241479 0.178994 -0.034331
v -0.241479 0.178994 0.251051
v -0.241479 0.178994 0.379382
v -0.241479 0.080769 0.379382
v -0.241479 -0.327909 0.379382
v -0.241479 -0.452059 0.251051
v -0.241479 -0.475199 0.194726
v -0.241479 -0.475199 -0.034331
v -0.241479 0.080769 -0.100098
v -0.241479 -0.475199 -0.100098
v -0.241479 -0.327909 0.379382
v -0.241479 -0.424639 0.317830
v -0.241479 -0.452059 0.251051
v 0.268813 0.306491 -9.657280
v 0.268813 0.235234 -9.650980
v 0.268813 -0.503460 -9.585480
v 0.203049 0.777349 -4.804671
v -0.149311 0.777349 -3.797060
v -0.149311 0.777349 -4.804671
v 0.203049 0.777349 -3.797060
v 0.203050 0.322024 -9.742780
v -0.149311 0.322024 -9.742780
v 0.492433 1.239293 3.150989
v 0.496780 1.190968 3.123749
v 0.492433 1.190870 3.118439
v 0.516797 1.211563 3.161709
v 0.496907 1.191100 3.123989
v 0.516797 1.231865 3.175359
v 0.492433 1.239293 3.150989
v 0.496907 1.191100 3.123989
v 0.496780 1.190968 3.123749
v -0.423268 1.266775 6.499499
v -0.481283 1.177377 6.429679
v -0.478255 1.209399 6.534359
v -0.423268 1.186175 6.201809
v -0.487587 1.110737 6.211849
v -0.215074 0.306491 -9.657280
v -0.215074 0.728396 -9.879480
v -0.215074 0.720856 -9.634180
v -0.215074 0.735063 -9.633380
v -0.215074 0.235234 -9.789280
v -0.215074 0.235234 -9.650980
v -0.215074 -0.503460 -9.695780
v -0.215074 -0.503460 -9.585480
v -0.215074 -1.559410 -9.695780
v -0.215074 -0.506160 -9.585280
v -0.215074 -1.559410 -9.535480
v -0.208062 -1.568910 -9.535080
v -0.107213 -1.705610 -9.695780
v -0.107213 -1.705610 -9.525880
v -0.215074 -1.559410 -9.695780
v -0.215074 -1.559410 -9.535480
v -0.215074 -0.503460 -9.585480
v -0.215074 -0.506160 -9.585280
v 0.417328 1.266775 6.499499
v 0.478905 1.202523 6.538539
v 0.481804 1.171871 6.438339
v 0.417328 1.186175 6.201809
v 0.488328 1.102901 6.212889
v 0.366331 0.482510 2.235009
v -0.370606 0.311460 2.242249
v -0.370606 0.482510 2.235009
v 0.366331 0.311460 2.242249
v -0.272518 1.055254 -3.792581
v -0.272518 0.293030 -3.792581
v -0.272518 1.055254 -4.097881
v -0.272518 0.293030 -4.097881
v -0.263614 0.280883 -4.097881
v -0.231641 0.237269 -4.097881
v -0.177394 0.163269 -3.792581
v -0.177394 0.163269 -4.097881
v -0.283692 0.262857 0.317830
v -0.283692 0.262857 0.194726
v -0.308056 0.238493 0.194726
v -0.308056 0.238493 -0.009967
v -0.283692 0.262857 -0.034331
v -0.308056 0.238493 0.317830
v -0.308056 0.238493 0.355017
v -0.283692 0.262857 0.379382
v 0.268813 0.728396 -9.879480
v 0.268813 0.306491 -9.657280
v 0.268813 0.720856 -9.634180
v 0.268813 0.735063 -9.633380
v 0.268813 0.235234 -9.789280
v 0.268813 0.235234 -9.650980
v 0.268813 -0.503460 -9.695780
v 0.268813 -0.503460 -9.585480
v 0.268813 -0.506160 -9.585280
v 0.268813 -1.559410 -9.695780
v 0.268813 -0.506160 -9.585280
v 0.268813 -1.559410 -9.535480
v 0.261802 -1.568910 -9.535080
v 0.160953 -1.705610 -9.695780
v 0.160953 -1.705610 -9.525880
v 0.268813 -1.559410 -9.695780
v 0.268813 -1.559410 -9.535480
v 0.303781 0.238493 0.317830
v 0.303781 0.238493 0.194726
v 0.279417 0.262857 0.194726
v 0.303781 0.238493 -0.009967
v 0.279417 0.262857 -0.034331
v 0.279417 0.262857 0.317830
v 0.303781 0.238493 0.355017
v 0.279417 0.262857 0.379382
v 0.326258 0.293030 -4.097881
v 0.326258 1.055255 -3.792581
v 0.326258 1.055255 -4.097881
v 0.326258 0.293030 -3.792581
v 0.285380 0.237269 -4.097881
v 0.231133 0.163269 -3.792581
v 0.231133 0.163269 -4.097881
v -0.332170 1.697239 0.876589
v -0.332170 1.700883 -3.088051
v -0.332170 1.698983 0.877080
v 0.366331 0.482510 2.235009
v 0.366331 0.241402 0.441224
v 0.366331 0.311460 2.242249
v 0.366331 0.406318 0.434247
v -0.050404 0.089553 -1.060721
v -0.050404 0.162557 -0.919571
v -0.072553 0.176038 -0.941721
v -0.072553 0.105191 -1.078691
v 0.434249 1.358832 3.191149
v -0.380512 1.358832 4.057749
v -0.380512 1.358832 3.191149
v 0.434249 1.358832 4.057749
v -0.380512 1.358832 4.196639
v 0.434249 1.358832 4.196639
v 0.046129 0.089553 -1.060721
v 0.068278 0.176038 -0.941721
v 0.046129 0.162557 -0.919571
v 0.068278 0.105191 -1.078691
v 0.413117 0.286994 3.739709
v 0.293786 0.277272 3.694079
v 0.413117 0.320336 3.694079
v -0.293786 0.277272 3.694079
v -0.413117 0.286994 3.739709
v -0.413117 0.320336 3.694079
v -0.370606 0.241402 0.441224
v -0.370606 0.482510 2.235009
v -0.370606 0.311460 2.242249
v -0.370606 0.406318 0.434247
v 0.528158 1.408308 1.905999
v 0.516797 1.408308 3.153639
v 0.516797 1.408308 1.905999
v 0.528158 1.355071 1.869489
v 0.516797 1.355071 1.869489
v 0.528158 1.408308 3.153639
v 0.516797 1.408308 3.181439
v 0.528158 1.408308 3.181439
v 0.397984 0.537451 2.268609
v 0.366331 0.526638 3.451239
v 0.397984 0.581911 3.491409
v 0.366331 0.482510 2.235009
v 0.397984 1.220541 2.268609
v 0.397984 1.235433 3.491409
v 0.397984 1.198471 0.456518
v 0.397984 0.460685 0.456518
v 0.397984 1.151848 -3.371621
v 0.366331 0.406318 0.434247
v 0.397985 0.298512 -3.371621
v 0.366332 0.245357 -3.369961
v -0.408886 1.624122 0.574829
v -0.362740 1.952619 0.574829
v -0.430283 1.665453 0.539185
v -0.370606 0.526638 3.451239
v -0.370606 0.482510 2.235009
v -0.402259 0.537451 2.268609
v -0.402259 0.581911 3.491409
v -0.402259 1.220541 2.268609
v -0.402259 1.235433 3.491409
v -0.402259 1.198471 0.456518
v -0.402259 0.460685 0.456518
v -0.402259 1.151848 -3.371621
v -0.370606 0.406318 0.434247
v -0.402258 0.298512 -3.371621
v -0.370605 0.245357 -3.369961
v 0.128782 1.412422 7.276769
v -0.075046 1.412422 7.529419
v -0.075046 1.412422 7.276769
v 0.128782 1.412422 7.529419
v 0.426008 1.665453 0.539185
v 0.358465 1.952619 0.574829
v 0.404610 1.624122 0.574829
v 0.394626 1.416690 4.229959
v -0.394626 1.416690 4.410289
v -0.394626 1.416690 4.229959
v -0.415085 1.440685 4.205969
v 0.415085 1.440685 4.205969
v 0.394626 1.416690 4.410289
v -0.415085 1.440685 4.434289
v 0.415085 1.440685 4.434289
v -0.283692 0.080769 -0.034331
v -0.283692 0.080769 -0.121625
v -0.315070 0.049391 -0.090247
v -0.315070 0.049391 -0.034331
v -0.283692 0.080769 0.194726
v -0.315070 0.049391 0.194726
v -0.283692 0.080769 0.317830
v -0.315070 0.049391 0.317830
v -0.315070 0.049391 0.348004
v -0.283692 0.080769 0.379382
v -0.034365 1.517796 7.242129
v -0.194134 1.610039 7.394269
v -0.194134 1.610039 7.242129
v -0.034365 1.517796 7.394269
v 0.415085 1.440686 7.093619
v -0.415085 1.440686 7.257899
v -0.415085 1.440686 7.093619
v 0.415085 1.440686 7.257899
v 0.415085 1.440685 4.417520
v -0.415085 1.440685 4.686429
v -0.415085 1.440685 4.417520
v 0.415085 1.440685 4.686429
v 0.415085 1.440685 5.357639
v -0.415085 1.440686 6.094409
v -0.415085 1.440685 5.357639
v 0.415085 1.440686 6.094409
v 0.415085 1.440686 6.765619
v -0.415085 1.440686 7.093619
v -0.415085 1.440686 6.765619
v 0.415085 1.440686 7.093619
v 0.279417 0.080769 -0.034331
v 0.310795 0.049391 -0.090247
v 0.279417 0.080769 -0.121625
v 0.310795 0.049391 -0.034331
v 0.310795 0.049391 0.194726
v 0.279417 0.080769 0.194726
v 0.310795 0.049391 0.317830
v 0.279417 0.080769 0.317830
v 0.310795 0.049391 0.348004
v 0.279417 0.080769 0.379382
v 0.483204 1.070865 -3.353771
v 0.483203 1.357528 -3.439260
v 0.483204 1.070865 -3.439260
v 0.483203 1.560688 -3.234701
v 0.483204 1.073073 -3.234701
v 0.483203 1.191463 3.150439
v 0.483203 1.223217 3.181439
v 0.483203 1.551993 3.181439
v -0.487478 1.560688 -3.234701
v -0.487477 1.070865 -3.353771
v -0.487478 1.357528 -3.439260
v -0.487477 1.070864 -3.439260
v -0.487477 1.073072 -3.234701
v -0.487478 1.109971 -1.244661
v -0.487478 1.406062 -0.972391
v -0.487478 1.406062 -0.294897
v -0.487478 1.555171 0.836632
v -0.487478 1.406062 0.794696
v -0.487478 1.555171 0.836632
v -0.487478 1.560688 -3.234701
v -0.487478 1.557030 0.837155
v 0.415085 1.509380 6.194079
v -0.415085 1.509380 6.665949
v -0.415085 1.509380 6.194079
v 0.415085 1.454973 6.094409
v -0.415085 1.454973 6.094409
v 0.415085 1.509380 6.665949
v -0.415085 1.454973 6.765619
v 0.415085 1.454973 6.765619
v 0.415085 1.509379 4.786099
v -0.415085 1.509379 5.257969
v -0.415085 1.509379 4.786099
v 0.415085 1.454973 4.686429
v -0.415085 1.454973 4.686429
v 0.415085 1.509379 5.257969
v -0.415085 1.454973 5.357639
v 0.415085 1.454973 5.357639
v -0.050404 0.198252 -0.919571
v -0.050404 0.198252 -1.312991
v -0.072553 0.176103 -1.290841
v -0.072553 0.176038 -0.941721
v 0.366331 0.482510 2.235009
v -0.370606 0.482510 2.235009
v 0.366331 0.526638 3.451239
v -0.370606 0.526638 3.451239
v 0.366331 0.406318 0.434247
v 0.366332 0.245357 -3.369961
v -0.370605 0.245357 -3.369961
v -0.370606 0.406318 0.434247
v 0.492433 1.239293 3.150989
v 0.492433 1.362622 3.150989
v 0.516797 1.355071 3.175359
v 0.492433 1.239293 3.150989
v 0.516797 1.231865 3.175359
v 0.046129 0.198252 -0.919571
v 0.068278 0.176103 -1.290841
v 0.046129 0.198252 -1.312991
v 0.068278 0.176038 -0.941721
v 0.046129 0.089553 -1.060721
v -0.050404 0.162557 -0.919571
v -0.050404 0.089553 -1.060721
v 0.046129 0.162557 -0.919571
v 0.126752 1.583427 7.422409
v -0.028798 1.555999 7.911959
v -0.028798 1.555999 7.422409
v 0.126752 1.583427 7.911959
v 0.184497 1.585569 -3.417521
v -0.188772 1.585569 -3.242221
v -0.188772 1.585569 -3.417521
v 0.184497 1.585569 -3.242221
v 0.220372 -1.575460 -9.553081
v 0.107383 -0.173449 -4.824391
v 0.107384 -1.714360 -9.553081
v 0.220372 -0.034549 -4.824391
v 0.107383 0.205666 -3.804341
v 0.220372 0.344565 -3.804341
v -0.053644 -0.173449 -4.824391
v -0.166632 -1.575460 -9.553081
v -0.053644 -1.714360 -9.553081
v -0.166632 -0.034549 -4.824391
v -0.053644 0.205666 -3.804341
v -0.166632 0.344565 -3.804341
v -0.363105 -0.107539 -1.833611
v -0.357610 -0.006479 -1.712431
v -0.445120 -0.006479 -1.843321
v -0.442995 0.059961 -1.699401
v 0.285380 0.237269 -4.097881
v 0.326258 0.293030 -3.792581
v 0.317353 0.280883 -4.097881
v 0.326258 0.293030 -4.097881
v 0.358832 -0.107539 -1.833611
v 0.440847 -0.006479 -1.843321
v 0.353337 -0.006479 -1.712431
v 0.438722 0.059961 -1.699401
v -0.532433 1.141829 -1.215361
v -0.487478 1.406062 -0.972391
v -0.532433 1.406062 -0.972391
v -0.487478 1.406062 -0.294897
v -0.532433 1.406062 0.794696
v -0.487478 1.406062 0.794696
v -0.487478 1.406062 -0.972391
v -0.511227 1.120254 -1.235201
v -0.487478 1.109971 -1.244661
v -0.501055 1.109971 -1.244661
v 0.483203 1.554924 3.181449
v 0.482081 1.555937 3.181449
v 0.327895 1.700883 -3.088051
v 0.327895 1.695121 3.181919
v 0.327895 1.697878 3.181929
v 0.327895 1.695121 3.181919
v 0.327895 1.779443 3.182109
v 0.327895 1.941231 -2.826761
v 0.327895 1.935470 3.182469
v 0.327440 1.936242 3.182469
v 0.268422 2.041851 -2.722981
v 0.326219 1.938308 3.182479
v 0.327440 1.936242 3.182469
v 0.320501 1.947980 3.182499
v 0.268422 2.036091 3.182729
v 0.267584 2.036775 3.182729
v 0.268422 2.041851 -2.722981
v 0.160932 2.129511 -2.623021
v 0.248076 2.052684 3.182779
v 0.160932 2.123751 3.182989
v -0.487478 1.557030 0.837155
v -0.389018 1.645887 0.862146
v -0.388314 1.646523 0.862325
v -0.332170 1.700883 -3.088051
v -0.332170 1.697239 0.876589
v -0.332170 1.733763 0.886861
v -0.332170 1.698983 0.877080
v -0.332170 1.751016 0.913195
v -0.332170 1.941231 -2.826761
v -0.332170 1.816346 1.012909
v -0.332170 1.935470 3.182469
v -0.332170 1.816346 3.000109
v -0.332170 1.779443 3.182109
v -0.332170 1.777163 3.000109
v -0.332170 1.697878 3.181929
v -0.332170 1.697965 3.000109
v -0.332170 1.695121 3.181919
v -0.330493 1.938308 3.182479
v -0.324776 1.947980 3.182499
v -0.273145 2.035332 3.182729
v -0.272697 2.036091 3.182729
v -0.272697 2.041851 -2.722981
v -0.272697 2.041851 -2.722981
v -0.252351 2.052684 3.182779
v -0.272697 2.041851 -2.722981
v -0.166031 2.123081 3.182979
v -0.165207 2.129511 -2.623021
v -0.165207 2.123751 3.182989
v -0.332170 1.695121 3.181919
v -0.332170 1.695288 3.000109
v -0.336571 1.691311 3.000109
v -0.333267 1.694130 3.181919
v -0.337636 1.690349 3.000109
v -0.487478 1.554924 3.181449
v -0.487478 1.555087 3.000109
v -0.487478 1.551993 3.181439
v -0.487478 1.552239 3.000109
v -0.487478 1.232754 3.000109
v -0.487478 1.223217 3.181439
v -0.487478 1.191463 3.150439
v -0.487478 1.188676 3.000109
v -0.177113 2.305501 4.229959
v 0.169976 2.281501 4.205969
v -0.169976 2.281501 4.205969
v 0.177112 2.305501 4.229959
v -0.283692 0.262857 0.317830
v 0.279417 0.262857 0.317830
v -0.283692 0.262857 0.194726
v 0.279417 0.262857 0.379382
v -0.283692 0.262857 0.379382
v 0.279417 0.262857 0.194726
v -0.283692 0.262857 -0.034331
v 0.279417 0.262857 -0.034331
v 0.268422 2.041851 -2.722981
v 0.326219 1.938308 3.182479
v 0.320501 1.947980 3.182499
v -0.389018 1.645887 0.862146
v -0.487478 1.560688 -3.234701
v -0.388314 1.646523 0.862325
v -0.356369 2.137651 4.229959
v -0.169976 2.281501 4.205969
v -0.340255 2.122871 4.205969
v 0.340255 2.122871 4.205969
v 0.169976 2.281501 4.205969
v 0.356369 2.137651 4.229959
v -0.169976 2.281501 4.205969
v -0.356369 2.137651 4.229959
v -0.177113 2.305501 4.229959
v 0.177112 2.305501 4.229959
v 0.356369 2.137651 4.229959
v 0.169976 2.281501 4.205969
v 0.046129 0.198252 -0.919571
v 0.046129 0.198252 -1.312991
v -0.050404 0.198252 -1.312991
v -0.050404 0.198252 -0.919571
v -0.388314 1.646523 0.862325
v -0.332170 1.698983 0.877080
v -0.452724 1.648257 0.862813
v -0.487478 1.557030 0.837155
v -0.389018 1.645887 0.862146
v -0.332170 1.698983 0.877080
v -0.408886 1.700059 0.877382
v -0.402665 1.733763 0.886861
v -0.332170 1.733763 0.886861
v -0.399180 1.752628 0.915656
v -0.332170 1.751016 0.913195
v -0.393836 1.781576 0.959839
v -0.332170 1.816346 1.012909
v -0.387412 1.816346 1.012909
v -0.387060 1.816346 3.000109
v -0.332170 1.816346 3.000109
v -0.207066 0.193191 -1.475161
v 0.202791 0.193191 -1.475161
v -0.207066 0.193191 -1.522381
v 0.202791 0.193191 -1.522381
v 0.231133 0.163269 -4.097881
v -0.177394 0.163269 -4.097881
v 0.231133 0.163269 -3.792581
v -0.177394 0.163269 -3.792581
v 0.184754 2.027920 3.693159
v 0.095930 1.981318 4.314269
v 0.095930 1.981318 3.693159
v 0.184754 2.027920 4.314269
v 0.528158 1.363940 3.181439
v 0.516797 1.355071 3.175359
v 0.516797 1.363940 3.181439
v 0.528158 1.355071 3.175359
v -0.042193 1.981318 3.693159
v -0.131017 2.027920 4.314269
v -0.131017 2.027920 3.693159
v -0.042193 1.981318 4.314269
v 0.138220 1.848064 7.398851
v -0.135696 1.848064 7.899704
v -0.135696 1.848064 7.398851
v 0.138220 1.848064 7.899704
v -0.470377 1.315229 3.720889
v -0.501457 1.316360 3.752859
v -0.470377 1.343646 3.726749
v -0.470377 1.470347 3.752859
v -0.509603 1.276003 3.752859
v -0.195943 0.131576 0.324164
v 0.191668 0.131576 0.324164
v -0.195943 0.131576 0.165520
v 0.191668 0.131576 0.165520
v 0.502620 1.316360 3.752859
v 0.471540 1.315229 3.720889
v 0.471540 1.343646 3.726749
v 0.510766 1.276003 3.752859
v 0.471540 1.470347 3.752859
v -0.308056 0.238493 0.355017
v -0.308056 0.214062 0.355017
v -0.283692 0.189698 0.379382
v -0.283692 0.262857 0.379382
v -0.283692 -0.327909 0.379382
v -0.315070 0.049391 0.348004
v -0.315070 -0.318769 0.348004
v -0.283692 0.080769 0.379382
v 0.279417 0.262857 0.379382
v 0.279417 0.189698 0.379382
v 0.303781 0.214062 0.355017
v 0.303781 0.238493 0.355017
v 0.279417 -0.327909 0.379382
v 0.310795 0.049391 0.348004
v 0.279417 0.080769 0.379382
v 0.310795 -0.318769 0.348004
v -0.241479 0.080769 -0.100098
v -0.283692 0.080769 -0.034331
v -0.241479 0.080769 -0.034331
v -0.283692 0.080769 -0.121625
v 0.279417 0.080769 -0.121625
v 0.237204 0.080769 -0.100098
v 0.279417 0.080769 -0.034331
v 0.237204 0.080769 -0.034331
v 0.516797 1.231865 3.175359
v 0.528158 1.222994 3.169389
v 0.516797 1.211563 3.161709
v 0.528158 1.222994 3.169389
v 0.516797 1.231865 3.175359
v 0.528158 1.231865 3.175359
v -0.435076 1.935619 4.229959
v -0.340255 2.122871 4.205969
v -0.415085 1.930523 4.205969
v -0.340255 2.122871 4.205969
v -0.435076 1.935619 4.229959
v -0.356369 2.137651 4.229959
v 0.356369 2.137651 4.229959
v 0.435076 1.935619 4.229959
v 0.340255 2.122871 4.205969
v 0.415085 1.930523 4.205969
v 0.340255 2.122871 4.205969
v 0.435076 1.935619 4.229959
v -0.207066 0.053531 -0.060336
v 0.202791 0.053531 -0.060336
v -0.207066 0.053631 -0.107550
v 0.202791 0.053631 -0.107550
v -0.165207 2.123751 3.182989
v -0.166031 2.123081 3.182979
v -0.272697 2.041851 -2.722981
v 0.095930 1.981318 3.693159
v -0.042193 1.981318 4.314269
v -0.042193 1.981318 3.693159
v 0.095930 1.981318 4.314269
v 0.270591 2.000069 3.495979
v -0.216854 2.000069 4.031009
v -0.216854 2.000069 3.495979
v 0.270591 2.000069 4.031009
v -0.291796 -0.550399 -1.955551
v -0.291796 -0.457519 -1.774091
v -0.363105 -0.457519 -1.883061
v -0.363105 -0.260169 -1.818941
v 0.313212 2.027308 3.219819
v -0.259474 2.027308 3.383389
v -0.259474 2.027308 3.219819
v 0.313212 2.027308 3.383389
v -0.259474 2.027308 3.508569
v 0.313212 2.027308 3.508569
v 0.287523 -0.550399 -1.955551
v 0.358832 -0.457519 -1.883061
v 0.287523 -0.457519 -1.774091
v 0.358832 -0.260169 -1.818941
v 0.107383 -0.173449 -4.824391
v -0.053644 0.205666 -3.804341
v -0.053644 -0.173449 -4.824391
v 0.107383 0.205666 -3.804341
v 0.107384 -1.714360 -9.553081
v -0.053644 -1.714360 -9.553081
v 0.107383 -0.173449 -4.824391
v -0.445120 -0.006479 -1.843321
v -0.442995 0.059961 -1.699401
v -0.506929 0.059961 -1.818931
v -0.506929 0.161688 -1.818931
v -0.442995 0.161688 -1.699401
v 0.502656 0.059961 -1.818931
v 0.502656 0.161688 -1.818931
v 0.438722 0.161688 -1.699401
v 0.438722 0.059961 -1.699401
v 0.440847 -0.006479 -1.843321
v 0.293786 0.277272 3.694079
v -0.293786 0.208083 3.739709
v -0.293786 0.277272 3.694079
v -0.413117 0.286994 3.739709
v 0.293786 0.208083 3.739709
v 0.413117 0.286994 3.739709
v -0.387060 1.816346 3.000109
v -0.332170 1.777163 3.000109
v -0.393836 1.779618 3.000109
v -0.332170 1.816346 3.000109
v -0.394265 1.777290 3.000109
v -0.332170 1.697965 3.000109
v -0.336571 1.691311 3.000109
v -0.408886 1.698050 3.000109
v -0.337636 1.690349 3.000109
v -0.412323 1.693988 3.000109
v -0.487478 1.555087 3.000109
v -0.532433 1.552161 3.000109
v -0.487478 1.552239 3.000109
v -0.487478 1.232754 3.000109
v -0.487478 1.188676 3.000109
v -0.531562 1.218990 3.000109
v -0.501055 1.188676 3.000109
v -0.336571 1.691311 3.000109
v -0.332170 1.697965 3.000109
v -0.332170 1.695288 3.000109
v -0.532433 1.552161 3.000109
v -0.487478 1.232754 3.000109
v -0.487478 1.188676 3.000109
v -0.532433 1.552161 3.000109
v -0.531562 1.218990 3.000109
v -0.532433 1.219860 3.000109
v -0.415085 1.930523 4.205969
v -0.415085 1.440685 4.205969
v -0.435543 1.464680 4.229959
v -0.435076 1.935619 4.229959
v 0.415085 1.930523 4.205969
v 0.435543 1.464680 4.229959
v 0.415085 1.440685 4.205969
v 0.435076 1.935619 4.229959
v 0.176747 2.169317 0.658669
v -0.184220 2.169317 1.166612
v -0.184220 2.169317 0.658669
v -0.226420 2.182587 1.166612
v -0.226420 2.182587 0.658669
v -0.226420 2.182587 1.636029
v 0.176747 2.169317 1.166612
v 0.218946 2.182587 0.658669
v 0.218946 2.182587 1.166612
v -0.184220 2.169317 1.636029
v -0.226420 2.182587 2.818399
v 0.176747 2.169317 1.636029
v 0.218946 2.182587 1.636029
v -0.184220 2.169317 2.818399
v -0.226420 2.183567 3.206509
v 0.176746 2.169317 2.818399
v 0.218946 2.182587 2.818399
v 0.176746 2.169317 3.206509
v -0.184220 2.169317 3.206509
v 0.176746 2.169317 3.206509
v -0.226420 2.183567 3.206509
v -0.184220 2.169317 3.206509
v 0.176746 2.169317 3.206509
v 0.218946 2.183567 3.206509
v -0.332170 1.698983 0.877080
v -0.388314 1.646523 0.862325
v -0.332170 1.697239 0.876589
v -0.452724 1.648257 0.862813
v -0.389018 1.645887 0.862146
v -0.388314 1.646523 0.862325
v -0.487478 1.557030 0.837155
v -0.452724 1.648257 0.862813
v -0.532433 1.554161 0.836348
v -0.487478 1.555171 0.836632
v -0.487478 1.406062 0.794696
v -0.487478 1.406062 0.794696
v -0.532433 1.554161 0.836348
v -0.532433 1.406062 0.794696
v 0.182988 2.187627 1.063975
v -0.190127 2.187627 1.330867
v -0.190127 2.187627 1.063975
v 0.182988 2.187627 1.330867
v -0.190127 2.187627 3.102499
v 0.182988 2.187627 3.102499
v 0.182988 2.187627 1.041965
v -0.190127 2.187627 1.041965
v 0.182988 2.187627 0.735035
v -0.190127 2.187627 0.735035
v 0.182988 2.187627 0.728324
v -0.190127 2.187627 0.728324
v 0.182988 2.187627 0.696733
v -0.190127 2.187627 0.696733
v 0.243102 2.345411 3.114539
v -0.189365 2.291581 3.114539
v -0.189365 2.345411 3.114539
v 0.243102 2.291581 3.114539
v 0.528158 1.355071 3.175359
v 0.516797 1.231865 3.175359
v 0.516797 1.355071 3.175359
v 0.528158 1.231865 3.175359
v 0.531990 1.732096 3.183339
v -0.530828 1.226224 3.183339
v -0.530828 1.732096 3.183339
v 0.531990 1.226224 3.183339
v 0.434249 1.825387 3.191149
v -0.380512 1.358832 3.191149
v -0.380512 1.825387 3.191149
v 0.434249 1.358832 3.191149
v 0.415532 1.940281 3.191149
v -0.361795 1.940281 3.191149
v -0.281817 2.031922 3.191149
v 0.335554 2.031922 3.191149
v 0.100924 -0.550399 -1.847241
v 0.287523 -0.457519 -1.774091
v 0.100924 -0.457519 -1.639421
v 0.100924 -0.260169 -1.549711
v 0.243102 2.291581 3.114539
v -0.189365 2.291581 3.276689
v -0.189365 2.291581 3.114539
v 0.243102 2.291581 3.276689
v 0.313212 2.159711 3.219819
v -0.259474 2.027308 3.219819
v -0.259474 2.159711 3.219819
v 0.313212 2.027308 3.219819
v -0.363105 -0.457519 -1.883061
v -0.363105 -0.550399 -2.087811
v -0.291796 -0.550399 -1.955551
v -0.291796 -2.295319 -2.574131
v -0.363105 -2.272799 -2.693121
v -0.291796 -2.493279 -2.534551
v -0.363105 -2.605849 -2.684021
v -0.291796 -2.631849 -2.563921
v 0.137571 1.200970 9.460420
v 0.026868 1.352849 10.010080
v 0.198679 1.306812 10.010080
v 0.026868 1.230633 9.460420
v 0.324452 1.181038 10.010080
v 0.218611 1.119930 9.460420
v 0.137571 1.200970 9.460420
v 0.198679 1.306812 10.010080
v 0.218611 1.119930 9.460420
v 0.370490 1.009227 10.010080
v 0.248274 1.009227 9.460420
v 0.324452 1.181038 10.010080
v 0.358832 -0.457519 -1.883061
v 0.287523 -0.550399 -1.955551
v 0.358832 -0.550399 -2.087811
v 0.287523 -2.295319 -2.574131
v 0.358832 -2.272799 -2.693121
v 0.287523 -2.493279 -2.534551
v 0.358832 -2.605849 -2.684021
v 0.287523 -2.631849 -2.563921
v 0.026868 1.352849 10.010080
v 0.026868 1.230633 9.460420
v -0.083835 1.200970 9.460420
v -0.144943 1.306812 10.010080
v 0.248274 1.009227 9.460420
v 0.370490 1.009227 10.010080
v 0.218611 0.898525 9.460420
v 0.324453 0.837417 10.010080
v 0.324453 0.837417 10.010080
v 0.137571 0.817485 9.460420
v 0.218611 0.898525 9.460420
v 0.198679 0.711643 10.010080
v -0.357610 -0.006479 -1.712431
v -0.363105 -0.107539 -1.833611
v -0.291796 -0.107539 -1.706721
v -0.363105 -0.260169 -1.818941
v -0.291796 -0.457519 -1.774091
v -0.291796 -0.260169 -1.698111
v -0.291796 -0.107539 -1.706721
v -0.083835 1.200970 9.460420
v -0.270717 1.181038 10.010080
v -0.144943 1.306812 10.010080
v -0.164874 1.119930 9.460420
v 0.137571 0.817485 9.460420
v 0.026868 0.665606 10.010080
v 0.026868 0.787822 9.460420
v 0.198679 0.711643 10.010080
v 0.358832 -0.107539 -1.833611
v 0.353337 -0.006479 -1.712431
v 0.287523 -0.107539 -1.706721
v 0.358832 -0.260169 -1.818941
v 0.287523 -0.457519 -1.774091
v 0.287523 -0.260169 -1.698111
v 0.287523 -0.107539 -1.706721
v -0.194537 1.009227 9.460420
v -0.316754 1.009227 10.010080
v -0.164874 1.119930 9.460420
v -0.270717 1.181038 10.010080
v 0.026868 0.665606 10.010080
v -0.083834 0.817485 9.460420
v 0.026868 0.787822 9.460420
v -0.144942 0.711643 10.010080
v -0.083834 0.817485 9.460420
v -0.270716 0.837417 10.010080
v -0.164874 0.898525 9.460420
v -0.144942 0.711643 10.010080
v -0.164874 0.898525 9.460420
v -0.316754 1.009227 10.010080
v -0.194537 1.009227 9.460420
v -0.270716 0.837417 10.010080
v 0.040771 2.418371 7.640629
v -0.042800 2.418371 7.802849
v -0.042800 2.418371 7.640629
v 0.040771 2.418371 7.802849
v 0.366331 0.241402 0.441224
v -0.370606 0.406318 0.434247
v -0.370606 0.241402 0.441224
v 0.366331 0.406318 0.434247
v -0.402259 0.581911 3.491409
v 0.397984 0.581911 3.491409
v -0.370606 0.526638 3.451239
v 0.366331 0.526638 3.451239
v -0.283692 0.080769 0.379382
v -0.241479 0.178994 0.379382
v -0.283692 0.189698 0.379382
v -0.241479 0.080769 0.379382
v -0.241479 -0.327909 0.379382
v -0.283692 -0.327909 0.379382
v 0.279417 0.189698 0.379382
v -0.283692 0.262857 0.379382
v 0.279417 0.262857 0.379382
v 0.237204 0.178994 0.379382
v 0.279417 0.080769 0.379382
v 0.237204 0.080769 0.379382
v 0.279417 -0.327909 0.379382
v 0.237204 -0.327909 0.379382
v 0.483203 1.357528 -3.439260
v -0.487478 1.560688 -3.234701
v -0.487478 1.357528 -3.439260
v 0.483203 1.560688 -3.234701
v 0.327895 1.700883 -3.088051
v -0.332170 1.700883 -3.088051
v -0.332170 1.941231 -2.826761
v 0.327895 1.941231 -2.826761
v -0.272697 2.041851 -2.722981
v 0.268422 2.041851 -2.722981
v 0.160932 2.129511 -2.623021
v -0.165207 2.129511 -2.623021
v -0.165207 2.123751 3.182989
v 0.160932 2.123751 3.182989
v 0.270591 2.179791 3.495979
v -0.216854 2.000069 3.495979
v -0.216854 2.179791 3.495979
v 0.270591 2.000069 3.495979
v -0.131280 2.299971 3.495979
v 0.185017 2.299971 3.495979
v 0.397984 1.235433 3.491409
v -0.402259 0.581911 3.491409
v -0.402259 1.235433 3.491409
v 0.397984 0.581911 3.491409
v 0.191668 -0.451799 0.324164
v -0.195943 0.131576 0.324164
v -0.195943 -0.451799 0.324164
v 0.191668 0.131576 0.324164
v 0.191668 -0.541249 0.324164
v -0.195943 -0.541249 0.324164
v 0.191668 -0.656249 0.324164
v -0.195943 -0.656249 0.324164
v 0.125615 -0.717319 0.324164
v -0.129889 -0.717319 0.324164
v -0.022633 -0.782749 0.324164
v 0.018360 -0.782749 0.324164
v -0.050403 -0.480419 -0.958371
v -0.072552 -0.521739 -0.907311
v -0.050403 -0.507529 -0.880841
v -0.072552 -0.499709 -0.970301
v -0.072552 -0.530329 -0.909501
v -0.050403 -0.507529 -0.880841
v -0.072552 -0.521739 -0.907311
v -0.050403 -0.558539 -0.893821
v 0.046129 -0.507529 -0.880841
v 0.046129 -0.558539 -0.893821
v 0.068278 -0.530329 -0.909501
v 0.068278 -0.521739 -0.907311
v 0.046129 -0.480419 -0.958371
v 0.046129 -0.507529 -0.880841
v 0.068278 -0.521739 -0.907311
v 0.068278 -0.499709 -0.970301
v 0.460412 1.362272 3.739709
v -0.476146 1.201551 3.694079
v -0.460413 1.362272 3.739709
v 0.476146 1.201551 3.694079
v -0.207065 -0.703799 -0.150578
v 0.202791 -0.703799 -0.150578
v -0.207065 -0.735419 -0.205733
v 0.202791 -0.735419 -0.205733
v -0.207065 -0.772159 -1.322161
v 0.202791 -0.772159 -1.322161
v -0.207065 -0.721609 -1.422971
v 0.202791 -0.721609 -1.422971
v -0.050404 0.089553 -1.060721
v -0.072552 -0.146359 -1.167261
v -0.050403 -0.148019 -1.144371
v -0.072553 0.105191 -1.078691
v -0.423268 1.327194 6.555019
v -0.478255 1.209399 6.534359
v -0.467113 1.327194 6.624859
v -0.423268 1.266775 6.499499
v 0.068278 -0.146359 -1.167261
v 0.068278 0.105191 -1.078691
v 0.046129 0.089553 -1.060721
v 0.046129 -0.148019 -1.144371
v 0.478905 1.202523 6.538539
v 0.417328 1.327194 6.555019
v 0.467113 1.327194 6.634319
v 0.417328 1.266775 6.499499
v 0.184754 2.144341 3.693159
v -0.131017 2.027920 3.693159
v -0.131017 2.144341 3.693159
v 0.129318 2.222201 3.693159
v -0.075581 2.222201 3.693159
v 0.184754 2.027920 3.693159
v 0.095930 1.981318 3.693159
v -0.042193 1.981318 3.693159
v 0.521020 0.757253 3.694079
v -0.443007 0.375360 3.694079
v -0.521020 0.757253 3.694079
v 0.443007 0.375360 3.694079
v -0.413117 0.320336 3.694079
v 0.413117 0.320336 3.694079
v 0.293786 0.277272 3.694079
v -0.293786 0.277272 3.694079
v -0.476146 1.201551 3.694079
v 0.521020 0.757253 3.694079
v -0.521020 0.757253 3.694079
v 0.476146 1.201551 3.694079
v 0.202791 -0.733269 -0.113691
v -0.207065 -0.638759 -0.061737
v -0.207065 -0.733269 -0.113691
v 0.202791 -0.638759 -0.061737
v -0.207066 0.053531 -0.060336
v 0.202791 0.053531 -0.060336
v -0.050404 0.162557 -0.919571
v -0.050404 0.198252 -0.919571
v -0.072553 0.176038 -0.941721
v 0.046129 0.162557 -0.919571
v 0.068278 0.176038 -0.941721
v 0.046129 0.198252 -0.919571
v 0.237204 -0.475199 -0.100098
v -0.241479 0.080769 -0.100098
v -0.241479 -0.475199 -0.100098
v 0.237204 0.080769 -0.100098
v -0.050403 -0.335399 -1.107561
v -0.072552 -0.499709 -0.970301
v -0.050403 -0.480419 -0.958371
v -0.072552 -0.346459 -1.127961
v 0.068278 -0.499709 -0.970301
v 0.046129 -0.335399 -1.107561
v 0.046129 -0.480419 -0.958371
v 0.068278 -0.346459 -1.127961
v -0.128614 -0.006479 -1.549711
v -0.291796 -0.107539 -1.706721
v -0.105198 -0.107539 -1.549711
v -0.105198 -0.260169 -1.549711
v -0.105198 -0.260169 -1.549711
v -0.291796 -0.260169 -1.698111
v -0.105198 -0.457519 -1.639421
v -0.105198 -0.457519 -1.639421
v -0.291796 -0.457519 -1.774091
v -0.105198 -0.550399 -1.847241
v -0.050403 -0.335399 -1.107561
v -0.072552 -0.146359 -1.167261
v -0.072552 -0.346459 -1.127961
v -0.050403 -0.148019 -1.144371
v 0.068278 -0.146359 -1.167261
v 0.046129 -0.335399 -1.107561
v 0.068278 -0.346459 -1.127961
v 0.046129 -0.148019 -1.144371
v 0.415085 1.930523 4.205969
v -0.415085 1.440685 4.205969
v -0.415085 1.930523 4.205969
v 0.415085 1.440685 4.205969
v 0.340255 2.122871 4.205969
v -0.340255 2.122871 4.205969
v -0.169976 2.281501 4.205969
v 0.169976 2.281501 4.205969
v 0.046129 -0.558539 -0.893821
v -0.050403 -0.507529 -0.880841
v -0.050403 -0.558539 -0.893821
v 0.046129 -0.507529 -0.880841
v 0.046129 -0.480419 -0.958371
v -0.050403 -0.480419 -0.958371
v 0.046129 -0.507529 -0.880841
v -0.050403 -0.507529 -0.880841
v -0.291796 -2.295319 -2.574131
v -0.105198 -0.550399 -1.847241
v -0.291796 -0.550399 -1.955551
v -0.291796 -0.457519 -1.774091
v 0.100924 -0.550399 -1.847241
v 0.287523 -2.295319 -2.574131
v 0.287523 -0.550399 -1.955551
v 0.287523 -0.457519 -1.774091
v -0.291796 -0.107539 -1.706721
v -0.128614 -0.006479 -1.549711
v -0.357610 -0.006479 -1.712431
v -0.135178 0.059961 -1.549831
v 0.353337 -0.006479 -1.712431
v 0.130905 0.059961 -1.549831
v 0.124341 -0.006479 -1.549711
v 0.287523 -0.107539 -1.706721
v 0.100924 -0.260169 -1.549711
v 0.287523 -0.457519 -1.774091
v 0.287523 -0.260169 -1.698111
v 0.100924 -0.107539 -1.549711
v 0.287523 -0.107539 -1.706721
v 0.124341 -0.006479 -1.549711
v 0.287523 -0.260169 -1.698111
v 0.415085 1.930523 4.417520
v -0.415085 1.440685 4.417520
v -0.415085 1.930523 4.417520
v 0.415085 1.440685 4.417520
v 0.340255 2.122871 4.417520
v -0.340255 2.122871 4.417520
v -0.169976 2.281501 4.417520
v 0.169976 2.281501 4.417520
v 0.160953 -1.705610 -9.695780
v -0.107213 -1.705610 -9.695780
v 0.160953 -1.705610 -9.525880
v -0.107213 -1.705610 -9.525880
v -0.444252 1.398039 7.090369
v -0.500985 0.781933 7.090369
v -0.472579 1.364816 7.123599
v 0.472579 1.364816 7.123599
v 0.500985 0.781933 7.090369
v 0.444252 1.398039 7.090369
v -0.362205 2.064255 7.126849
v -0.169976 2.181481 7.093619
v -0.340255 2.041719 7.093619
v -0.178905 2.214701 7.126849
v 0.178903 2.214701 7.126849
v 0.362205 2.064255 7.126849
v 0.169976 2.181481 7.093619
v 0.340255 2.041719 7.093619
v -0.178905 2.214701 7.126849
v 0.169976 2.181481 7.093619
v -0.169976 2.181481 7.093619
v 0.178903 2.214701 7.126849
v 0.046129 0.162557 -0.919571
v -0.050404 0.198252 -0.919571
v -0.050404 0.162557 -0.919571
v 0.046129 0.198252 -0.919571
v -0.135178 0.059961 -1.549831
v -0.442995 0.161688 -1.699401
v -0.442995 0.059961 -1.699401
v -0.135178 0.161688 -1.549831
v -0.357610 -0.006479 -1.712431
v 0.438722 0.059961 -1.699401
v 0.130905 0.161688 -1.549831
v 0.130905 0.059961 -1.549831
v 0.438722 0.161688 -1.699401
v 0.353337 -0.006479 -1.712431
v -0.443412 1.880347 7.126849
v -0.340255 2.041719 7.093619
v -0.415085 1.872254 7.093619
v -0.362205 2.064255 7.126849
v 0.362205 2.064255 7.126849
v 0.443412 1.880347 7.126849
v 0.340255 2.041719 7.093619
v 0.415085 1.872254 7.093619
v -0.388557 0.513375 7.090369
v -0.443239 0.563522 7.123599
v -0.416670 0.572635 7.090369
v -0.406386 0.485840 7.123599
v 0.443239 0.563522 7.123599
v 0.388557 0.513375 7.090369
v 0.416670 0.572635 7.090369
v 0.443239 0.563522 7.123599
v 0.406386 0.485840 7.123599
v -0.443239 0.563522 7.123599
v -0.532929 0.763134 7.123599
v -0.416670 0.572635 7.090369
v 0.416670 0.572635 7.090369
v 0.532929 0.763134 7.123599
v 0.443239 0.563522 7.123599
v -0.415085 1.872254 7.093619
v -0.415085 1.440686 7.093619
v -0.443412 1.473910 7.126849
v -0.443412 1.880347 7.126849
v 0.415085 1.872254 7.093619
v 0.443412 1.473910 7.126849
v 0.415085 1.440686 7.093619
v 0.443412 1.880347 7.126849
v -0.532929 0.763134 7.123599
v -0.472579 1.364816 7.123599
v -0.500985 0.781933 7.090369
v 0.500985 0.781933 7.090369
v 0.472579 1.364816 7.123599
v 0.532929 0.763134 7.123599
v 0.046129 -0.148019 -1.144371
v -0.050404 0.089553 -1.060721
v -0.050403 -0.148019 -1.144371
v 0.046129 0.089553 -1.060721
v 0.046129 -0.335399 -1.107561
v -0.050403 -0.335399 -1.107561
v 0.046129 -0.480419 -0.958371
v -0.050403 -0.480419 -0.958371
v -0.105198 -0.107539 -1.549711
v 0.100924 -0.260169 -1.549711
v 0.100924 -0.107539 -1.549711
v -0.105198 -0.260169 -1.549711
v 0.100924 -0.457519 -1.639421
v -0.105198 -0.457519 -1.639421
v 0.100924 -0.550399 -1.847241
v -0.105198 -0.550399 -1.847241
v 0.100925 -2.327399 -2.484721
v -0.105198 -2.327399 -2.484721
v 0.100925 -2.530319 -2.434391
v 0.287523 -2.631849 -2.563921
v 0.100925 -2.668899 -2.472931
v -0.105198 -2.530319 -2.434391
v -0.291796 -2.631849 -2.563921
v -0.105198 -2.668899 -2.472931
v 0.100925 -2.668899 -2.472931
v -0.105198 -2.668899 -2.472931
v 0.287523 -2.631849 -2.563921
v 0.287523 -2.493279 -2.534551
v 0.100925 -2.327399 -2.484721
v 0.287523 -2.295319 -2.574131
v 0.100924 -0.550399 -1.847241
v 0.100925 -2.327399 -2.484721
v -0.291796 -2.631849 -2.563921
v -0.291796 -2.493279 -2.534551
v -0.105198 -2.327399 -2.484721
v -0.105198 -2.327399 -2.484721
v -0.291796 -2.295319 -2.574131
v -0.105198 -0.550399 -1.847241
v -0.475336 1.149991 -3.524051
v -0.514154 1.287960 -3.568221
v -0.514154 1.107012 -3.565971
v -0.514154 1.287960 -3.568221
v -0.475336 1.149991 -3.524051
v -0.475336 1.262630 -3.525451
v 0.276320 0.465942 7.090369
v 0.406386 0.485840 7.123599
v 0.280688 0.432718 7.123599
v 0.388557 0.513375 7.090369
v -0.280688 0.432718 7.123599
v 0.280688 0.432718 7.123599
v -0.276320 0.465942 7.090369
v -0.280688 0.432718 7.123599
v -0.406386 0.485840 7.123599
v -0.388557 0.513375 7.090369
v 0.509880 1.287960 -3.568221
v 0.471062 1.149991 -3.524051
v 0.509880 1.107012 -3.565971
v 0.471062 1.262630 -3.525451
v -0.413432 1.344814 -3.568931
v -0.475336 1.262630 -3.525451
v -0.404003 1.302895 -3.525951
v -0.514154 1.287960 -3.568221
v 0.471062 1.262630 -3.525451
v 0.409156 1.344814 -3.568931
v 0.399729 1.302895 -3.525951
v 0.509880 1.287960 -3.568221
v 0.417328 1.392738 5.357639
v -0.423268 1.381600 5.357639
v -0.423268 1.392738 5.357639
v 0.417328 1.381600 5.357639
v 0.417328 1.397411 5.357639
v -0.423268 1.397411 5.357639
v 0.417864 1.398039 5.357639
v -0.423804 1.398039 5.357639
v 0.415085 1.454973 5.357639
v -0.415085 1.440685 5.357639
v -0.415085 1.454973 5.357639
v 0.415085 1.440685 5.357639
v -0.500985 0.781933 7.090369
v -0.416670 0.572635 7.090369
v -0.532929 0.763134 7.123599
v 0.202791 -0.612129 -1.475161
v -0.207066 0.193191 -1.475161
v -0.207065 -0.612129 -1.475161
v 0.202791 0.193191 -1.475161
v 0.202791 -0.653829 -1.469181
v -0.207065 -0.653829 -1.469181
v 0.202791 -0.721609 -1.422971
v -0.207065 -0.721609 -1.422971
v -0.128614 -0.006479 -1.549711
v 0.130905 0.059961 -1.549831
v -0.135178 0.059961 -1.549831
v -0.135178 0.161688 -1.549831
v 0.130905 0.161688 -1.549831
v 0.124341 -0.006479 -1.549711
v 0.532929 0.763134 7.123599
v 0.416670 0.572635 7.090369
v 0.500985 0.781933 7.090369
v -0.404003 1.302895 -3.525951
v 0.399729 1.302895 -3.525951
v -0.413432 1.344814 -3.568931
v 0.409156 1.344814 -3.568931
v 0.184497 1.585569 -3.242221
v -0.188772 1.826861 -3.008721
v -0.188772 1.585569 -3.242221
v 0.184497 1.826861 -3.008721
v 0.189792 1.122430 7.518419
v 0.120933 1.191290 7.518419
v 0.231961 1.146776 7.556299
v 0.145278 1.233458 7.556299
v 0.231961 1.146776 7.556299
v 0.214997 1.028366 7.518419
v 0.189792 1.122430 7.518419
v 0.263689 1.028366 7.556299
v -0.178224 1.146776 7.556299
v -0.067196 1.191290 7.518419
v -0.136056 1.122430 7.518419
v -0.091541 1.233458 7.556299
v 0.231961 0.909956 7.556299
v 0.214997 1.028366 7.518419
v 0.263689 1.028366 7.556299
v 0.189792 0.934302 7.518419
v -0.161260 1.028366 7.518419
v -0.178224 1.146776 7.556299
v -0.136056 1.122430 7.518419
v -0.209952 1.028366 7.556299
v 0.189792 0.934302 7.518419
v 0.145278 0.823274 7.556299
v 0.120933 0.865442 7.518419
v 0.231961 0.909956 7.556299
v -0.161260 1.028366 7.518419
v -0.178224 0.909956 7.556299
v -0.209952 1.028366 7.556299
v -0.136056 0.934302 7.518419
v 0.203330 1.314868 9.055460
v 0.308515 1.171836 9.023170
v 0.189477 1.290874 9.023170
v 0.332509 1.185689 9.055460
v 0.304976 1.169793 9.018410
v 0.189477 1.290874 9.023170
v 0.308515 1.171836 9.023170
v 0.187434 1.287335 9.018410
v -0.091541 0.823274 7.556299
v -0.136056 0.934302 7.518419
v -0.067196 0.865442 7.518419
v -0.178224 0.909956 7.556299
v 0.026868 1.362151 9.055460
v 0.189477 1.290874 9.023170
v 0.026868 1.334444 9.023170
v 0.026868 1.362151 9.055460
v 0.203330 1.314868 9.055460
v 0.187434 1.287335 9.018410
v 0.026868 1.330359 9.018410
v 0.187434 1.287335 9.018410
v 0.189477 1.290874 9.023170
v -0.149594 1.314868 9.055460
v 0.026868 1.362151 9.055460
v -0.135740 1.290874 9.023170
v 0.026868 1.334444 9.023170
v 0.026868 1.362151 9.055460
v -0.135740 1.290874 9.023170
v -0.133697 1.287335 9.018410
v 0.026868 1.330359 9.018410
v -0.133697 1.287335 9.018410
v 0.189477 0.727581 9.023170
v 0.332509 0.832766 9.055460
v 0.203330 0.703587 9.055460
v 0.308515 0.846619 9.023170
v 0.308515 0.846619 9.023170
v 0.189477 0.727581 9.023170
v 0.304976 0.848662 9.018410
v 0.304976 0.848662 9.018410
v 0.189477 0.727581 9.023170
v 0.187434 0.731120 9.018410
v -0.278772 1.185689 9.055460
v -0.149594 1.314868 9.055460
v -0.254778 1.171836 9.023170
v -0.135740 1.290874 9.023170
v -0.254778 1.171836 9.023170
v -0.135740 1.290874 9.023170
v -0.251239 1.169793 9.018410
v -0.133697 1.287335 9.018410
v 0.189477 0.727581 9.023170
v 0.026868 0.656304 9.055460
v 0.026868 0.684010 9.023170
v 0.187434 0.731120 9.018410
v 0.026868 0.688096 9.018410
v 0.026868 0.656304 9.055460
v 0.203330 0.703587 9.055460
v -0.091541 1.233458 7.556299
v 0.026868 1.216495 7.518419
v -0.067196 1.191290 7.518419
v 0.026868 1.265186 7.556299
v 0.145278 1.233458 7.556299
v 0.120933 1.191290 7.518419
v 0.026868 0.656304 9.055460
v -0.135740 0.727581 9.023170
v 0.026868 0.684010 9.023170
v -0.133697 0.731120 9.018410
v 0.026868 0.688096 9.018410
v 0.026868 0.656304 9.055460
v -0.149593 0.703587 9.055460
v -0.298348 1.009227 9.023170
v -0.251239 1.169793 9.018410
v -0.294263 1.009227 9.018410
v -0.254778 1.171836 9.023170
v -0.254778 0.846619 9.023170
v -0.135740 0.727581 9.023170
v -0.278772 0.832766 9.055460
v -0.149593 0.703587 9.055460
v -0.251239 0.848662 9.018410
v -0.298348 1.009227 9.023170
v -0.294263 1.009227 9.018410
v -0.254778 0.846619 9.023170
v -0.251239 0.848662 9.018410
v -0.135740 0.727581 9.023170
v -0.254778 0.846619 9.023170
v -0.133697 0.731120 9.018410
v 0.120933 0.865442 7.518419
v 0.026868 0.791546 7.556299
v 0.026868 0.840237 7.518419
v 0.145278 0.823274 7.556299
v -0.067196 0.865442 7.518419
v -0.091541 0.823274 7.556299
v 0.332509 1.185689 9.055460
v 0.379792 1.009227 9.055460
v 0.308515 1.171836 9.023170
v 0.352086 1.009227 9.023170
v 0.308515 0.846619 9.023170
v 0.332509 0.832766 9.055460
v 0.304976 0.848662 9.018410
v 0.308515 0.846619 9.023170
v 0.348000 1.009227 9.018410
v 0.304976 1.169793 9.018410
v 0.308515 1.171836 9.023170
v -0.326055 1.009227 9.055460
v -0.254778 1.171836 9.023170
v -0.298348 1.009227 9.023170
v -0.278772 1.185689 9.055460
v -0.254778 0.846619 9.023170
v -0.278772 0.832766 9.055460
v -0.460413 1.398039 6.765619
v 0.461967 1.381600 6.765619
v -0.461967 1.381600 6.765619
v 0.460412 1.398039 6.765619
v 0.415085 1.454973 6.765619
v -0.415085 1.440686 6.765619
v -0.415085 1.454973 6.765619
v 0.415085 1.440686 6.765619
v -0.153286 2.422181 7.596888
v 0.035162 2.432189 7.597129
v 0.155810 2.422181 7.596888
v 0.098578 2.462045 7.597843
v -0.035224 2.432189 7.597129
v -0.098640 2.462045 7.597843
v 0.139567 2.512300 7.599049
v -0.139630 2.512300 7.599049
v -0.196559 2.512300 7.599049
v -0.135696 2.369435 7.590392
v 0.138220 2.369435 7.590392
v -0.135696 1.848064 7.398851
v 0.138220 1.848064 7.398851
v 0.199082 2.512300 7.599049
v 0.276320 0.465942 7.090369
v 0.416670 0.572635 7.090369
v 0.388557 0.513375 7.090369
v 0.500985 0.781933 7.090369
v -0.500985 0.781933 7.090369
v 0.444252 1.398039 7.090369
v -0.444252 1.398039 7.090369
v -0.276320 0.465942 7.090369
v -0.416670 0.572635 7.090369
v -0.388557 0.513375 7.090369
v 0.169976 2.181481 7.093619
v 0.340255 2.041719 7.093619
v 0.415085 1.872254 7.093619
v -0.415085 1.440686 7.093619
v 0.415085 1.440686 7.093619
v -0.415085 1.872254 7.093619
v 0.169976 2.181481 7.093619
v -0.169976 2.181481 7.093619
v -0.340255 2.041719 7.093619
v -0.169976 2.181481 7.093619
v -0.136056 1.122430 7.110869
v 0.026868 1.028366 7.110869
v -0.161260 1.028366 7.110869
v -0.136056 0.934302 7.110869
v -0.067196 1.191290 7.110869
v -0.067196 0.865442 7.110869
v 0.026868 1.216495 7.110869
v 0.026868 0.840237 7.110869
v 0.120933 1.191290 7.110869
v 0.120933 0.865442 7.110869
v 0.189792 1.122430 7.110869
v 0.189793 0.934302 7.110869
v 0.214997 1.028366 7.110869
v 0.397985 0.298512 -3.371621
v -0.402259 1.151848 -3.371621
v -0.402258 0.298512 -3.371621
v 0.397984 1.151848 -3.371621
v -0.370605 0.245357 -3.369961
v 0.366332 0.245357 -3.369961
v -0.194134 1.610039 7.242129
v -0.257232 1.783399 7.242129
v 0.012468 1.783399 7.242129
v -0.194134 1.956758 7.242129
v -0.034365 1.517796 7.242129
v 0.147318 1.549832 7.242129
v -0.034365 2.049001 7.242129
v 0.265903 1.691155 7.242129
v 0.147318 2.016964 7.242129
v 0.265903 1.875641 7.242129
v 0.483204 1.070865 -3.439260
v -0.487478 1.357528 -3.439260
v -0.487477 1.070864 -3.439260
v 0.483203 1.357528 -3.439260
v 0.128782 1.616250 7.276769
v -0.075046 1.412422 7.276769
v -0.075046 1.616250 7.276769
v 0.128782 1.412422 7.276769
v 0.471062 1.149991 -3.524051
v -0.475336 1.262630 -3.525451
v -0.475336 1.149991 -3.524051
v -0.475336 1.262630 -3.525451
v 0.471062 1.262630 -3.525451
v 0.399729 1.302895 -3.525951
v -0.404003 1.302895 -3.525951
v 0.371336 0.280883 -3.601741
v -0.317597 1.073987 -3.601741
v -0.317597 0.280883 -3.601741
v 0.371336 1.073987 -3.601741
v 0.371336 0.237269 -3.601741
v -0.317598 1.114259 -3.601741
v -0.317597 0.237269 -3.601741
v 0.261889 0.087970 -3.601741
v -0.208150 0.087970 -3.601741
v 0.371335 1.114259 -3.601741
v 0.261888 1.238771 -3.601741
v -0.208151 1.238771 -3.601741
v -0.200485 0.883368 7.555499
v -0.254155 1.048550 7.555499
v 0.026868 1.048550 7.555499
v -0.200485 1.213732 7.555499
v -0.059973 0.781280 7.555499
v 0.113710 0.781280 7.555499
v 0.254222 0.883368 7.555499
v 0.307893 1.048550 7.555499
v 0.254222 1.213732 7.555499
v -0.059973 1.315820 7.555499
v 0.113709 1.315820 7.555499
v 0.113709 1.615716 7.555499
v -0.059973 1.615716 7.555499
v -0.149311 0.777349 -3.797060
v 0.203049 0.777349 -3.797060
v -0.149311 1.088093 -3.797060
v 0.203049 1.088093 -3.797060
v -0.103035 1.123670 -3.797060
v 0.156774 1.123670 -3.797060
v 0.220372 0.344565 -3.804341
v -0.166632 0.592670 -3.804341
v -0.166632 0.344565 -3.804341
v 0.220372 0.592670 -3.804341
v -0.053644 0.205666 -3.804341
v 0.107383 0.205666 -3.804341
v 0.040771 2.501941 7.640629
v -0.042800 2.418371 7.640629
v -0.042800 2.501941 7.640629
v 0.040771 2.418371 7.640629
v 0.014938 2.510871 7.640629
v -0.016968 2.510871 7.640629
v 0.014938 2.649274 7.640629
v -0.016968 2.649274 7.640629
v -0.282059 1.187587 7.978859
v 0.026868 1.009227 7.978859
v -0.329850 1.009227 7.978859
v -0.282059 0.830868 7.978859
v -0.151491 1.318154 7.978859
v -0.151491 0.700300 7.978859
v 0.026868 1.365946 7.978859
v 0.026868 0.652509 7.978859
v 0.205227 1.318154 7.978859
v 0.205227 0.700300 7.978859
v 0.335796 1.187587 7.978859
v 0.335796 0.830868 7.978859
v 0.383587 1.009227 7.978859
v -0.294443 0.720856 -9.634180
v -0.215074 0.720856 -9.634180
v -0.215074 0.735063 -9.633380
v -0.215074 0.306491 -9.657280
v -0.057967 0.859473 -9.626380
v -0.294443 0.306491 -9.657280
v 0.111706 0.859473 -9.626380
v -0.215074 0.235234 -9.650980
v 0.268813 0.735063 -9.633380
v 0.348182 0.720856 -9.634180
v 0.268813 0.720856 -9.634180
v 0.348182 0.306491 -9.657280
v 0.268813 0.306491 -9.657280
v 0.268813 -0.503460 -9.585480
v 0.348182 -0.506160 -9.585280
v 0.268813 -0.506160 -9.585280
v 0.268813 -1.559410 -9.535480
v 0.348182 -1.568910 -9.535080
v 0.261802 -1.568910 -9.535080
v 0.160953 -1.705610 -9.525880
v 0.150506 -1.739470 -9.523581
v -0.107213 -1.705610 -9.525880
v -0.096766 -1.739470 -9.523581
v -0.294443 -1.568910 -9.535080
v -0.208062 -1.568910 -9.535080
v -0.215074 -1.559410 -9.535480
v -0.294443 -0.506160 -9.585280
v -0.215074 -0.506160 -9.585280
v -0.215074 -0.503460 -9.585480
v 0.268813 0.235234 -9.789280
v -0.215074 0.728396 -9.879480
v -0.215074 0.235234 -9.789280
v 0.268813 0.728396 -9.879480
v 0.268813 -0.503460 -9.695780
v -0.215074 -0.503460 -9.695780
v 0.268813 -1.559410 -9.695780
v -0.215074 -1.559410 -9.695780
v -0.107213 -1.705610 -9.695780
v 0.160953 -1.705610 -9.695780
v -0.316754 1.009227 10.220242
v -0.223818 1.153961 10.220242
v -0.270717 1.181038 10.220242
v -0.117866 1.259913 10.220242
v -0.262598 1.009227 10.220242
v -0.144943 1.306812 10.220242
v -0.270716 0.837417 10.220242
v 0.026868 1.298694 10.220242
v -0.223817 0.864494 10.220242
v 0.026868 1.352849 10.220242
v -0.144942 0.711643 10.220242
v 0.198679 1.306812 10.220242
v -0.117865 0.758542 10.220242
v 0.171601 1.259913 10.220242
v 0.026868 0.665606 10.220242
v 0.324452 1.181038 10.220242
v 0.026868 0.719761 10.220242
v 0.277553 1.153961 10.220242
v 0.198679 0.711643 10.220242
v 0.370490 1.009227 10.220242
v 0.171602 0.758542 10.220242
v 0.316334 1.009227 10.220242
v 0.277553 0.864494 10.220242
v 0.324453 0.837417 10.220242
v 0.026868 0.719761 10.220242
v -0.117865 0.758542 10.220242
v -0.117865 0.758542 10.220242
v -0.223817 0.864494 10.220242
v -0.262598 1.009227 10.220242
v -0.223817 0.864494 10.220242
v -0.262598 1.009227 10.220242
v -0.223818 1.153961 10.220242
v -0.223818 1.153961 10.220242
v -0.117866 1.259913 10.220242
v 0.026868 0.719761 10.220242
v 0.171602 0.758542 10.220242
v 0.026868 1.298694 10.220242
v -0.117866 1.259913 10.220242
v 0.277553 0.864494 10.220242
v 0.171602 0.758542 10.220242
v 0.026868 1.298694 10.220242
v 0.171601 1.259913 10.220242
v 0.316334 1.009227 10.220242
v 0.277553 0.864494 10.220242
v 0.277553 1.153961 10.220242
v 0.171601 1.259913 10.220242
v 0.316334 1.009227 10.220242
v 0.277553 1.153961 10.220242
v 0.026868 1.352849 10.220242
v 0.198679 1.306812 10.220242
v 0.324452 1.181038 10.220242
v 0.198679 1.306812 10.220242
v 0.370490 1.009227 10.220242
v 0.324452 1.181038 10.220242
v 0.026868 1.352849 10.220242
v -0.144943 1.306812 10.220242
v 0.370490 1.009227 10.220242
v 0.324453 0.837417 10.220242
v 0.324453 0.837417 10.220242
v 0.198679 0.711643 10.220242
v -0.270717 1.181038 10.220242
v -0.144943 1.306812 10.220242
v 0.026868 0.665606 10.220242
v 0.198679 0.711643 10.220242
v -0.316754 1.009227 10.220242
v -0.270717 1.181038 10.220242
v 0.026868 0.665606 10.220242
v -0.144942 0.711643 10.220242
v -0.270716 0.837417 10.220242
v -0.144942 0.711643 10.220242
v -0.316754 1.009227 10.220242
v -0.270716 0.837417 10.220242
vn 0.1345 0.1217 -0.9834
vn 0.2996 0.1182 -0.9467
vn -0.2996 0.1181 -0.9467
vn -0.3611 -0.1021 -0.9269
vn -0.1322 0.1194 -0.9840
vn -0.1855 0.8082 -0.5589
vn 0.2510 0.8948 -0.3692
vn 0.1825 0.8080 -0.5602
vn -0.2510 0.8949 -0.3691
vn 0.3610 -0.1021 -0.9269
vn -0.3692 -0.0550 -0.9277
vn 0.3693 -0.0550 -0.9277
vn -0.3538 -0.1651 -0.9206
vn 0.3534 -0.1728 -0.9194
vn 0.0480 -0.2146 -0.9755
vn -0.0646 -0.2148 -0.9745
vn 0.2215 -0.9011 -0.3728
vn -0.3386 -0.9065 -0.2523
vn -0.2136 -0.8963 -0.3887
vn 0.3393 -0.9082 -0.2449
vn -0.0000 -0.0000 -1.0000
vn 0.3396 -0.9082 -0.2448
vn 0.3536 -0.1729 -0.9193
vn 0.8442 -0.3945 -0.3629
vn -0.3540 -0.1652 -0.9206
vn -0.3390 -0.9064 -0.2522
vn -0.8418 -0.3933 -0.3697
vn -0.2998 0.1183 -0.9466
vn -0.9144 -0.0473 -0.4020
vn -0.7893 0.4264 -0.4419
vn 0.3698 -0.0550 -0.9275
vn 0.9144 -0.0473 -0.4020
vn 0.9193 -0.0236 -0.3928
vn 0.3538 -0.1728 -0.9192
vn 0.2998 0.1183 -0.9466
vn 0.7922 0.4238 -0.4391
vn 0.9192 -0.0236 -0.3931
vn -0.9192 -0.0236 -0.3931
vn -0.3540 -0.1652 -0.9205
vn -0.3542 -0.1651 -0.9205
vn -0.9193 -0.0236 -0.3929
vn -0.3697 -0.0550 -0.9275
vn -0.3616 -0.1021 -0.9267
vn -0.9192 -0.0237 -0.3932
vn -0.9143 -0.0473 -0.4023
vn 0.9143 -0.0474 -0.4022
vn 0.3697 -0.0551 -0.9275
vn 0.3616 -0.1021 -0.9267
vn 0.2512 0.8949 -0.3690
vn 0.7922 0.4236 -0.4393
vn -0.7893 0.4262 -0.4420
vn -0.2512 0.8949 -0.3689
vn -0.8660 0.5000 -0.0000
vn -0.5000 0.8660 -0.0000
vn 0.5000 -0.8660 -0.0000
vn 0.8660 -0.5000 -0.0000
vn 0.8660 0.5000 -0.0000
vn 0.5000 0.8660 -0.0000
vn -0.0304 0.9690 -0.2450
vn -0.4581 0.8543 -0.2455
vn -0.4958 0.8684 -0.0086
vn -0.0064 0.9999 -0.0079
vn -0.0000 1.0000 -0.0000
vn -0.6475 0.6649 0.3724
vn -0.6643 0.6468 0.3745
vn -0.5116 0.8590 0.0193
vn -0.8589 0.5118 0.0194
vn 0.4581 0.8543 -0.2455
vn 0.0304 0.9690 -0.2450
vn 0.0064 0.9999 -0.0079
vn 0.4958 0.8684 -0.0086
vn -0.0000 -1.0000 -0.0000
vn -0.9690 -0.0304 -0.2451
vn -0.8543 -0.4582 -0.2455
vn -0.8684 -0.4958 -0.0085
vn -0.9999 -0.0064 -0.0080
vn -1.0000 -0.0000 -0.0000
vn -0.8660 -0.5000 -0.0000
vn 1.0000 -0.0000 -0.0000
vn -0.5000 -0.8660 -0.0000
vn 0.6469 -0.6643 0.3745
vn 0.6649 -0.6475 0.3724
vn 0.5118 -0.8589 0.0195
vn 0.8590 -0.5116 0.0192
vn -0.2281 0.8990 0.3739
vn -0.2521 0.8932 0.3722
vn -0.0139 0.9997 0.0195
vn -0.4875 0.8729 0.0192
vn 0.2280 -0.8989 0.3741
vn 0.2523 -0.8932 0.3722
vn 0.0140 -0.9997 0.0198
vn 0.4877 -0.8728 0.0195
vn 0.8932 -0.2521 0.3722
vn 0.8989 -0.2282 0.3740
vn 0.8729 -0.4876 0.0191
vn 0.9997 -0.0139 0.0195
vn 0.8233 0.5122 -0.2446
vn 0.5134 0.8228 -0.2440
vn 0.5068 0.8620 -0.0085
vn 0.8620 0.5068 -0.0084
vn 0.2521 0.8932 0.3722
vn 0.2281 0.8990 0.3739
vn 0.4875 0.8729 0.0192
vn 0.0139 0.9997 0.0195
vn 0.2512 0.8948 -0.3690
vn 0.1498 0.5041 -0.8505
vn -0.1499 0.5042 -0.8505
vn -0.0000 -0.0000 1.0000
vn 0.3534 -0.1727 -0.9194
vn 0.2282 -0.6139 -0.7557
vn -0.3389 -0.9064 -0.2522
vn -0.3538 -0.1650 -0.9206
vn -0.2280 -0.6054 -0.7626
vn 0.5128 -0.4184 -0.7497
vn 0.0789 -0.7791 -0.6220
vn 0.1576 -0.4884 -0.8583
vn -0.0789 -0.7791 -0.6220
vn -0.5127 -0.4184 -0.7497
vn -0.1576 -0.4884 -0.8583
vn 0.0789 -0.7791 -0.6219
vn 0.2049 -0.8190 -0.5359
vn -0.2049 -0.8191 -0.5358
vn -0.0000 0.5601 -0.8284
vn -0.9218 -0.1889 -0.3385
vn -0.2049 -0.8192 -0.5356
vn -0.1971 -0.8672 -0.4573
vn 0.2048 -0.8192 -0.5357
vn 0.9193 -0.1885 -0.3455
vn 0.1971 -0.8672 -0.4573
vn 0.9194 -0.0000 0.3933
vn 0.7969 0.4575 0.3945
vn 0.6011 0.3477 0.7196
vn 0.6948 -0.0000 0.7192
vn 0.7969 -0.4575 0.3945
vn 0.6012 -0.3477 0.7195
vn -0.9194 -0.0000 0.3933
vn -0.6011 0.3476 0.7196
vn -0.7968 0.4576 0.3945
vn -0.6948 -0.0000 0.7192
vn -0.7969 -0.4576 0.3945
vn -0.6012 -0.3477 0.7195
vn -0.0000 -0.0077 -1.0000
vn -0.0000 -0.0076 -1.0000
vn -0.0000 -0.0155 -0.9999
vn -0.0000 -0.0157 -0.9999
vn 0.3476 0.6011 0.7196
vn -0.0000 0.9195 0.3930
vn 0.0003 0.6950 0.7190
vn 0.4576 0.7968 0.3945
vn 0.3481 0.6008 0.7196
vn 0.7969 0.4576 0.3945
vn 0.4577 0.7968 0.3945
vn 0.6008 0.3482 0.7196
vn -0.3477 0.6011 0.7196
vn -0.0003 0.6950 0.7190
vn -0.4576 0.7968 0.3945
vn 0.6010 -0.3481 0.7195
vn 0.4576 -0.7969 0.3945
vn 0.7969 -0.4576 0.3945
vn 0.3481 -0.6008 0.7196
vn -0.7969 0.4576 0.3945
vn -0.3482 0.6008 0.7196
vn -0.6008 0.3481 0.7196
vn -0.0000 -0.9195 0.3930
vn 0.3476 -0.6011 0.7196
vn 0.0003 -0.6951 0.7189
vn 0.4575 -0.7969 0.3945
vn -0.0000 -0.3861 -0.9225
vn -0.4575 -0.7969 0.3945
vn -0.3478 -0.6010 0.7196
vn -0.0003 -0.6951 0.7189
vn -0.4576 -0.7969 0.3945
vn -0.6009 -0.3481 0.7195
vn -0.3482 -0.6008 0.7196
vn -0.3236 0.2368 0.9161
vn 0.3229 0.2442 0.9144
vn -0.1736 0.4655 0.8679
vn 0.1736 0.4655 0.8679
vn -0.4008 0.0865 0.9121
vn 0.4008 0.0864 0.9121
vn 0.5508 -0.5902 0.5902
vn -0.5508 -0.5901 0.5902
vn -0.4017 -0.0552 0.9141
vn 0.3764 -0.1725 0.9103
vn 0.4016 -0.0552 0.9142
vn 0.5452 0.6084 0.5767
vn -0.5452 0.6084 0.5767
vn -0.3764 -0.1725 0.9103
vn -0.2747 -0.2825 0.9191
vn 0.2753 -0.2753 0.9211
vn 0.1020 -0.4944 0.8632
vn -0.1027 -0.4978 0.8612
vn -0.2048 -0.8192 -0.5356
vn -0.9217 -0.1890 -0.3387
vn -0.5130 -0.4184 -0.7495
vn 0.9192 -0.1886 -0.3457
vn 0.5131 -0.4183 -0.7495
vn -0.0000 -0.1496 -0.9887
vn -0.2676 0.3305 -0.9051
vn 0.2676 0.3306 -0.9050
vn -0.0000 -0.1492 -0.9888
vn 0.0067 -0.0000 -1.0000
vn -0.3076 -0.2287 -0.9236
vn -0.3076 0.2287 -0.9236
vn -0.1736 -0.3792 -0.9089
vn -0.0071 -0.0000 -1.0000
vn 0.1737 -0.3791 -0.9089
vn 0.3077 0.2287 -0.9236
vn 0.3076 -0.2287 -0.9236
vn -0.2517 -0.5277 -0.8113
vn 0.4424 0.7662 0.4661
vn -0.1571 0.8720 0.4635
vn 0.4424 0.7662 0.4660
vn 0.2443 -0.5287 -0.8129
vn -0.2755 -0.3625 -0.8903
vn 0.2755 -0.3624 -0.8903
vn -0.2682 0.0158 -0.9632
vn 0.2682 0.0158 -0.9632
vn -0.2286 0.2840 -0.9312
vn 0.2360 0.2835 -0.9295
vn -0.2204 0.2679 -0.9379
vn 0.2203 0.2680 -0.9379
vn -0.2124 -0.0158 -0.9771
vn 0.2124 -0.0158 -0.9771
vn -0.1577 -0.4880 -0.8585
vn -0.6368 -0.0159 -0.7709
vn -0.2129 -0.0160 -0.9769
vn -0.6368 -0.0159 -0.7708
vn -0.5128 -0.4180 -0.7499
vn -0.1572 -0.4882 -0.8584
vn -0.2129 -0.0156 -0.9770
vn -0.6443 0.1966 -0.7390
vn -0.2210 0.2679 -0.9378
vn -0.6602 0.2516 -0.7077
vn 0.1572 -0.4882 -0.8584
vn -0.0786 -0.7790 -0.6220
vn 0.0786 -0.7790 -0.6220
vn 0.6370 -0.0162 -0.7707
vn 0.1577 -0.4880 -0.8585
vn 0.2129 -0.0160 -0.9769
vn 0.6368 -0.0159 -0.7708
vn 0.5128 -0.4180 -0.7499
vn -0.1571 0.8721 0.4635
vn -0.6822 0.5725 0.4548
vn -0.6822 0.5724 0.4548
vn 0.8283 0.2998 0.4733
vn 0.1969 -0.8673 -0.4571
vn -0.2046 -0.8194 -0.5355
vn 0.2046 -0.8193 -0.5355
vn -0.0786 -0.7794 -0.6216
vn 0.0786 -0.7794 -0.6216
vn -0.1969 -0.8673 -0.4572
vn -0.0000 -0.9416 -0.3366
vn -0.0000 -0.9414 -0.3373
vn -0.0000 -0.9591 -0.2830
vn -0.2527 -0.9643 0.0788
vn 0.2508 -0.9649 0.0783
vn 0.0941 -0.9818 0.1647
vn -0.0940 -0.9819 0.1647
vn -0.1411 -0.9510 0.2751
vn 0.1335 -0.9520 0.2753
vn -0.6348 -0.5595 -0.5329
vn -0.2810 -0.5614 -0.7784
vn -0.5204 -0.6942 -0.4973
vn -0.6125 -0.2536 -0.7487
vn -0.3080 0.2287 -0.9235
vn -0.3474 -0.0742 -0.9348
vn -0.6769 0.3936 -0.6220
vn 0.6770 0.3936 -0.6219
vn 0.3459 -0.0750 -0.9353
vn 0.3081 0.2287 -0.9235
vn 0.6112 -0.2507 -0.7508
vn 0.5204 -0.6942 -0.4973
vn 0.2801 -0.5604 -0.7794
vn 0.6319 -0.5609 -0.5349
vn 0.0883 0.7787 -0.6211
vn -0.0895 0.3554 -0.9304
vn -0.0899 0.7813 -0.6176
vn -0.4813 0.5021 -0.7185
vn -0.9234 0.2290 -0.3081
vn -0.4833 0.5371 -0.6913
vn -0.9234 0.2291 -0.3081
vn 0.0913 0.3507 -0.9320
vn 0.9234 0.2290 -0.3081
vn 0.4766 0.5032 -0.7209
vn 0.4874 0.5353 -0.6899
vn 0.9234 0.2290 -0.3080
vn -0.3143 0.8642 0.3929
vn 0.1734 0.4657 0.8678
vn 0.3143 0.8643 0.3928
vn -0.1734 0.4657 0.8678
vn 0.8283 -0.2998 0.4733
vn -0.8897 -0.0000 0.4566
vn -0.6823 -0.5724 0.4548
vn -0.6822 -0.5725 0.4548
vn -0.0018 -0.0000 -1.0000
vn 0.0018 -0.0000 -1.0000
vn -0.0000 0.7108 -0.7034
vn -0.0000 0.7149 -0.6992
vn -0.0000 0.7229 -0.6909
vn -0.0000 0.7229 -0.6910
vn -0.0000 0.7301 -0.6833
vn -0.0000 0.7302 -0.6832
vn -0.0000 0.7375 -0.6754
vn -0.0000 0.7377 -0.6752
vn -0.0000 0.7266 -0.6870
vn -0.0000 0.7032 -0.7110
vn -0.0000 0.6285 -0.7778
vn 0.0790 0.9482 -0.3078
vn -0.0790 0.9481 -0.3078
vn -0.2686 0.0157 -0.9631
vn -0.6602 0.2517 -0.7077
vn -0.7172 0.0632 -0.6940
vn -0.2760 -0.3623 -0.8902
vn -0.2761 -0.3625 -0.8902
vn -0.7173 0.0629 -0.6939
vn -0.7325 -0.2364 -0.6384
vn -0.2522 -0.5276 -0.8112
vn 0.7325 -0.2365 -0.6384
vn 0.2686 0.0156 -0.9631
vn 0.2760 -0.3624 -0.8902
vn 0.6383 -0.5200 -0.5676
vn 0.7172 0.0630 -0.6940
vn 0.2366 0.2835 -0.9294
vn 0.2686 0.0159 -0.9631
vn 0.7325 -0.2364 -0.6384
vn -0.0000 -0.7344 -0.6787
vn -0.0000 -0.7341 -0.6790
vn -0.0000 -0.7343 -0.6789
vn -0.3238 0.2369 0.9160
vn -0.1738 0.4656 0.8678
vn -0.7410 0.5598 0.3708
vn -0.3144 0.8642 0.3928
vn -0.1738 0.4656 0.8677
vn 0.1738 0.4656 0.8678
vn 0.7410 0.5598 0.3708
vn 0.3143 0.8642 0.3928
vn 0.3231 0.2443 0.9143
vn -0.9213 -0.1417 0.3622
vn -0.3769 -0.1726 0.9100
vn -0.4021 -0.0554 0.9139
vn 0.4020 -0.0554 0.9139
vn 0.3768 -0.1727 0.9100
vn 0.9213 -0.1417 0.3622
vn -0.6444 0.1965 -0.7390
vn -0.2129 -0.0156 -0.9769
vn -0.6369 -0.0155 -0.7708
vn -0.2523 -0.5277 -0.8111
vn -0.7325 -0.2366 -0.6383
vn -0.6429 -0.5174 -0.5648
vn -0.1740 -0.3793 -0.9088
vn 0.2129 -0.0156 -0.9769
vn 0.6444 0.1965 -0.7390
vn 0.6368 -0.0155 -0.7709
vn 0.4423 -0.7663 0.4660
vn 0.4424 -0.7662 0.4661
vn 0.1740 -0.3793 -0.9088
vn 0.6383 -0.5201 -0.5676
vn 0.2449 -0.5287 -0.8127
vn 0.2761 -0.3625 -0.8902
vn -0.0000 -0.0009 1.0000
vn -0.0000 0.0005 1.0000
vn -0.0000 0.0009 1.0000
vn -0.0000 -0.0005 1.0000
vn -0.1884 -0.9034 0.3852
vn 0.1019 -0.4947 0.8631
vn -0.1026 -0.4980 0.8611
vn 0.1883 -0.9034 0.3852
vn -0.6466 -0.6624 0.3785
vn -0.1029 -0.4980 0.8611
vn -0.2749 -0.2827 0.9190
vn 0.6466 -0.6623 0.3785
vn 0.1022 -0.4946 0.8631
vn 0.1886 -0.9033 0.3852
vn -0.6465 -0.6624 0.3785
vn -0.1886 -0.9034 0.3851
vn -0.5205 -0.6942 -0.4972
vn -0.3078 -0.2289 -0.9235
vn -0.1740 -0.3795 -0.9087
vn -0.6428 -0.5177 -0.5647
vn 0.3078 -0.2289 -0.9235
vn 0.5205 -0.6942 -0.4972
vn 0.1741 -0.3795 -0.9087
vn 0.6382 -0.5203 -0.5675
vn 0.2755 -0.2755 0.9210
vn -0.1571 -0.8721 0.4635
vn -0.1572 -0.8721 0.4635
vn -0.0000 0.6992 -0.7150
vn -0.0000 0.6993 -0.7148
vn -0.0000 0.6988 -0.7153
vn 0.6443 0.1965 -0.7390
vn 0.2129 -0.0156 -0.9770
vn 0.2209 0.2680 -0.9378
vn 0.6601 0.2516 -0.7078
vn -0.2292 0.2840 -0.9310
vn -0.2686 0.0160 -0.9631
vn 0.2366 0.2835 -0.9293
vn 0.7174 0.0631 -0.6938
vn 0.6602 0.2516 -0.7077
vn 0.2209 0.2680 -0.9377
vn -0.4019 -0.0552 0.9140
vn -0.9240 0.3001 0.2369
vn -0.9212 -0.1415 0.3624
vn 0.9212 -0.1415 0.3624
vn 0.9240 0.3001 0.2369
vn 0.4018 -0.0552 0.9140
vn -0.4010 0.0865 0.9120
vn -0.9139 0.1971 0.3549
vn -0.7412 0.5596 0.3708
vn -0.9384 -0.2443 0.2444
vn -0.5507 -0.5903 0.5901
vn -0.9384 -0.2444 0.2444
vn -0.9140 0.1969 0.3549
vn 0.9139 0.1971 0.3549
vn 0.7412 0.5596 0.3708
vn 0.4010 0.0865 0.9120
vn 0.5506 -0.5904 0.5901
vn 0.9384 -0.2444 0.2444
vn 0.9140 0.1969 0.3549
vn -0.3766 -0.1726 0.9101
vn -0.9212 -0.1418 0.3624
vn -0.8487 -0.3930 0.3539
vn -0.8487 -0.3930 0.3540
vn 0.8487 -0.3929 0.3539
vn 0.9212 -0.1419 0.3624
vn 0.3766 -0.1726 0.9101
vn -0.6466 -0.6622 0.3787
vn 0.6467 -0.6622 0.3787
vn 0.8487 -0.3930 0.3540
vn 0.4018 -0.0553 0.9140
vn -0.0000 -0.1576 -0.9875
vn -0.0000 -0.1572 -0.9876
vn 0.0001 -0.4626 -0.8866
vn -0.0000 -0.4625 -0.8866
vn -0.0000 -0.1814 -0.9834
vn -0.0000 -0.1810 -0.9835
vn -0.0000 -0.5655 -0.8247
vn -0.0000 -0.5656 -0.8247
vn -0.0000 -0.8677 -0.4972
vn -0.0000 -0.8679 -0.4967
vn -0.0000 -0.7071 -0.7071
vn -0.0000 -0.0007 1.0000
vn 0.3466 -0.9380 -0.0000
vn -0.3465 -0.9381 -0.0000
vn -0.3466 -0.9380 -0.0000
vn 0.3465 -0.9380 -0.0000
vn -0.6840 -0.7156 -0.1418
vn -0.6432 -0.5174 -0.5644
vn -0.8738 -0.4411 -0.2049
vn -0.7329 -0.2364 -0.6380
vn -0.3387 0.8508 0.4018
vn 0.2598 0.6465 0.7173
vn 0.3386 0.8508 0.4018
vn -0.2598 0.6465 0.7173
vn 0.8738 -0.4410 -0.2049
vn 0.6386 -0.5200 -0.5672
vn 0.6798 -0.7194 -0.1426
vn 0.7329 -0.2364 -0.6380
vn -0.6770 -0.3936 -0.6219
vn -0.5207 -0.6943 -0.4968
vn -0.6430 -0.5177 -0.5644
vn 0.5207 -0.6943 -0.4968
vn 0.6770 -0.3936 -0.6219
vn 0.6798 -0.7195 -0.1425
vn 0.6384 -0.5203 -0.5672
vn -0.6080 0.4109 0.6793
vn -0.2604 0.6463 0.7173
vn -0.7728 0.5206 0.3630
vn 0.2604 0.6463 0.7173
vn 0.7728 0.5206 0.3631
vn 0.3387 0.8508 0.4018
vn 0.6080 0.4109 0.6793
vn -0.7132 -0.1257 -0.6896
vn -0.7170 -0.3936 -0.5753
vn 0.7170 -0.3938 -0.5752
vn 0.7132 -0.1257 -0.6896
vn 0.7170 -0.3937 -0.5753
vn -0.7818 -0.2616 -0.5660
vn -0.9538 -0.1142 -0.2780
vn -0.5498 -0.5960 -0.5852
vn -0.6841 -0.7155 -0.1418
vn -0.7508 -0.6385 -0.1693
vn -0.9005 0.3950 -0.1817
vn 0.9005 0.3950 -0.1817
vn 0.7803 -0.2634 -0.5672
vn 0.9537 -0.1137 -0.2784
vn 0.5487 -0.5948 -0.5874
vn 0.7504 -0.6388 -0.1697
vn -0.0945 -0.9818 0.1650
vn -0.1416 -0.9509 0.2750
vn -0.6462 -0.5356 0.5437
vn 0.0945 -0.9817 0.1651
vn 0.6434 -0.5413 0.5414
vn 0.1341 -0.9520 0.2753
vn -0.0000 -0.8682 -0.4962
vn -0.0000 -0.9540 -0.2999
vn -0.0000 -0.9540 -0.2997
vn -0.7321 -0.2595 -0.6298
vn -0.7071 -0.0000 -0.7071
vn -0.7320 -0.2595 -0.6299
vn 0.7071 -0.0000 -0.7071
vn 0.7321 -0.2595 -0.6298
vn 0.7321 -0.2595 -0.6299
vn -0.7132 -0.1251 -0.6897
vn 0.7321 -0.2596 -0.6298
vn 0.7132 -0.1251 -0.6897
vn 0.0003 0.9487 0.3163
vn 0.4739 0.8218 0.3162
vn 0.8217 0.4743 0.3160
vn 0.6648 0.6475 0.3725
vn 0.4744 0.8215 0.3162
vn 0.6468 0.6643 0.3745
vn 0.9487 0.0003 0.3162
vn 0.8932 0.2521 0.3722
vn 0.8220 0.4738 0.3160
vn 0.8990 0.2281 0.3739
vn 0.8219 -0.4739 0.3160
vn 0.9487 -0.0003 0.3162
vn 0.8217 -0.4743 0.3160
vn 0.4744 -0.8215 0.3162
vn -0.4739 0.8219 0.3160
vn -0.0003 0.9487 0.3163
vn -0.7161 -0.6059 -0.3466
vn -0.7170 -0.3941 -0.5750
vn 0.4739 -0.8218 0.3162
vn 0.0003 -0.9486 0.3166
vn -0.4743 0.8217 0.3160
vn -0.8216 0.4744 0.3161
vn 0.7170 -0.3942 -0.5749
vn 0.7161 -0.6059 -0.3466
vn 0.7170 -0.3941 -0.5749
vn -0.4738 -0.8220 0.3160
vn -0.2523 -0.8932 0.3722
vn -0.0003 -0.9486 0.3166
vn -0.2280 -0.8989 0.3741
vn -0.8219 0.4738 0.3161
vn -0.8932 0.2523 0.3722
vn -0.9487 0.0003 0.3163
vn -0.8989 0.2280 0.3741
vn -0.8217 -0.4744 0.3160
vn -0.6475 -0.6649 0.3724
vn -0.4743 -0.8217 0.3160
vn -0.6644 -0.6468 0.3744
vn -0.9487 -0.0003 0.3163
vn -0.8932 -0.2523 0.3722
vn -0.8220 -0.4738 0.3160
vn -0.8989 -0.2280 0.3741
vn -0.0000 -0.6748 -0.7380
vn -0.0000 -0.4472 -0.8944
vn -0.0000 -0.1735 -0.9848
vn -0.0000 -0.1732 -0.9849
vn -0.0000 -0.1491 -0.9888
vn -0.0000 -0.1415 -0.9899
vn -0.7321 -0.2601 -0.6296
vn -0.7321 -0.2600 -0.6297
vn 0.7321 -0.2600 -0.6297
vn 0.7321 -0.2601 -0.6296
vn 0.7320 -0.2601 -0.6297
vn -0.9383 -0.2444 0.2445
vn -0.7383 0.1410 0.6596
vn -0.9192 0.1728 0.3538
vn -0.8440 -0.4814 0.2365
vn -0.7381 0.1416 0.6596
vn -0.6084 0.4105 0.6793
vn -0.9192 0.1730 0.3538
vn -0.7729 0.5204 0.3631
vn 0.9383 -0.2445 0.2445
vn 0.9192 0.1728 0.3538
vn 0.7383 0.1410 0.6596
vn 0.8440 -0.4813 0.2365
vn 0.9192 0.1730 0.3538
vn 0.6084 0.4105 0.6793
vn 0.7381 0.1416 0.6596
vn 0.7729 0.5203 0.3630
vn 0.0423 0.8650 0.5000
vn -0.0415 0.8648 0.5003
vn -0.1879 0.9015 0.3899
vn -0.7036 0.6353 0.3183
vn -0.6365 0.7470 0.1919
vn -0.9003 0.4188 0.1187
vn -0.8812 0.4094 0.2362
vn 0.1898 0.9016 0.3887
vn 0.7034 0.6351 0.3191
vn 0.9003 0.4188 0.1187
vn 0.6357 0.7482 0.1902
vn 0.8812 0.4094 0.2362
vn -0.0000 0.2827 -0.9592
vn -0.0000 0.7224 -0.6914
vn -0.0000 0.2830 -0.9591
vn -0.0000 0.7225 -0.6914
vn -0.0000 0.0001 -1.0000
vn -0.0000 0.0004 -1.0000
vn -0.0000 -0.4630 -0.8864
vn -0.0000 -0.7778 -0.6285
vn -0.0000 -0.4630 -0.8863
vn -0.0000 -0.9806 -0.1960
vn -0.0000 -0.9807 -0.1957
vn -0.0000 -0.9590 0.2832
vn -0.0000 -0.9591 0.2831
vn -0.0000 -0.6914 0.7225
vn -0.0944 -0.9817 0.1651
vn -0.6461 -0.5358 0.5436
vn -0.2529 -0.9642 0.0793
vn 0.6433 -0.5413 0.5414
vn 0.0945 -0.9817 0.1652
vn 0.2510 -0.9648 0.0788
vn -0.7638 0.0001 0.6455
vn -0.7637 -0.0000 0.6456
vn -0.7636 -0.0000 0.6457
vn -0.9202 0.1022 0.3778
vn -0.7850 0.2352 0.5731
vn -0.9385 -0.2443 0.2441
vn -0.0000 0.7151 -0.6990
vn -0.0000 0.7151 -0.6991
vn -0.0000 0.2595 -0.9657
vn -0.0000 0.3866 -0.9223
vn -0.0000 0.3867 -0.9222
vn -0.0000 0.2594 -0.9658
vn 0.7637 0.0001 0.6456
vn 0.9202 0.1022 0.3778
vn 0.9202 0.1023 0.3778
vn 0.7637 -0.0000 0.6456
vn 0.7637 -0.0001 0.6456
vn 0.7850 0.2352 0.5731
vn 0.2682 -0.9634 -0.0000
vn -0.2682 -0.9634 -0.0001
vn -0.2682 -0.9634 -0.0000
vn -0.0000 -0.6790 0.7341
vn -0.0000 -0.6791 0.7341
vn -0.0000 -0.6784 0.7347
vn -0.7161 -0.6061 -0.3461
vn -0.7065 -0.6752 -0.2119
vn -0.0000 0.8815 -0.4722
vn -0.0000 0.2833 -0.9590
vn 0.7067 -0.6750 -0.2122
vn 0.7161 -0.6061 -0.3461
vn 0.7066 -0.6751 -0.2120
vn -0.0000 0.9969 -0.0785
vn -0.2684 0.7659 -0.5843
vn 0.2684 0.7659 -0.5843
vn -0.9202 0.1025 0.3777
vn -0.7723 0.5514 0.3154
vn -0.9867 0.1420 0.0790
vn -0.7850 0.2358 0.5729
vn 0.7723 0.5515 0.3154
vn 0.9203 0.1026 0.3776
vn 0.9867 0.1405 0.0815
vn 0.7850 0.2357 0.5729
vn -0.2529 -0.9643 0.0790
vn -0.6462 -0.5360 0.5434
vn -0.9536 -0.2128 0.2128
vn 0.2510 -0.9648 0.0784
vn 0.9536 -0.2128 0.2128
vn 0.6434 -0.5415 0.5412
vn -0.0000 0.6587 -0.7524
vn -0.0000 0.9125 -0.4091
vn 0.3108 -0.4929 0.8127
vn 0.1854 -0.4225 0.8872
vn -0.2911 -0.3953 0.8712
vn -0.1766 -0.4298 0.8855
vn -0.6149 0.7886 -0.0022
vn -0.2202 0.9754 -0.0000
vn -0.6149 0.7886 -0.0000
vn -0.2203 0.9754 -0.0000
vn 0.2201 0.9755 -0.0000
vn 0.2203 0.9754 -0.0000
vn 0.6148 0.7887 -0.0000
vn 0.6149 0.7886 -0.0000
vn -0.6067 -0.7950 -0.0000
vn -0.6789 -0.7343 -0.0000
vn -0.6062 -0.7953 -0.0000
vn -0.2688 -0.9632 -0.0000
vn -0.0000 0.9377 -0.3474
vn -0.0000 0.9463 -0.3233
vn -0.0000 0.9439 -0.3303
vn -0.0000 0.9518 -0.3068
vn -0.0000 0.9379 -0.3469
vn -0.0000 0.9379 -0.3470
vn -0.0000 0.9378 -0.3472
vn -0.0000 0.9438 -0.3304
vn -0.0000 0.9439 -0.3301
vn -0.0000 0.9518 -0.3067
vn 0.6065 -0.7951 -0.0000
vn 0.6789 -0.7343 -0.0000
vn 0.6062 -0.7953 -0.0000
vn 0.2688 -0.9632 -0.0000
vn 0.3233 0.9463 -0.0000
vn 0.3234 0.9463 -0.0000
vn -0.3233 0.9463 -0.0000
vn -0.3234 0.9463 -0.0000
vn 0.3068 -0.9518 0.0003
vn -0.2432 -0.9572 0.1572
vn -0.3066 -0.9518 0.0002
vn -0.7456 -0.6597 0.0943
vn 0.2430 -0.9572 0.1571
vn 0.8120 -0.5837 0.0002
vn -0.0000 0.6703 0.7420
vn -0.0000 0.6645 0.7473
vn -0.0000 0.9661 -0.2582
vn -0.0000 0.9659 -0.2588
vn -0.0000 0.9554 -0.2954
vn -0.0000 0.9555 -0.2951
vn -0.0000 0.9969 -0.0793
vn -0.0000 0.9969 -0.0792
vn -0.0000 0.9659 -0.2590
vn -0.0000 0.9553 -0.2955
vn -0.0000 0.9697 0.2444
vn -0.0000 0.9697 0.2443
vn -0.0000 0.9697 -0.2444
vn -0.0000 0.9696 -0.2448
vn -0.0000 0.7378 0.6750
vn -0.0000 0.7378 -0.6751
vn -0.0000 0.2903 0.9569
vn -0.0000 0.2904 -0.9569
vn -0.0000 0.7150 0.6991
vn -0.0000 0.7148 0.6993
vn -0.0000 0.7151 0.6990
vn 0.3533 0.9350 0.0314
vn -0.3533 0.9350 0.0314
vn -0.4003 0.2827 0.8717
vn -0.0000 0.3069 0.9518
vn -0.3384 0.8812 0.3302
vn -0.0000 0.8896 0.4567
vn -0.3861 -0.0000 0.9225
vn -0.3860 -0.0000 0.9225
vn -0.0000 0.3068 0.9518
vn 0.3861 -0.0000 0.9225
vn 0.4003 0.2827 0.8717
vn -0.0000 0.8896 0.4566
vn 0.3384 0.8812 0.3302
vn 0.3862 0.0013 0.9224
vn -0.0000 0.2897 0.9571
vn 0.2435 -0.9571 0.1570
vn 0.8121 -0.5835 -0.0000
vn 0.7456 -0.6597 0.0943
vn -0.0000 0.9126 0.4088
vn -0.0000 0.9126 -0.4088
vn -0.0013 1.0000 -0.0000
vn 0.0013 1.0000 -0.0000
vn -0.0011 1.0000 -0.0000
vn 0.8146 0.5800 0.0013
vn 0.8146 0.5800 -0.0011
vn 0.9517 0.3071 -0.0000
vn 0.9517 0.3071 0.0001
vn 0.0012 1.0000 -0.0000
vn -0.8146 0.5800 -0.0012
vn -0.8146 0.5800 0.0013
vn -0.9517 0.3071 -0.0000
vn -0.4005 0.2828 0.8716
vn -0.9383 0.3077 0.1577
vn -0.8730 0.1497 0.4643
vn -0.3382 0.8813 0.3302
vn -0.0000 -0.0002 1.0000
vn -0.0002 -0.0004 1.0000
vn -0.9697 -0.0867 -0.2286
vn -0.7077 0.2514 -0.6603
vn -0.9166 -0.1973 -0.3479
vn -0.0000 -0.3765 0.9264
vn -0.0000 -0.1807 0.9835
vn -0.0000 -0.0001 1.0000
vn 0.0001 -0.0000 1.0000
vn 0.0002 -0.0001 1.0000
vn -0.0000 0.0001 1.0000
vn -0.0001 -0.0000 1.0000
vn -0.0001 -0.0001 1.0000
vn -0.0000 -0.0004 1.0000
vn -0.0005 -0.0012 1.0000
vn -0.0000 -0.0003 1.0000
vn 0.0004 -0.0000 1.0000
vn 0.7729 0.5205 -0.3628
vn 0.4649 0.8508 0.2450
vn 0.7729 0.5206 0.3628
vn 0.4667 0.8499 -0.2447
vn 0.2447 0.9394 -0.2402
vn -0.2421 0.9407 -0.2376
vn 0.2465 0.9386 0.2414
vn -0.2483 0.9377 0.2431
vn -0.4695 0.8491 -0.2421
vn -0.7729 0.5205 -0.3628
vn -0.4630 0.8513 0.2468
vn -0.7729 0.5206 0.3628
vn 0.9383 0.3076 0.1577
vn 0.4005 0.2827 0.8716
vn 0.8730 0.1497 0.4643
vn 0.3381 0.8813 0.3303
vn -0.0001 0.2592 -0.9658
vn -0.0000 0.3861 -0.9225
vn -0.0000 0.2591 -0.9658
vn -0.0000 0.3861 -0.9224
vn 0.9165 -0.1973 -0.3479
vn 0.7077 0.2514 -0.6603
vn 0.9696 -0.0867 -0.2286
vn -0.7071 -0.7071 -0.0000
vn -0.7163 -0.6849 0.1335
vn -0.7163 -0.6849 0.1336
vn -0.3070 -0.9517 0.0002
vn -0.8120 -0.5836 0.0081
vn 0.7071 -0.7071 -0.0000
vn 0.7163 -0.6849 0.1335
vn -0.5071 0.8619 -0.0000
vn -0.4020 0.8457 0.3509
vn 0.4014 0.8463 0.3503
vn 0.5072 0.8618 -0.0000
vn -0.0000 0.7072 0.7070
vn 0.1987 0.9480 0.2487
vn -0.1989 0.9482 0.2478
vn 0.1022 0.9513 -0.2909
vn -0.1021 0.9513 -0.2909
vn 0.1022 0.9513 0.2909
vn -0.0940 0.8248 -0.5576
vn 0.0940 0.8248 -0.5576
vn -0.1021 0.9513 0.2909
vn -0.0939 0.8247 0.5577
vn 0.0942 0.8247 0.5577
vn -0.6591 -0.6905 0.2981
vn -0.0014 1.0000 -0.0000
vn 0.8146 0.5800 0.0011
vn 0.8146 0.5800 -0.0014
vn 0.0011 1.0000 -0.0000
vn -0.8146 0.5800 -0.0011
vn -0.9517 0.3070 -0.0000
vn 0.0570 0.9961 -0.0668
vn -0.0572 0.9961 -0.0671
vn 0.0507 0.9958 0.0762
vn -0.0706 0.7704 -0.6337
vn 0.0703 0.7703 -0.6338
vn -0.0787 0.7319 -0.6768
vn 0.0787 0.7319 -0.6768
vn -0.0504 0.9959 0.0757
vn -0.0787 0.7243 0.6849
vn 0.0769 0.7635 0.6412
vn -0.0764 0.7633 0.6415
vn 0.0787 0.7243 0.6849
vn 0.1021 0.9513 -0.2909
vn -0.1022 0.9513 -0.2909
vn 0.1022 0.9513 0.2908
vn -0.0942 0.8247 -0.5576
vn 0.0939 0.8248 -0.5576
vn -0.1022 0.9513 0.2909
vn 0.0943 0.8247 0.5577
vn -0.3143 0.8644 -0.3925
vn -0.7412 0.5598 0.3706
vn -0.3143 0.8643 0.3926
vn 0.3143 0.8642 -0.3928
vn 0.9537 -0.2128 0.2127
vn 0.2510 -0.9648 0.0785
vn 0.6606 -0.6921 0.2910
vn -0.4076 0.8631 0.2981
vn -0.1025 0.9513 -0.2909
vn -0.4076 0.8631 -0.2981
vn -0.3529 0.7457 -0.5651
vn -0.0944 0.8247 -0.5576
vn -0.1023 0.9513 0.2909
vn -0.3529 0.7457 0.5651
vn -0.0942 0.8247 0.5577
vn -0.3244 0.9355 0.1402
vn -0.1602 0.9846 -0.0701
vn -0.3199 0.9375 -0.1372
vn -0.3162 0.7378 -0.5964
vn -0.0977 0.7692 -0.6315
vn -0.3067 0.6611 -0.6847
vn -0.1686 0.9827 0.0773
vn -0.3083 0.6567 0.6882
vn -0.0916 0.7623 0.6407
vn -0.3173 0.7386 0.5948
vn 0.1025 0.9513 0.2909
vn 0.4076 0.8631 0.2981
vn 0.1025 0.9513 -0.2909
vn 0.3529 0.7457 0.5651
vn 0.0944 0.8247 0.5577
vn 0.4076 0.8631 -0.2981
vn 0.3529 0.7457 -0.5651
vn 0.0942 0.8247 -0.5576
vn 0.1685 0.9827 0.0773
vn 0.3244 0.9355 0.1403
vn 0.1602 0.9846 -0.0701
vn 0.3173 0.7386 0.5948
vn 0.0916 0.7624 0.6406
vn 0.3083 0.6567 0.6882
vn 0.3199 0.9375 -0.1372
vn 0.3067 0.6611 -0.6847
vn 0.0977 0.7692 -0.6315
vn 0.3162 0.7378 -0.5964
vn -0.4077 0.8631 0.2981
vn -0.4077 0.8631 -0.2981
vn -0.1025 0.9513 0.2909
vn 0.1025 0.9513 0.2908
vn 0.4077 0.8631 0.2981
vn 0.3528 0.7458 0.5651
vn 0.4077 0.8631 -0.2981
vn 0.3529 0.7458 -0.5650
vn -0.0000 0.9380 -0.3467
vn -0.0000 0.9379 -0.3468
vn -0.0000 0.9517 -0.3069
vn 0.3538 0.9348 0.0314
vn 0.8118 0.5837 0.0158
vn 0.1104 0.9939 -0.0000
vn -0.0790 0.9482 -0.3078
vn 0.4252 0.9051 0.0001
vn -0.1104 0.9939 -0.0001
vn 0.4250 0.9052 -0.0000
vn 0.7416 0.6709 -0.0000
vn 0.7415 0.6709 -0.0000
vn -0.4252 0.9051 0.0001
vn -0.4250 0.9052 -0.0000
vn -0.7415 0.6709 -0.0000
vn -0.3538 0.9348 0.0314
vn -0.8118 0.5837 0.0158
vn -0.3143 0.8642 -0.3928
vn -0.7411 0.5598 -0.3706
vn 0.3537 0.9348 0.0314
vn 0.7411 0.5598 -0.3706
vn 0.7412 0.5598 0.3705
vn 0.7412 0.5598 0.3706
vn 0.3143 0.8643 -0.3928
vn -0.7107 0.6400 0.2922
vn -0.4082 0.8629 -0.2981
vn -0.7106 0.6400 -0.2923
vn -0.6160 0.5532 -0.5609
vn -0.3534 0.7455 -0.5651
vn -0.4082 0.8629 0.2981
vn -0.6160 0.5532 0.5609
vn -0.3534 0.7455 0.5651
vn -0.6785 0.7249 0.1189
vn -0.5137 0.8457 -0.1444
vn -0.6762 0.7273 -0.1175
vn -0.3073 0.6609 -0.6847
vn -0.5777 0.5419 -0.6104
vn -0.3643 0.7201 -0.5906
vn -0.5424 0.4877 -0.6841
vn -0.5143 0.8458 0.1415
vn -0.3677 0.7161 0.5933
vn -0.5778 0.5426 0.6097
vn -0.3087 0.6565 0.6882
vn -0.5422 0.4878 0.6842
vn -0.7106 0.6400 0.2922
vn -0.4083 0.8628 -0.2981
vn -0.7106 0.6400 -0.2922
vn -0.6160 0.5532 -0.5608
vn -0.4083 0.8628 0.2981
vn -0.6159 0.5532 0.5609
vn -0.3535 0.7455 0.5651
vn -0.0000 1.0000 -0.0078
vn -0.0000 1.0000 -0.0082
vn -0.0000 1.0000 -0.0079
vn -0.0000 1.0000 -0.0089
vn -0.0000 1.0000 -0.0081
vn -0.0000 0.9861 0.1660
vn -0.0000 0.9862 0.1658
vn -0.0000 0.9404 0.3399
vn -0.0000 0.9404 0.3400
vn -0.0000 0.9403 0.3405
vn -0.0000 0.9405 0.3399
vn 0.4082 0.8629 0.2981
vn 0.7107 0.6400 0.2922
vn 0.4082 0.8629 -0.2981
vn 0.6159 0.5532 0.5609
vn 0.3534 0.7455 0.5651
vn 0.7106 0.6400 -0.2923
vn 0.6160 0.5532 -0.5609
vn 0.3534 0.7455 -0.5651
vn 0.5143 0.8458 0.1415
vn 0.6785 0.7249 0.1189
vn 0.5137 0.8457 -0.1444
vn 0.3087 0.6565 0.6882
vn 0.5778 0.5426 0.6097
vn 0.3677 0.7161 0.5933
vn 0.5424 0.4877 0.6841
vn 0.6762 0.7273 -0.1175
vn 0.3073 0.6609 -0.6847
vn 0.3643 0.7201 -0.5906
vn 0.5777 0.5419 -0.6104
vn 0.5424 0.4877 -0.6841
vn -0.0000 1.0000 0.0015
vn 0.1493 0.9795 0.1352
vn 0.7544 0.6564 -0.0000
vn 0.6491 0.7459 0.1493
vn 0.9003 0.4189 0.1184
vn 0.9050 0.4254 -0.0000
vn -0.1531 0.9784 0.1386
vn -0.6460 0.7478 0.1531
vn -0.7544 0.6564 -0.0000
vn -0.9050 0.4254 -0.0000
vn -0.9003 0.4189 0.1184
vn 0.4083 0.8628 0.2981
vn 0.7106 0.6400 0.2922
vn 0.4083 0.8628 -0.2981
vn 0.3533 0.7456 0.5651
vn 0.6160 0.5532 -0.5608
vn 0.3535 0.7455 -0.5650
vn 0.5026 0.8645 -0.0000
vn -0.1730 0.9849 -0.0000
vn -0.1736 0.9848 0.0001
vn -0.7635 0.6458 -0.0000
vn -0.6823 0.5724 0.4548
vn -0.0000 -0.9806 0.1961
vn -0.0000 -0.9659 0.2591
vn -0.0001 -0.9250 0.3799
vn -0.0000 -0.7637 0.6456
vn -0.0000 -0.2833 0.9590
vn 0.0001 -0.9250 0.3799
vn -0.0000 -0.7637 0.6455
vn 0.5027 0.8645 -0.0000
vn -0.1733 0.9849 -0.0001
vn -0.8738 -0.4411 -0.2045
vn -0.9316 -0.3635 0.0079
vn -0.7376 -0.6748 0.0235
vn 0.8738 -0.4411 -0.2045
vn 0.7376 -0.6748 0.0236
vn 0.9316 -0.3635 0.0079
vn -0.9378 -0.3471 0.0078
vn -0.7255 -0.6545 0.2126
vn -0.7489 -0.6622 0.0236
vn -0.9288 -0.3702 0.0157
vn -0.8886 -0.3934 0.2357
vn -0.9315 -0.3634 0.0158
vn -0.9316 -0.3635 0.0078
vn -0.6842 -0.7155 -0.1412
vn -0.9032 -0.3929 -0.1727
vn 0.4503 -0.8929 -0.0000
vn -0.4503 -0.8929 -0.0000
vn -0.4504 -0.8928 -0.0000
vn -0.9867 0.1421 0.0787
vn -0.7647 0.6386 0.0867
vn -0.8219 0.5691 0.0239
vn -0.7723 0.5517 0.3149
vn 0.7255 -0.6545 0.2126
vn 0.9378 -0.3471 0.0079
vn 0.7490 -0.6622 0.0236
vn 0.9288 -0.3702 0.0157
vn 0.8886 -0.3934 0.2357
vn 0.9315 -0.3634 0.0157
vn 0.9316 -0.3635 0.0078
vn 0.6800 -0.7193 -0.1421
vn 0.9032 -0.3929 -0.1727
vn 0.7647 0.6386 0.0867
vn 0.7723 0.5517 0.3149
vn 0.9867 0.1406 0.0813
vn 0.8219 0.5691 0.0240
vn -0.8573 0.4247 0.2910
vn -0.7111 0.6395 0.2922
vn -0.8573 0.4247 -0.2910
vn -0.6164 0.5528 0.5609
vn -0.7433 0.3638 0.5614
vn -0.7110 0.6395 -0.2923
vn -0.6163 0.5528 -0.5609
vn -0.7433 0.3637 -0.5614
vn -0.9032 0.4101 0.1266
vn -0.7942 0.5966 0.1159
vn -0.9030 0.4100 -0.1284
vn -0.6005 0.5145 0.6122
vn -0.7539 0.3134 0.5775
vn -0.5426 0.4874 0.6842
vn -0.7088 0.2444 0.6617
vn -0.7962 0.5943 -0.1136
vn -0.5428 0.4873 -0.6841
vn -0.7561 0.3111 -0.5758
vn -0.6005 0.5135 -0.6129
vn -0.7074 0.2518 -0.6604
vn -0.8676 0.4026 0.2919
vn -0.7110 0.6396 0.2922
vn -0.8676 0.4026 -0.2919
vn -0.6163 0.5528 0.5609
vn -0.7542 0.3461 0.5580
vn -0.7111 0.6395 -0.2922
vn -0.6163 0.5528 -0.5608
vn -0.7543 0.3460 -0.5579
vn 0.7111 0.6395 0.2922
vn 0.9034 0.3224 -0.2828
vn 0.7110 0.6396 -0.2923
vn 0.6164 0.5527 -0.5609
vn 0.7954 0.2837 -0.5356
vn 0.9034 0.3224 0.2828
vn 0.6163 0.5528 0.5609
vn 0.7920 0.2826 0.5412
vn -0.7376 -0.6748 0.0236
vn 0.7942 0.5966 0.1159
vn 0.9030 0.4100 -0.1284
vn 0.7962 0.5943 -0.1136
vn 0.6005 0.5135 -0.6130
vn 0.7561 0.3111 -0.5758
vn 0.5428 0.4873 -0.6841
vn 0.7074 0.2518 -0.6604
vn 0.9032 0.4101 0.1266
vn 0.5428 0.4873 0.6841
vn 0.7539 0.3134 0.5774
vn 0.6005 0.5145 0.6122
vn 0.7088 0.2444 0.6617
vn 0.7110 0.6396 0.2922
vn 0.9056 0.3153 -0.2835
vn 0.6163 0.5528 -0.5608
vn 0.7971 0.2765 -0.5368
vn 0.9057 0.3153 0.2835
vn 0.7938 0.2754 0.5423
vn 0.7460 -0.6593 0.0942
vn 0.9658 -0.2594 0.0001
vn 0.9434 -0.3302 0.0314
vn 0.7376 -0.6748 0.0235
vn 0.7377 -0.6747 0.0238
vn -0.0000 0.7071 -0.7071
vn -0.7458 -0.6595 0.0942
vn -0.9658 -0.2591 0.0079
vn -0.8123 -0.5832 0.0079
vn -0.9657 -0.2594 0.0080
vn -0.7460 -0.6593 0.0942
vn -0.9434 -0.3302 0.0314
vn -0.5073 0.8617 -0.0000
vn -0.7063 0.7079 0.0003
vn -0.9536 0.3010 -0.0002
vn 0.2432 -0.9573 0.1566
vn -0.2126 -0.9764 0.0394
vn -0.2429 -0.9573 0.1568
vn -0.7066 -0.7069 0.0314
vn 0.2123 -0.9764 0.0394
vn 0.7456 -0.6597 0.0941
vn 0.2129 -0.9763 0.0394
vn 0.7458 -0.6595 0.0942
vn 0.7066 -0.7070 0.0314
vn -0.2434 -0.9572 0.1568
vn -0.7456 -0.6597 0.0942
vn 0.9760 0.2177 0.0001
vn 0.7062 0.7080 -0.0000
vn 0.5074 0.8617 -0.0000
vn 0.9658 -0.2591 -0.0000
vn 0.8123 -0.5833 -0.0000
vn 0.3230 0.9452 -0.0473
vn 0.3222 0.9427 -0.0864
vn -0.3221 0.9428 -0.0864
vn 0.6085 0.7903 -0.0712
vn 0.6058 0.7946 -0.0393
vn -0.3230 0.9452 -0.0473
vn -0.6058 0.7946 -0.0393
vn -0.6085 0.7903 -0.0712
vn -0.1886 -0.9035 -0.3849
vn -0.6466 -0.6623 0.3785
vn -0.6432 -0.6667 -0.3765
vn 0.1886 -0.9035 -0.3848
vn 0.6432 -0.6667 -0.3765
vn -0.8739 -0.4407 -0.2049
vn -0.7329 -0.2363 -0.6380
vn -0.9684 -0.0788 -0.2365
vn -0.7176 0.0630 -0.6936
vn -0.9684 -0.0787 -0.2365
vn -0.7176 0.0631 -0.6936
vn -0.9670 0.0393 -0.2519
vn -0.9546 0.1107 -0.2764
vn -0.7175 0.0633 -0.6936
vn -0.6606 0.2515 -0.7073
vn -0.9546 0.1106 -0.2765
vn -0.9532 0.0789 -0.2917
vn -0.6448 0.1964 -0.7387
vn -0.9532 0.0789 -0.2918
vn -0.6372 -0.0156 -0.7705
vn -0.9517 -0.0078 -0.3071
vn -0.5131 -0.4180 -0.7496
vn -0.9517 -0.0080 -0.3071
vn -0.6372 -0.0158 -0.7705
vn -0.9517 -0.0080 -0.3070
vn -0.5131 -0.4180 -0.7497
vn -0.9216 -0.1890 -0.3390
vn -0.9518 -0.0079 -0.3065
vn -0.9534 0.0787 -0.2912
vn -0.9548 0.1104 -0.2760
vn -0.9671 0.0391 -0.2513
vn -0.9537 -0.2126 0.2126
vn -0.9659 -0.0000 0.2589
vn -0.9658 -0.0157 0.2588
vn -0.9428 -0.2433 0.2277
vn -0.9747 0.0710 -0.2121
vn -0.9747 0.0710 0.2121
vn -0.9747 0.0707 -0.2122
vn -0.7727 0.2839 -0.5677
vn -0.7727 0.2839 0.5677
vn -0.9747 0.0707 0.2122
vn -0.7163 -0.6848 0.1341
vn -0.7253 -0.5284 0.4413
vn -0.7163 -0.6848 0.1340
vn 0.9597 -0.2756 -0.0550
vn 0.9045 -0.3933 -0.1649
vn 0.9510 -0.2990 -0.0785
vn -0.0000 -0.9992 0.0389
vn -0.0000 -0.9992 0.0393
vn -0.0000 -0.9992 0.0398
vn 0.7163 -0.6848 0.1341
vn 0.7253 -0.5284 0.4413
vn 0.7163 -0.6848 0.1340
vn 0.7176 0.0630 -0.6936
vn 0.7329 -0.2363 -0.6380
vn 0.9684 -0.0788 -0.2365
vn 0.8739 -0.4407 -0.2049
vn 0.7176 0.0631 -0.6936
vn 0.9684 -0.0787 -0.2365
vn 0.9666 0.0472 -0.2518
vn 0.9546 0.1107 -0.2764
vn 0.7175 0.0633 -0.6937
vn 0.9546 0.1106 -0.2765
vn 0.6606 0.2515 -0.7074
vn 0.9532 0.0789 -0.2917
vn 0.9532 0.0789 -0.2918
vn 0.6448 0.1965 -0.7387
vn 0.6372 -0.0156 -0.7705
vn 0.9517 -0.0078 -0.3069
vn 0.5132 -0.4180 -0.7496
vn 0.6372 -0.0158 -0.7706
vn 0.9517 -0.0080 -0.3069
vn 0.9517 -0.0080 -0.3070
vn 0.9191 -0.1885 -0.3460
vn 0.9519 -0.0079 -0.3064
vn 0.9534 0.0787 -0.2912
vn 0.9548 0.1104 -0.2759
vn 0.9668 0.0472 -0.2512
vn 0.9537 -0.2126 0.2126
vn 0.9659 -0.0000 0.2589
vn 0.9658 -0.0157 0.2588
vn 0.9428 -0.2434 0.2276
vn -0.7789 0.5746 -0.2515
vn -0.8757 0.4623 -0.1392
vn -0.4568 0.8896 -0.0000
vn -0.3866 0.9223 -0.0000
vn -0.7100 0.7042 -0.0009
vn -0.3383 0.8812 0.3303
vn -0.8206 0.5659 0.0793
vn -0.9461 0.2366 -0.2210
vn -1.0000 0.0041 0.0009
vn -0.9804 0.1508 0.1265
vn -0.9224 0.0787 -0.3782
vn -0.9687 0.0471 -0.2438
vn -0.8731 0.1493 0.4641
vn -1.0000 -0.0028 0.0028
vn -0.9861 -0.1664 -0.0000
vn -0.3864 -0.0000 0.9223
vn -0.7091 0.0028 0.7051
vn -0.8149 -0.0011 0.5796
vn -0.3865 -0.0000 0.9223
vn -0.8729 0.1495 0.4644
vn -0.4005 0.2827 0.8716
vn -0.9782 0.0319 0.2051
vn -0.8678 0.4021 0.2919
vn -0.9782 0.0319 -0.2051
vn -0.7545 0.3456 0.5580
vn -0.9421 -0.1178 0.3140
vn -0.8679 0.4020 -0.2919
vn -0.7545 0.3455 -0.5579
vn -0.9421 -0.1178 -0.3140
vn 0.4568 0.8896 -0.0000
vn 0.7789 0.5746 -0.2515
vn 0.3866 0.9223 -0.0000
vn 0.8757 0.4623 -0.1392
vn 0.7092 0.7050 -0.0030
vn 0.3383 0.8812 0.3303
vn 0.8206 0.5659 0.0793
vn 1.0000 0.0030 0.0030
vn 0.9461 0.2366 -0.2210
vn 0.9224 0.0788 -0.3782
vn 0.9687 0.0471 -0.2438
vn 0.9804 0.1508 0.1265
vn 0.8731 0.1495 0.4641
vn 1.0000 -0.0028 0.0028
vn 0.9857 -0.1682 -0.0031
vn 0.7091 0.0028 0.7051
vn 0.3868 0.0024 0.9222
vn 0.8160 0.0021 0.5781
vn 0.3865 -0.0000 0.9223
vn 0.8729 0.1495 0.4644
vn 0.4005 0.2826 0.8716
vn -0.0463 -0.9868 -0.1550
vn -0.0000 -0.9999 0.0159
vn 0.4110 -0.9051 0.1088
vn -0.0057 -0.9349 0.3548
vn -0.0000 -0.1810 0.9835
vn 0.1411 -0.7665 0.6266
vn -0.0000 -0.3771 0.9262
vn -0.8489 -0.3931 -0.3534
vn -0.8489 -0.3931 0.3534
vn -0.6466 -0.6624 0.3784
vn -0.8489 -0.3930 0.3534
vn -0.9213 -0.1418 -0.3622
vn -0.8489 -0.3930 -0.3535
vn 0.8489 -0.3930 -0.3534
vn 0.8489 -0.3931 0.3534
vn -0.9964 0.0689 0.0497
vn -0.9223 -0.3865 -0.0000
vn -0.7070 -0.7070 0.0157
vn -0.9222 -0.3865 0.0079
vn -0.3865 -0.9222 0.0079
vn -0.9988 -0.0484 0.0086
vn -0.7636 0.6457 0.0002
vn -0.7162 0.6962 -0.0491
vn -0.7747 0.6307 -0.0445
vn -0.7634 0.6459 0.0006
vn -0.9052 0.4250 -0.0000
vn -0.9834 0.1814 0.0002
vn -0.9834 0.1813 0.0002
vn -0.9835 0.1809 0.0001
vn -0.9834 0.1815 0.0002
vn -0.9317 0.3632 -0.0000
vn -0.9318 0.3631 -0.0000
vn -0.7419 0.6705 -0.0000
vn -0.8643 0.5029 0.0006
vn -0.7633 0.6461 0.0006
vn -0.7617 0.6479 0.0005
vn -0.7865 0.6159 0.0458
vn -0.9982 -0.0570 -0.0160
vn -0.8643 -0.5029 0.0078
vn -1.0000 -0.0001 -0.0022
vn -0.9381 0.3465 -0.0000
vn -0.9224 -0.3861 0.0079
vn -0.7069 -0.7071 0.0155
vn -0.8642 -0.5032 0.0078
vn -0.9222 -0.3866 0.0079
vn -0.2676 -0.9210 0.2833
vn -0.3797 -0.9250 0.0160
vn 0.8489 -0.3931 -0.3534
vn 0.6466 -0.6624 0.3784
vn 0.9213 -0.1417 -0.3622
vn 0.8489 -0.3930 0.3534
vn 0.8489 -0.3930 -0.3535
vn -0.5425 0.6055 -0.5822
vn -0.5451 0.6083 0.5769
vn -0.9257 0.3007 -0.2294
vn 0.5426 0.6055 -0.5822
vn 0.5451 0.6083 0.5769
vn 0.9257 0.3007 -0.2293
vn 0.9973 -0.0717 -0.0147
vn 0.9700 -0.0120 -0.2428
vn 0.9959 -0.0675 0.0611
vn 0.5145 -0.8573 0.0188
vn 0.1966 -0.9605 -0.1969
vn 0.6433 -0.7651 -0.0294
vn 0.3068 -0.9517 0.0079
vn 0.9224 -0.3861 0.0079
vn 1.0000 -0.0001 -0.0025
vn 0.7614 0.6482 0.0005
vn 0.7509 0.6565 0.0719
vn 0.7636 0.6457 0.0002
vn 0.7637 0.6455 -0.0000
vn 0.9051 0.4252 -0.0000
vn 0.9052 0.4250 -0.0000
vn 0.9834 0.1813 0.0002
vn 0.9834 0.1814 0.0002
vn 0.9834 0.1812 0.0002
vn 0.9317 0.3632 -0.0000
vn 0.9318 0.3631 -0.0000
vn 0.7419 0.6705 -0.0000
vn 0.1886 -0.9036 -0.3846
vn 0.6466 -0.6624 0.3785
vn 0.1885 -0.9036 0.3847
vn -0.1885 -0.9036 0.3846
vn -0.1886 -0.9036 -0.3846
vn -0.9920 0.0004 -0.1264
vn -0.9959 -0.0675 0.0611
vn -0.6120 -0.7908 0.0003
vn -0.6433 -0.7651 -0.0294
vn -0.1965 -0.9605 -0.1969
vn -0.9225 -0.3860 0.0079
vn -0.9258 0.3005 -0.2292
vn -0.9213 -0.1418 -0.3621
vn -0.9241 0.3000 0.2367
vn -0.9956 0.0941 -0.0000
vn -0.9956 0.0942 -0.0000
vn -0.9955 0.0948 -0.0000
vn -0.9995 -0.0315 -0.0000
vn -0.9435 -0.3299 0.0314
vn -0.9995 -0.0318 0.0001
vn -0.9988 -0.0472 -0.0158
vn -0.9954 0.0948 -0.0158
vn -0.9689 -0.2442 -0.0394
vn -0.9946 0.1026 -0.0158
vn -1.0000 -0.0003 0.0079
vn -0.9995 -0.0318 -0.0001
vn -0.9987 -0.0475 -0.0158
vn -0.9601 -0.2755 -0.0472
vn -0.7471 -0.5898 -0.3067
vn -0.9263 -0.3768 0.0077
vn -0.7070 -0.7065 0.0314
vn -0.9997 0.0233 -0.0000
vn -0.9997 0.0236 -0.0000
vn -0.9955 0.0949 -0.0000
vn -0.9141 0.1970 0.3543
vn -0.9155 0.1894 -0.3548
vn -0.9677 -0.0851 -0.2371
vn -0.9671 -0.0849 0.2398
vn -0.9001 -0.4351 -0.0213
vn -0.5507 -0.5900 0.5904
vn -0.9007 -0.4340 0.0211
vn -0.5452 -0.5926 -0.5929
vn 0.9241 0.2999 0.2367
vn 0.9258 0.3006 -0.2292
vn -0.9823 -0.0675 0.1747
vn -0.9624 0.2353 0.1355
vn -0.9820 -0.0689 -0.1760
vn -0.7783 0.2448 0.5782
vn -0.7709 -0.1607 0.6164
vn -0.7090 0.2439 0.6617
vn -0.9637 0.2321 -0.1320
vn -0.7076 0.2513 -0.6604
vn -0.7716 -0.1626 -0.6150
vn -0.7780 0.2413 -0.5801
vn 0.9678 -0.2516 0.0079
vn -0.9317 0.3629 -0.0158
vn -0.9290 -0.3697 0.0157
vn -0.8887 -0.3932 0.2359
vn -0.8919 0.3946 0.2210
vn -0.9317 -0.3628 0.0158
vn -0.9033 -0.3927 -0.1728
vn -0.8122 0.5832 0.0158
vn -0.9955 0.0951 -0.0000
vn 0.9678 -0.2515 0.0079
vn -0.9989 -0.0472 -0.0079
vn -0.9947 0.1026 -0.0079
vn -0.9989 -0.0472 -0.0000
vn -0.9527 -0.2990 -0.0549
vn -0.9134 -0.3940 -0.1022
vn -0.9601 -0.2758 -0.0471
vn -0.9525 -0.2995 -0.0550
vn 0.9194 0.1729 0.3533
vn 0.9384 -0.2443 0.2443
vn 0.9194 0.1728 -0.3533
vn 0.9385 -0.2442 -0.2443
vn 0.7731 0.5204 -0.3626
vn 0.7729 0.5205 0.3628
vn -0.7378 0.6750 -0.0079
vn -0.7379 0.6749 -0.0082
vn -0.7381 0.6746 -0.0082
vn 0.9956 0.0942 -0.0000
vn 0.9955 0.0946 -0.0000
vn 0.9997 0.0233 -0.0000
vn 0.9955 0.0947 -0.0000
vn 0.9955 0.0948 -0.0000
vn 0.9263 -0.3768 0.0079
vn 0.7070 -0.7066 0.0314
vn 0.7460 -0.6593 0.0941
vn 0.9995 -0.0315 -0.0000
vn 0.9995 -0.0318 0.0001
vn 0.9435 -0.3299 0.0314
vn 0.9955 0.0943 -0.0000
vn 0.9955 0.0948 -0.0079
vn 0.9988 -0.0472 -0.0158
vn 0.9689 -0.2442 -0.0394
vn 0.9946 0.1026 -0.0158
vn 0.9995 -0.0318 -0.0001
vn 0.9598 -0.2753 -0.0551
vn 0.9987 -0.0475 -0.0158
vn 0.7502 -0.5765 -0.3238
vn 0.9989 -0.0472 -0.0079
vn 0.9947 0.1026 -0.0079
vn 0.9598 -0.2751 -0.0549
vn 0.9989 -0.0472 -0.0000
vn 0.9512 -0.2985 -0.0784
vn -1.0000 0.0003 0.0079
vn 0.5027 -0.8645 -0.0000
vn 0.0153 -0.9735 0.2281
vn -0.1729 -0.9849 0.0001
vn 0.3137 -0.9227 0.2243
vn -0.1251 -0.7139 0.6889
vn 0.3589 -0.6209 0.6969
vn 0.9155 0.1894 -0.3548
vn 0.9141 0.1970 0.3543
vn 0.9677 -0.0853 -0.2370
vn 0.9671 -0.0847 0.2398
vn 0.5507 -0.5901 0.5904
vn 0.9001 -0.4352 -0.0215
vn 0.9007 -0.4339 0.0209
vn 0.5452 -0.5926 -0.5929
vn 0.8122 0.5832 0.0158
vn 0.9955 0.0951 -0.0000
vn 0.9036 0.3218 0.2828
vn 0.9802 -0.0788 -0.1816
vn 0.9036 0.3218 -0.2828
vn 0.7956 0.2832 -0.5356
vn 0.9802 -0.0788 0.1816
vn 0.7922 0.2821 0.5412
vn 0.9428 -0.1884 -0.2752
vn 0.7956 0.2833 -0.5355
vn 0.9801 -0.0789 -0.1820
vn 0.9801 -0.0790 0.1820
vn 0.7923 0.2821 0.5410
vn 0.9428 -0.1884 0.2752
vn 0.9624 0.2353 0.1355
vn 0.9820 -0.0688 -0.1760
vn 0.9637 0.2321 -0.1320
vn 0.7780 0.2413 -0.5801
vn 0.7716 -0.1626 -0.6150
vn 0.7076 0.2513 -0.6604
vn 0.9823 -0.0676 0.1747
vn 0.7090 0.2440 0.6617
vn 0.7709 -0.1607 0.6164
vn 0.7783 0.2448 0.5782
vn 0.9317 0.3629 -0.0158
vn 0.8887 -0.3932 0.2359
vn 0.9290 -0.3697 0.0157
vn 0.8918 0.3947 0.2210
vn 0.9317 -0.3629 0.0157
vn 0.9033 -0.3927 -0.1728
vn 0.7379 0.6749 -0.0080
vn 0.7379 0.6749 -0.0082
vn 0.7381 0.6746 -0.0082
vn -0.9384 -0.2521 0.2363
vn -0.9686 -0.0786 -0.2359
vn -0.9626 -0.0394 0.2680
vn -0.9187 -0.2982 0.2589
vn -0.9380 -0.3466 0.0079
vn -0.9318 -0.3629 0.0079
vn -0.8739 -0.4409 -0.2047
vn -0.7256 -0.6545 0.2126
vn -0.9378 -0.3471 0.0079
vn -0.9186 -0.2984 0.2591
vn 0.9058 0.3148 0.2835
vn 0.9795 -0.0867 -0.1816
vn 0.9059 0.3147 -0.2835
vn 0.7973 0.2760 -0.5368
vn 0.9796 -0.0866 0.1815
vn 0.7940 0.2748 0.5423
vn 0.9428 -0.1883 -0.2752
vn 0.7973 0.2761 -0.5367
vn 0.9795 -0.0867 -0.1819
vn 0.9795 -0.0867 0.1819
vn 0.7940 0.2749 0.5422
vn 0.9428 -0.1883 0.2752
vn -1.0000 -0.0004 -0.0000
vn -0.7636 -0.6457 -0.0000
vn -0.7606 -0.6492 0.0004
vn -0.7606 -0.6492 -0.0000
vn -0.7637 -0.6456 -0.0000
vn -0.9438 0.2986 -0.1414
vn -0.9384 0.2364 -0.2521
vn -0.9867 0.1419 0.0788
vn -0.9204 0.1022 0.3773
vn -0.9468 -0.2046 0.2482
vn -0.9182 -0.3827 0.1025
vn -0.9194 0.3567 -0.1657
vn -0.9710 0.2289 0.0694
vn -0.7637 0.6456 -0.0000
vn -0.7647 0.6386 -0.0867
vn -0.8250 0.5290 -0.1990
vn -0.8234 0.4513 0.3440
vn 0.1966 -0.9606 -0.1966
vn 0.3065 -0.9518 0.0079
vn -0.0000 -0.9999 0.0157
vn -0.0000 -0.9999 0.0158
vn -0.0000 -1.0000 0.0079
vn -0.0000 -0.9634 0.2682
vn 0.3860 -0.9224 0.0158
vn 0.2867 -0.9548 0.0786
vn -0.2878 -0.9544 0.0792
vn 0.1032 -0.8730 -0.4767
vn -0.0000 -0.3866 -0.9223
vn -0.1026 -0.8725 -0.4778
vn -0.3860 -0.9225 0.0079
vn -0.1966 -0.9606 -0.1966
vn -0.3792 -0.9252 0.0158
vn -0.3860 -0.9224 0.0079
vn -0.8085 -0.5649 -0.1647
vn -0.7470 -0.5898 -0.3067
vn -0.8086 -0.5649 -0.1647
vn -0.8123 -0.5832 0.0078
vn 0.9384 -0.2521 0.2364
vn 0.9686 -0.0786 -0.2359
vn 0.9626 -0.0394 0.2680
vn 0.9187 -0.2982 0.2589
vn 0.9380 -0.3466 0.0079
vn 0.9318 -0.3629 0.0079
vn 0.8739 -0.4409 -0.2047
vn 0.7256 -0.6545 0.2126
vn 0.9186 -0.2984 0.2591
vn 0.8086 -0.5649 -0.1647
vn 0.8123 -0.5833 -0.0001
vn 0.8677 0.4970 -0.0079
vn 0.9194 -0.0236 -0.3925
vn 0.9145 -0.0473 -0.4018
vn 0.7920 0.4238 -0.4394
vn 0.9529 -0.2207 -0.2081
vn 1.0000 0.0018 -0.0000
vn 0.6519 -0.7583 -0.0000
vn 0.3398 -0.9081 -0.2446
vn 0.7801 -0.5855 -0.2207
vn 1.0000 0.0092 0.0003
vn 0.3471 -0.9378 -0.0000
vn 0.6538 -0.7566 -0.0092
vn -0.9194 0.1729 -0.3533
vn -0.9653 -0.0874 -0.2460
vn -0.9686 -0.0840 0.2342
vn -0.9194 0.1729 0.3533
vn -0.7731 0.5205 -0.3626
vn -0.7729 0.5205 0.3628
vn -0.9036 -0.4280 -0.0210
vn -0.8440 -0.4813 0.2365
vn -0.8983 -0.4389 0.0204
vn -0.5967 -0.5182 -0.6127
vn -0.2991 -0.9135 -0.2757
vn -0.2992 -0.9135 0.2756
vn 0.9678 0.0022 0.2515
vn 0.9384 0.2364 -0.2521
vn 0.9438 0.2986 -0.1415
vn 1.0000 -0.0012 -0.0000
vn 0.7636 -0.6457 -0.0000
vn 0.7606 -0.6492 -0.0000
vn 0.7606 -0.6492 0.0012
vn 0.7637 -0.6456 -0.0000
vn 0.9868 0.1404 0.0813
vn 0.9204 0.1023 0.3773
vn 1.0000 -0.0010 -0.0000
vn 0.9468 -0.2048 0.2483
vn 0.9182 -0.3826 0.1026
vn 0.7607 -0.6491 -0.0010
vn 0.9187 0.3582 -0.1664
vn 0.9709 0.2291 0.0694
vn 0.7636 0.6457 -0.0000
vn 0.8250 0.5289 -0.1991
vn 0.7647 0.6386 -0.0867
vn 0.8234 0.4503 0.3454
vn 0.7637 0.6456 -0.0000
vn 0.9969 0.0784 -0.0000
vn 0.9966 0.0785 0.0235
vn 0.9005 0.4184 0.1184
vn 0.9957 0.0790 0.0474
vn 0.9966 0.0787 0.0237
vn 0.8815 0.4090 0.2360
vn 0.9957 0.0792 0.0475
vn 0.9005 0.4183 0.1185
vn 0.8479 0.2436 -0.4709
vn 0.9245 0.2132 -0.3159
vn 0.9288 -0.1101 0.3539
vn 0.9245 -0.2131 0.3159
vn 0.9630 -0.2482 0.1053
vn 1.0000 -0.0029 0.0030
vn 0.9288 0.1101 -0.3539
vn 0.8479 0.2434 -0.4710
vn 1.0000 -0.0012 0.0042
vn 0.7078 -0.2962 -0.6414
vn 0.8290 -0.5328 0.1698
vn 0.7072 -0.7071 -0.0000
vn 0.7092 -0.7050 -0.0030
vn 0.7080 -0.7062 -0.0042
vn 0.5051 -0.7970 0.3312
vn 0.3865 -0.9223 -0.0000
vn 0.9914 -0.0094 -0.1302
vn 0.3864 -0.9223 -0.0000
vn -0.8677 0.4970 -0.0079
vn -0.9194 -0.0236 -0.3926
vn -0.9145 -0.0473 -0.4018
vn -0.7891 0.4264 -0.4421
vn -0.9510 -0.2246 -0.2124
vn -1.0000 0.0019 -0.0002
vn -0.6518 -0.7584 0.0002
vn -0.7821 -0.5813 -0.2246
vn -1.0000 0.0092 0.0003
vn -0.3471 -0.9378 -0.0000
vn -0.6538 -0.7566 -0.0092
vn -0.3470 -0.9379 -0.0000
vn -0.0000 0.9017 -0.4323
vn -0.0000 0.9020 -0.4317
vn -0.0000 0.4411 -0.8975
vn -0.0001 0.4410 -0.8975
vn -0.0000 0.9715 -0.2368
vn -0.0000 0.9715 -0.2369
vn -0.9005 0.4183 0.1184
vn -0.9053 0.4248 -0.0000
vn -0.9969 0.0785 -0.0000
vn -0.9966 0.0785 0.0236
vn -0.9957 0.0790 0.0474
vn -0.9966 0.0787 0.0238
vn -0.8815 0.4090 0.2360
vn -0.9005 0.4183 0.1185
vn -0.2518 0.9677 -0.0157
vn 0.2518 0.9677 -0.0157
vn -0.2519 0.9676 -0.0156
vn 0.2517 0.9677 -0.0157
vn 0.4877 0.8730 -0.0079
vn -0.4877 0.8730 -0.0079
vn -0.4876 0.8730 -0.0079
vn -0.2518 0.9676 -0.0157
vn 0.3070 -0.9517 -0.0001
vn 0.8082 -0.5653 -0.1648
vn 0.8120 -0.5837 -0.0002
vn 0.2990 -0.9037 -0.3065
vn 0.7501 -0.5767 -0.3237
vn -0.2989 -0.9038 -0.3064
vn -0.8120 -0.5836 0.0078
vn -0.8082 -0.5653 -0.1648
vn -0.2359 -0.7784 -0.5818
vn -0.8082 -0.5653 -0.1649
vn -0.7469 -0.5900 -0.3066
vn -0.0000 0.6589 0.7523
vn -0.0000 0.9125 0.4091
vn -0.0000 0.6592 0.7519
vn -0.0000 0.9124 0.4092
vn 0.5453 0.6084 0.5767
vn -0.5426 0.6056 -0.5820
vn 0.5427 0.6056 -0.5821
vn 0.8136 0.4661 -0.3475
vn 0.4661 0.8136 -0.3475
vn 0.9379 -0.0000 -0.3468
vn 0.9196 -0.0000 0.3929
vn -0.4661 0.8136 -0.3475
vn -0.0000 0.9196 0.3929
vn 0.8136 -0.4661 -0.3475
vn 0.9495 -0.3138 -0.0000
vn 1.0000 -0.0000 0.0008
vn 0.4503 -0.8929 -0.0001
vn 1.0000 -0.0000 -0.0003
vn 0.7509 0.6604 -0.0000
vn 0.7506 0.6608 -0.0000
vn 0.4093 0.9124 -0.0000
vn -0.0000 0.8764 0.4816
vn -0.0000 0.8764 0.4815
vn -0.0000 0.8765 0.4815
vn -0.0000 0.9696 0.2446
vn -0.0000 0.9696 -0.2447
vn -0.0000 0.9696 -0.2446
vn -0.0000 0.8764 -0.4816
vn -0.0000 0.8764 -0.4815
vn -0.8136 0.4661 -0.3475
vn 0.4661 -0.8136 -0.3475
vn 0.5214 -0.3236 0.7896
vn 0.4022 -0.2681 0.8754
vn 0.9287 -0.1102 0.3541
vn -0.9379 -0.0000 -0.3468
vn -0.9196 -0.0000 0.3929
vn -0.0000 -0.9196 0.3929
vn -0.0000 -0.9379 -0.3468
vn 0.8082 0.5889 -0.0000
vn 0.8897 0.4566 -0.0000
vn -0.8645 -0.5026 -0.0000
vn -1.0000 -0.0003 -0.0000
vn -0.8645 -0.5027 -0.0000
vn 0.8645 0.5026 -0.0000
vn 0.8645 0.5027 -0.0000
vn 0.8136 0.4661 -0.3476
vn 0.8645 -0.5027 -0.0000
vn 0.8645 -0.5026 -0.0000
vn 0.8136 -0.4661 -0.3476
vn -0.4661 -0.8136 -0.3475
vn -0.8136 -0.4661 -0.3475
vn -0.4093 0.9124 -0.0000
vn -0.7511 0.6602 -0.0000
vn -0.9208 0.3898 -0.0133
vn -0.9490 -0.2734 0.1572
vn -0.9355 0.3533 -0.0000
vn -0.9495 -0.3138 -0.0000
vn -0.4504 -0.8928 0.0001
vn -0.0000 0.9737 -0.2280
vn -0.0000 0.9737 -0.2277
vn -0.0000 0.8939 -0.4482
vn -0.0000 0.8941 -0.4478
vn -0.0000 0.9862 -0.1657
vn -0.0000 0.9862 -0.1658
vn -0.8897 0.4566 -0.0000
vn -0.8082 0.5888 -0.0000
vn -0.8645 0.5027 -0.0000
vn -0.8645 0.5026 -0.0000
vn -0.8136 0.4661 -0.3476
vn -0.9380 -0.0000 -0.3467
vn 0.8086 -0.5884 -0.0000
vn 0.8086 -0.5884 0.0001
vn 0.8086 0.5884 -0.0000
vn 0.8085 0.5885 -0.0001
vn -0.5029 0.8643 -0.0000
vn -0.5028 0.8644 -0.0000
vn -0.8642 0.5031 -0.0000
vn -0.8642 0.5032 -0.0000
vn -0.4661 0.8136 -0.3476
vn 0.5029 0.8643 -0.0000
vn 0.5028 0.8644 -0.0000
vn 0.8642 0.5032 -0.0000
vn 0.8642 0.5031 -0.0000
vn -0.3382 0.8811 0.3305
vn -0.0000 0.8897 0.4566
vn -0.4566 0.8897 -0.0000
vn -0.3861 0.9225 -0.0000
vn 0.3384 0.8811 0.3303
vn 0.4566 0.8897 -0.0000
vn 0.3861 0.9225 -0.0000
vn 0.9519 0.3065 -0.0000
vn 1.0000 -0.0003 -0.0000
vn 0.8644 -0.5029 -0.0000
vn 0.8643 -0.5029 -0.0000
vn 0.5028 -0.8644 -0.0000
vn 0.5029 -0.8643 -0.0000
vn -0.5029 -0.8644 -0.0000
vn -0.5029 -0.8643 -0.0000
vn -0.8642 -0.5032 -0.0000
vn -0.8642 -0.5031 0.0001
vn 0.8642 -0.5031 -0.0000
vn 0.5030 -0.8643 -0.0000
vn 0.8642 -0.5032 -0.0000
vn 0.4661 -0.8136 -0.3476
vn -0.0000 -0.9379 -0.3469
vn -0.5030 -0.8643 -0.0000
vn -0.5028 -0.8644 -0.0000
vn -0.8642 -0.5031 -0.0000
vn -0.0000 0.8976 -0.4409
vn -0.4480 0.7781 -0.4402
vn -0.5026 0.8645 -0.0000
vn 0.4480 0.7782 -0.4401
vn 0.4088 0.9126 -0.0000
vn -0.4088 0.9126 -0.0000
vn -0.3865 -0.9223 0.0079
vn -0.3797 -0.9250 0.0158
vn 0.5214 -0.3239 0.7895
vn 0.9243 -0.2134 0.3163
vn 0.7066 -0.3925 0.5888
vn 0.7066 -0.3926 0.5887
vn 0.3873 -0.5132 0.7659
vn -0.7639 -0.6454 -0.0000
vn -0.7639 0.6454 0.0001
vn -1.0000 0.0003 -0.0000
vn -0.8086 -0.5884 -0.0000
vn -0.8086 0.5884 -0.0000
vn -0.8643 0.5029 -0.0000
vn -0.5029 0.8644 -0.0000
vn 0.8643 0.5029 -0.0000
vn 1.0000 0.0003 -0.0000
vn 0.8644 0.5028 -0.0000
vn 0.7782 0.4480 -0.4402
vn 0.5031 0.8642 -0.0000
vn 0.8976 -0.0000 -0.4409
vn 0.8679 -0.4968 -0.0000
vn 0.7782 -0.4480 -0.4401
vn 0.9677 -0.2518 0.0079
vn 0.7069 -0.7071 0.0156
vn 0.9222 -0.3866 0.0079
vn 0.3945 -0.9066 0.1497
vn 0.7070 -0.7071 0.0157
vn 0.7070 -0.7070 0.0157
vn 0.9678 -0.2518 0.0079
vn 0.3944 -0.9066 0.1497
vn 0.3864 -0.9222 0.0157
vn -0.9519 0.3065 -0.0000
vn 0.3865 -0.9221 0.0158
vn 0.8642 -0.5032 0.0079
vn -0.0000 0.9999 -0.0157
vn -0.0000 0.9999 -0.0156
vn -0.0000 0.9999 -0.0158
vn 0.9365 -0.3302 0.1179
vn 0.9365 -0.3303 0.1179
vn 0.9373 -0.3306 0.1102
vn 0.9404 -0.3401 -0.0000
vn 0.5032 -0.8642 -0.0000
vn 0.9406 -0.3395 -0.0000
vn 0.9406 0.3395 -0.0000
vn 0.9404 0.3401 -0.0000
vn 0.2987 -0.9038 -0.3065
vn -0.3068 -0.9518 -0.0003
vn -0.2986 -0.9038 -0.3065
vn -0.8120 -0.5836 0.0077
vn 0.3067 -0.9518 -0.0003
vn 0.8082 -0.5653 -0.1649
vn -0.7781 0.4480 -0.4402
vn -0.8976 -0.0000 -0.4409
vn -0.5031 0.8642 -0.0000
vn -0.4480 0.7782 -0.4402
vn -0.7781 -0.4480 -0.4402
vn -0.8679 -0.4968 -0.0001
vn -0.9601 -0.2756 -0.0475
vn -0.9141 -0.3924 -0.1017
vn -0.7472 -0.5896 -0.3067
vn 0.4022 -0.2682 0.8754
vn 0.5050 -0.7970 0.3313
vn 0.8877 -0.4085 0.2124
vn -0.9236 0.2287 -0.3077
vn -0.9236 0.2288 -0.3077
vn 0.7782 -0.4480 -0.4402
vn 0.8645 -0.5027 0.0001
vn 0.5019 -0.8113 0.2999
vn 0.5031 -0.8642 -0.0000
vn 0.7660 -0.6428 -0.0017
vn 1.0000 0.0017 -0.0000
vn 0.9060 0.2999 0.2989
vn 0.9060 -0.2999 0.2989
vn 1.0000 -0.0016 -0.0000
vn 0.7660 0.6428 -0.0016
vn 0.5019 0.8113 0.2999
vn 0.5032 0.8642 -0.0002
vn 0.9046 -0.3930 -0.1654
vn 0.9597 -0.2753 -0.0554
vn 0.7504 -0.5763 -0.3237
vn -0.2535 -0.9618 0.1035
vn -0.3793 -0.9251 0.0160
vn -0.0000 -0.9999 0.0150
vn -0.0209 -0.8640 0.5031
vn -0.0035 -0.6986 0.7155
vn 0.9236 0.2288 -0.3077
vn 0.9236 0.2287 -0.3076
vn -0.3069 -0.9518 -0.0000
vn -0.8082 -0.5888 -0.0000
vn -0.3068 -0.9518 -0.0000
vn 0.3069 -0.9517 -0.0000
vn 0.3069 -0.9518 -0.0000
vn 0.8082 -0.5888 -0.0000
vn -0.4480 0.7782 -0.4401
vn -0.4971 0.8677 -0.0000
vn -0.7782 0.4480 -0.4402
vn 0.0001 0.8976 -0.4409
vn 0.4970 0.8677 -0.0000
vn 0.8642 0.5032 0.0001
vn -0.9365 -0.3303 0.1179
vn -0.9373 -0.3306 0.1102
vn 0.4480 -0.7782 -0.4402
vn 0.4973 -0.8676 0.0001
vn -0.7637 0.6455 -0.0000
vn -0.1739 0.9848 -0.0000
vn -0.9569 -0.0424 0.2874
vn -0.9397 -0.3420 -0.0031
vn -0.4973 -0.8676 -0.0000
vn -0.2079 -0.9349 0.2875
vn -0.1739 -0.9848 -0.0002
vn -0.8645 0.5027 0.0001
vn -0.7782 -0.4480 -0.4401
vn 0.4481 -0.7781 -0.4402
vn 0.8676 -0.4972 -0.0002
vn 0.0001 -0.8976 -0.4409
vn -0.4480 -0.7781 -0.4402
vn -0.8676 -0.4973 -0.0000
vn -0.7782 -0.4480 -0.4402
vn 0.2594 0.9655 -0.0235
vn 0.7922 0.4234 -0.4395
vn -0.9519 0.3064 -0.0000
vn 0.4968 -0.8678 -0.0000
vn -0.0000 -0.8976 -0.4409
vn -0.4480 -0.7782 -0.4401
vn -0.4970 -0.8677 -0.0000
vn -0.9888 -0.1491 -0.0000
vn -0.9888 -0.1490 -0.0000
vn -0.9290 -0.3700 -0.0003
vn -0.9290 -0.3700 -0.0000
vn -0.9715 -0.2371 -0.0000
vn -0.9715 -0.2372 -0.0000
vn -0.2594 0.9655 -0.0235
vn -0.2593 0.9655 -0.0235
vn -0.7893 0.4260 -0.4422
vn 0.3231 0.9464 -0.0000
vn 0.6063 0.7952 -0.0000
vn -0.3231 0.9464 -0.0000
vn -0.6063 0.7952 -0.0000
vn 0.2588 0.9656 -0.0235
vn -0.2588 0.9656 -0.0235
vn -0.2587 0.9657 -0.0235
vn -0.5239 -0.8518 -0.0000
vn -0.7191 -0.6949 -0.0011
vn -0.7191 -0.6949 -0.0000
vn -1.0000 -0.0000 0.0011
vn -1.0000 0.0011 0.0011
vn -0.7193 -0.6947 -0.0007
vn -1.0000 0.0007 0.0007
vn -0.9234 -0.3089 0.2278
vn -0.9286 -0.3512 0.1196
vn -1.0000 0.0040 -0.0040
vn -0.7169 -0.6972 0.0046
vn -0.5331 -0.8460 -0.0000
vn -0.5034 -0.8024 0.3206
vn -0.9266 -0.3762 -0.0000
vn -0.5035 -0.8023 0.3207
vn -0.9284 -0.3517 0.1198
vn -0.2909 -0.3952 0.8713
vn 0.9888 -0.1491 -0.0000
vn 0.9290 -0.3700 -0.0002
vn 0.9290 -0.3700 -0.0000
vn 0.9715 -0.2372 -0.0000
vn 0.9714 -0.2374 -0.0000
vn 0.8677 0.4970 -0.0078
vn 0.7923 0.4233 -0.4394
vn -0.7894 0.4260 -0.4421
vn 0.7188 -0.6952 -0.0000
vn 0.5240 -0.8517 -0.0000
vn 0.5239 -0.8518 -0.0000
vn 0.7198 -0.6942 0.0014
vn 1.0000 -0.0000 -0.0014
vn 1.0000 -0.0000 0.0015
vn 0.7198 -0.6942 0.0015
vn 1.0000 -0.0000 -0.0015
vn 0.5331 -0.8460 -0.0000
vn 0.7170 -0.6971 0.0045
vn 1.0000 0.0039 -0.0038
vn 0.4979 -0.8053 0.3219
vn 0.9286 -0.3518 0.1185
vn 0.4980 -0.8052 0.3220
vn 0.9266 -0.3760 0.0001
vn 0.9283 -0.3522 0.1187
vn 0.3107 -0.4927 0.8129
vn 0.9234 -0.3089 0.2279
vn -0.9963 -0.0000 0.0854
vn -0.7064 0.7078 -0.0000
vn -0.4059 0.8910 0.2033
vn -0.5073 0.8618 -0.0001
vn -0.7119 0.6950 -0.1012
vn -0.9948 0.1015 0.0115
vn -0.9166 -0.1975 -0.3477
vn -0.9696 -0.0867 0.2286
vn -0.9166 -0.1975 0.3477
vn 0.9428 -0.1887 -0.2748
vn 0.9795 -0.0872 0.1816
vn 0.9428 -0.1887 0.2748
vn 0.9795 -0.0872 -0.1816
vn 0.9428 -0.1888 -0.2748
vn 0.9802 -0.0791 0.1818
vn 0.9428 -0.1888 0.2748
vn 0.9802 -0.0791 -0.1818
vn 0.9166 -0.1975 -0.3477
vn 0.9696 -0.0867 0.2286
vn 0.9166 -0.1975 0.3476
vn 0.9697 -0.0867 -0.2286
vn 1.0000 0.0076 0.0010
vn 0.9964 -0.0001 0.0853
vn 0.7634 0.6459 -0.0001
vn 0.7062 0.7079 -0.0076
vn 0.4058 0.8911 0.2032
vn 0.7062 0.7080 -0.0001
vn -0.9285 -0.3516 0.1199
vn -0.9232 -0.3093 0.2281
vn 0.9284 -0.3522 0.1188
vn 0.9232 -0.3093 0.2282
vn 0.3107 -0.4927 0.8128
vn 0.2360 -0.7786 -0.5815
vn -0.2360 -0.7786 -0.5815
vn 0.2985 -0.9038 -0.3067
vn 0.7500 -0.5767 -0.3238
vn -0.7746 0.6324 -0.0000
vn -0.6153 0.7883 -0.0000
vn -0.7749 0.6320 -0.0000
vn -0.6154 0.7883 -0.0017
vn 0.5967 -0.5182 -0.6127
vn 0.2992 -0.9135 0.2756
vn 0.2992 -0.9135 -0.2756
vn 0.8440 -0.4814 0.2365
vn 0.9384 -0.2444 -0.2444
vn 0.6153 0.7883 -0.0000
vn 0.6152 0.7884 -0.0000
vn 0.7749 0.6321 -0.0000
vn -0.9782 0.0316 0.2051
vn -0.9782 0.0316 -0.2051
vn -0.8896 -0.4566 -0.0000
vn -0.8896 -0.4567 -0.0000
vn -0.0000 -0.2921 0.9564
vn -0.0000 -0.2993 0.9542
vn -0.0000 -0.9997 0.0238
vn 0.3377 -0.7680 0.5442
vn 0.4976 -0.8053 0.3224
vn 0.3107 -0.4929 0.8127
vn 0.3010 -0.7834 0.5438
vn -0.5030 -0.8024 0.3210
vn -0.3174 -0.7763 0.5446
vn -0.1767 -0.4298 0.8855
vn -0.5030 -0.8024 0.3211
vn -0.1253 -0.8089 0.5744
vn -0.0000 -0.9634 0.2681
vn -0.9537 0.3007 -0.0003
vn 0.5212 -0.3238 0.7896
vn 0.3867 -0.5134 0.7661
vn -0.0000 -0.5601 0.8284
vn -0.0000 -0.2927 0.9562
vn -0.5030 -0.8025 0.3210
vn -0.1240 -0.9261 0.3563
vn 0.4975 -0.8053 0.3223
vn 0.1172 -0.8143 0.5685
vn 0.1174 -0.9265 0.3574
vn 0.4976 -0.8053 0.3223
vn 0.9761 0.2174 0.0001
vn -0.7240 -0.1970 0.6610
vn -0.7253 -0.5280 0.4417
vn -0.7240 -0.1971 0.6610
vn 0.7253 -0.5280 0.4417
vn 0.7240 -0.1971 0.6610
vn 0.7240 -0.1970 0.6610
vn 0.4724 0.3070 -0.8262
vn 0.9375 0.0316 -0.3465
vn 0.3857 0.5199 -0.7622
vn 0.7076 0.4010 -0.5818
vn 0.9375 0.0315 -0.3466
vn 0.9287 0.1102 -0.3541
vn 0.1171 -0.9266 0.3575
vn 0.1167 -0.8144 0.5685
vn -0.0000 -0.8246 0.5657
vn -0.0000 -0.8247 0.5656
vn -0.1237 -0.9261 0.3564
vn -0.1248 -0.8090 0.5744
vn 1.0000 0.0003 -0.0003
vn 1.0000 0.0002 -0.0006
vn -0.0000 -0.9989 0.0467
vn -0.0000 -0.9955 0.0948
vn -0.0000 -0.9955 0.0945
vn 0.8477 0.2436 -0.4712
vn 0.7064 0.3928 -0.5889
vn 0.9243 0.2135 -0.3163
vn 0.8478 0.2436 -0.4711
vn 0.3872 0.5132 -0.7659
vn 0.7060 0.3928 -0.5892
vn 0.3955 0.2691 -0.8782
vn 0.7064 0.3927 -0.5889
vn -0.9437 0.2991 -0.1416
vn -0.7599 0.6267 -0.1723
vn -0.7717 0.5434 -0.3305
vn -0.8909 0.4497 -0.0633
vn 0.9875 0.1577 -0.0000
vn 0.9875 0.1577 0.0001
vn 0.9496 0.3135 -0.0000
vn 0.8056 0.5925 -0.0000
vn 0.5926 0.8055 -0.0000
vn 0.9874 0.1580 -0.0000
vn 0.4504 0.8928 -0.0000
vn 0.9874 0.1580 0.0001
vn 0.9494 0.3141 -0.0000
vn 0.8055 0.5926 -0.0000
vn 0.9437 0.2991 -0.1415
vn 0.7717 0.5434 -0.3305
vn 0.7599 0.6267 -0.1723
vn 0.8909 0.4497 -0.0632
vn -0.0000 -0.0398 -0.9992
vn -0.0000 -0.0397 -0.9992
vn 0.8533 -0.5215 -0.0000
vn 0.9126 0.4089 -0.0000
vn 0.9355 -0.3535 -0.0000
vn 0.9495 0.3138 -0.0000
vn 0.8057 0.5923 -0.0000
vn 0.8058 0.5922 -0.0000
vn -0.7071 0.7071 -0.0000
vn -0.9875 0.1577 -0.0000
vn -0.9496 0.3136 -0.0000
vn -0.8056 0.5924 -0.0000
vn -0.9874 0.1580 -0.0000
vn -0.5926 0.8055 -0.0000
vn -0.4503 0.8929 -0.0000
vn -0.8056 0.5925 -0.0000
vn -0.9494 0.3142 -0.0000
vn 0.7071 0.7071 -0.0000
vn -0.9496 0.3135 -0.0000
vn -0.9355 -0.3535 -0.0000
vn -0.8896 0.4568 -0.0000
vn -0.4504 0.8928 -0.0000
vn 0.9126 -0.4088 -0.0000
vn 0.9875 -0.1576 -0.0000
vn -0.9379 0.3465 -0.0158
vn -0.9354 0.3533 -0.0157
vn -0.7324 -0.4491 0.5118
vn -0.7075 -0.6289 0.3222
vn -0.7075 -0.6289 0.3223
vn -0.7324 -0.4491 0.5117
vn 0.7324 -0.4491 0.5117
vn 0.7075 -0.6289 0.3223
vn 0.7324 -0.4491 0.5118
vn 0.1181 -0.4251 -0.8974
vn 0.3383 -0.6456 -0.6846
vn -0.1103 -0.4255 -0.8982
vn -0.3156 -0.6552 -0.6864
vn 0.9379 0.3465 -0.0158
vn 0.9353 0.3535 -0.0157
vn 0.3861 -0.9225 -0.0000
vn 0.4873 -0.7669 0.4176
vn 0.4176 -0.8356 0.3569
vn -0.0000 -0.2999 0.9540
vn -0.0000 -0.5656 0.8247
vn 0.3860 -0.9225 -0.0000
vn -0.9658 0.2592 -0.0079
vn -0.8622 0.5063 -0.0158
vn -0.9658 0.2591 -0.0071
vn -0.9377 0.3470 -0.0158
vn -0.9633 0.2684 -0.0079
vn -0.9352 0.3539 -0.0157
vn -0.9633 0.2685 -0.0079
vn -0.8587 0.5119 -0.0234
vn -0.9166 -0.1973 0.3479
vn -0.7091 0.2440 0.6616
vn 0.8622 0.5063 -0.0159
vn 0.9377 0.3470 -0.0158
vn 0.9658 0.2591 -0.0079
vn 0.9633 0.2685 -0.0079
vn 0.9351 0.3540 -0.0157
vn 0.9632 0.2685 -0.0080
vn 0.8587 0.5119 -0.0234
vn 0.7091 0.2440 0.6616
vn 0.9166 -0.1973 0.3478
vn 0.2749 -0.9527 -0.1299
vn -0.2690 -0.9547 0.1272
vn -0.2639 -0.9565 -0.1245
vn -0.5970 -0.5182 -0.6124
vn 0.0633 -0.8839 -0.4635
vn -0.0606 -0.8781 -0.4746
vn 0.5970 -0.5182 -0.6124
vn 0.2722 -0.9536 0.1285
vn 0.0626 -0.8825 0.4661
vn -0.0000 -0.7072 0.7070
vn -0.0620 -0.8809 0.4692
vn -0.1735 -0.9848 -0.0000
vn -0.7635 -0.6458 0.0002
vn -0.1571 -0.8720 0.4635
vn 0.5453 -0.5927 -0.5927
vn -0.5509 -0.5901 0.5902
vn -0.5453 -0.5927 -0.5927
vn -1.0000 0.0024 0.0022
vn 0.9634 -0.2682 -0.0000
vn 0.9634 -0.2681 -0.0000
vn -0.0000 -0.9697 0.2444
vn -0.0000 -0.9697 -0.2444
vn -0.0000 -0.8764 0.4816
vn -0.0000 -0.9697 -0.2445
vn -0.0000 -0.8764 -0.4816
vn -0.7072 0.7071 -0.0000
vn -0.0000 0.9992 -0.0391
vn -0.0000 0.9992 -0.0392
vn -0.0000 0.9992 -0.0395
vn 0.8478 0.2432 -0.4712
vn 0.4724 0.3067 -0.8263
vn 0.3955 0.2690 -0.8782
vn 0.7072 0.7071 -0.0000
vn -0.0000 -0.8896 0.4567
vn -0.1733 -0.9849 -0.0000
vn 0.5026 -0.8645 -0.0002
vn -0.0000 -0.9197 0.3926
vn -0.0001 -0.9197 0.3926
vn 0.9371 -0.3311 0.1104
vn 0.4172 -0.8581 0.2992
vn 0.4164 -0.8641 0.2828
vn 0.9363 -0.3308 0.1181
vn 0.4183 -0.8518 0.3154
vn -0.4172 -0.8581 0.2992
vn -0.9371 -0.3310 0.1104
vn -0.4163 -0.8641 0.2828
vn -0.9363 -0.3308 0.1181
vn -0.4183 -0.8518 0.3154
vn -0.9363 -0.3307 0.1181
vn -0.9185 -0.2986 0.2593
vn -0.6219 -0.4961 0.6059
vn -0.7254 -0.6545 0.2131
vn -0.6534 -0.3227 0.6848
vn -0.8060 0.5919 -0.0000
vn -0.8895 0.4568 -0.0000
vn -0.9494 0.3141 -0.0000
vn 0.9185 -0.2986 0.2593
vn 0.7254 -0.6545 0.2131
vn 0.6218 -0.4961 0.6059
vn 0.6578 -0.3211 0.6813
vn -0.0000 -0.6789 0.7342
vn -0.1921 -0.6643 0.7224
vn -0.0000 -0.7956 0.6058
vn 0.1756 -0.9845 -0.0000
vn -0.0000 -0.9814 0.1921
vn -0.0000 -0.8496 0.5275
vn -0.0000 -0.6790 0.7342
vn -1.0000 -0.0035 0.0007
vn -0.6706 -0.7418 -0.0001
vn -0.6725 -0.7401 -0.0023
vn -0.6696 -0.7427 -0.0041
vn -0.9463 -0.3233 -0.0000
vn -0.9124 -0.4093 -0.0000
vn -0.9464 -0.3231 -0.0000
vn -0.9126 -0.4088 -0.0000
vn -0.9380 -0.3466 -0.0000
vn -0.9658 -0.2591 -0.0003
vn -0.8589 -0.5122 -0.0000
vn -0.6704 -0.7174 0.1892
vn -0.6705 -0.7174 0.1892
vn -0.8588 -0.5123 -0.0000
vn -0.6705 -0.7174 0.1891
vn -0.8589 -0.5121 -0.0000
vn -0.7566 -0.6539 -0.0004
vn -0.6322 -0.7748 -0.0008
vn -0.6702 -0.7177 0.1890
vn -0.7562 -0.6543 -0.0007
vn -0.4175 -0.8976 0.1415
vn -0.6324 -0.7746 -0.0000
vn -0.3376 -0.9413 -0.0005
vn 0.9124 -0.4093 -0.0000
vn 0.9633 -0.2684 -0.0000
vn 0.6701 -0.7423 -0.0007
vn 0.6707 -0.7417 -0.0000
vn 0.9875 -0.1577 -0.0000
vn 0.9264 -0.3765 -0.0000
vn 0.9848 -0.1735 -0.0000
vn 0.8440 -0.5363 -0.0004
vn 0.8589 -0.5121 -0.0000
vn 0.8589 -0.5122 -0.0000
vn 0.7954 -0.6061 -0.0005
vn 0.5438 -0.8118 0.2128
vn 0.5439 -0.8118 0.2125
vn 0.6323 -0.7747 -0.0001
vn 0.7951 -0.6065 -0.0003
vn 0.6324 -0.7747 -0.0000
vn 0.5439 -0.8118 0.2126
vn 0.6324 -0.7746 -0.0001
vn 0.2370 -0.9401 0.2449
vn 0.4412 -0.8974 -0.0014
vn 0.9659 0.2241 0.1300
vn 1.0000 0.0002 0.0032
vn 0.6681 -0.7441 -0.0005
vn 0.8397 -0.5430 -0.0022
vn 0.6704 -0.7420 -0.0007
vn 0.6708 -0.7416 0.0001
vn 0.6704 -0.7420 -0.0004
vn 0.6696 -0.7427 -0.0036
vn 0.6702 -0.7422 0.0028
vn 1.0000 -0.0035 0.0002
vn 1.0000 -0.0030 0.0007
vn -0.3398 0.8535 -0.3951
vn 0.1805 0.4557 -0.8716
vn -0.1805 0.4557 -0.8716
vn 0.3398 0.8535 -0.3951
vn 0.6706 -0.7418 -0.0002
vn 0.6709 -0.7416 0.0003
vn -0.7728 0.5206 -0.3630
vn -0.1808 0.4556 -0.8716
vn -0.3320 0.2214 -0.9169
vn 0.3320 0.2213 -0.9169
vn 0.1808 0.4556 -0.8716
vn 0.7728 0.5206 -0.3630
vn -0.0000 -0.2687 0.9632
vn -0.0000 -0.2685 0.9633
vn -0.0000 -0.2686 0.9632
vn -0.0029 -0.3080 0.9514
vn -0.0000 -0.2722 0.9622
vn -0.0016 -0.8365 0.5480
vn -0.0000 -0.8345 0.5509
vn 0.0389 -0.8340 0.5504
vn -0.0000 -0.8345 0.5511
vn -0.0000 -0.9591 0.2830
vn 0.4660 -0.8848 -0.0000
vn 0.2373 -0.9714 -0.0000
vn 0.2372 -0.9715 -0.0000
vn 0.4659 -0.8849 -0.0000
vn -0.0000 0.5654 -0.8248
vn 0.4722 0.3069 -0.8263
vn 0.3851 0.5218 -0.7612
vn -0.0000 0.2999 -0.9540
vn -0.2372 -0.9715 -0.0000
vn -0.4661 -0.8847 -0.0000
vn -0.9106 0.3219 -0.2591
vn -0.7074 0.1423 -0.6924
vn -0.9222 0.0789 -0.3787
vn -0.9686 0.0472 -0.2441
vn -0.7788 0.5746 -0.2516
vn 0.7077 0.1417 -0.6921
vn 0.9106 0.3219 -0.2591
vn 0.9222 0.0789 -0.3787
vn 0.7789 0.5745 -0.2516
vn 0.9686 0.0472 -0.2441
vn -0.7071 -0.0000 0.7071
vn -0.7240 -0.1964 0.6612
vn -0.7241 -0.1965 0.6611
vn 0.7071 -0.0000 0.7071
vn 0.7240 -0.1964 0.6612
vn 0.7241 -0.1965 0.6611
vn -0.0000 0.5600 -0.8285
vn 0.3868 0.5134 -0.7661
vn 0.3955 0.2689 -0.8782
vn -0.0000 0.2927 -0.9562
vn -0.9192 0.1730 -0.3538
vn -0.3320 0.2213 -0.9169
vn -0.4078 0.0785 -0.9097
vn -0.7729 0.5204 -0.3631
vn 0.7729 0.5204 -0.3631
vn 0.9192 0.1729 -0.3538
vn 0.4078 0.0784 -0.9097
vn 0.9192 0.1729 -0.3539
vn -0.0000 1.0000 0.0002
vn 0.4413 -0.8974 -0.0028
vn 0.6325 -0.7746 -0.0000
vn 0.2366 -0.9716 -0.0000
vn -0.2366 -0.9716 -0.0000
vn 0.2367 -0.9716 -0.0000
vn -0.5981 -0.5669 0.5664
vn -0.6136 -0.5661 0.5504
vn -0.9383 -0.2523 0.2365
vn -0.9625 -0.0395 0.2685
vn 0.5982 -0.5669 0.5664
vn 0.9383 -0.2523 0.2366
vn 0.6137 -0.5660 0.5505
vn 0.9625 -0.0395 0.2685
vn -0.4181 -0.8519 0.3155
vn 0.4181 -0.8519 0.3155
vn -0.4172 -0.8582 0.2992
vn 0.4172 -0.8582 0.2992
vn -0.7253 -0.6546 0.2131
vn -0.5601 -0.5802 0.5913
vn -0.7497 -0.6216 0.2270
vn -0.9173 -0.1490 0.3693
vn -0.7354 -0.1754 0.6546
vn -0.6578 0.3211 0.6813
vn 0.9174 -0.1497 0.3687
vn 0.8919 0.3946 0.2210
vn 0.6534 0.3227 0.6848
vn 0.7399 -0.1712 0.6506
vn 0.7503 -0.6211 0.2264
vn 0.5623 -0.5840 0.5854
vn 0.7253 -0.6546 0.2131
vn 0.1182 -0.4253 -0.8973
vn -0.2358 -0.7782 -0.5820
vn -0.1104 -0.4257 -0.8981
vn -0.7471 -0.5898 -0.3065
vn 0.2358 -0.7782 -0.5820
vn 0.7503 -0.5765 -0.3236
vn 0.0002 -0.0000 -1.0000
vn -0.4078 0.0784 -0.9097
vn -0.5968 -0.5183 -0.6125
vn -0.9384 -0.2445 -0.2444
vn -0.9192 0.1728 -0.3538
vn 0.5968 -0.5183 -0.6125
vn 0.9192 0.1727 -0.3538
vn 0.1547 -0.9880 -0.0000
vn -0.1546 -0.9880 -0.0000
vn -0.1547 -0.9880 -0.0000
vn -0.5235 -0.8520 -0.0000
vn -0.5234 -0.8521 -0.0000
vn 0.5234 -0.8521 -0.0000
vn -0.5326 -0.8463 -0.0000
vn 0.1545 -0.9880 -0.0000
vn -0.5031 -0.8026 0.3206
vn 0.1548 -0.9879 -0.0000
vn 0.5326 -0.8463 -0.0000
vn 0.1174 -0.9267 0.3570
vn -0.1237 -0.9263 0.3559
vn 0.1171 -0.9267 0.3570
vn -0.1550 -0.9879 -0.0000
vn -0.1239 -0.9263 0.3559
vn 0.5327 -0.8463 -0.0000
vn 0.4976 -0.8055 0.3219
vn -0.0000 -0.2688 0.9632
vn -0.0000 -0.2686 0.9633
vn -0.0000 -0.2684 0.9633
vn -0.0000 0.2898 -0.9571
vn -0.0000 0.2993 -0.9542
vn 0.4722 0.3070 -0.8263
vn -0.0000 0.2922 -0.9564
vn 0.2045 -0.6683 0.7152
vn 0.4545 -0.7488 0.4824
vn 0.0873 -0.8417 0.5328
vn 0.7251 -0.2539 0.6402
vn 0.3314 -0.1973 0.9226
vn 0.4289 -0.5525 0.7147
vn -0.0000 0.4410 -0.8975
vn -0.9427 -0.2437 0.2281
vn -0.5984 -0.5666 0.5664
vn -0.6907 -0.0471 0.7216
vn -0.9656 -0.0157 0.2594
vn -0.9658 -0.0000 0.2594
vn -0.6915 -0.0000 0.7224
vn -0.9536 -0.2127 0.2131
vn 0.4887 0.8440 -0.2208
vn 0.0003 0.9754 -0.2203
vn 0.8437 0.4892 -0.2209
vn 0.4893 0.8437 -0.2208
vn 0.8440 0.4887 -0.2209
vn 0.9690 0.0304 -0.2451
vn 0.9754 0.0003 -0.2203
vn 0.8543 0.4582 -0.2455
vn 0.5984 -0.5666 0.5664
vn 0.9427 -0.2437 0.2281
vn 0.6906 -0.0471 0.7217
vn 0.9656 -0.0157 0.2594
vn 0.9658 -0.0001 0.2594
vn 0.6915 -0.0000 0.7224
vn 0.9536 -0.2127 0.2131
vn -0.0003 0.9754 -0.2203
vn -0.4887 0.8440 -0.2209
vn 0.9754 -0.0003 -0.2203
vn 0.9690 -0.0304 -0.2451
vn 0.8440 -0.4887 -0.2208
vn 0.8543 -0.4581 -0.2455
vn 0.8233 -0.5123 -0.2446
vn 0.4892 -0.8437 -0.2208
vn 0.8437 -0.4892 -0.2208
vn 0.5133 -0.8228 -0.2439
vn -0.6221 -0.4959 0.6059
vn -0.9186 -0.2983 0.2593
vn -0.7412 -0.1814 0.6463
vn -0.9625 -0.0393 0.2685
vn -0.6134 -0.5663 0.5505
vn -0.7480 -0.1180 0.6531
vn -0.7412 -0.1811 0.6464
vn -0.4892 0.8437 -0.2209
vn -0.8233 0.5123 -0.2446
vn -0.5134 0.8228 -0.2440
vn -0.8437 0.4892 -0.2208
vn 0.4887 -0.8440 -0.2208
vn 0.0304 -0.9690 -0.2450
vn 0.0003 -0.9754 -0.2203
vn 0.4581 -0.8543 -0.2455
vn 0.9186 -0.2983 0.2593
vn 0.6220 -0.4959 0.6059
vn 0.7412 -0.1814 0.6463
vn 0.9625 -0.0393 0.2685
vn 0.6134 -0.5662 0.5505
vn 0.7480 -0.1180 0.6531
vn 0.7412 -0.1811 0.6464
vn -0.9754 0.0003 -0.2203
vn -0.9690 0.0304 -0.2451
vn -0.8440 0.4887 -0.2208
vn -0.8543 0.4581 -0.2455
vn -0.0304 -0.9690 -0.2450
vn -0.4887 -0.8440 -0.2208
vn -0.0003 -0.9754 -0.2203
vn -0.4581 -0.8543 -0.2455
vn -0.4892 -0.8437 -0.2208
vn -0.8233 -0.5123 -0.2446
vn -0.8437 -0.4892 -0.2208
vn -0.5134 -0.8228 -0.2440
vn -0.8440 -0.4887 -0.2208
vn -0.9754 -0.0003 -0.2203
vn -0.0000 0.0395 0.9992
vn -0.0000 0.0393 0.9992
vn -0.0000 0.3071 -0.9517
vn -0.0000 0.5886 -0.8084
vn -0.0000 0.5889 -0.8082
vn -0.0000 -0.2827 0.9592
vn -0.0000 -0.3865 0.9223
vn -0.0000 -0.7148 0.6993
vn -0.0000 -0.7301 0.6834
vn -0.0000 -0.7303 0.6832
vn -0.0000 -0.7266 0.6870
vn -0.0000 -0.7267 0.6870
vn 0.5440 -0.8117 0.2126
vn -0.6704 -0.7175 0.1891
vn -0.1874 -0.9704 0.1526
vn 0.0965 -0.9195 0.3811
vn -0.4214 -0.8305 0.3642
vn 0.4410 -0.8975 -0.0014
vn 0.2599 -0.9428 0.2088
vn -0.3370 -0.9415 -0.0009
vn -0.0000 0.3065 -0.9519
vn -0.7169 0.5909 0.3700
vn -0.7067 0.6673 0.2351
vn -0.7065 0.6673 0.2356
vn -0.7168 0.5910 0.3700
vn -0.7079 -0.1734 0.6847
vn -0.7080 -0.1732 0.6846
vn -0.7083 -0.1730 0.6844
vn -0.7080 -0.1733 0.6846
vn 0.7080 -0.1733 0.6847
vn 0.7080 -0.1733 0.6846
vn 0.7079 -0.1734 0.6847
vn 0.7082 -0.1730 0.6845
vn 0.7168 0.5910 0.3700
vn 0.7066 0.6673 0.2354
vn 0.7066 0.6673 0.2353
vn -0.0000 0.2758 -0.9612
vn -0.0000 0.1340 -0.9910
vn -0.0000 0.7228 -0.6910
vn -0.0000 0.9612 -0.2757
vn -0.0000 0.9613 -0.2757
vn -0.0000 0.9771 0.2128
vn -0.0000 0.9770 0.2135
vn -0.0000 0.7529 0.6581
vn -0.7324 -0.4487 0.5121
vn -0.7180 -0.0476 0.6944
vn -0.9382 0.2368 -0.2525
vn -0.7717 0.5431 -0.3309
vn -0.7610 0.4390 -0.4777
vn -0.9437 0.2989 -0.1418
vn 0.7180 -0.0476 0.6944
vn 0.7324 -0.4487 0.5122
vn 0.7717 0.5431 -0.3309
vn 0.9382 0.2368 -0.2525
vn 0.7610 0.4390 -0.4777
vn 0.9437 0.2990 -0.1418
vn -0.0000 0.1334 -0.9911
vn -0.0001 -0.6910 0.7229
vn -0.0000 -0.2516 0.9678
vn -0.0000 -0.6910 0.7229
vn -0.7238 0.3306 0.6057
vn -0.7168 0.5907 0.3705
vn 0.7168 0.5907 0.3705
vn 0.7237 0.3306 0.6057
vn 0.7238 0.3306 0.6057
vn -0.2832 -0.2121 0.9353
vn -0.7409 -0.1811 0.6467
vn -0.3300 -0.0628 0.9419
vn -0.3314 -0.1971 0.9227
vn -0.3315 -0.1972 0.9226
vn -0.7410 -0.1811 0.6466
vn -0.7476 -0.1180 0.6536
vn -0.2282 -0.6924 0.6845
vn -0.4178 -0.4397 0.7950
vn -0.7477 -0.1183 0.6535
vn -0.6620 -0.3403 0.6678
vn -0.2045 -0.6683 0.7152
vn -0.1202 -0.8531 0.5077
vn -0.4177 -0.8067 0.4181
vn -0.7237 0.3302 0.6060
vn -0.7180 -0.0470 0.6944
vn -0.7238 0.3302 0.6059
vn 0.7180 -0.0470 0.6944
vn 0.7238 0.3302 0.6059
vn 0.7180 -0.0470 0.6945
vn 0.4076 0.0784 -0.9098
vn -0.5969 -0.5184 -0.6123
vn -0.4076 0.0784 -0.9098
vn 0.5969 -0.5184 -0.6123
vn 0.3318 0.2212 -0.9171
vn -0.3318 0.2212 -0.9171
vn -0.1806 0.4555 -0.8717
vn 0.1806 0.4555 -0.8717
vn -0.0000 -0.2444 0.9697
vn -0.0000 0.8500 0.5268
vn -0.0000 0.9440 0.3301
vn -0.6904 -0.0473 0.7219
vn -0.2385 -0.3650 0.8999
vn -0.7027 -0.2290 0.6736
vn -0.1253 -0.9633 0.2374
vn -0.1912 -0.9629 0.1903
vn 0.2385 -0.3650 0.8999
vn 0.6903 -0.0473 0.7220
vn 0.7027 -0.2290 0.6736
vn 0.6134 -0.5663 0.5505
vn 0.1253 -0.9633 0.2373
vn 0.1912 -0.9629 0.1903
vn -0.7409 -0.1814 0.6466
vn -0.2833 -0.2121 0.9353
vn -0.6218 -0.4957 0.6063
vn -0.2441 -0.1414 0.9594
vn 0.6218 -0.4957 0.6063
vn 0.2441 -0.1415 0.9594
vn 0.2284 -0.1652 0.9595
vn 0.7409 -0.1814 0.6466
vn 0.3315 -0.1970 0.9227
vn 0.6134 -0.5660 0.5507
vn 0.7476 -0.1183 0.6535
vn 0.3300 -0.0628 0.9419
vn 0.7410 -0.1811 0.6466
vn 0.2281 -0.1652 0.9595
vn 0.3299 -0.0628 0.9419
vn 0.7477 -0.1179 0.6535
vn 0.5926 0.8055 0.0001
vn -0.5426 0.6057 -0.5820
vn -0.3157 -0.0475 -0.9477
vn 0.9257 0.3007 -0.2294
vn 0.3157 -0.0475 -0.9477
vn 0.5427 0.6056 -0.5819
vn -0.7410 0.5598 -0.3708
vn -0.1260 0.3466 -0.9295
vn -0.4182 0.3158 -0.8517
vn 0.3144 0.8642 -0.3928
vn 0.7410 0.5598 -0.3708
vn 0.1260 0.3466 -0.9295
vn 0.4182 0.3157 -0.8517
vn -0.6532 -0.3226 0.6850
vn -0.2440 0.1414 0.9594
vn -0.6217 -0.4960 0.6062
vn 0.6576 -0.3210 0.6815
vn 0.2440 0.1413 0.9594
vn 0.2441 -0.1416 0.9594
vn 0.6216 -0.4960 0.6063
vn -0.9153 0.1895 -0.3553
vn -0.4183 0.3155 -0.8517
vn -0.3156 0.0631 -0.9468
vn -0.7411 0.5597 -0.3708
vn 0.7411 0.5597 -0.3708
vn 0.9153 0.1895 -0.3553
vn 0.4183 0.3155 -0.8517
vn 0.3156 0.0631 -0.9468
vn -0.3558 -0.3634 -0.8610
vn -0.8487 -0.3929 -0.3540
vn -0.4892 -0.2209 -0.8437
vn 0.8487 -0.3930 -0.3539
vn 0.3558 -0.3634 -0.8610
vn 0.4892 -0.2209 -0.8437
vn 0.8487 -0.3929 -0.3540
vn -0.9212 -0.1419 -0.3624
vn 0.9212 -0.1418 -0.3624
vn 0.8487 -0.3930 -0.3540
vn -0.5452 -0.5929 -0.5926
vn -0.9383 -0.2445 -0.2445
vn -0.9154 0.1892 -0.3553
vn 0.9383 -0.2445 -0.2445
vn 0.5452 -0.5929 -0.5926
vn 0.9154 0.1893 -0.3554
vn -0.9212 -0.1416 -0.3624
vn -0.3159 -0.0474 -0.9476
vn 0.3159 -0.0474 -0.9476
vn 0.9212 -0.1416 -0.3624
vn -0.0000 -0.0709 0.9975
vn -0.0000 -0.3304 0.9438
vn -0.0000 -0.0708 0.9975
vn -0.0000 -0.3304 0.9439
vn -0.0000 0.4783 0.8782
vn -0.0000 0.8497 0.5273
vn -0.3294 -0.0627 0.9421
vn 0.3309 -0.1971 0.9228
vn 0.3294 -0.0628 0.9421
vn -0.3309 -0.1972 0.9228
vn 0.1375 -0.5437 0.8280
vn -0.1373 -0.5348 0.8338
vn -0.1418 -0.8390 0.5253
vn 0.1696 -0.9579 0.2318
vn 0.1523 -0.8374 0.5249
vn -0.1731 -0.9582 0.2280
vn -0.1828 -0.1639 0.9694
vn 0.2364 -0.0552 0.9701
vn 0.1792 -0.1676 0.9694
vn -0.2364 -0.0552 0.9701
vn 0.2367 -0.0079 0.9715
vn 0.2372 -0.0081 0.9714
vn 0.2447 -0.2444 0.9383
vn -0.2366 -0.0079 0.9716
vn -0.2371 -0.0081 0.9715
vn -0.2447 -0.2444 0.9383
vn 0.2441 -0.2444 0.9384
vn -0.2441 -0.2444 0.9384
vn 0.2372 -0.0078 0.9714
vn 0.6910 -0.0000 0.7228
vn 0.2368 -0.0550 0.9700
vn 0.6902 -0.0473 0.7220
vn 0.2044 -0.6682 0.7154
vn 0.2368 -0.0554 0.9700
vn 0.6911 0.0001 0.7228
vn 0.6902 -0.0470 0.7220
vn -0.2372 -0.0078 0.9714
vn -0.6910 -0.0000 0.7228
vn -0.2368 -0.0550 0.9700
vn -0.6911 0.0001 0.7228
vn -0.6903 -0.0470 0.7220
vn -0.2044 -0.6681 0.7154
vn -0.2368 -0.0554 0.9700
vn -0.7377 0.0076 0.6751
vn -0.7377 0.0077 0.6751
vn -0.7378 0.0078 0.6750
vn -0.7380 0.0084 0.6748
vn 0.0786 -0.3691 -0.9261
vn 0.6432 -0.6668 -0.3765
vn 0.1887 -0.9034 -0.3851
vn 0.3555 -0.3637 -0.8610
vn -0.1885 -0.9034 -0.3851
vn 0.0784 -0.3691 -0.9261
vn 0.1885 -0.9034 -0.3851
vn -0.0785 -0.3691 -0.9261
vn -0.1886 -0.9034 -0.3851
vn -0.0786 -0.3691 -0.9260
vn -0.3555 -0.3637 -0.8610
vn 0.7380 0.0084 0.6748
vn 0.7378 0.0080 0.6749
vn -0.1810 0.6836 0.7071
vn -0.3536 0.6293 0.6921
vn -0.1811 0.6835 0.7071
vn -0.3538 0.6292 0.6921
vn 0.3539 0.6291 0.6921
vn 0.1810 0.6836 0.7071
vn 0.1810 0.6835 0.7071
vn 0.3538 0.6292 0.6921
vn -0.3161 -0.0475 -0.9475
vn -0.0000 0.0712 0.9975
vn -0.0000 0.3620 0.9322
vn -0.0000 0.7526 0.6585
vn -0.2828 -0.2121 0.9355
vn 0.2436 -0.1415 0.9595
vn -0.2436 -0.1414 0.9595
vn -0.2436 0.1414 0.9595
vn 0.2436 0.1414 0.9595
vn 0.2279 -0.1650 0.9596
vn 0.4892 -0.2208 -0.8437
vn 0.3161 -0.0475 -0.9475
vn -0.1805 0.6837 0.7071
vn 0.1804 0.6836 0.7072
vn -0.1804 0.6837 0.7071
vn 0.1804 0.6837 0.7071
vn -0.0000 -0.9195 0.3932
vn -0.0000 -0.6954 0.7186
vn 0.7781 0.4480 -0.4402
vn -0.7781 0.4480 -0.4403
vn 0.7781 -0.4480 -0.4402
vn -0.7781 -0.4481 -0.4402
vn 0.4662 0.8135 -0.3477
vn 0.6544 0.3787 -0.6545
vn 0.3787 0.6544 -0.6545
vn 0.8135 0.4662 -0.3477
vn 0.8135 0.4662 -0.3478
vn 0.6544 0.3788 -0.6545
vn 0.0002 0.9379 -0.3470
vn 0.3782 0.6546 -0.6545
vn 0.0003 0.7564 -0.6541
vn 0.3783 0.6547 -0.6545
vn 0.0001 0.9378 -0.3470
vn 0.4660 0.8136 -0.3477
vn 0.4659 0.8136 -0.3477
vn 0.0001 0.9379 -0.3470
vn 0.3783 0.6546 -0.6545
vn -0.4660 0.8136 -0.3477
vn -0.0002 0.9379 -0.3470
vn -0.3783 0.6546 -0.6545
vn -0.0003 0.7564 -0.6541
vn -0.3782 0.6546 -0.6545
vn -0.0001 0.9378 -0.3471
vn -0.4659 0.8136 -0.3478
vn -0.4660 0.8136 -0.3478
vn 0.3787 -0.6544 -0.6545
vn 0.8135 -0.4662 -0.3477
vn 0.4662 -0.8135 -0.3477
vn 0.6544 -0.3787 -0.6545
vn 0.6544 -0.3788 -0.6545
vn 0.8134 -0.4662 -0.3478
vn 0.8135 -0.4662 -0.3478
vn 0.4662 -0.8135 -0.3478
vn -0.8135 0.4662 -0.3477
vn -0.4662 0.8135 -0.3477
vn -0.6543 0.3788 -0.6545
vn -0.3787 0.6544 -0.6545
vn -0.8135 0.4662 -0.3478
vn -0.4662 0.8135 -0.3478
vn 0.3783 -0.6546 -0.6545
vn 0.0001 -0.9379 -0.3470
vn 0.0003 -0.7564 -0.6541
vn 0.4659 -0.8136 -0.3478
vn 0.0001 -0.9378 -0.3471
vn 0.3783 -0.6547 -0.6545
vn 0.4660 -0.8136 -0.3477
vn -0.0002 -0.9379 -0.3470
vn -0.3783 -0.6547 -0.6544
vn -0.0003 -0.7564 -0.6541
vn -0.4660 -0.8136 -0.3477
vn -0.0001 -0.9378 -0.3471
vn -0.0001 -0.9379 -0.3470
vn -0.7565 0.0003 -0.6540
vn -0.8136 0.4659 -0.3478
vn -0.9379 0.0002 -0.3470
vn -0.6546 0.3783 -0.6545
vn -0.6543 -0.3788 -0.6545
vn -0.3788 -0.6544 -0.6544
vn -0.8135 -0.4662 -0.3477
vn -0.4662 -0.8135 -0.3477
vn -0.8136 -0.4659 -0.3477
vn -0.7565 -0.0003 -0.6540
vn -0.9379 -0.0002 -0.3470
vn -0.6546 -0.3784 -0.6545
vn -0.6543 -0.3789 -0.6545
vn 0.4479 -0.7782 -0.4402
vn -0.4480 -0.7782 -0.4402
vn 0.8136 0.4660 -0.3477
vn 0.9378 -0.0000 -0.3471
vn 0.6547 0.3782 -0.6545
vn 0.7565 -0.0000 -0.6540
vn 0.6546 -0.3783 -0.6545
vn 0.8136 -0.4660 -0.3477
vn 0.8136 -0.4659 -0.3478
vn 0.8136 0.4659 -0.3478
vn 0.6546 0.3783 -0.6545
vn -0.9378 -0.0000 -0.3471
vn -0.7565 -0.0000 -0.6540
vn -0.8136 0.4660 -0.3477
vn -0.8136 -0.4660 -0.3477
vn -0.0000 0.0472 -0.9989
vn -0.0000 0.0240 -0.9997
vn -0.0000 0.0235 -0.9997
vn -0.0000 0.0708 -0.9975
vn -0.0000 0.0863 -0.9963
vn -0.0000 0.2369 -0.9715
vn -0.0000 0.2370 -0.9715
vn -0.0000 0.3466 -0.9380
vn -0.0000 0.3468 -0.9379
vn -0.0000 0.0862 -0.9963
vn 0.0785 -0.3686 -0.9263
vn 0.4890 -0.2208 -0.8439
vn 0.3555 -0.3634 -0.8611
vn 0.3157 -0.0474 -0.9477
vn -0.3157 -0.0474 -0.9477
vn 0.5427 0.6056 -0.5820
vn -0.0785 -0.3687 -0.9262
vn -0.4890 -0.2208 -0.8439
vn -0.3555 -0.3634 -0.8611
vn 0.1259 0.3464 -0.9296
vn 0.4180 0.3155 -0.8519
vn 0.3153 0.0630 -0.9469
vn 0.3154 0.0631 -0.9469
vn -0.3154 0.0630 -0.9469
vn 0.1259 0.3463 -0.9296
vn -0.1259 0.3463 -0.9296
vn -0.3153 0.0630 -0.9469
vn -0.4181 0.3155 -0.8519
vn -0.1259 0.3464 -0.9296
vn -0.0000 0.0155 0.9999
vn -0.0000 0.0157 0.9999
vn -0.0000 0.0312 0.9995
vn -0.0000 0.0315 0.9995
vn -0.0000 -0.3861 0.9225
vn -0.0000 0.0158 0.9999
vn -0.0000 -0.0558 0.9984
vn -0.0000 -0.0548 0.9985
vn -0.0000 -0.0550 0.9985
vn -0.0000 0.0162 0.9999
vn -0.0000 -0.0562 0.9984
vn -0.0000 0.0863 0.9963
vn -0.0000 -0.0551 0.9985
vn -0.0000 -0.0559 0.9984
vn -0.0000 0.0164 0.9999
vn -0.0000 0.0861 0.9963
vn -0.0000 0.0707 0.9975
vn -0.0000 0.0706 0.9975
vn -0.0000 0.0471 0.9989
vn -0.0000 0.0551 0.9985
vn -0.0000 0.0550 0.9985
vn -0.0000 0.0704 0.9975
vn -0.0000 0.0703 0.9975
vn -0.0000 0.0860 0.9963
vn -0.0000 0.1492 0.9888
vn -0.0000 0.1804 0.9836
vn -0.0000 0.1799 0.9837
vn -0.0000 0.0629 0.9980
vn 0.0007 1.0000 -0.0000
vn 0.0005 1.0000 -0.0000
vn -0.0007 1.0000 -0.0000
vn -0.0054 1.0000 -0.0004
vn 0.0054 1.0000 -0.0004
vn -0.4876 -0.8728 0.0194
vn -0.0140 -0.9997 0.0198
vn 0.8684 0.4958 -0.0085
vn 0.9999 0.0064 -0.0080
vn -0.9999 0.0064 -0.0080
vn -0.8684 0.4958 -0.0085
vn -0.8728 0.4876 0.0194
vn -0.9997 0.0140 0.0198
vn 0.8620 -0.5068 -0.0084
vn 0.5068 -0.8620 -0.0084
vn -0.0064 -0.9999 -0.0079
vn -0.4958 -0.8684 -0.0086
vn -0.8589 -0.5118 0.0194
vn -0.5118 -0.8589 0.0194
vn -0.5068 -0.8620 -0.0085
vn -0.8620 -0.5068 -0.0084
vn -0.9997 -0.0140 0.0198
vn -0.8728 -0.4876 0.0194
vn -0.8620 0.5068 -0.0084
vn -0.5068 0.8620 -0.0085
vn 0.4958 -0.8684 -0.0085
vn 0.0064 -0.9999 -0.0079
vn 0.9999 -0.0064 -0.0080
vn 0.8684 -0.4958 -0.0085
vn 0.9997 0.0139 0.0195
vn 0.8729 0.4875 0.0192
vn 0.8590 0.5116 0.0193
vn 0.5116 0.8590 0.0193
vt 0.816207 0.696001
vt 0.801733 0.690100
vt 0.824634 0.690100
vt 0.824634 0.672459
vt 0.810160 0.696001
vt 0.809251 0.697748
vt 0.817116 0.697748
vt 0.801733 0.672459
vt 0.824634 0.634788
vt 0.801733 0.634788
vt 0.824634 0.586689
vt 0.801733 0.586689
vt 0.817589 0.579050
vt 0.808778 0.579050
vt 0.818915 0.577618
vt 0.807452 0.577618
vt 0.968467 0.018279
vt 0.971478 0.015624
vt 0.971478 0.018279
vt 0.968467 0.015624
vt 0.968863 0.018583
vt 0.971083 0.018583
vt 0.968319 0.017985
vt 0.968795 0.017985
vt 0.968795 0.018242
vt 0.968904 0.018942
vt 0.980828 0.145074
vt 0.981241 0.143231
vt 0.981241 0.145074
vt 0.980828 0.143231
vt 0.981241 0.142902
vt 0.981667 0.142199
vt 0.982863 0.142199
vt 0.983289 0.142902
vt 0.983702 0.143231
vt 0.983289 0.143231
vt 0.983289 0.145074
vt 0.983702 0.145074
vt 0.798289 0.585524
vt 0.828078 0.585524
vt 0.828078 0.672459
vt 0.828078 0.691409
vt 0.798289 0.672459
vt 0.798289 0.634788
vt 0.798289 0.691409
vt 0.828078 0.634788
vt 0.000000 0.000000
vt 0.464579 0.987246
vt 0.471571 0.987246
vt 0.963971 0.302188
vt 0.965033 0.302188
vt 0.457586 0.987246
vt 0.484484 0.987188
vt 0.491477 0.987188
vt 0.986714 0.153742
vt 0.985880 0.153742
vt 0.965421 0.302188
vt 0.985574 0.153742
vt 0.987853 0.153742
vt 0.451436 0.987188
vt 0.456555 0.987188
vt 0.990133 0.153742
vt 0.989827 0.153742
vt 0.962019 0.306923
vt 0.962521 0.306789
vt 0.962521 0.307793
vt 0.963022 0.306923
vt 0.961651 0.307291
vt 0.963390 0.307291
vt 0.961517 0.307793
vt 0.963524 0.307793
vt 0.961651 0.308294
vt 0.963390 0.308294
vt 0.962019 0.308662
vt 0.963022 0.308662
vt 0.962521 0.308796
vt 0.961142 0.305737
vt 0.962329 0.305419
vt 0.962329 0.307793
vt 0.963515 0.305737
vt 0.960274 0.306606
vt 0.964384 0.306606
vt 0.959956 0.307793
vt 0.964702 0.307793
vt 0.960274 0.308979
vt 0.964384 0.308979
vt 0.961142 0.309848
vt 0.963515 0.309848
vt 0.962329 0.310166
vt 0.960912 0.305006
vt 0.962521 0.304218
vt 0.962521 0.304575
vt 0.964130 0.305006
vt 0.960733 0.304697
vt 0.964308 0.304697
vt 0.959425 0.306005
vt 0.965616 0.306005
vt 0.959734 0.306184
vt 0.965307 0.306184
vt 0.958946 0.307793
vt 0.966095 0.307793
vt 0.959303 0.307793
vt 0.965739 0.307793
vt 0.959734 0.309402
vt 0.965307 0.309402
vt 0.959425 0.309580
vt 0.965616 0.309580
vt 0.960912 0.310579
vt 0.964130 0.310579
vt 0.960733 0.310888
vt 0.964308 0.310888
vt 0.962521 0.311367
vt 0.962521 0.311010
vt 0.831987 0.053012
vt 0.836981 0.049899
vt 0.836981 0.053753
vt 0.847399 0.049899
vt 0.852394 0.053012
vt 0.847399 0.053753
vt 0.831987 0.048886
vt 0.852394 0.048886
vt 0.401709 0.057325
vt 0.404177 0.014932
vt 0.404177 0.058351
vt 0.401709 0.015597
vt 0.401222 0.014932
vt 0.404177 0.012544
vt 0.399471 0.012544
vt 0.398185 0.004371
vt 0.396502 0.008493
vt 0.374137 0.008493
vt 0.372453 0.004371
vt 0.371167 0.012544
vt 0.366461 0.012544
vt 0.369416 0.014932
vt 0.366461 0.014932
vt 0.368929 0.015597
vt 0.368929 0.057325
vt 0.366461 0.058351
vt 0.372453 0.067372
vt 0.396502 0.063250
vt 0.398185 0.067372
vt 0.398870 0.060556
vt 0.404177 0.060556
vt 0.374137 0.063250
vt 0.371768 0.060556
vt 0.366461 0.060556
vt 0.276359 0.180689
vt 0.277312 0.186980
vt 0.273338 0.186980
vt 0.280173 0.183472
vt 0.284600 0.181388
vt 0.289513 0.181388
vt 0.297935 0.180689
vt 0.293940 0.183472
vt 0.296801 0.186980
vt 0.277587 0.176536
vt 0.300956 0.186980
vt 0.296707 0.176536
vt 0.296707 0.140613
vt 0.277587 0.140613
vt 0.274372 0.118870
vt 0.287921 0.130238
vt 0.270234 0.130238
vt 0.274372 0.141607
vt 0.284849 0.112821
vt 0.296764 0.114921
vt 0.284849 0.147656
vt 0.304540 0.124189
vt 0.296764 0.145555
vt 0.304540 0.136287
vt 0.968795 0.017130
vt 0.971151 0.014907
vt 0.971151 0.017130
vt 0.968795 0.014907
vt 0.963782 0.305514
vt 0.962127 0.307793
vt 0.962127 0.304976
vt 0.960471 0.305514
vt 0.964805 0.306922
vt 0.959448 0.306922
vt 0.964805 0.308663
vt 0.959448 0.308663
vt 0.963782 0.310071
vt 0.960471 0.310071
vt 0.962127 0.310609
vt 0.295765 0.094424
vt 0.282462 0.117395
vt 0.282462 0.094424
vt 0.295765 0.117395
vt 0.695556 0.177129
vt 0.684744 0.166317
vt 0.695556 0.166317
vt 0.684744 0.177129
vt 0.683589 0.173787
vt 0.683589 0.169659
vt 0.666126 0.169659
vt 0.666126 0.173787
vt 0.714435 0.094151
vt 0.715708 0.088184
vt 0.719792 0.086888
vt 0.831449 0.211316
vt 0.819070 0.198937
vt 0.831449 0.198937
vt 0.819070 0.211316
vt 0.936559 0.087592
vt 0.937832 0.093560
vt 0.932475 0.086296
vt 0.369064 0.981783
vt 0.367449 0.987810
vt 0.363559 0.985564
vt 0.364572 0.981783
vt 0.367449 0.975757
vt 0.363559 0.978003
vt 0.344957 0.981783
vt 0.350462 0.985564
vt 0.346572 0.987810
vt 0.349449 0.981783
vt 0.346572 0.975757
vt 0.350462 0.978003
vt 0.428233 0.048999
vt 0.465139 0.013721
vt 0.465139 0.048999
vt 0.428233 0.013721
vt 0.428233 0.055520
vt 0.465139 0.055520
vt 0.461509 0.057569
vt 0.431863 0.057569
vt 0.360791 0.988332
vt 0.357010 0.993837
vt 0.357010 0.989345
vt 0.363037 0.992222
vt 0.353229 0.988332
vt 0.350984 0.992222
vt 0.363037 0.971345
vt 0.360791 0.975235
vt 0.357010 0.969730
vt 0.357010 0.974222
vt 0.965689 0.022424
vt 0.974752 0.022291
vt 0.974752 0.022424
vt 0.965689 0.022291
vt 0.350984 0.971345
vt 0.353229 0.975235
vt 0.806887 0.413805
vt 0.827437 0.413805
vt 0.812029 0.418025
vt 0.822295 0.418025
vt 0.804628 0.408687
vt 0.829697 0.408687
vt 0.829697 0.395655
vt 0.804628 0.395655
vt 0.802034 0.375762
vt 0.829745 0.369441
vt 0.832291 0.375762
vt 0.830578 0.394367
vt 0.803747 0.394367
vt 0.804580 0.369441
vt 0.805429 0.367652
vt 0.828896 0.367652
vt 0.825507 0.366219
vt 0.808818 0.366219
vt 0.708544 0.095773
vt 0.943723 0.095182
vt 0.895426 0.372227
vt 0.890136 0.394511
vt 0.890136 0.374672
vt 0.895426 0.396957
vt 0.958197 0.311683
vt 0.953873 0.303364
vt 0.958197 0.303364
vt 0.953873 0.311683
vt 0.952174 0.310933
vt 0.952174 0.304114
vt 0.950774 0.305820
vt 0.950774 0.309227
vt 0.965046 0.312744
vt 0.966896 0.303084
vt 0.966896 0.311962
vt 0.965046 0.302302
vt 0.958624 0.302910
vt 0.958624 0.312137
vt 0.967489 0.303384
vt 0.967489 0.311663
vt 0.967965 0.310467
vt 0.967965 0.304579
vt 0.848583 0.142094
vt 0.851854 0.136240
vt 0.851854 0.139781
vt 0.848583 0.133927
vt 0.835797 0.142094
vt 0.835797 0.133927
vt 0.832527 0.139781
vt 0.832527 0.136240
vt 0.847399 0.130979
vt 0.861691 0.943456
vt 0.847204 0.949358
vt 0.847704 0.945922
vt 0.863540 0.946477
vt 0.836981 0.130979
vt 0.847399 0.126527
vt 0.836981 0.126527
vt 0.847399 0.119657
vt 0.836981 0.119657
vt 0.847399 0.116424
vt 0.836981 0.116424
vt 0.847399 0.064157
vt 0.836981 0.064157
vt 0.847399 0.058577
vt 0.836981 0.058577
vt 0.852394 0.057836
vt 0.852394 0.063516
vt 0.852394 0.116424
vt 0.831987 0.057836
vt 0.832838 0.941063
vt 0.835405 0.938821
vt 0.870820 0.932576
vt 0.874203 0.933769
vt 0.814667 0.010392
vt 0.792080 0.008189
vt 0.812324 0.008189
vt 0.797035 0.005647
vt 0.807370 0.005647
vt 0.789737 0.010392
vt 0.789737 0.012815
vt 0.814667 0.012815
vt 0.789737 0.024601
vt 0.814667 0.024601
vt 0.789737 0.026486
vt 0.814667 0.026486
vt 0.792200 0.029634
vt 0.812205 0.029634
vt 0.805761 0.034008
vt 0.798643 0.034008
vt 0.798643 0.038906
vt 0.805761 0.038906
vt 0.857987 0.136240
vt 0.854712 0.133927
vt 0.857987 0.139781
vt 0.826393 0.139781
vt 0.826393 0.136240
vt 0.829668 0.133927
vt 0.871499 0.374672
vt 0.871499 0.394511
vt 0.870696 0.396957
vt 0.870696 0.372227
vt 0.190956 0.837619
vt 0.203075 0.836465
vt 0.203385 0.837619
vt 0.191266 0.836465
vt 0.870820 0.918374
vt 0.874203 0.917181
vt 0.827164 0.925475
vt 0.830547 0.925475
vt 0.835405 0.912129
vt 0.832838 0.909887
vt 0.001872 0.044336
vt 0.189354 0.003891
vt 0.189354 0.044336
vt 0.001872 0.003891
vt 0.001872 0.081706
vt 0.189354 0.081706
vt 0.188156 0.083119
vt 0.003069 0.083119
vt 0.023711 0.107494
vt 0.167514 0.107494
vt 0.026371 0.121912
vt 0.164854 0.121912
vt 0.031553 0.149995
vt 0.159672 0.149995
vt 0.159357 0.151705
vt 0.031869 0.151705
vt 0.043356 0.170213
vt 0.147870 0.170213
vt 0.127109 0.186338
vt 0.064117 0.186338
vt 0.090473 0.192271
vt 0.100753 0.192271
vt 0.852394 0.119657
vt 0.852394 0.126527
vt 0.831987 0.126527
vt 0.831987 0.130979
vt 0.831987 0.119657
vt 0.127732 0.456865
vt 0.131978 0.366135
vt 0.131978 0.453129
vt 0.127732 0.362398
vt 0.185352 0.831610
vt 0.184611 0.832370
vt 0.209730 0.832370
vt 0.208989 0.831610
vt 0.877366 0.823962
vt 0.884069 0.828026
vt 0.876712 0.825062
vt 0.876712 0.860284
vt 0.884069 0.857320
vt 0.877366 0.861383
vt 0.852394 0.130979
vt 0.831987 0.063516
vt 0.863540 0.904473
vt 0.861691 0.907494
vt 0.958624 0.303277
vt 0.958631 0.311705
vt 0.958624 0.311710
vt 0.958631 0.303282
vt 0.958686 0.311705
vt 0.958686 0.303282
vt 0.958789 0.311705
vt 0.958789 0.303282
vt 0.958054 0.303364
vt 0.958054 0.311683
vt 0.888988 0.832806
vt 0.887820 0.852386
vt 0.887820 0.832959
vt 0.888988 0.852540
vt 0.887060 0.828426
vt 0.886153 0.829014
vt 0.887060 0.856919
vt 0.886153 0.856332
vt 0.847704 0.905028
vt 0.847204 0.901593
vt 0.956353 0.052181
vt 0.963671 0.052492
vt 0.956642 0.052492
vt 0.963959 0.052181
vt 0.831987 0.116424
vt 0.856222 0.826060
vt 0.856222 0.859285
vt 0.182753 0.825724
vt 0.181797 0.825997
vt 0.181769 0.811887
vt 0.182753 0.810733
vt 0.212545 0.825997
vt 0.211589 0.825724
vt 0.211589 0.810733
vt 0.212573 0.811887
vt 0.884378 0.827125
vt 0.884378 0.858220
vt 0.855054 0.827056
vt 0.855054 0.858289
vt 0.899683 0.949108
vt 0.912364 0.924190
vt 0.912364 0.949108
vt 0.899683 0.924190
vt 0.912364 0.921702
vt 0.899683 0.921702
vt 0.924429 0.897058
vt 0.916334 0.916979
vt 0.916334 0.897058
vt 0.924429 0.916979
vt 0.916334 0.936618
vt 0.924429 0.936618
vt 0.916334 0.948953
vt 0.924429 0.948953
vt 0.924429 0.887944
vt 0.916334 0.890937
vt 0.916334 0.887944
vt 0.924429 0.890937
vt 0.958670 0.303282
vt 0.958670 0.311705
vt 0.769099 0.588192
vt 0.759459 0.578186
vt 0.769099 0.578186
vt 0.759459 0.588192
vt 0.770189 0.588192
vt 0.770189 0.578186
vt 0.741267 0.244600
vt 0.735025 0.239179
vt 0.743946 0.239179
vt 0.739447 0.230991
vt 0.688854 0.204752
vt 0.700192 0.203968
vt 0.700425 0.204752
vt 0.689088 0.203968
vt 0.908321 0.238587
vt 0.917242 0.238587
vt 0.911000 0.244008
vt 0.912820 0.230399
vt 0.731279 0.248855
vt 0.732097 0.244600
vt 0.920170 0.244008
vt 0.920988 0.248263
vt 0.683525 0.198787
vt 0.682984 0.199283
vt 0.706296 0.199283
vt 0.705755 0.198787
vt 0.749541 0.279829
vt 0.759767 0.280433
vt 0.750145 0.280433
vt 0.760371 0.279829
vt 0.953488 0.922428
vt 0.967856 0.927970
vt 0.967063 0.929121
vt 0.953235 0.923787
vt 0.952313 0.309375
vt 0.951146 0.306210
vt 0.952313 0.306210
vt 0.952780 0.308485
vt 0.952780 0.307101
vt 0.951146 0.309375
vt 0.950366 0.308819
vt 0.950366 0.306766
vt 0.967063 0.855947
vt 0.953488 0.862640
vt 0.953235 0.861281
vt 0.967856 0.857098
vt 0.731279 0.255368
vt 0.739604 0.248855
vt 0.739604 0.255368
vt 0.920988 0.254776
vt 0.912663 0.254776
vt 0.912663 0.248263
vt 0.792200 0.035763
vt 0.812205 0.035763
vt 0.924610 0.879148
vt 0.916515 0.886869
vt 0.916515 0.879148
vt 0.924610 0.886869
vt 0.934436 0.917950
vt 0.933605 0.919309
vt 0.932246 0.917950
vt 0.933873 0.919309
vt 0.932246 0.867118
vt 0.933605 0.865759
vt 0.934436 0.867118
vt 0.933873 0.865759
vt 0.959017 0.311875
vt 0.955147 0.303710
vt 0.959017 0.303710
vt 0.955147 0.311875
vt 0.953995 0.311687
vt 0.953995 0.303898
vt 0.953077 0.304699
vt 0.953077 0.310886
vt 0.938914 0.922428
vt 0.938351 0.923787
vt 0.938914 0.862640
vt 0.938351 0.861281
vt 0.988642 0.158208
vt 0.988537 0.158208
vt 0.988248 0.158208
vt 0.988993 0.153742
vt 0.987853 0.158208
vt 0.987459 0.158208
vt 0.987171 0.158208
vt 0.963390 0.296505
vt 0.963524 0.296505
vt 0.976880 0.938015
vt 0.975673 0.938705
vt 0.987065 0.158208
vt 0.963022 0.296505
vt 0.975673 0.846363
vt 0.976880 0.847053
vt 0.961651 0.296505
vt 0.959620 0.302188
vt 0.961517 0.296505
vt 0.960009 0.302188
vt 0.962521 0.302188
vt 0.962521 0.296505
vt 0.962019 0.296505
vt 0.961070 0.302188
vt 0.803853 0.284632
vt 0.821730 0.280507
vt 0.821730 0.284632
vt 0.803853 0.280507
vt 0.821730 0.275202
vt 0.803853 0.275202
vt 0.806900 0.272386
vt 0.818684 0.272386
vt 0.813737 0.269368
vt 0.811846 0.269368
vt 0.952592 0.310235
vt 0.950791 0.305350
vt 0.952592 0.305350
vt 0.950791 0.310235
vt 0.949587 0.306208
vt 0.949587 0.309377
vt 0.750501 0.295206
vt 0.759357 0.286476
vt 0.759357 0.295206
vt 0.750501 0.286476
vt 0.680412 0.177286
vt 0.681081 0.192503
vt 0.680412 0.192674
vt 0.681081 0.176502
vt 0.708867 0.177286
vt 0.708867 0.192674
vt 0.708199 0.192503
vt 0.708199 0.176502
vt 0.622918 0.140913
vt 0.622918 0.128684
vt 0.625670 0.140913
vt 0.625670 0.142498
vt 0.622918 0.142498
vt 0.625670 0.128684
vt 0.625670 0.127100
vt 0.622918 0.127100
vt 0.968175 0.014402
vt 0.967815 0.013563
vt 0.968175 0.013563
vt 0.967815 0.014493
vt 0.972266 0.014402
vt 0.972626 0.014493
vt 0.967815 0.015119
vt 0.972626 0.015119
vt 0.972626 0.013563
vt 0.972266 0.013563
vt 0.751458 0.267250
vt 0.758713 0.266097
vt 0.758713 0.267250
vt 0.751458 0.266097
vt 0.751458 0.279503
vt 0.758713 0.279503
vt 0.899439 0.920135
vt 0.912121 0.918445
vt 0.912121 0.920135
vt 0.899439 0.918445
vt 0.912121 0.914759
vt 0.899439 0.914759
vt 0.912121 0.879762
vt 0.899439 0.879762
vt 0.912121 0.877357
vt 0.899439 0.877357
vt 0.960346 0.312854
vt 0.960008 0.312854
vt 0.960008 0.312802
vt 0.959847 0.312641
vt 0.960346 0.302204
vt 0.960008 0.302256
vt 0.960008 0.302204
vt 0.959847 0.302417
vt 0.959443 0.302498
vt 0.959443 0.312560
vt 0.957900 0.302810
vt 0.957900 0.312248
vt 0.956690 0.302810
vt 0.956690 0.312248
vt 0.050952 0.280057
vt 0.047383 0.280057
vt 0.047337 0.279647
vt 0.051004 0.279721
vt 0.047169 0.278133
vt 0.051004 0.280004
vt 0.177789 0.856610
vt 0.163124 0.856610
vt 0.177789 0.854179
vt 0.163124 0.854179
vt 0.161315 0.856610
vt 0.146651 0.856610
vt 0.161315 0.854179
vt 0.146651 0.854179
vt 0.534768 0.280006
vt 0.534716 0.279953
vt 0.534716 0.279671
vt 0.538960 0.279609
vt 0.538916 0.280006
vt 0.539158 0.277831
vt 0.792827 0.265898
vt 0.794885 0.264089
vt 0.794885 0.265898
vt 0.792827 0.264089
vt 0.968505 0.312633
vt 0.960656 0.302371
vt 0.968505 0.302371
vt 0.960656 0.312633
vt 0.968564 0.013997
vt 0.971876 0.009012
vt 0.971876 0.013997
vt 0.968564 0.009012
vt 0.986283 0.042271
vt 0.978978 0.042587
vt 0.978677 0.042271
vt 0.985983 0.042587
vt 0.976940 0.942702
vt 0.978671 0.943664
vt 0.007592 0.728467
vt 0.139273 0.709647
vt 0.139273 0.728467
vt 0.007592 0.709647
vt 0.976940 0.842366
vt 0.978671 0.841404
vt 0.645139 0.137861
vt 0.666126 0.137861
vt 0.666126 0.141989
vt 0.645139 0.141989
vt 0.900004 0.315815
vt 0.900004 0.271429
vt 0.902509 0.273934
vt 0.902509 0.313310
vt 0.897498 0.313310
vt 0.897498 0.273934
vt 0.892959 0.270264
vt 0.892959 0.314651
vt 0.890454 0.312146
vt 0.890454 0.272769
vt 0.895464 0.272769
vt 0.895464 0.312146
vt 0.864166 0.397115
vt 0.864166 0.372385
vt 0.871047 0.394670
vt 0.871047 0.374831
vt 0.890761 0.321221
vt 0.852709 0.340407
vt 0.852709 0.321221
vt 0.890761 0.340407
vt 0.211223 0.198900
vt 0.211223 0.189820
vt 0.214247 0.192844
vt 0.214247 0.195876
vt 0.204534 0.189020
vt 0.204534 0.198100
vt 0.201510 0.195076
vt 0.201510 0.192044
vt 0.058748 0.264400
vt 0.061527 0.269199
vt 0.527305 0.263773
vt 0.524193 0.269148
vt 0.755470 0.074889
vt 0.766835 0.079133
vt 0.759145 0.080798
vt 0.896797 0.074298
vt 0.893122 0.080207
vt 0.885432 0.078542
vt 0.003213 0.891979
vt 0.142877 0.857343
vt 0.142877 0.891979
vt 0.003213 0.857343
vt 0.949376 0.309524
vt 0.949120 0.309174
vt 0.949376 0.309174
vt 0.949553 0.309174
vt 0.949120 0.309700
vt 0.948875 0.309174
vt 0.948875 0.309700
vt 0.946460 0.309174
vt 0.946460 0.309700
vt 0.949120 0.305936
vt 0.949376 0.305586
vt 0.949376 0.305936
vt 0.949553 0.305936
vt 0.949120 0.305410
vt 0.948875 0.305410
vt 0.948875 0.305936
vt 0.946460 0.305410
vt 0.946460 0.305936
vt 0.685808 0.093666
vt 0.663955 0.098257
vt 0.663955 0.093666
vt 0.685860 0.098257
vt 0.685860 0.103352
vt 0.663955 0.103352
vt 0.685808 0.107943
vt 0.663955 0.107943
vt 0.797621 0.267966
vt 0.799910 0.271033
vt 0.797140 0.271033
vt 0.799910 0.267966
vt 0.798101 0.264680
vt 0.799910 0.264680
vt 0.958917 0.048523
vt 0.958504 0.042834
vt 0.958917 0.042834
vt 0.958917 0.041599
vt 0.958504 0.007711
vt 0.958917 0.007711
vt 0.958504 0.050410
vt 0.961378 0.050410
vt 0.960965 0.048523
vt 0.961378 0.042834
vt 0.960965 0.042834
vt 0.960965 0.041599
vt 0.961378 0.007711
vt 0.960965 0.007711
vt 0.782327 0.267966
vt 0.780038 0.271033
vt 0.780038 0.267966
vt 0.782808 0.271033
vt 0.781847 0.264680
vt 0.780038 0.264680
vt 0.669708 0.097567
vt 0.682594 0.097567
vt 0.682594 0.099619
vt 0.669708 0.099619
vt 0.666126 0.145331
vt 0.645139 0.145331
vt 0.331572 0.120118
vt 0.394580 0.168763
vt 0.331572 0.168763
vt 0.394580 0.178642
vt 0.394580 0.120118
vt 0.331572 0.110239
vt 0.958917 0.090761
vt 0.958527 0.090819
vt 0.958527 0.090761
vt 0.958917 0.090819
vt 0.958527 0.099601
vt 0.958917 0.099601
vt 0.958527 0.102484
vt 0.958917 0.102484
vt 0.958527 0.103777
vt 0.958917 0.103777
vt 0.961707 0.090761
vt 0.961317 0.090819
vt 0.961317 0.090761
vt 0.961707 0.090819
vt 0.961317 0.099601
vt 0.961707 0.099601
vt 0.961317 0.102484
vt 0.961707 0.102484
vt 0.961317 0.103777
vt 0.961707 0.103777
vt 0.961547 0.102585
vt 0.958335 0.102585
vt 0.961547 0.102221
vt 0.958335 0.102221
vt 0.958335 0.102852
vt 0.961547 0.101954
vt 0.961547 0.102852
vt 0.958335 0.103005
vt 0.961547 0.103005
vt 0.958335 0.101954
vt 0.961547 0.101801
vt 0.958335 0.101801
vt 0.963959 0.106044
vt 0.956353 0.106044
vt 0.963671 0.105724
vt 0.956642 0.105724
vt 0.527509 0.309604
vt 0.749971 0.309604
vt 0.749971 0.337864
vt 0.527509 0.337864
vt 0.714015 0.029149
vt 0.713356 0.033950
vt 0.713356 0.029149
vt 0.714015 0.015224
vt 0.713356 0.015224
vt 0.714015 0.033950
vt 0.713356 0.075631
vt 0.714015 0.075631
vt 0.973101 0.114771
vt 0.972693 0.117749
vt 0.972693 0.114771
vt 0.973101 0.106135
vt 0.972693 0.106135
vt 0.973101 0.117749
vt 0.972693 0.143601
vt 0.973101 0.143601
vt 0.949671 0.309959
vt 0.949131 0.305626
vt 0.949671 0.305626
vt 0.949131 0.309959
vt 0.394580 0.110239
vt 0.140480 0.732769
vt 0.007060 0.732769
vt 0.140480 0.730099
vt 0.007060 0.730099
vt 0.007060 0.854858
vt 0.140480 0.854858
vt 0.850342 0.672660
vt 0.850342 0.516781
vt 0.879854 0.516781
vt 0.879854 0.672660
vt 0.142877 0.905595
vt 0.003213 0.905595
vt 0.142877 0.896430
vt 0.003213 0.896430
vt 0.621104 0.134483
vt 0.621104 0.145637
vt 0.602237 0.134483
vt 0.602237 0.131465
vt 0.621104 0.131465
vt 0.602237 0.145637
vt 0.621104 0.148655
vt 0.602237 0.148655
vt 0.644430 0.029149
vt 0.658174 0.022295
vt 0.651500 0.031452
vt 0.654579 0.015224
vt 0.953114 0.303888
vt 0.952239 0.304786
vt 0.952231 0.304791
vt 0.826969 0.845292
vt 0.792410 0.840997
vt 0.831930 0.840997
vt 0.972797 0.103223
vt 0.971897 0.114383
vt 0.969232 0.103223
vt 0.972797 0.114383
vt 0.957082 0.312816
vt 0.958522 0.312702
vt 0.958522 0.312816
vt 0.957082 0.312365
vt 0.957052 0.312365
vt 0.958682 0.312541
vt 0.960376 0.312365
vt 0.958966 0.312702
vt 0.955620 0.310809
vt 0.957002 0.312748
vt 0.957042 0.312354
vt 0.955648 0.310809
vt 0.955620 0.311578
vt 0.954803 0.311427
vt 0.954803 0.310809
vt 0.953211 0.311133
vt 0.953239 0.310809
vt 0.953114 0.311115
vt 0.953211 0.310792
vt 0.953114 0.310735
vt 0.952065 0.310464
vt 0.952231 0.310213
vt 0.952065 0.310009
vt 0.952224 0.310205
vt 0.951150 0.309287
vt 0.951352 0.309136
vt 0.951150 0.305717
vt 0.950814 0.307793
vt 0.951352 0.305868
vt 0.952065 0.304540
vt 0.952065 0.304995
vt 0.951359 0.305860
vt 0.953114 0.304269
vt 0.953231 0.310804
vt 0.950814 0.307210
vt 0.953211 0.304211
vt 0.953211 0.303871
vt 0.954803 0.304195
vt 0.953239 0.304195
vt 0.954803 0.303577
vt 0.955620 0.304195
vt 0.955620 0.303426
vt 0.957052 0.302639
vt 0.955657 0.304184
vt 0.955648 0.304195
vt 0.957082 0.302188
vt 0.957082 0.302639
vt 0.960376 0.302639
vt 0.960376 0.302188
vt 0.717031 0.177340
vt 0.711141 0.183195
vt 0.711141 0.177325
vt 0.717031 0.183195
vt 0.717031 0.194767
vt 0.711141 0.194767
vt 0.717031 0.200622
vt 0.711141 0.200637
vt 0.769840 0.025906
vt 0.782653 0.032295
vt 0.776062 0.034443
vt 0.773192 0.019314
vt 0.138227 0.704857
vt 0.129912 0.704857
vt 0.129912 0.701227
vt 0.138227 0.696008
vt 0.126719 0.697624
vt 0.070418 0.696008
vt 0.081927 0.697624
vt 0.138227 0.693295
vt 0.078734 0.701227
vt 0.070418 0.704857
vt 0.078734 0.704857
vt 0.070418 0.693295
vt 0.073204 0.690021
vt 0.135442 0.690021
vt 0.129545 0.687920
vt 0.079101 0.687920
vt 0.640558 0.840997
vt 0.680077 0.840997
vt 0.645518 0.845292
vt 0.906973 0.271429
vt 0.906973 0.273934
vt 0.924766 0.273934
vt 0.925260 0.271429
vt 0.331572 0.178642
vt 0.885990 0.270264
vt 0.885990 0.272769
vt 0.868197 0.272769
vt 0.867703 0.270264
vt 0.853446 0.688328
vt 0.853446 0.458529
vt 0.876749 0.458529
vt 0.876749 0.688328
vt 0.852656 0.457638
vt 0.877539 0.457638
vt 0.959913 0.096571
vt 0.960400 0.096571
vt 0.959913 0.097027
vt 0.960372 0.096204
vt 0.959940 0.096204
vt 0.960400 0.097027
vt 0.960372 0.097392
vt 0.959940 0.097392
vt 0.968742 0.031916
vt 0.971608 0.031673
vt 0.971608 0.031916
vt 0.968742 0.031673
vt 0.749634 0.076220
vt 0.600133 0.165167
vt 0.624037 0.165167
vt 0.624037 0.173052
vt 0.600133 0.163033
vt 0.624037 0.163033
vt 0.600133 0.173052
vt 0.624037 0.175186
vt 0.600133 0.175186
vt 0.731928 0.845747
vt 0.739804 0.845747
vt 0.731928 0.851247
vt 0.739364 0.841448
vt 0.732368 0.841448
vt 0.739804 0.851247
vt 0.739364 0.855530
vt 0.732368 0.855530
vt 0.744237 0.823041
vt 0.752113 0.823041
vt 0.744237 0.830416
vt 0.751673 0.817099
vt 0.744677 0.817099
vt 0.752113 0.830416
vt 0.751673 0.836341
vt 0.744677 0.836341
vt 0.177251 0.838908
vt 0.180649 0.832563
vt 0.180649 0.838908
vt 0.180649 0.851336
vt 0.177251 0.851336
vt 0.902633 0.075628
vt 0.767887 0.800151
vt 0.785821 0.807030
vt 0.767887 0.807030
vt 0.769500 0.812573
vt 0.786232 0.812573
vt 0.785821 0.800150
vt 0.769500 0.794624
vt 0.786232 0.794624
vt 0.759030 0.851246
vt 0.759030 0.845746
vt 0.757301 0.841448
vt 0.757301 0.855530
vt 0.950586 0.309235
vt 0.949820 0.305874
vt 0.950586 0.305874
vt 0.949820 0.309235
vt 0.638128 0.800211
vt 0.656063 0.800212
vt 0.638128 0.807091
vt 0.654449 0.794684
vt 0.637718 0.794684
vt 0.656063 0.807091
vt 0.654449 0.812633
vt 0.637718 0.812633
vt 0.712701 0.851246
vt 0.714431 0.855530
vt 0.712701 0.845746
vt 0.714431 0.841448
vt 0.771340 0.830415
vt 0.771340 0.823040
vt 0.769610 0.817099
vt 0.769610 0.836341
vt 0.725011 0.830415
vt 0.726740 0.836341
vt 0.725011 0.823040
vt 0.726740 0.817099
vt 0.518455 0.353447
vt 0.295994 0.345132
vt 0.295994 0.333514
vt 0.273625 0.918371
vt 0.822430 0.918371
vt 0.822430 0.923787
vt 0.273628 0.904486
vt 0.273625 0.923787
vt 0.824551 0.904486
vt 0.273654 0.893548
vt 0.832670 0.893548
vt 0.273628 0.937672
vt 0.824551 0.937672
vt 0.273654 0.948610
vt 0.832670 0.948610
vt 0.289726 0.345183
vt 0.067264 0.353498
vt 0.067264 0.340311
vt 0.289726 0.333565
vt 0.177251 0.832541
vt 0.518455 0.340260
vt 0.213206 0.816612
vt 0.213206 0.810245
vt 0.216604 0.816590
vt 0.216604 0.810245
vt 0.753534 0.800153
vt 0.753534 0.807032
vt 0.756321 0.812573
vt 0.756321 0.794624
vt 0.774417 0.851245
vt 0.774417 0.845745
vt 0.771430 0.841448
vt 0.771430 0.855530
vt 0.786726 0.830413
vt 0.786726 0.823038
vt 0.783739 0.817099
vt 0.783739 0.836341
vt 0.964083 0.102312
vt 0.964083 0.102538
vt 0.964045 0.102538
vt 0.963634 0.102949
vt 0.956638 0.102949
vt 0.956189 0.102312
vt 0.956227 0.102538
vt 0.956189 0.102538
vt 0.956638 0.103627
vt 0.963634 0.103627
vt 0.956638 0.103702
vt 0.963634 0.103702
vt 0.956638 0.106304
vt 0.963634 0.106304
vt 0.956638 0.106542
vt 0.963634 0.106542
vt 0.670415 0.800214
vt 0.667629 0.794684
vt 0.670415 0.807093
vt 0.667629 0.812633
vt 0.697315 0.851245
vt 0.700302 0.855530
vt 0.697315 0.845745
vt 0.700302 0.841448
vt 0.642836 0.128684
vt 0.642836 0.140913
vt 0.642836 0.127100
vt 0.642836 0.142498
vt 0.709625 0.830413
vt 0.712611 0.836341
vt 0.709625 0.823038
vt 0.712611 0.817099
vt 0.305607 0.985971
vt 0.299569 0.985971
vt 0.305607 0.980915
vt 0.299569 0.980915
vt 0.294258 0.985971
vt 0.294258 0.980915
vt 0.980703 0.070391
vt 0.980389 0.069903
vt 0.980703 0.069903
vt 0.980703 0.068201
vt 0.980389 0.070551
vt 0.980389 0.068201
vt 0.984258 0.070391
vt 0.980703 0.067783
vt 0.984572 0.070551
vt 0.980389 0.067287
vt 0.984572 0.069903
vt 0.980703 0.067287
vt 0.980703 0.066830
vt 0.980389 0.066830
vt 0.984258 0.069903
vt 0.984572 0.068201
vt 0.984258 0.068201
vt 0.984258 0.067783
vt 0.984572 0.067287
vt 0.984258 0.067287
vt 0.984572 0.066830
vt 0.984258 0.066830
vt 0.682780 0.306447
vt 0.682780 0.276909
vt 0.692165 0.276909
vt 0.692165 0.306447
vt 0.754434 0.239417
vt 0.752065 0.244996
vt 0.900202 0.244405
vt 0.897833 0.238826
vt 0.805440 0.240578
vt 0.812975 0.247234
vt 0.804577 0.246925
vt 0.805761 0.251180
vt 0.814537 0.251489
vt 0.750888 0.249251
vt 0.570145 0.005604
vt 0.548557 0.028392
vt 0.548557 0.005604
vt 0.570145 0.028392
vt 0.085638 0.256173
vt 0.086472 0.262444
vt 0.839292 0.246642
vt 0.846827 0.239987
vt 0.847690 0.246334
vt 0.846506 0.250589
vt 0.837730 0.250897
vt 0.901379 0.248660
vt 0.500168 0.255471
vt 0.499248 0.262393
vt 0.739207 0.800279
vt 0.751910 0.800277
vt 0.739214 0.807158
vt 0.749397 0.794748
vt 0.737647 0.794748
vt 0.751917 0.807156
vt 0.749414 0.812696
vt 0.737664 0.812696
vt 0.790757 0.850793
vt 0.777138 0.850794
vt 0.790749 0.845293
vt 0.779833 0.855080
vt 0.792429 0.855080
vt 0.777131 0.845295
vt 0.779814 0.840997
vt 0.803448 0.829956
vt 0.789830 0.829958
vt 0.803441 0.822580
vt 0.792524 0.835885
vt 0.805120 0.835885
vt 0.789822 0.822582
vt 0.792506 0.816643
vt 0.805102 0.816643
vt 0.863929 0.372594
vt 0.863929 0.396722
vt 0.848988 0.372594
vt 0.848988 0.396722
vt 0.671509 0.800203
vt 0.684205 0.807085
vt 0.671502 0.807083
vt 0.674005 0.812623
vt 0.685754 0.812623
vt 0.684212 0.800205
vt 0.674022 0.794674
vt 0.685772 0.794674
vt 0.054731 0.583215
vt 0.049911 0.583023
vt 0.054361 0.578916
vt 0.055797 0.578973
vt 0.056006 0.583266
vt 0.056176 0.578988
vt 0.752941 0.606084
vt 0.757050 0.610533
vt 0.695349 0.850794
vt 0.681738 0.845293
vt 0.695356 0.845294
vt 0.692673 0.840997
vt 0.681731 0.850793
vt 0.692654 0.855080
vt 0.680058 0.855080
vt 0.706214 0.830641
vt 0.692603 0.823264
vt 0.706221 0.823266
vt 0.703538 0.817327
vt 0.690942 0.817327
vt 0.692596 0.830639
vt 0.703520 0.836569
vt 0.690924 0.836569
vt 0.493223 0.198847
vt 0.556489 0.191635
vt 0.493223 0.204837
vt 0.752937 0.461476
vt 0.752567 0.465775
vt 0.751501 0.461533
vt 0.757387 0.465583
vt 0.751292 0.465826
vt 0.751121 0.461548
vt 0.054357 0.488645
vt 0.050248 0.493093
vt 0.773191 0.305055
vt 0.763224 0.305055
vt 0.772635 0.304500
vt 0.763780 0.304500
vt 0.092497 0.198898
vt 0.029230 0.191687
vt 0.029230 0.182815
vt 0.092497 0.204888
vt 0.211223 0.147873
vt 0.214247 0.132594
vt 0.214247 0.147873
vt 0.214247 0.173277
vt 0.211223 0.176301
vt 0.211223 0.132594
vt 0.214247 0.127978
vt 0.211223 0.124955
vt 0.964920 0.293024
vt 0.964626 0.293449
vt 0.964600 0.293473
vt 0.201510 0.147072
vt 0.204534 0.131794
vt 0.204534 0.147072
vt 0.201510 0.172477
vt 0.204534 0.175501
vt 0.201510 0.131794
vt 0.201510 0.127178
vt 0.204534 0.124154
vt 0.590736 0.168763
vt 0.590736 0.178642
vt 0.590736 0.120118
vt 0.590736 0.110239
vt 0.964127 0.155563
vt 0.964153 0.155583
vt 0.964449 0.156013
vt 0.556489 0.182764
vt 0.611751 0.079163
vt 0.483324 0.079163
vt 0.483324 0.072404
vt 0.483324 0.080367
vt 0.611751 0.080367
vt 0.611751 0.072404
vt 0.611751 0.071200
vt 0.483324 0.071200
vt 0.890156 0.809297
vt 0.893595 0.813677
vt 0.890156 0.813716
vt 0.893595 0.785184
vt 0.890156 0.789563
vt 0.890156 0.785145
vt 0.747991 0.230991
vt 0.742171 0.218354
vt 0.749975 0.218354
vt 0.746366 0.212407
vt 0.739716 0.212407
vt 0.714423 0.113688
vt 0.708601 0.115093
vt 0.706307 0.104646
vt 0.712600 0.103024
vt 0.721070 0.111946
vt 0.719830 0.101013
vt 0.754038 0.212407
vt 0.753394 0.103477
vt 0.721168 0.092140
vt 0.724286 0.085281
vt 0.754991 0.091235
vt 0.753909 0.082362
vt 0.746139 0.077469
vt 0.760614 0.089671
vt 0.758563 0.102123
vt 0.791353 0.212407
vt 0.797321 0.212407
vt 0.759079 0.218354
vt 0.803350 0.218354
vt 0.728077 0.807159
vt 0.728070 0.800280
vt 0.723449 0.812696
vt 0.723432 0.794748
vt 0.935089 0.275465
vt 0.933402 0.277481
vt 0.574801 0.195110
vt 0.578594 0.190417
vt 0.578594 0.194991
vt 0.798597 0.366135
vt 0.503210 0.375641
vt 0.133710 0.366135
vt 0.669355 0.375641
vt 0.669355 0.443623
vt 0.503210 0.443623
vt 0.798597 0.453129
vt 0.133710 0.453129
vt 0.133348 0.366135
vt 0.133348 0.453129
vt 0.859561 0.276316
vt 0.857874 0.274301
vt 0.910096 0.217763
vt 0.904276 0.230399
vt 0.902292 0.217763
vt 0.905901 0.211816
vt 0.912551 0.211816
vt 0.937844 0.113096
vt 0.943666 0.114501
vt 0.945960 0.104054
vt 0.939668 0.102432
vt 0.931197 0.111355
vt 0.932437 0.100422
vt 0.898229 0.211816
vt 0.898874 0.102886
vt 0.931099 0.091549
vt 0.927981 0.084690
vt 0.897276 0.090643
vt 0.898358 0.081770
vt 0.906128 0.076877
vt 0.891653 0.089079
vt 0.893704 0.101531
vt 0.860914 0.211816
vt 0.854947 0.211816
vt 0.893188 0.217763
vt 0.848917 0.217763
vt 0.713356 0.017279
vt 0.709269 0.022295
vt 0.706723 0.015224
vt 0.702247 0.022295
vt 0.702971 0.026088
vt 0.658744 0.027094
vt 0.710018 0.025928
vt 0.713356 0.042128
vt 0.709264 0.059056
vt 0.713356 0.057570
vt 0.664469 0.075326
vt 0.651500 0.035562
vt 0.651500 0.075694
vt 0.663170 0.075798
vt 0.644430 0.075631
vt 0.644430 0.033950
vt 0.817646 0.829954
vt 0.817639 0.822579
vt 0.822619 0.835885
vt 0.822600 0.816643
vt 0.724580 0.019314
vt 0.718396 0.021230
vt 0.718396 0.019314
vt 0.722207 0.025906
vt 0.728753 0.025906
vt 0.728078 0.029442
vt 0.721509 0.029293
vt 0.718396 0.044396
vt 0.769309 0.030380
vt 0.722211 0.060177
vt 0.718396 0.058791
vt 0.763971 0.075345
vt 0.776062 0.038274
vt 0.776062 0.075688
vt 0.782653 0.075629
vt 0.782653 0.036771
vt 0.978876 0.046247
vt 0.978775 0.046446
vt 0.978775 0.046247
vt 0.978876 0.046017
vt 0.978542 0.046017
vt 0.884390 0.819332
vt 0.887060 0.822771
vt 0.884378 0.822771
vt 0.887121 0.819332
vt 0.877373 0.819332
vt 0.877366 0.822771
vt 0.887060 0.776090
vt 0.884390 0.779528
vt 0.884378 0.776090
vt 0.242718 0.839557
vt 0.443328 0.802366
vt 0.464513 0.825404
vt 0.242718 0.797109
vt 0.440038 0.798787
vt 0.441885 0.800796
vt 0.242736 0.794187
vt 0.632960 0.839196
vt 0.629081 0.825404
vt 0.635425 0.847959
vt 0.243497 0.840302
vt 0.635499 0.848224
vt 0.256930 0.853144
vt 0.636782 0.852783
vt 0.637664 0.855923
vt 0.640346 0.857679
vt 0.265188 0.860740
vt 0.644461 0.860375
vt 0.649403 0.863613
vt 0.851453 0.874971
vt 0.281429 0.875535
vt 0.834470 0.863613
vt 0.282408 0.876435
vt 0.851420 0.860176
vt 0.851456 0.875872
vt 0.292465 0.886186
vt 0.851482 0.885624
vt 0.834470 0.860193
vt 0.834470 0.859976
vt 0.851403 0.852580
vt 0.834470 0.852597
vt 0.834470 0.852218
vt 0.851357 0.838994
vt 0.834470 0.839010
vt 0.851357 0.808376
vt 0.834470 0.808063
vt 0.834470 0.807982
vt 0.848470 0.805418
vt 0.834470 0.805159
vt 0.887121 0.779528
vt 0.877373 0.779528
vt 0.877366 0.776090
vt 0.819070 0.171215
vt 0.819070 0.183594
vt 0.803727 0.171215
vt 0.803727 0.183594
vt 0.959296 0.137227
vt 0.959296 0.134786
vt 0.960586 0.134786
vt 0.960586 0.137227
vt 0.987863 0.281244
vt 0.988195 0.282557
vt 0.987863 0.282890
vt 0.988195 0.281577
vt 0.855054 0.780696
vt 0.855054 0.774922
vt 0.856222 0.776090
vt 0.856222 0.779528
vt 0.777061 0.701792
vt 0.777061 0.723100
vt 0.757237 0.703048
vt 0.757237 0.742787
vt 0.757237 0.700340
vt 0.777061 0.700340
vt 0.774139 0.697418
vt 0.757219 0.697418
vt 0.272867 0.709306
vt 0.272734 0.709504
vt 0.270779 0.712411
vt 0.270779 0.723886
vt 0.267379 0.728844
vt 0.148598 0.742224
vt 0.148598 0.728844
vt 0.756457 0.743532
vt 0.148596 0.742969
vt 0.743025 0.756374
vt 0.148553 0.755811
vt 0.734767 0.763970
vt 0.148535 0.763407
vt 0.718526 0.778765
vt 0.148502 0.778202
vt 0.717547 0.779665
vt 0.148500 0.779102
vt 0.707490 0.789416
vt 0.148474 0.788854
vt 0.893595 0.789563
vt 0.893595 0.809297
vt 0.222894 0.798561
vt 0.222894 0.797109
vt 0.225817 0.794187
vt 0.242718 0.799817
vt 0.222894 0.819869
vt 0.631730 0.063302
vt 0.635403 0.024018
vt 0.635403 0.063335
vt 0.631730 0.002289
vt 0.635403 0.019489
vt 0.644976 0.006354
vt 0.653080 0.002289
vt 0.653080 0.006354
vt 0.694163 0.006354
vt 0.700420 0.002289
vt 0.974365 0.297104
vt 0.974692 0.297608
vt 0.974365 0.297608
vt 0.786283 0.075596
vt 0.786283 0.015296
vt 0.765183 0.015296
vt 0.765183 0.019314
vt 0.718396 0.015296
vt 0.856222 0.819332
vt 0.856222 0.822771
vt 0.029230 0.280057
vt 0.029230 0.226789
vt 0.016848 0.226789
vt 0.016848 0.280057
vt 0.016848 0.194383
vt 0.010918 0.277083
vt 0.092497 0.226789
vt 0.090867 0.256173
vt 0.092497 0.256173
vt 0.095850 0.256173
vt 0.120179 0.256173
vt 0.010918 0.195161
vt 0.010918 0.187697
vt 0.289456 0.211442
vt 0.289456 0.206515
vt 0.289456 0.226789
vt 0.234533 0.261713
vt 0.216425 0.256173
vt 0.243235 0.264375
vt 0.254174 0.274167
vt 0.250758 0.274167
vt 0.262459 0.278690
vt 0.289456 0.280057
vt 0.262459 0.280057
vt 0.180615 0.825997
vt 0.180615 0.832370
vt 0.177217 0.826005
vt 0.177217 0.832393
vt 0.177217 0.811887
vt 0.180615 0.811887
vt 0.181769 0.810733
vt 0.176063 0.810733
vt 0.826976 0.850792
vt 0.786510 0.031712
vt 0.786510 0.014938
vt 0.787235 0.030655
vt 0.787235 0.015969
vt 0.805761 0.257693
vt 0.814537 0.258002
vt 0.750888 0.255764
vt 0.049911 0.677629
vt 0.054731 0.677690
vt 0.049693 0.695118
vt 0.054513 0.695178
vt 0.055787 0.695194
vt 0.056006 0.677705
vt 0.757050 0.686244
vt 0.145416 0.283602
vt 0.206662 0.284790
vt 0.145416 0.284790
vt 0.206662 0.283602
vt 0.214948 0.289312
vt 0.137130 0.289312
vt 0.067264 0.324321
vt 0.097904 0.289312
vt 0.089619 0.284790
vt 0.067264 0.283602
vt 0.089619 0.283602
vt 0.289726 0.319477
vt 0.254174 0.289312
vt 0.262459 0.284790
vt 0.289726 0.283602
vt 0.262459 0.283602
vt 0.974351 0.156985
vt 0.974353 0.157103
vt 0.974266 0.157045
vt 0.010918 0.226789
vt 0.007126 0.263723
vt 0.007126 0.226789
vt 0.007126 0.195042
vt 0.007126 0.190468
vt 0.711195 0.170005
vt 0.711195 0.154617
vt 0.717086 0.170001
vt 0.717086 0.154617
vt 0.717086 0.176600
vt 0.711195 0.176614
vt 0.752567 0.560250
vt 0.757387 0.560190
vt 0.757605 0.577678
vt 0.752785 0.577738
vt 0.751510 0.577754
vt 0.751292 0.560266
vt 0.050953 0.493049
vt 0.751997 0.465782
vt 0.751997 0.560221
vt 0.050953 0.568759
vt 0.752895 0.690295
vt 0.060058 0.681859
vt 0.342137 0.263752
vt 0.334175 0.274116
vt 0.331546 0.274116
vt 0.296264 0.226738
vt 0.350467 0.261204
vt 0.323260 0.278639
vt 0.369208 0.255471
vt 0.296264 0.280006
vt 0.323260 0.280006
vt 0.493223 0.226738
vt 0.466155 0.255471
vt 0.489944 0.255471
vt 0.493223 0.255471
vt 0.494816 0.255471
vt 0.296264 0.211391
vt 0.296264 0.206464
vt 0.556489 0.226738
vt 0.556489 0.280006
vt 0.568871 0.280006
vt 0.568871 0.226738
vt 0.568871 0.194332
vt 0.574801 0.277032
vt 0.574801 0.187646
vt 0.574801 0.226738
vt 0.578594 0.263672
vt 0.578594 0.226738
vt 0.088066 0.226789
vt 0.285025 0.226789
vt 0.211994 0.256173
vt 0.115748 0.256173
vt 0.981370 0.015856
vt 0.982720 0.014726
vt 0.982720 0.015856
vt 0.981370 0.014726
vt 0.981523 0.014517
vt 0.982678 0.014517
vt 0.216639 0.816725
vt 0.213241 0.823090
vt 0.213241 0.816702
vt 0.216639 0.823098
vt 0.213241 0.837208
vt 0.216639 0.837208
vt 0.217793 0.838362
vt 0.212087 0.838362
vt 0.518455 0.324270
vt 0.295994 0.319427
vt 0.323260 0.284739
vt 0.295994 0.283551
vt 0.331546 0.289261
vt 0.370772 0.289261
vt 0.448590 0.289261
vt 0.379057 0.284739
vt 0.487816 0.289261
vt 0.496101 0.284739
vt 0.518455 0.283551
vt 0.440304 0.284739
vt 0.379057 0.283551
vt 0.440304 0.283551
vt 0.718364 0.807086
vt 0.718371 0.800206
vt 0.722991 0.812623
vt 0.723009 0.794674
vt 0.645511 0.850792
vt 0.846506 0.257102
vt 0.837730 0.257410
vt 0.901379 0.255173
vt 0.054403 0.572856
vt 0.050248 0.568804
vt 0.747240 0.564420
vt 0.810430 0.218354
vt 0.758011 0.230991
vt 0.806743 0.230991
vt 0.814536 0.230991
vt 0.813597 0.240763
vt 0.653724 0.823263
vt 0.653717 0.830638
vt 0.648763 0.817327
vt 0.648745 0.836569
vt 0.145416 0.278690
vt 0.206662 0.279547
vt 0.145416 0.279616
vt 0.206662 0.280004
vt 0.206662 0.278690
vt 0.145416 0.280004
vt 0.206662 0.280057
vt 0.145416 0.280057
vt 0.137130 0.274167
vt 0.214948 0.274167
vt 0.240337 0.269145
vt 0.244952 0.274167
vt 0.097904 0.274167
vt 0.092497 0.277119
vt 0.089619 0.278690
vt 0.089619 0.279678
vt 0.089619 0.280004
vt 0.089619 0.280057
vt 0.215591 0.262444
vt 0.978775 0.095907
vt 0.978775 0.094558
vt 0.978876 0.095193
vt 0.978795 0.055880
vt 0.978876 0.093674
vt 0.978876 0.094558
vt 0.978807 0.055865
vt 0.978775 0.055905
vt 0.986085 0.095193
vt 0.986186 0.095907
vt 0.978542 0.096140
vt 0.986419 0.096140
vt 0.986186 0.094558
vt 0.986186 0.078892
vt 0.986085 0.093674
vt 0.986085 0.078892
vt 0.986085 0.094558
vt 0.016848 0.186101
vt 0.841837 0.217763
vt 0.894256 0.230399
vt 0.845524 0.230399
vt 0.837731 0.230399
vt 0.838670 0.240172
vt 0.568871 0.186050
vt 0.764807 0.671266
vt 0.769940 0.638382
vt 0.773650 0.671266
vt 0.763871 0.688033
vt 0.761893 0.638382
vt 0.775232 0.687831
vt 0.770849 0.638382
vt 0.774650 0.671266
vt 0.776516 0.687808
vt 0.770260 0.595377
vt 0.769204 0.595377
vt 0.770125 0.588475
vt 0.759861 0.595377
vt 0.769036 0.588475
vt 0.759395 0.588475
vt 0.673738 0.192670
vt 0.673738 0.177286
vt 0.679629 0.177286
vt 0.679629 0.192674
vt 0.673738 0.199269
vt 0.679629 0.199283
vt 0.680412 0.176502
vt 0.672954 0.176502
vt 0.673738 0.175719
vt 0.679629 0.175719
vt 0.969346 0.155231
vt 0.969382 0.155131
vt 0.969354 0.156126
vt 0.370772 0.274116
vt 0.340767 0.274116
vt 0.345383 0.269094
vt 0.448590 0.274116
vt 0.440304 0.278639
vt 0.379057 0.278639
vt 0.379057 0.279497
vt 0.440304 0.279565
vt 0.379057 0.279953
vt 0.440304 0.279953
vt 0.440304 0.280006
vt 0.379057 0.280006
vt 0.487816 0.274116
vt 0.493223 0.277068
vt 0.496101 0.278639
vt 0.496101 0.279627
vt 0.496101 0.279953
vt 0.496101 0.280006
vt 0.370129 0.262393
vt 0.640145 0.126320
vt 0.622979 0.126320
vt 0.622979 0.117079
vt 0.640145 0.117079
vt 0.622979 0.114803
vt 0.640145 0.114803
vt 0.642897 0.118669
vt 0.642897 0.126320
vt 0.642897 0.116393
vt 0.151434 0.713104
vt 0.154465 0.708594
vt 0.153937 0.713074
vt 0.156979 0.708547
vt 0.153937 0.724559
vt 0.266260 0.711747
vt 0.269817 0.706455
vt 0.268510 0.711720
vt 0.272077 0.706413
vt 0.268510 0.723182
vt 0.266260 0.723209
vt 0.266184 0.726574
vt 0.263953 0.726574
vt 0.151434 0.724589
vt 0.152554 0.726574
vt 0.150072 0.726574
vt 0.265097 0.728815
vt 0.151188 0.728844
vt 0.151138 0.727383
vt 0.148598 0.727351
vt 0.786217 0.631068
vt 0.791350 0.663952
vt 0.782506 0.663952
vt 0.792286 0.680719
vt 0.794264 0.631068
vt 0.780925 0.680517
vt 0.785308 0.631068
vt 0.781507 0.663952
vt 0.779641 0.680494
vt 0.785897 0.588063
vt 0.786952 0.588063
vt 0.786032 0.581161
vt 0.796296 0.588063
vt 0.787121 0.581161
vt 0.796761 0.581161
vt 0.833524 0.351275
vt 0.795472 0.351275
vt 0.833524 0.340407
vt 0.795472 0.340407
vt 0.795472 0.359592
vt 0.833524 0.359592
vt 0.625772 0.143401
vt 0.642938 0.143401
vt 0.642938 0.145677
vt 0.625772 0.145677
vt 0.642856 0.154919
vt 0.625689 0.145677
vt 0.625689 0.154919
vt 0.622938 0.147267
vt 0.622938 0.154919
vt 0.622938 0.144991
vt 0.625689 0.143401
vt 0.034945 0.669945
vt 0.034945 0.511236
vt 0.044562 0.669945
vt 0.044562 0.511236
vt 0.044425 0.491802
vt 0.044425 0.689379
vt 0.034809 0.491802
vt 0.034809 0.689379
vt 0.032402 0.511236
vt 0.032265 0.491802
vt 0.032402 0.669945
vt 0.032265 0.689379
vt 0.984967 0.153656
vt 0.985079 0.153656
vt 0.985079 0.155774
vt 0.989508 0.159429
vt 0.989395 0.159429
vt 0.989508 0.156846
vt 0.319240 0.110239
vt 0.319240 0.120118
vt 0.313335 0.110239
vt 0.319240 0.168763
vt 0.319240 0.178642
vt 0.313335 0.168763
vt 0.313335 0.178642
vt 0.961363 0.088011
vt 0.958871 0.088552
vt 0.958871 0.088011
vt 0.961363 0.088552
vt 0.963440 0.132552
vt 0.956841 0.132552
vt 0.963440 0.131332
vt 0.956841 0.131332
vt 0.957037 0.118462
vt 0.963288 0.118462
vt 0.957037 0.123934
vt 0.963288 0.123934
vt 0.963560 0.131332
vt 0.956721 0.131332
vt 0.963560 0.128920
vt 0.956721 0.128920
vt 0.314283 0.965601
vt 0.314283 0.952661
vt 0.320298 0.952661
vt 0.320298 0.965601
vt 0.299774 0.965605
vt 0.291558 0.965605
vt 0.299774 0.952666
vt 0.291558 0.952666
vt 0.328514 0.952661
vt 0.336729 0.952661
vt 0.328514 0.965601
vt 0.336729 0.965601
vt 0.307989 0.952666
vt 0.307989 0.965605
vt 0.580236 0.005458
vt 0.616663 0.005458
vt 0.580236 0.028246
vt 0.616663 0.028246
vt 0.578233 0.028246
vt 0.618513 0.005458
vt 0.578233 0.005458
vt 0.571376 0.028246
vt 0.571376 0.005458
vt 0.618513 0.028246
vt 0.624232 0.005458
vt 0.624232 0.028246
vt 0.963284 0.113733
vt 0.957041 0.113733
vt 0.963284 0.113476
vt 0.957041 0.113476
vt 0.957041 0.114217
vt 0.963284 0.114217
vt 0.957041 0.117721
vt 0.963284 0.117721
vt 0.957041 0.118462
vt 0.963284 0.118462
vt 0.342744 0.952661
vt 0.342744 0.965601
vt 0.314004 0.952666
vt 0.314004 0.965605
vt 0.343061 0.952644
vt 0.351277 0.952644
vt 0.343061 0.965583
vt 0.351277 0.965583
vt 0.291358 0.952678
vt 0.283143 0.965618
vt 0.283143 0.952678
vt 0.291358 0.965618
vt 0.906973 0.313310
vt 0.925260 0.313310
vt 0.935089 0.313310
vt 0.937498 0.283917
vt 0.937498 0.313310
vt 0.242676 0.192844
vt 0.257954 0.195876
vt 0.242676 0.195876
vt 0.217271 0.192844
vt 0.217271 0.195876
vt 0.257954 0.192844
vt 0.262570 0.195876
vt 0.262570 0.192844
vt 0.280133 0.987007
vt 0.280133 0.997460
vt 0.275664 0.997460
vt 0.275664 0.987007
vt 0.848440 0.008551
vt 0.846451 0.028965
vt 0.846451 0.008551
vt 0.848440 0.028965
vt 0.866373 0.055866
vt 0.866373 0.032248
vt 0.873653 0.032248
vt 0.873653 0.055866
vt 0.866373 0.057125
vt 0.873653 0.057125
vt 0.859094 0.055866
vt 0.859094 0.032248
vt 0.859094 0.057125
vt 0.274927 0.965618
vt 0.274927 0.952678
vt 0.365507 0.952644
vt 0.359492 0.965583
vt 0.359492 0.952644
vt 0.365507 0.965583
vt 0.493577 0.028392
vt 0.493577 0.005604
vt 0.499296 0.005604
vt 0.499296 0.028392
vt 0.501146 0.005604
vt 0.501146 0.028392
vt 0.537573 0.005604
vt 0.537573 0.028392
vt 0.539576 0.005604
vt 0.539576 0.028392
vt 0.546433 0.005604
vt 0.546433 0.028392
vt 0.795472 0.321221
vt 0.795472 0.330019
vt 0.784604 0.321221
vt 0.784604 0.338392
vt 0.776287 0.321221
vt 0.776287 0.340407
vt 0.885990 0.312146
vt 0.867703 0.312146
vt 0.857874 0.312146
vt 0.855465 0.282752
vt 0.855465 0.312146
vt 0.957037 0.110021
vt 0.956721 0.109651
vt 0.956721 0.108081
vt 0.963560 0.108081
vt 0.963560 0.106974
vt 0.956721 0.106974
vt 0.963560 0.106444
vt 0.956721 0.106444
vt 0.963288 0.110021
vt 0.963560 0.109702
vt 0.957037 0.113476
vt 0.963288 0.113476
vt 0.963284 0.127355
vt 0.963610 0.127874
vt 0.963610 0.128179
vt 0.963572 0.128920
vt 0.956709 0.128920
vt 0.956671 0.128179
vt 0.957041 0.127355
vt 0.956671 0.127944
vt 0.963284 0.124674
vt 0.957041 0.124674
vt 0.963284 0.123934
vt 0.957041 0.123934
vt 0.242676 0.176301
vt 0.257954 0.189820
vt 0.242676 0.189820
vt 0.214247 0.176301
vt 0.214247 0.189820
vt 0.257954 0.176301
vt 0.265593 0.189820
vt 0.265593 0.176301
vt 0.157803 0.192044
vt 0.173082 0.192044
vt 0.173082 0.195076
vt 0.198486 0.195076
vt 0.198486 0.192044
vt 0.157803 0.195076
vt 0.153188 0.192044
vt 0.153188 0.195076
vt 0.321631 0.986991
vt 0.321631 0.997444
vt 0.317162 0.997444
vt 0.317162 0.986991
vt 0.936846 0.055866
vt 0.936846 0.032248
vt 0.944125 0.032248
vt 0.944125 0.055866
vt 0.936846 0.057126
vt 0.944125 0.057126
vt 0.951405 0.032248
vt 0.951405 0.055866
vt 0.951405 0.057126
vt 0.173082 0.175501
vt 0.173082 0.189020
vt 0.157803 0.175501
vt 0.201510 0.189020
vt 0.201510 0.175501
vt 0.157803 0.189020
vt 0.150164 0.175501
vt 0.150164 0.189020
vt 0.285506 0.997433
vt 0.290761 0.986980
vt 0.290761 0.997433
vt 0.285506 0.986980
vt 0.280253 0.997433
vt 0.280253 0.986980
vt 0.927647 0.055866
vt 0.927647 0.032248
vt 0.932976 0.032248
vt 0.932976 0.055866
vt 0.927647 0.057126
vt 0.932976 0.057126
vt 0.920368 0.057126
vt 0.920368 0.055866
vt 0.920368 0.032248
vt 0.913089 0.057126
vt 0.913089 0.055866
vt 0.913089 0.032248
vt 0.907760 0.055866
vt 0.907760 0.032248
vt 0.907760 0.057126
vt 0.844392 0.321221
vt 0.833524 0.330019
vt 0.833524 0.321221
vt 0.844392 0.338392
vt 0.713809 0.012779
vt 0.713809 0.013437
vt 0.705218 0.013437
vt 0.661665 0.012779
vt 0.661665 0.013437
vt 0.655031 0.012779
vt 0.655031 0.013437
vt 0.764864 0.012052
vt 0.772873 0.012052
vt 0.772873 0.012666
vt 0.724261 0.012666
vt 0.724261 0.012052
vt 0.718077 0.012052
vt 0.718077 0.012666
vt 0.621099 0.130854
vt 0.602232 0.130854
vt 0.602232 0.124516
vt 0.621099 0.124516
vt 0.876010 0.008551
vt 0.874022 0.028965
vt 0.874022 0.008551
vt 0.876010 0.028965
vt 0.868590 0.028965
vt 0.868590 0.008551
vt 0.861169 0.028965
vt 0.861169 0.008551
vt 0.853749 0.028965
vt 0.853749 0.008551
vt 0.848316 0.028965
vt 0.848316 0.008551
vt 0.903819 0.032248
vt 0.898490 0.055866
vt 0.898490 0.032248
vt 0.903819 0.055866
vt 0.898490 0.057125
vt 0.903819 0.057125
vt 0.891211 0.057125
vt 0.891211 0.055866
vt 0.891211 0.032248
vt 0.883932 0.057125
vt 0.883932 0.055866
vt 0.883932 0.032248
vt 0.878603 0.055866
vt 0.878603 0.032248
vt 0.878603 0.057125
vt 0.925440 0.229769
vt 0.958468 0.229769
vt 0.958468 0.233713
vt 0.925440 0.233713
vt 0.925440 0.225824
vt 0.958468 0.225824
vt 0.470228 0.005676
vt 0.491817 0.005676
vt 0.470228 0.028464
vt 0.491817 0.028464
vt 0.975721 0.249193
vt 0.976200 0.228630
vt 0.975820 0.249101
vt 0.272258 0.706410
vt 0.272887 0.706984
vt 0.272571 0.706404
vt 0.273583 0.708242
vt 0.963876 0.156051
vt 0.963876 0.157641
vt 0.963348 0.157641
vt 0.963348 0.156051
vt 0.963044 0.157438
vt 0.963044 0.156254
vt 0.962852 0.157087
vt 0.962852 0.156605
vt 0.288179 0.980862
vt 0.282417 0.985918
vt 0.282417 0.980862
vt 0.288179 0.985918
vt 0.276655 0.980862
vt 0.276655 0.985918
vt 0.306203 0.997471
vt 0.311457 0.987018
vt 0.311457 0.997471
vt 0.306203 0.987018
vt 0.316711 0.987018
vt 0.316711 0.997471
vt 0.904209 0.029196
vt 0.904209 0.008782
vt 0.906198 0.008782
vt 0.906198 0.029196
vt 0.898777 0.029196
vt 0.898777 0.008782
vt 0.891357 0.029196
vt 0.891357 0.008782
vt 0.883936 0.029196
vt 0.883936 0.008782
vt 0.878504 0.029196
vt 0.878504 0.008782
vt 0.876515 0.029196
vt 0.876515 0.008782
vt 0.925440 0.222585
vt 0.958468 0.222585
vt 0.958468 0.225473
vt 0.925440 0.225473
vt 0.925440 0.218641
vt 0.958468 0.218641
vt 0.925440 0.214696
vt 0.958468 0.214696
vt 0.974465 0.157178
vt 0.974662 0.157289
vt 0.974665 0.157548
vt 0.974667 0.157551
vt 0.621214 0.155488
vt 0.602347 0.149150
vt 0.621214 0.149150
vt 0.602347 0.155488
vt 0.957184 0.082058
vt 0.957184 0.053624
vt 0.957184 0.095518
vt 0.957184 0.104600
vt 0.963128 0.104600
vt 0.963128 0.095518
vt 0.963128 0.082058
vt 0.963128 0.053624
vt 0.205939 0.028232
vt 0.203146 0.006485
vt 0.211228 0.028232
vt 0.197856 0.006485
vt 0.238790 0.129045
vt 0.244080 0.129045
vt 0.981958 0.905105
vt 0.932556 0.908002
vt 0.932556 0.905105
vt 0.981958 0.908002
vt 0.984516 0.908368
vt 0.986891 0.906710
vt 0.988674 0.911203
vt 0.991335 0.910060
vt 0.991776 0.917387
vt 0.994672 0.917368
vt 0.989521 0.985874
vt 0.992281 0.986752
vt 0.987582 0.989258
vt 0.989390 0.991521
vt 0.983586 0.991811
vt 0.983592 0.994708
vt 0.941118 0.991897
vt 0.941124 0.994794
vt 0.316974 0.986047
vt 0.321671 0.980990
vt 0.321671 0.986047
vt 0.316974 0.980990
vt 0.310842 0.986047
vt 0.310842 0.980990
vt 0.306144 0.986047
vt 0.306144 0.980990
vt 0.791943 0.281301
vt 0.799910 0.310597
vt 0.791943 0.310597
vt 0.799910 0.281301
vt 0.796050 0.276809
vt 0.799910 0.276809
vt 0.958566 0.242108
vt 0.925538 0.242108
vt 0.925538 0.238163
vt 0.958566 0.244996
vt 0.925538 0.244996
vt 0.958566 0.238163
vt 0.925538 0.234219
vt 0.958566 0.234219
vt 0.964496 0.271509
vt 0.963689 0.273392
vt 0.963689 0.272217
vt 0.964496 0.274099
vt 0.965238 0.271509
vt 0.965238 0.274099
vt 0.964496 0.291295
vt 0.965238 0.291295
vt 0.965238 0.271295
vt 0.964496 0.271295
vt 0.965238 0.268316
vt 0.964496 0.268316
vt 0.965238 0.268251
vt 0.964496 0.268251
vt 0.964961 0.267944
vt 0.965238 0.267944
vt 0.964351 0.291412
vt 0.963829 0.292986
vt 0.963829 0.291412
vt 0.964351 0.292986
vt 0.963528 0.292785
vt 0.963528 0.291613
vt 0.963338 0.292437
vt 0.963338 0.291961
vt 0.346111 0.102833
vt 0.320000 0.102833
vt 0.346111 0.094781
vt 0.320000 0.094781
vt 0.474074 0.091034
vt 0.474074 0.082982
vt 0.863619 0.412708
vt 0.848617 0.412855
vt 0.863619 0.398338
vt 0.848617 0.423754
vt 0.932556 0.877066
vt 0.981958 0.877066
vt 0.932556 0.879963
vt 0.981958 0.879963
vt 0.984516 0.876700
vt 0.986891 0.878358
vt 0.988674 0.873865
vt 0.991335 0.875008
vt 0.991776 0.867681
vt 0.994672 0.867700
vt 0.989521 0.799194
vt 0.992281 0.798316
vt 0.987582 0.795810
vt 0.989390 0.793547
vt 0.983586 0.793257
vt 0.983592 0.790360
vt 0.941118 0.793171
vt 0.941124 0.790275
vt 0.258178 0.967549
vt 0.268787 0.967549
vt 0.268787 0.969998
vt 0.258178 0.969998
vt 0.258178 0.965101
vt 0.268787 0.965101
vt 0.685456 0.245590
vt 0.655918 0.238290
vt 0.685456 0.238290
vt 0.655918 0.245590
vt 0.685456 0.255121
vt 0.655918 0.255121
vt 0.685456 0.262421
vt 0.655918 0.262421
vt 0.624034 0.162783
vt 0.600130 0.162783
vt 0.600130 0.158302
vt 0.624034 0.158302
vt 0.986085 0.047364
vt 0.986186 0.046247
vt 0.986186 0.047364
vt 0.986085 0.046247
vt 0.986085 0.046017
vt 0.986419 0.046017
vt 0.862370 0.369477
vt 0.848500 0.356055
vt 0.862370 0.356190
vt 0.848500 0.345978
vt 0.780038 0.310597
vt 0.780038 0.281301
vt 0.788005 0.310597
vt 0.788005 0.281301
vt 0.783898 0.276809
vt 0.780038 0.276809
vt 0.301388 0.997430
vt 0.305857 0.986977
vt 0.305857 0.997430
vt 0.301388 0.986977
vt 0.295863 0.997430
vt 0.295863 0.986977
vt 0.291394 0.997430
vt 0.291394 0.986977
vt 0.258154 0.976797
vt 0.268764 0.976797
vt 0.268764 0.978590
vt 0.258154 0.978590
vt 0.258154 0.974349
vt 0.268764 0.974349
vt 0.258154 0.971900
vt 0.268764 0.971900
vt 0.258154 0.970107
vt 0.268764 0.970107
vt 0.963206 0.175844
vt 0.964022 0.177746
vt 0.963206 0.177031
vt 0.964022 0.175129
vt 0.964022 0.157759
vt 0.964771 0.157759
vt 0.964771 0.175129
vt 0.964771 0.177746
vt 0.964022 0.177962
vt 0.964771 0.177962
vt 0.964022 0.180971
vt 0.964771 0.180971
vt 0.964022 0.181037
vt 0.964771 0.181037
vt 0.964492 0.181346
vt 0.964771 0.181346
vt 0.251884 0.128644
vt 0.259967 0.106897
vt 0.257174 0.128644
vt 0.265256 0.106897
vt 0.292818 0.006084
vt 0.298108 0.006084
vt 0.268875 0.992328
vt 0.258266 0.990536
vt 0.268875 0.990536
vt 0.258266 0.992328
vt 0.611169 0.094781
vt 0.637279 0.094781
vt 0.611169 0.102833
vt 0.637279 0.102833
vt 0.483205 0.091034
vt 0.483205 0.082982
vt 0.718037 0.260455
vt 0.688499 0.260455
vt 0.688499 0.251500
vt 0.718037 0.265221
vt 0.688499 0.265221
vt 0.718037 0.251500
vt 0.688499 0.242545
vt 0.718037 0.242545
vt 0.688499 0.237779
vt 0.718037 0.237779
vt 0.258202 0.978735
vt 0.268811 0.978735
vt 0.268811 0.981184
vt 0.258202 0.981184
vt 0.268811 0.983632
vt 0.258202 0.983632
vt 0.925496 0.200597
vt 0.958524 0.203484
vt 0.925496 0.203484
vt 0.958524 0.200597
vt 0.958524 0.207429
vt 0.925496 0.207429
vt 0.958524 0.211374
vt 0.925496 0.211374
vt 0.958524 0.214262
vt 0.925496 0.214262
vt 0.763558 0.693643
vt 0.775761 0.693373
vt 0.777140 0.693342
vt 0.624084 0.180065
vt 0.600179 0.175585
vt 0.624084 0.175585
vt 0.600179 0.180065
vt 0.268875 0.990590
vt 0.258266 0.988142
vt 0.268875 0.988142
vt 0.258266 0.990590
vt 0.258266 0.985693
vt 0.268875 0.985693
vt 0.258266 0.983901
vt 0.268875 0.983901
vt 0.698815 0.288342
vt 0.715823 0.259673
vt 0.715823 0.287970
vt 0.688282 0.259673
vt 0.699171 0.291242
vt 0.715823 0.291242
vt 0.699290 0.296197
vt 0.715823 0.296197
vt 0.780396 0.686059
vt 0.792599 0.686328
vt 0.779017 0.686028
vt 0.637957 0.079163
vt 0.637957 0.080367
vt 0.637957 0.072404
vt 0.637957 0.071200
vt 0.792578 0.693398
vt 0.780375 0.693398
vt 0.780375 0.686532
vt 0.792578 0.686532
vt 0.778996 0.686532
vt 0.778996 0.693398
vt 0.831449 0.171215
vt 0.831449 0.155872
vt 0.819070 0.155872
vt 0.845703 0.427840
vt 0.842897 0.496769
vt 0.842897 0.427840
vt 0.845703 0.496769
vt 0.840573 0.496769
vt 0.840573 0.427840
vt 0.842897 0.560470
vt 0.845703 0.560470
vt 0.840573 0.560470
vt 0.832991 0.496769
vt 0.832991 0.560470
vt 0.832991 0.427840
vt 0.831840 0.429021
vt 0.831790 0.559402
vt 0.832991 0.720922
vt 0.831727 0.496769
vt 0.840573 0.720922
vt 0.839638 0.773589
vt 0.802717 0.773589
vt 0.821841 0.797212
vt 0.789139 0.797212
vt 0.825158 0.797212
vt 0.842648 0.773589
vt 0.842897 0.720922
vt 0.845703 0.720922
vt 0.845569 0.773589
vt 0.828629 0.797212
vt 0.685673 0.258528
vt 0.675140 0.287197
vt 0.658132 0.258528
vt 0.658132 0.286826
vt 0.674783 0.290098
vt 0.658132 0.290098
vt 0.674664 0.295053
vt 0.658132 0.295053
vt 0.677426 0.222143
vt 0.677426 0.240238
vt 0.657597 0.222143
vt 0.657597 0.240238
vt 0.920685 0.796522
vt 0.923491 0.727593
vt 0.923491 0.796522
vt 0.920685 0.727593
vt 0.918361 0.796522
vt 0.923491 0.663892
vt 0.918361 0.727593
vt 0.920685 0.663892
vt 0.910779 0.796522
vt 0.923491 0.503440
vt 0.910779 0.727593
vt 0.909628 0.795341
vt 0.918361 0.663892
vt 0.920685 0.503440
vt 0.923357 0.450773
vt 0.910779 0.663892
vt 0.918361 0.503440
vt 0.909578 0.664960
vt 0.910779 0.503440
vt 0.909515 0.727593
vt 0.920435 0.450773
vt 0.906417 0.427150
vt 0.917426 0.450773
vt 0.902945 0.427150
vt 0.880505 0.450773
vt 0.899629 0.427150
vt 0.866927 0.427150
vt 0.831449 0.183594
vt 0.728045 0.965369
vt 0.727413 0.964753
vt 0.727413 0.963087
vt 0.797854 0.965396
vt 0.798425 0.964753
vt 0.727413 0.961434
vt 0.728149 0.960698
vt 0.917915 0.960698
vt 0.921282 0.963087
vt 0.884334 0.964753
vt 0.912533 0.980962
vt 0.925181 0.970723
vt 0.925181 0.988232
vt 0.970828 0.265625
vt 0.970429 0.266415
vt 0.970428 0.265972
vt 0.970830 0.266761
vt 0.970635 0.203016
vt 0.970231 0.201931
vt 0.970637 0.201448
vt 0.970231 0.202532
vt 0.933609 0.940725
vt 0.937955 0.932323
vt 0.953386 0.926889
vt 0.965661 0.929301
vt 0.975062 0.938972
vt 0.976413 0.942836
vt 0.970451 0.165028
vt 0.970047 0.163943
vt 0.970452 0.163460
vt 0.970047 0.164544
vt 0.970418 0.183689
vt 0.970015 0.182891
vt 0.970420 0.182542
vt 0.970014 0.183339
vt 0.933609 0.844343
vt 0.937955 0.852745
vt 0.953386 0.858179
vt 0.965661 0.855767
vt 0.975062 0.846096
vt 0.976413 0.842232
vt 0.518814 0.980962
vt 0.506166 0.988232
vt 0.506166 0.970723
vt 0.510096 0.963087
vt 0.547013 0.964753
vt 0.632922 0.964753
vt 0.703935 0.963087
vt 0.513433 0.960698
vt 0.703199 0.960698
vt 0.703935 0.961434
vt 0.633494 0.965396
vt 0.703302 0.965369
vt 0.703935 0.964753
vt 0.696529 0.223288
vt 0.716358 0.241383
vt 0.696529 0.241383
vt 0.716358 0.223288
vt 0.695556 0.145331
vt 0.684744 0.145331
vt 0.313335 0.120118
vt 0.990628 0.155225
vt 0.990628 0.156502
vt 0.989970 0.156502
vt 0.989970 0.155225
vt 0.683589 0.145331
vt 0.666126 0.166317
vt 0.683589 0.166317
vt 0.699864 0.112393
vt 0.703502 0.134159
vt 0.699864 0.134159
vt 0.703502 0.112306
vt 0.985079 0.157439
vt 0.985268 0.155831
vt 0.985268 0.157251
vt 0.985079 0.155642
vt 0.984890 0.155831
vt 0.984890 0.157251
vt 0.703502 0.067450
vt 0.703502 0.089303
vt 0.699864 0.089216
vt 0.699864 0.067450
vt 0.683589 0.134519
vt 0.666126 0.134519
vt 0.683589 0.113533
vt 0.666126 0.113533
vt 0.987968 0.253456
vt 0.989495 0.236897
vt 0.989495 0.253456
vt 0.987968 0.236897
vt 0.621100 0.031685
vt 0.627170 0.043617
vt 0.621100 0.043617
vt 0.627170 0.031685
vt 0.213498 0.031778
vt 0.207094 0.031778
vt 0.205416 0.011901
vt 0.199869 0.011901
vt 0.245024 0.129045
vt 0.963587 0.155032
vt 0.963761 0.155032
vt 0.963837 0.155139
vt 0.964811 0.156739
vt 0.964127 0.155559
vt 0.964066 0.293994
vt 0.965277 0.292305
vt 0.964600 0.293469
vt 0.964238 0.293994
vt 0.267527 0.103351
vt 0.261122 0.103351
vt 0.299052 0.006084
vt 0.259444 0.123228
vt 0.253897 0.123228
vt 0.978807 0.046485
vt 0.963580 0.293994
vt 0.963818 0.293994
vt 0.964313 0.293889
vt 0.986095 0.191416
vt 0.986095 0.189869
vt 0.986679 0.190264
vt 0.986679 0.191416
vt 0.965416 0.292305
vt 0.964951 0.156739
vt 0.963336 0.155032
vt 0.963097 0.155032
vt 0.940003 0.283188
vt 0.852960 0.282023
vt 0.978513 0.046003
vt 0.986407 0.044688
vt 0.986407 0.046003
vt 0.978513 0.044688
vt 0.986407 0.041773
vt 0.978513 0.041773
vt 0.984857 0.263619
vt 0.984857 0.260849
vt 0.985810 0.260849
vt 0.985810 0.264864
vt 0.984857 0.264864
vt 0.989777 0.264864
vt 0.990982 0.263619
vt 0.990715 0.264267
vt 0.991206 0.263072
vt 0.991206 0.260849
vt 0.991206 0.260210
vt 0.985810 0.260210
vt 0.149165 0.723886
vt 0.148598 0.724712
vt 0.981258 0.045831
vt 0.981258 0.044955
vt 0.981458 0.045281
vt 0.983624 0.045831
vt 0.983425 0.045281
vt 0.983624 0.044955
vt 0.978808 0.225926
vt 0.977845 0.225926
vt 0.977845 0.223128
vt 0.977845 0.221869
vt 0.978808 0.221869
vt 0.982814 0.221869
vt 0.984032 0.223128
vt 0.984259 0.223680
vt 0.984259 0.225926
vt 0.978808 0.226570
vt 0.984259 0.226570
vt 0.989559 0.184458
vt 0.990507 0.185061
vt 0.990776 0.185716
vt 0.964926 0.015491
vt 0.964872 0.014883
vt 0.964313 0.008571
vt 0.980956 0.105335
vt 0.983574 0.097851
vt 0.983574 0.105335
vt 0.980956 0.097851
vt 0.980956 0.142013
vt 0.983574 0.142013
vt 0.153977 0.708603
vt 0.150436 0.710521
vt 0.153949 0.708615
vt 0.149165 0.712411
vt 0.570087 0.038781
vt 0.559684 0.044260
vt 0.559870 0.038210
vt 0.559519 0.038191
vt 0.571844 0.042035
vt 0.571844 0.038625
vt 0.590060 0.039729
vt 0.590060 0.037011
vt 0.616098 0.039729
vt 0.590126 0.037005
vt 0.616098 0.035778
vt 0.616332 0.035767
vt 0.619703 0.039729
vt 0.619703 0.035539
vt 0.967072 0.016995
vt 0.973369 0.015534
vt 0.973369 0.016995
vt 0.967072 0.015534
vt 0.349747 0.057325
vt 0.349747 0.015597
vt 0.366461 0.057325
vt 0.366461 0.015597
vt 0.349747 0.008493
vt 0.366461 0.008493
vt 0.984043 0.264267
vt 0.984043 0.263072
vt 0.984279 0.263072
vt 0.984279 0.261085
vt 0.984043 0.260849
vt 0.984279 0.264267
vt 0.984279 0.264628
vt 0.984043 0.264864
vt 0.559684 0.046411
vt 0.570087 0.051891
vt 0.559870 0.052461
vt 0.559519 0.052481
vt 0.571844 0.048637
vt 0.571844 0.052047
vt 0.590060 0.050942
vt 0.590060 0.053661
vt 0.590126 0.053666
vt 0.616098 0.050942
vt 0.616098 0.054894
vt 0.616332 0.054905
vt 0.619703 0.050942
vt 0.619703 0.055132
vt 0.977261 0.222473
vt 0.977261 0.223680
vt 0.977022 0.223680
vt 0.977261 0.225687
vt 0.977022 0.225926
vt 0.977022 0.222473
vt 0.977261 0.222108
vt 0.977022 0.221869
vt 0.404177 0.015597
vt 0.420891 0.057325
vt 0.404177 0.057325
vt 0.420891 0.015597
vt 0.420891 0.008493
vt 0.404177 0.008493
vt 0.969703 0.179583
vt 0.969667 0.218455
vt 0.969686 0.179578
vt 0.981911 0.282875
vt 0.984251 0.265464
vt 0.983571 0.282946
vt 0.982650 0.265397
vt 0.938914 0.933426
vt 0.934436 0.942084
vt 0.979239 0.045945
vt 0.985291 0.039508
vt 0.985291 0.045945
vt 0.979239 0.039508
vt 0.985291 0.038477
vt 0.979239 0.038477
vt 0.938914 0.851642
vt 0.934436 0.842984
vt 0.309557 0.120118
vt 0.309557 0.110239
vt 0.309557 0.168763
vt 0.309557 0.178642
vt 0.983977 0.183852
vt 0.981613 0.166264
vt 0.983290 0.166193
vt 0.982360 0.183920
vt 0.986679 0.193292
vt 0.986095 0.257411
vt 0.986095 0.193292
vt 0.986679 0.257411
vt 0.986095 0.258840
vt 0.986679 0.258840
vt 0.981377 0.283201
vt 0.981482 0.294680
vt 0.980946 0.295070
vt 0.974747 0.283201
vt 0.974603 0.295070
vt 0.974961 0.265613
vt 0.982122 0.265613
vt 0.975414 0.228456
vt 0.983697 0.228456
vt 0.984212 0.228472
vt 0.831948 0.855080
vt 0.981180 0.154340
vt 0.981074 0.165935
vt 0.980638 0.153946
vt 0.974377 0.165935
vt 0.974231 0.153946
vt 0.974593 0.183702
vt 0.981827 0.183702
vt 0.975050 0.221235
vt 0.983417 0.221235
vt 0.983938 0.221219
vt 0.846793 0.183594
vt 0.846793 0.171215
vt 0.640539 0.855080
vt 0.979533 0.038229
vt 0.985396 0.036890
vt 0.985396 0.038229
vt 0.985548 0.038407
vt 0.979382 0.038407
vt 0.979533 0.036890
vt 0.985548 0.036712
vt 0.979382 0.036712
vt 0.906973 0.315815
vt 0.925260 0.315815
vt 0.935089 0.315815
vt 0.940003 0.315815
vt 0.289250 0.980918
vt 0.294076 0.985985
vt 0.289250 0.985985
vt 0.294076 0.980918
vt 0.146243 0.810733
vt 0.175079 0.805027
vt 0.175079 0.810733
vt 0.146243 0.805027
vt 0.979382 0.036836
vt 0.985548 0.034839
vt 0.985548 0.036836
vt 0.979382 0.034839
vt 0.979382 0.029853
vt 0.985548 0.024381
vt 0.985548 0.029853
vt 0.979382 0.024381
vt 0.979382 0.019395
vt 0.985548 0.016959
vt 0.985548 0.019395
vt 0.979382 0.016959
vt 0.885990 0.314651
vt 0.867703 0.314651
vt 0.857874 0.314651
vt 0.852960 0.314651
vt 0.973418 0.227800
vt 0.976200 0.227800
vt 0.971446 0.229785
vt 0.976179 0.229785
vt 0.975029 0.291760
vt 0.974721 0.292061
vt 0.971530 0.292061
vt 0.971042 0.219892
vt 0.975844 0.221060
vt 0.973034 0.221898
vt 0.975844 0.221898
vt 0.975823 0.219892
vt 0.975461 0.200381
vt 0.972558 0.197711
vt 0.972558 0.191069
vt 0.971096 0.179975
vt 0.972558 0.180386
vt 0.971078 0.179970
vt 0.979382 0.023641
vt 0.985548 0.020136
vt 0.985548 0.023641
vt 0.979382 0.020136
vt 0.979382 0.034098
vt 0.985548 0.030593
vt 0.985548 0.034098
vt 0.979382 0.030593
vt 0.932246 0.942084
vt 0.957420 0.095268
vt 0.962893 0.095268
vt 0.957420 0.104302
vt 0.962893 0.104302
vt 0.957420 0.081893
vt 0.957420 0.053637
vt 0.962893 0.053637
vt 0.962893 0.081893
vt 0.932246 0.842984
vt 0.924682 0.798513
vt 0.916588 0.810347
vt 0.916588 0.798513
vt 0.924682 0.810347
vt 0.653648 0.210242
vt 0.688678 0.221373
vt 0.653648 0.221373
vt 0.688678 0.210242
vt 0.839298 0.377122
vt 0.846172 0.391759
vt 0.839298 0.391759
vt 0.846172 0.377122
vt 0.214189 0.028232
vt 0.247041 0.129045
vt 0.206107 0.006485
vt 0.268218 0.106897
vt 0.301069 0.006084
vt 0.260135 0.128644
vt 0.821356 0.247234
vt 0.822190 0.251489
vt 0.985260 0.218370
vt 0.984719 0.221334
vt 0.984837 0.218370
vt 0.984719 0.218370
vt 0.830911 0.246642
vt 0.830077 0.250897
vt 0.986419 0.078675
vt 0.986085 0.076870
vt 0.986419 0.076870
vt 0.986085 0.071838
vt 0.986419 0.063745
vt 0.986085 0.063745
vt 0.986262 0.078822
vt 0.971502 0.292061
vt 0.971492 0.292061
vt 0.970085 0.231209
vt 0.970141 0.292066
vt 0.970114 0.292066
vt 0.969323 0.292068
vt 0.967752 0.233745
vt 0.967808 0.292071
vt 0.967800 0.292071
vt 0.966775 0.234752
vt 0.967781 0.292071
vt 0.967687 0.292072
vt 0.966831 0.292074
vt 0.966825 0.292074
vt 0.965925 0.235722
vt 0.966670 0.292074
vt 0.965981 0.292076
vt 0.970206 0.179725
vt 0.970200 0.179723
vt 0.969345 0.179482
vt 0.969176 0.179224
vt 0.967311 0.215893
vt 0.968535 0.178246
vt 0.967367 0.156975
vt 0.968535 0.158763
vt 0.968897 0.156978
vt 0.968919 0.158763
vt 0.969697 0.156980
vt 0.969696 0.158763
vt 0.969724 0.156980
vt 0.967339 0.156975
vt 0.967245 0.156975
vt 0.966388 0.156972
vt 0.966381 0.156972
vt 0.966324 0.214875
vt 0.966218 0.156972
vt 0.965528 0.156970
vt 0.965465 0.213895
vt 0.965521 0.156970
vt 0.969722 0.158763
vt 0.969761 0.158763
vt 0.969734 0.156980
vt 0.969771 0.158763
vt 0.971098 0.156985
vt 0.971097 0.158763
vt 0.971127 0.156985
vt 0.971125 0.158763
vt 0.974257 0.158763
vt 0.974689 0.158763
vt 0.664512 0.204752
vt 0.653175 0.203968
vt 0.664279 0.203968
vt 0.652941 0.204752
vt 0.962248 0.081028
vt 0.958065 0.081028
vt 0.962248 0.080114
vt 0.958065 0.081485
vt 0.962248 0.081485
vt 0.958065 0.080114
vt 0.962248 0.078412
vt 0.958065 0.078412
vt 0.670368 0.199269
vt 0.669842 0.198787
vt 0.647612 0.198787
vt 0.647086 0.199269
vt 0.959798 0.071837
vt 0.959798 0.068915
vt 0.960515 0.068915
vt 0.960515 0.071837
vt 0.985349 0.063243
vt 0.984932 0.063133
vt 0.985827 0.063239
vt 0.986085 0.063429
vt 0.985354 0.063244
vt 0.985502 0.063131
vt 0.985455 0.063060
vt 0.984932 0.063060
vt 0.985430 0.062846
vt 0.984932 0.062865
vt 0.985390 0.062518
vt 0.984932 0.062124
vt 0.985342 0.062124
vt 0.985339 0.047364
vt 0.984932 0.047364
vt 0.961679 0.067710
vt 0.958634 0.067710
vt 0.961679 0.067360
vt 0.958634 0.067360
vt 0.374137 0.067372
vt 0.396502 0.067372
vt 0.374137 0.084086
vt 0.396502 0.084086
vt 0.984138 0.158195
vt 0.984505 0.153304
vt 0.984505 0.158195
vt 0.984138 0.153304
vt 0.956218 0.102298
vt 0.956302 0.102253
vt 0.956302 0.102298
vt 0.956218 0.102253
vt 0.990774 0.285944
vt 0.990322 0.291973
vt 0.990322 0.285944
vt 0.990774 0.291973
vt 0.981529 0.014544
vt 0.983383 0.011153
vt 0.983383 0.014544
vt 0.981529 0.011153
vt 0.713356 0.022439
vt 0.961596 0.081075
vt 0.958717 0.081075
vt 0.961596 0.079897
vt 0.958717 0.079897
vt 0.718396 0.026041
vt 0.265593 0.195876
vt 0.265593 0.192844
vt 0.268617 0.189820
vt 0.268617 0.198900
vt 0.147707 0.198181
vt 0.147707 0.189101
vt 0.150731 0.192125
vt 0.150731 0.195157
vt 0.961934 0.077924
vt 0.961934 0.078412
vt 0.962248 0.077764
vt 0.958065 0.077764
vt 0.958379 0.077924
vt 0.958379 0.078412
vt 0.956218 0.102208
vt 0.956302 0.102151
vt 0.672939 0.192670
vt 0.672286 0.192503
vt 0.644515 0.192670
vt 0.645168 0.192503
vt 0.961679 0.078219
vt 0.958634 0.078219
vt 0.961679 0.077868
vt 0.958634 0.077868
vt 0.981752 0.042216
vt 0.982778 0.037603
vt 0.982778 0.042216
vt 0.981752 0.037603
vt 0.980455 0.043681
vt 0.984075 0.039707
vt 0.984075 0.043681
vt 0.980455 0.039707
vt 0.805789 0.212407
vt 0.817408 0.218354
vt 0.980138 0.045732
vt 0.984392 0.044517
vt 0.984392 0.045732
vt 0.980138 0.044517
vt 0.984392 0.043587
vt 0.980138 0.043587
vt 0.846478 0.211816
vt 0.834859 0.217763
vt 0.271641 0.109161
vt 0.261106 0.129830
vt 0.268201 0.108041
vt 0.264546 0.130949
vt 0.304533 0.008156
vt 0.301093 0.007036
vt 0.822190 0.258002
vt 0.830077 0.257410
vt 0.973509 0.028393
vt 0.973040 0.028058
vt 0.973567 0.028079
vt 0.973040 0.028393
vt 0.973571 0.028059
vt 0.973040 0.027381
vt 0.973078 0.027324
vt 0.973696 0.027382
vt 0.973087 0.027316
vt 0.973725 0.027347
vt 0.974367 0.026160
vt 0.974752 0.026135
vt 0.974367 0.026136
vt 0.974367 0.023406
vt 0.974367 0.023029
vt 0.974744 0.023288
vt 0.974484 0.023029
vt 0.973040 0.027358
vt 0.974752 0.023296
vt 0.672286 0.176502
vt 0.672954 0.177286
vt 0.644499 0.177286
vt 0.645168 0.176502
vt 0.979442 0.436153
vt 0.936222 0.505082
vt 0.936222 0.436153
vt 0.931169 0.505082
vt 0.931169 0.436153
vt 0.931169 0.568784
vt 0.979442 0.505082
vt 0.984495 0.436153
vt 0.984495 0.505082
vt 0.936222 0.568784
vt 0.931169 0.729235
vt 0.979442 0.568784
vt 0.984495 0.568784
vt 0.936222 0.729235
vt 0.931169 0.781902
vt 0.979442 0.729235
vt 0.984495 0.729235
vt 0.979442 0.781902
vt 0.936222 0.781902
vt 0.984495 0.781902
vt 0.984932 0.063137
vt 0.986419 0.063436
vt 0.986085 0.063433
vt 0.981195 0.061745
vt 0.983687 0.059763
vt 0.983687 0.061745
vt 0.981195 0.059763
vt 0.983687 0.046604
vt 0.981195 0.046604
vt 0.981195 0.061908
vt 0.983687 0.061908
vt 0.981195 0.064188
vt 0.983687 0.064188
vt 0.981195 0.064238
vt 0.983687 0.064238
vt 0.981195 0.064473
vt 0.983687 0.064473
vt 0.968125 0.032913
vt 0.971820 0.032453
vt 0.971820 0.032913
vt 0.968125 0.032453
vt 0.965689 0.024451
vt 0.965786 0.023398
vt 0.965786 0.024451
vt 0.965689 0.023398
vt 0.965656 0.027673
vt 0.974738 0.023350
vt 0.974738 0.027673
vt 0.965656 0.023350
vt 0.966492 0.028470
vt 0.973454 0.024483
vt 0.973454 0.028470
vt 0.966492 0.024483
vt 0.966652 0.029452
vt 0.973294 0.029452
vt 0.972610 0.030235
vt 0.967335 0.030235
vt 0.805754 0.113367
vt 0.812292 0.116622
vt 0.805754 0.116622
vt 0.805754 0.123537
vt 0.980659 0.046514
vt 0.983871 0.045310
vt 0.983871 0.046514
vt 0.980659 0.045310
vt 0.766181 0.100681
vt 0.768716 0.088006
vt 0.460073 0.964876
vt 0.464579 0.964876
vt 0.448949 0.964818
vt 0.452247 0.964818
vt 0.444444 0.987188
vt 0.444444 0.964818
vt 0.886086 0.100089
vt 0.883551 0.087415
vt 0.469084 0.964876
vt 0.439938 0.964818
vt 0.437451 0.987188
vt 0.436821 0.987112
vt 0.429215 0.964742
vt 0.432513 0.964742
vt 0.431702 0.987112
vt 0.821721 0.240763
vt 0.822273 0.230991
vt 0.476680 0.964818
vt 0.477492 0.987188
vt 0.472373 0.987188
vt 0.479979 0.964818
vt 0.424710 0.987112
vt 0.424710 0.964742
vt 0.830546 0.240172
vt 0.829994 0.230399
vt 0.484484 0.964818
vt 0.420204 0.964742
vt 0.417717 0.987112
vt 0.412598 0.987112
vt 0.416906 0.964742
vt 0.488990 0.964818
vt 0.982162 0.012896
vt 0.982782 0.011691
vt 0.982782 0.012896
vt 0.982162 0.011691
vt 0.970215 0.311194
vt 0.968562 0.303810
vt 0.970215 0.303810
vt 0.968562 0.311194
vt 0.971824 0.304681
vt 0.970840 0.305104
vt 0.970733 0.304681
vt 0.971824 0.305104
vt 0.975919 0.305104
vt 0.975919 0.304681
vt 0.970733 0.310323
vt 0.970000 0.304681
vt 0.970000 0.310323
vt 0.970840 0.309900
vt 0.971824 0.310323
vt 0.971824 0.309900
vt 0.975919 0.310323
vt 0.975919 0.309900
vt 0.980029 0.092584
vt 0.984932 0.092584
vt 0.984932 0.090644
vt 0.980029 0.090644
vt 0.984490 0.089873
vt 0.980471 0.089873
vt 0.981269 0.089130
vt 0.983692 0.089130
vt 0.983692 0.046006
vt 0.981269 0.046006
vt 0.967890 0.031498
vt 0.972055 0.029962
vt 0.972055 0.031498
vt 0.967890 0.029962
vt 0.971324 0.032525
vt 0.968621 0.032525
vt 0.966802 0.023429
vt 0.973639 0.017845
vt 0.973639 0.023429
vt 0.966802 0.017845
vt 0.846925 0.284632
vt 0.829047 0.311538
vt 0.829047 0.284632
vt 0.846925 0.311538
vt 0.846925 0.280507
vt 0.829047 0.280507
vt 0.846925 0.275202
vt 0.829047 0.275202
vt 0.843878 0.272386
vt 0.832094 0.272386
vt 0.837041 0.269368
vt 0.838931 0.269368
vt 0.973878 0.939704
vt 0.975542 0.944460
vt 0.975542 0.840608
vt 0.973878 0.845364
vt 0.963677 0.106105
vt 0.956604 0.106105
vt 0.771835 0.304543
vt 0.764580 0.304543
vt 0.771835 0.303566
vt 0.764580 0.303566
vt 0.771835 0.283806
vt 0.764580 0.283806
vt 0.771835 0.282022
vt 0.764580 0.282022
vt 0.953488 0.928294
vt 0.953488 0.856774
vt 0.968624 0.031195
vt 0.971322 0.030201
vt 0.971322 0.031195
vt 0.969097 0.031861
vt 0.970848 0.031861
vt 0.968624 0.030201
vt 0.969382 0.029802
vt 0.970563 0.029802
vt 0.599539 0.183208
vt 0.637523 0.279092
vt 0.599539 0.286851
vt 0.637523 0.190967
vt 0.642996 0.276119
vt 0.642996 0.193940
vt 0.647279 0.205809
vt 0.647279 0.264250
vt 0.974271 0.023139
vt 0.965750 0.019343
vt 0.974654 0.019343
vt 0.966134 0.023139
vt 0.899622 0.875600
vt 0.912304 0.872676
vt 0.912304 0.875600
vt 0.899622 0.872676
vt 0.912304 0.851255
vt 0.899622 0.851255
vt 0.977395 0.309900
vt 0.977395 0.305104
vt 0.964982 0.930552
vt 0.964982 0.854516
vt 0.797711 0.132426
vt 0.791993 0.128885
vt 0.798531 0.128885
vt 0.798531 0.123537
vt 0.791993 0.123537
vt 0.798531 0.116622
vt 0.791993 0.116622
vt 0.798531 0.113367
vt 0.966655 0.029368
vt 0.973749 0.025183
vt 0.973749 0.029368
vt 0.966655 0.025183
vt 0.967295 0.031012
vt 0.973110 0.031012
vt 0.971655 0.032367
vt 0.968750 0.032367
vt 0.916770 0.869301
vt 0.924864 0.865025
vt 0.924864 0.869301
vt 0.916770 0.865025
vt 0.924881 0.877784
vt 0.916787 0.877784
vt 0.924881 0.871283
vt 0.916787 0.871283
vt 0.791993 0.052226
vt 0.791993 0.113367
vt 0.812292 0.052226
vt 0.812292 0.113367
vt 0.789687 0.132426
vt 0.797481 0.134754
vt 0.814598 0.132426
vt 0.806804 0.134754
vt 0.806574 0.132426
vt 0.812292 0.128885
vt 0.812292 0.123537
vt 0.805754 0.128885
vt 0.557679 0.037838
vt 0.557679 0.044450
vt 0.553489 0.037838
vt 0.553489 0.044450
vt 0.855054 0.815047
vt 0.876712 0.817041
vt 0.856222 0.816043
vt 0.856222 0.782818
vt 0.876712 0.781819
vt 0.855054 0.783814
vt 0.173242 0.832393
vt 0.166565 0.836465
vt 0.172479 0.831610
vt 0.166875 0.837619
vt 0.154446 0.837619
vt 0.148079 0.832393
vt 0.154756 0.836465
vt 0.148842 0.831610
vt 0.916625 0.814057
vt 0.924719 0.811064
vt 0.924719 0.814057
vt 0.916625 0.811064
vt 0.786695 0.138319
vt 0.786695 0.134754
vt 0.797481 0.138319
vt 0.817590 0.134754
vt 0.806804 0.138319
vt 0.817590 0.138319
vt 0.176063 0.826005
vt 0.175079 0.825724
vt 0.145259 0.826005
vt 0.146243 0.825724
vt 0.886153 0.813089
vt 0.884390 0.815011
vt 0.884069 0.814077
vt 0.887121 0.813716
vt 0.884390 0.783849
vt 0.886153 0.785771
vt 0.884069 0.784783
vt 0.887121 0.785145
vt 0.877373 0.818164
vt 0.877373 0.780696
vt 0.176063 0.811887
vt 0.145259 0.811887
vt 0.916770 0.834879
vt 0.924864 0.814959
vt 0.924864 0.834879
vt 0.916770 0.814959
vt 0.916770 0.850591
vt 0.924864 0.850591
vt 0.916770 0.862751
vt 0.924864 0.862751
vt 0.805754 0.051101
vt 0.798531 0.051101
vt 0.805754 0.043991
vt 0.812292 0.040434
vt 0.805754 0.039136
vt 0.798531 0.043991
vt 0.791993 0.040434
vt 0.798531 0.039136
vt 0.812292 0.045289
vt 0.791993 0.045289
vt 0.059922 0.692746
vt 0.887820 0.789717
vt 0.888988 0.789563
vt 0.888988 0.809297
vt 0.887820 0.809144
vt 0.747375 0.575306
vt 0.973541 0.226541
vt 0.974339 0.226963
vt 0.973948 0.226958
vt 0.974093 0.226548
vt 0.973964 0.222743
vt 0.973158 0.223169
vt 0.973569 0.222748
vt 0.973716 0.223163
vt 0.966636 0.024773
vt 0.973819 0.024678
vt 0.973819 0.024773
vt 0.966636 0.024678
vt 0.966636 0.024813
vt 0.973819 0.024813
vt 0.966632 0.024818
vt 0.973823 0.024818
vt 0.966655 0.025305
vt 0.973749 0.025305
vt 0.764636 0.279598
vt 0.771890 0.265345
vt 0.771890 0.279598
vt 0.764636 0.265345
vt 0.764636 0.280336
vt 0.771890 0.280336
vt 0.764636 0.281536
vt 0.771890 0.281536
vt 0.024112 0.668127
vt 0.024112 0.513055
vt 0.981094 0.093730
vt 0.983867 0.091995
vt 0.983867 0.093730
vt 0.981094 0.091995
vt 0.272480 0.970107
vt 0.270687 0.971900
vt 0.271846 0.969010
vt 0.269590 0.971266
vt 0.274928 0.969451
vt 0.274928 0.968184
vt 0.271846 0.979688
vt 0.270687 0.976797
vt 0.272480 0.978590
vt 0.269590 0.977431
vt 0.278011 0.969010
vt 0.277377 0.970107
vt 0.274928 0.979246
vt 0.274928 0.980514
vt 0.280267 0.971266
vt 0.279170 0.971900
vt 0.278011 0.979688
vt 0.277377 0.978590
vt 0.374429 0.980776
vt 0.371947 0.977402
vt 0.374756 0.980210
vt 0.371381 0.977729
vt 0.372031 0.977354
vt 0.374804 0.980127
vt 0.280267 0.977431
vt 0.279170 0.976797
vt 0.378592 0.981892
vt 0.378592 0.981238
vt 0.378592 0.981142
vt 0.382755 0.980776
vt 0.382428 0.980210
vt 0.382380 0.980127
vt 0.374756 0.966920
vt 0.371381 0.969402
vt 0.374429 0.966354
vt 0.371947 0.969729
vt 0.372031 0.969777
vt 0.374804 0.967004
vt 0.385803 0.977729
vt 0.385237 0.977402
vt 0.385153 0.977354
vt 0.378592 0.965239
vt 0.378592 0.965892
vt 0.378592 0.965989
vt 0.270031 0.974349
vt 0.382428 0.966920
vt 0.382380 0.967004
vt 0.382755 0.966354
vt 0.984405 0.286135
vt 0.982796 0.286087
vt 0.984405 0.286087
vt 0.982776 0.286135
vt 0.385237 0.969729
vt 0.385803 0.969402
vt 0.986014 0.286087
vt 0.986035 0.286135
vt 0.987227 0.286135
vt 0.987192 0.286087
vt 0.281093 0.974349
vt 0.279826 0.974349
vt 0.370265 0.973565
vt 0.370919 0.973565
vt 0.371016 0.973565
vt 0.386919 0.973565
vt 0.386265 0.973565
vt 0.974136 0.024818
vt 0.966255 0.024678
vt 0.974150 0.024678
vt 0.966268 0.024818
vt 0.244824 0.944429
vt 0.210984 0.946227
vt 0.189319 0.944429
vt 0.199596 0.951588
vt 0.223623 0.946227
vt 0.235011 0.951588
vt 0.192235 0.960612
vt 0.242372 0.960612
vt 0.252595 0.960612
vt 0.241665 0.934957
vt 0.192478 0.934957
vt 0.241665 0.841334
vt 0.192478 0.841334
vt 0.181548 0.960612
vt 0.967841 0.016854
vt 0.966642 0.017765
vt 0.966882 0.017259
vt 0.965921 0.019554
vt 0.974483 0.019554
vt 0.966406 0.024818
vt 0.973998 0.024818
vt 0.972563 0.016854
vt 0.973762 0.017765
vt 0.973522 0.017259
vt 0.968750 0.031513
vt 0.967295 0.030318
vt 0.966655 0.028870
vt 0.973749 0.028870
vt 0.971655 0.031513
vt 0.973110 0.030318
vt 0.971365 0.022463
vt 0.969973 0.021660
vt 0.971580 0.021660
vt 0.971365 0.020856
vt 0.970776 0.023052
vt 0.970776 0.020267
vt 0.969973 0.023267
vt 0.969973 0.020052
vt 0.969169 0.023052
vt 0.969169 0.020267
vt 0.968580 0.022463
vt 0.968580 0.020856
vt 0.968365 0.021660
vt 0.969642 0.311511
vt 0.961091 0.303492
vt 0.969642 0.303492
vt 0.961091 0.311511
vt 0.970175 0.303810
vt 0.970175 0.311194
vt 0.971861 0.026630
vt 0.972400 0.028111
vt 0.970096 0.028111
vt 0.971861 0.029592
vt 0.970496 0.025842
vt 0.968943 0.026115
vt 0.970496 0.030381
vt 0.967930 0.027323
vt 0.968943 0.030107
vt 0.967930 0.028899
vt 0.961903 0.312365
vt 0.959030 0.302639
vt 0.961903 0.302639
vt 0.959030 0.312365
vt 0.961110 0.312244
vt 0.959981 0.302760
vt 0.961110 0.302760
vt 0.959981 0.312244
vt 0.959578 0.311529
vt 0.959578 0.303475
vt 0.969819 0.311244
vt 0.961872 0.304341
vt 0.969819 0.304341
vt 0.961872 0.311244
vt 0.970256 0.311244
vt 0.961468 0.304341
vt 0.970256 0.304341
vt 0.971752 0.310148
vt 0.971752 0.305437
vt 0.961468 0.311244
vt 0.960220 0.310148
vt 0.960220 0.305437
vt 0.971915 0.020421
vt 0.972374 0.021832
vt 0.969973 0.021832
vt 0.971915 0.023243
vt 0.970715 0.019548
vt 0.969231 0.019548
vt 0.968030 0.020421
vt 0.967571 0.021832
vt 0.968030 0.023243
vt 0.970715 0.024116
vt 0.969231 0.024116
vt 0.969231 0.026678
vt 0.970715 0.026678
vt 0.964844 0.306027
vt 0.964844 0.309558
vt 0.961730 0.306027
vt 0.961730 0.309558
vt 0.961374 0.306491
vt 0.961374 0.309094
vt 0.969181 0.309731
vt 0.966695 0.305853
vt 0.969181 0.305853
vt 0.966695 0.309731
vt 0.970573 0.306986
vt 0.970573 0.308599
vt 0.209274 0.956226
vt 0.225741 0.939760
vt 0.225741 0.956226
vt 0.209274 0.939760
vt 0.214364 0.957986
vt 0.220651 0.957986
vt 0.214364 0.984585
vt 0.220651 0.984585
vt 0.857342 0.161920
vt 0.848220 0.156655
vt 0.858753 0.156655
vt 0.857342 0.151390
vt 0.853487 0.165774
vt 0.853487 0.147536
vt 0.848220 0.167185
vt 0.848220 0.146125
vt 0.842954 0.165774
vt 0.842954 0.147536
vt 0.839099 0.161920
vt 0.839099 0.151390
vt 0.837688 0.156655
vt 0.965410 0.304573
vt 0.965410 0.305368
vt 0.965268 0.305368
vt 0.969562 0.305368
vt 0.964021 0.306942
vt 0.969562 0.304573
vt 0.964021 0.308643
vt 0.970276 0.305368
vt 0.965268 0.310217
vt 0.965410 0.311012
vt 0.965410 0.310217
vt 0.969562 0.311012
vt 0.969562 0.310217
vt 0.977679 0.310217
vt 0.977706 0.311012
vt 0.977706 0.310217
vt 0.988260 0.310217
vt 0.988355 0.311012
vt 0.988355 0.310147
vt 0.989725 0.309136
vt 0.990064 0.309031
vt 0.989725 0.306449
vt 0.990064 0.306554
vt 0.988355 0.304573
vt 0.988355 0.305438
vt 0.988260 0.305368
vt 0.977706 0.304573
vt 0.977706 0.305368
vt 0.977679 0.305368
vt 0.571844 0.067064
vt 0.559684 0.055132
vt 0.571844 0.055132
vt 0.559684 0.067064
vt 0.590060 0.067064
vt 0.590060 0.055132
vt 0.616098 0.067064
vt 0.616098 0.055132
vt 0.619703 0.057792
vt 0.619703 0.064404
vt 0.391163 0.975848
vt 0.394163 0.980519
vt 0.392649 0.981393
vt 0.397583 0.983938
vt 0.392911 0.975848
vt 0.396709 0.985452
vt 0.392649 0.970303
vt 0.402255 0.985190
vt 0.394163 0.971177
vt 0.402255 0.986938
vt 0.396709 0.966244
vt 0.407802 0.985452
vt 0.397583 0.967757
vt 0.406927 0.983938
vt 0.402255 0.964758
vt 0.411862 0.981393
vt 0.402255 0.966506
vt 0.410348 0.980519
vt 0.407802 0.966244
vt 0.413348 0.975848
vt 0.406927 0.967757
vt 0.411600 0.975848
vt 0.410348 0.971177
vt 0.411862 0.970303
s 1
f 1/1/1 2/2/2 3/3/3
f 2/2/2 4/4/4 3/3/3
f 2/2/2 1/1/1 5/5/5
f 1/1/6 6/6/7 5/5/8
f 7/7/9 6/6/7 1/1/6
f 4/4/4 2/2/2 8/8/10
f 8/8/10 9/9/11 4/4/4
f 9/9/11 8/8/10 10/10/12
f 10/10/12 11/11/13 9/9/11
f 11/11/13 10/10/12 12/12/14
f 11/11/13 12/12/14 13/13/15
f 13/13/15 12/12/14 14/14/16
f 14/14/17 15/15/18 13/13/19
f 15/15/18 14/14/17 16/16/20
f 17/17/21 18/18/21 19/19/21
f 18/18/21 17/17/21 20/20/21
f 17/17/21 19/19/21 21/21/21
f 21/21/21 19/19/21 22/22/21
f 23/23/21 24/24/21 25/25/21
f 26/26/21 23/23/21 25/25/21
f 27/27/21 28/28/21 29/29/21
f 28/28/21 27/27/21 30/30/21
f 31/31/21 28/28/21 30/30/21
f 31/31/21 30/30/21 32/32/21
f 33/33/21 31/31/21 32/32/21
f 34/34/21 31/31/21 33/33/21
f 33/33/21 35/35/21 34/34/21
f 35/35/21 36/36/21 34/34/21
f 35/35/21 37/37/21 36/36/21
f 37/37/21 35/35/21 38/38/21
f 39/16/22 40/12/23 41/39/24
f 42/11/25 43/15/26 44/40/27
f 45/3/28 46/41/29 47/42/30
f 48/10/31 49/43/32 50/44/33
f 50/44/33 51/12/34 48/10/31
f 49/43/32 52/2/35 53/45/36
f 50/44/37 54/39/24 55/12/23
f 56/46/38 57/11/39 58/40/27
f 59/11/40 56/46/41 60/9/42
f 56/46/41 61/4/43 60/9/42
f 62/4/43 56/46/44 63/41/45
f 63/41/45 64/3/28 62/4/43
f 65/43/46 66/10/47 67/8/48
f 68/2/35 65/43/46 67/8/48
f 69/2/35 70/6/49 71/45/50
f 72/42/51 73/7/52 74/3/28
f 97/47/53 95/47/54 5045/47/54 5047/47/53
f 93/47/55 98/47/56 5048/47/56 5043/47/55
f 90/47/57 86/47/58 5036/47/58 5040/47/57
f 87/47/58 83/47/57 5033/47/57 5037/47/58
f 4263/48/59 4266/49/60 5080/49/61 5079/48/62
f 91/47/63 87/47/58 5037/47/58 5041/47/63
f 810/50/64 812/51/65 5064/51/66 5063/50/67
f 4245/52/68 4244/48/69 5073/48/70 5074/52/71
f 78/47/55 82/47/72 5032/47/72 5028/47/55
f 4310/53/73 4312/54/74 5096/54/75 5095/53/76
f 75/47/77 81/47/78 5031/47/78 5025/47/77
f 83/47/57 79/47/79 5029/47/79 5033/47/57
f 85/47/80 89/47/72 5039/47/72 5035/47/80
f 793/55/81 795/56/82 5058/56/83 5057/55/84
f 89/47/72 93/47/55 5043/47/55 5039/47/72
f 799/51/85 798/57/86 5059/57/87 5060/51/88
f 808/56/89 805/58/90 5061/58/91 5062/56/92
f 790/59/93 792/55/94 5056/55/95 5055/59/96
f 80/47/54 77/47/53 5027/47/53 5030/47/54
f 81/47/78 85/47/80 5035/47/80 5031/47/78
f 4247/60/97 4250/61/98 5076/61/99 5075/60/100
f 92/47/78 96/47/77 5046/47/77 5042/47/78
f 77/47/53 75/47/77 5025/47/77 5027/47/53
f 777/62/101 780/63/102 5050/63/103 5049/62/104
f 99/6/105 100/2/35 101/5/106
f 102/3/28 103/7/52 104/1/107
f 105/64/108 106/65/108 107/66/108
f 106/65/108 108/67/108 107/66/108
f 109/68/108 105/64/108 107/66/108
f 108/67/108 110/69/108 107/66/108
f 111/70/108 109/68/108 107/66/108
f 110/69/108 112/71/108 107/66/108
f 113/72/108 111/70/108 107/66/108
f 112/71/108 114/73/108 107/66/108
f 115/74/108 113/72/108 107/66/108
f 114/73/108 116/75/108 107/66/108
f 117/76/108 115/74/108 107/66/108
f 116/75/108 117/76/108 107/66/108
f 118/12/109 119/16/22 120/14/110
f 121/15/111 122/11/112 123/13/113
f 124/77/108 125/78/108 126/79/108
f 125/78/108 127/80/108 126/79/108
f 128/81/108 124/77/108 126/79/108
f 127/80/108 129/82/108 126/79/108
f 130/83/108 128/81/108 126/79/108
f 129/82/108 131/84/108 126/79/108
f 132/85/108 130/83/108 126/79/108
f 131/84/108 133/86/108 126/79/108
f 134/87/108 132/85/108 126/79/108
f 133/86/108 135/88/108 126/79/108
f 136/89/108 134/87/108 126/79/108
f 135/88/108 136/89/108 126/79/108
f 137/90/108 138/91/108 139/92/108
f 138/91/108 140/93/108 139/92/108
f 141/94/108 138/91/108 137/90/108
f 140/93/108 138/91/108 142/95/108
f 137/90/108 143/96/108 141/94/108
f 142/95/108 144/97/108 140/93/108
f 143/96/108 137/90/108 145/98/108
f 140/93/108 144/97/108 146/99/108
f 145/98/108 147/100/108 143/96/108
f 144/97/108 148/101/108 146/99/108
f 147/100/108 145/98/108 149/102/108
f 146/99/108 148/101/108 150/103/108
f 151/104/108 147/100/108 149/102/108
f 148/101/108 152/105/108 150/103/108
f 147/100/108 151/104/108 153/106/108
f 152/105/108 148/101/108 154/107/108
f 155/108/108 153/106/108 151/104/108
f 154/107/108 156/109/108 152/105/108
f 157/110/108 153/106/108 155/108/108
f 156/109/108 154/107/108 158/111/108
f 155/108/108 159/112/108 157/110/108
f 158/111/108 159/112/108 156/109/108
f 159/112/108 155/108/108 160/113/108
f 156/109/108 159/112/108 160/113/108
f 161/114/114 162/115/115 163/116/116
f 164/117/117 165/118/118 166/119/119
f 167/115/120 168/114/114 169/120/121
f 170/118/118 171/117/117 172/121/122
f 173/122/21 174/123/21 175/124/21
f 174/123/21 173/122/21 176/125/21
f 176/125/21 177/126/21 174/123/21
f 177/126/21 178/127/21 174/123/21
f 178/127/21 177/126/21 179/128/21
f 179/128/21 180/129/21 178/127/21
f 180/129/21 179/128/21 181/130/21
f 182/131/21 180/129/21 181/130/21
f 180/129/21 182/131/21 183/132/21
f 184/133/21 183/132/21 182/131/21
f 185/134/21 183/132/21 184/133/21
f 186/135/21 185/134/21 184/133/21
f 185/134/21 186/135/21 187/136/21
f 187/136/21 186/135/21 188/137/21
f 189/138/21 187/136/21 188/137/21
f 187/136/21 189/138/21 190/139/21
f 191/140/21 192/141/21 193/142/21
f 194/143/21 193/142/21 192/141/21
f 195/144/21 193/142/21 194/143/21
f 192/141/21 191/140/21 196/145/21
f 191/140/21 197/146/21 196/145/21
f 197/146/21 191/140/21 198/147/21
f 201/148/108 200/149/108 199/150/108
f 200/149/108 201/148/108 202/151/108
f 203/152/108 202/151/108 201/148/108
f 201/148/108 204/153/108 203/152/108
f 204/153/108 201/148/108 205/154/108
f 204/153/108 205/154/108 206/155/108
f 206/155/108 205/154/108 207/156/108
f 208/157/108 205/154/108 201/148/108
f 207/156/108 205/154/108 209/158/108
f 205/154/108 208/157/108 210/159/108
f 208/157/108 211/160/108 210/159/108
f 211/160/108 208/157/108 212/161/108
f 213/162/108 214/163/108 215/164/108
f 215/164/108 214/163/108 216/165/108
f 217/166/108 214/163/108 213/162/108
f 218/167/108 214/163/108 217/166/108
f 216/165/108 214/163/108 219/168/108
f 220/169/108 214/163/108 218/167/108
f 219/168/108 214/163/108 221/170/108
f 222/171/108 214/163/108 220/169/108
f 221/170/108 214/163/108 222/171/108
f 223/172/21 224/173/123 225/174/21
f 224/173/123 223/172/21 226/175/123
f 227/176/108 228/177/108 229/178/108
f 229/178/108 228/177/108 230/179/108
f 231/180/108 228/177/108 227/176/108
f 230/179/108 228/177/108 232/181/108
f 233/182/108 228/177/108 231/180/108
f 232/181/108 228/177/108 234/183/108
f 235/184/108 228/177/108 233/182/108
f 234/183/108 228/177/108 236/185/108
f 237/186/108 228/177/108 235/184/108
f 236/185/108 228/177/108 237/186/108
f 238/187/108 239/188/108 240/189/108
f 239/188/108 238/187/108 241/190/108
f 242/191/108 243/192/108 244/193/108
f 243/192/108 242/191/108 245/194/108
f 246/195/108 243/192/108 245/194/108
f 243/192/108 246/195/108 247/196/108
f 246/195/108 248/197/108 247/196/108
f 248/197/108 246/195/108 249/198/108
f 250/138/21 251/125/21 252/122/21
f 251/125/21 250/138/21 253/137/21
f 254/131/21 251/125/21 253/137/21
f 251/125/21 254/131/21 255/130/21
f 256/199/124 257/200/125 258/201/126
f 259/202/108 260/203/108 261/204/108
f 260/203/108 259/202/108 262/205/108
f 263/206/127 264/207/128 265/208/129
f 266/209/130 267/210/131 268/211/132
f 266/209/130 268/211/132 269/212/133
f 269/212/133 270/213/134 266/209/130
f 270/213/134 269/212/133 271/214/135
f 272/215/136 273/216/137 274/217/138
f 273/216/137 272/215/136 275/218/139
f 276/219/140 275/218/139 272/215/136
f 275/218/139 276/219/140 277/220/141
f 278/221/142 279/222/21 280/223/143
f 279/222/21 278/221/142 281/224/21
f 280/223/143 282/225/144 278/221/142
f 282/225/144 280/223/143 283/226/145
f 284/227/145 282/225/144 283/226/145
f 282/225/144 284/227/145 285/228/145
f 286/229/146 287/230/147 288/231/148
f 287/230/147 286/229/146 289/232/149
f 290/229/150 291/210/151 292/232/152
f 291/210/151 290/229/150 293/211/153
f 294/230/147 295/233/154 296/231/155
f 295/233/154 294/230/147 297/234/156
f 298/214/157 299/235/158 300/213/159
f 299/235/158 298/214/157 301/236/160
f 302/234/156 303/217/161 304/233/162
f 303/217/161 305/216/163 304/233/162
f 306/237/164 307/236/165 308/238/166
f 307/236/165 306/237/164 309/235/167
f 310/239/21 311/240/168 312/241/21
f 311/240/168 310/239/21 313/242/168
f 314/243/169 315/237/164 316/244/170
f 316/244/170 315/237/164 317/238/171
f 318/219/140 319/243/172 320/220/173
f 320/220/173 319/243/172 321/244/174
f 322/245/175 323/246/176 324/247/177
f 324/247/177 323/246/176 325/248/178
f 326/249/179 323/246/176 322/245/175
f 323/246/176 326/249/179 327/250/180
f 326/249/179 328/251/181 327/250/180
f 328/251/181 326/249/179 329/252/182
f 330/253/183 331/254/184 332/255/185
f 333/256/186 330/253/183 332/255/185
f 330/253/183 333/256/186 334/257/187
f 331/254/184 330/253/183 335/258/188
f 336/259/189 331/254/184 335/258/188
f 331/254/184 336/259/189 337/260/190
f 337/260/190 336/259/189 338/261/191
f 338/261/191 336/259/189 339/262/192
f 340/200/193 341/199/194 342/263/195
f 343/207/196 344/206/127 345/264/197
f 346/265/198 347/266/199 348/267/200
f 347/266/199 346/265/198 349/268/201
f 350/269/108 351/270/108 352/271/108
f 351/270/108 350/269/108 353/272/108
f 354/273/108 351/270/108 353/272/108
f 351/270/108 354/273/108 355/274/108
f 355/274/108 354/273/108 356/275/108
f 356/275/108 354/273/108 357/276/108
f 358/277/108 359/278/108 360/279/108
f 359/278/108 358/277/108 361/280/108
f 358/277/108 362/281/108 361/280/108
f 362/281/108 358/277/108 363/282/108
f 364/283/108 360/279/108 359/278/108
f 360/279/108 364/283/108 365/284/108
f 365/284/108 364/283/108 366/285/108
f 366/285/108 364/283/108 367/286/108
f 368/287/202 369/288/203 370/289/204
f 368/287/202 371/290/205 369/288/203
f 372/291/206 371/290/205 368/287/202
f 371/290/205 372/291/206 373/292/207
f 374/293/208 373/292/207 372/291/206
f 373/292/207 374/293/208 375/294/209
f 373/292/207 376/295/210 371/290/205
f 377/296/211 378/297/212 379/298/212
f 378/297/212 377/296/211 380/299/213
f 376/295/210 373/292/207 381/300/214
f 381/300/214 382/301/215 376/295/210
f 382/301/215 381/300/214 383/302/216
f 383/302/216 384/303/217 382/301/215
f 384/303/217 383/302/216 385/304/218
f 385/304/218 386/305/219 384/303/217
f 386/305/219 385/304/218 387/306/220
f 387/306/220 388/307/221 386/305/219
f 388/307/221 387/306/220 389/308/222
f 389/308/222 390/309/223 388/307/221
f 390/309/223 389/308/222 391/310/224
f 392/119/225 393/311/226 390/309/227
f 393/311/228 394/119/225 395/118/229
f 391/310/224 396/119/230 390/309/223
f 390/309/231 397/312/232 398/307/233
f 399/313/234 398/307/233 397/312/232
f 396/119/230 391/310/224 400/116/235
f 400/116/235 401/117/236 396/119/230
f 401/117/236 400/116/235 402/115/237
f 403/314/238 404/116/239 391/310/240
f 405/116/239 403/314/241 406/114/242
f 407/297/243 408/315/244 409/298/243
f 409/298/243 408/315/244 410/316/245
f 411/317/246 412/299/213 413/296/211
f 414/318/246 412/299/213 411/317/246
f 415/319/247 416/320/248 417/321/249
f 418/322/250 417/321/249 416/320/248
f 417/321/249 418/322/250 419/323/251
f 416/320/248 415/319/247 420/324/252
f 415/319/247 421/325/253 420/324/252
f 421/325/253 415/319/247 422/326/254
f 422/326/254 423/327/253 421/325/253
f 423/327/253 422/326/254 424/328/253
f 424/328/253 425/329/255 423/327/253
f 425/329/255 424/328/253 426/330/255
f 425/329/255 426/330/255 427/331/256
f 427/331/256 426/330/255 428/332/257
f 429/333/258 427/331/256 428/332/257
f 427/331/256 429/333/258 430/334/259
f 429/333/258 431/335/260 430/334/259
f 431/335/260 429/333/258 432/336/261
f 433/337/262 434/288/263 435/338/264
f 433/337/265 436/289/266 434/288/267
f 436/289/266 433/337/265 437/339/268
f 438/340/269 439/294/270 440/293/271
f 439/294/270 438/340/269 441/341/272
f 442/342/273 439/294/274 441/341/275
f 443/343/276 444/266/277 445/344/278
f 444/266/279 446/345/280 445/344/281
f 446/345/280 444/266/279 447/268/282
f 444/266/277 443/343/276 448/267/283
f 449/346/284 448/267/285 443/343/286
f 449/346/284 450/265/287 448/267/285
f 451/347/288 452/348/289 453/349/290
f 452/348/289 451/347/288 454/350/291
f 455/351/292 456/318/246 457/317/246
f 456/318/246 455/351/292 458/352/292
f 459/316/245 460/353/293 461/354/293
f 462/315/245 460/353/293 459/316/245
f 460/353/293 463/355/294 461/354/293
f 463/355/294 460/353/293 464/356/295
f 465/357/296 466/358/21 467/359/297
f 466/358/21 465/357/296 468/360/21
f 465/357/298 467/359/298 469/361/299
f 470/362/299 469/361/299 467/359/298
f 471/363/300 469/361/299 470/362/299
f 469/361/299 471/363/300 472/364/301
f 472/364/301 471/363/300 473/365/302
f 473/365/302 471/363/300 474/366/303
f 473/365/302 474/366/303 475/367/304
f 476/368/304 475/367/304 474/366/303
f 475/367/304 476/368/304 477/369/305
f 478/370/305 477/369/305 476/368/304
f 479/371/306 477/369/305 478/370/305
f 477/369/305 479/371/306 480/372/306
f 480/372/306 479/371/306 481/373/307
f 481/373/307 479/371/306 482/374/307
f 483/375/308 481/373/307 482/374/307
f 481/373/307 483/375/308 484/376/308
f 484/376/308 483/375/308 485/377/309
f 485/377/309 483/375/308 486/378/310
f 487/303/311 488/313/312 489/379/313
f 489/379/313 490/301/314 487/303/311
f 491/301/315 489/379/316 492/380/317
f 492/380/317 493/295/318 491/301/315
f 494/381/319 495/304/320 496/302/321
f 496/302/321 497/382/322 494/381/319
f 498/383/323 499/306/324 495/304/325
f 495/304/325 500/381/326 498/383/323
f 501/384/327 502/385/327 503/386/328
f 502/385/327 501/384/327 504/387/329
f 505/388/330 506/350/331 507/389/332
f 508/347/333 509/389/332 506/350/334
f 510/348/335 511/390/336 512/349/337
f 513/390/336 510/348/335 514/391/338
f 515/392/339 516/393/340 517/394/341
f 518/395/342 519/396/343 520/397/344
f 521/312/345 522/309/346 523/311/347
f 524/295/348 525/380/349 526/398/350
f 526/398/350 527/290/351 524/295/348
f 528/310/352 529/399/353 530/314/354
f 531/400/355 532/351/292 533/401/356
f 532/351/292 531/400/355 534/352/292
f 535/292/357 536/382/358 537/300/359
f 536/382/358 538/302/360 537/300/359
f 539/402/361 540/403/362 541/404/363
f 542/403/362 543/402/361 544/405/364
f 545/405/364 546/406/108 547/403/362
f 546/406/108 545/405/364 548/407/108
f 548/407/108 549/408/108 546/406/108
f 549/408/108 548/407/108 550/409/108
f 551/269/108 552/410/108 553/271/108
f 552/410/108 551/269/108 554/411/108
f 555/412/365 556/413/366 557/414/367
f 556/413/366 555/412/365 558/415/368
f 559/416/369 557/414/370 560/417/371
f 561/418/372 556/413/373 562/415/374
f 563/414/370 564/416/375 565/412/376
f 566/338/377 567/288/378 568/290/379
f 566/338/377 568/290/379 569/398/380
f 570/294/381 571/342/382 572/292/383
f 573/382/384 572/292/383 571/342/382
f 574/419/385 575/413/373 576/418/372
f 577/356/295 578/420/386 579/355/294
f 578/420/386 577/356/295 580/421/387
f 581/422/388 582/423/389 583/424/390
f 582/423/389 581/422/388 584/425/389
f 585/399/391 391/310/392 586/308/393
f 586/308/393 587/426/394 585/399/391
f 588/307/233 589/313/234 590/305/395
f 589/313/234 591/303/396 590/305/395
f 592/306/397 593/383/398 594/426/399
f 594/426/399 595/308/400 592/306/397
f 596/394/401 597/427/402 598/392/403
f 599/397/404 600/428/405 601/395/406
f 602/429/407 603/388/330 604/430/408
f 605/389/409 604/430/408 603/388/330
f 602/429/407 606/431/410 607/432/411
f 606/431/412 608/429/407 609/430/413
f 610/391/338 611/433/414 612/390/415
f 611/433/414 610/391/338 613/434/416
f 613/434/416 614/435/417 615/436/418
f 615/436/418 616/433/419 617/434/416
f 618/393/420 619/392/421 620/437/422
f 621/437/423 622/417/371 623/393/420
f 624/438/424 625/397/425 626/396/426
f 627/417/371 628/437/423 629/416/427
f 630/418/428 631/438/429 632/419/385
f 632/419/385 633/438/429 634/396/426
f 635/427/402 636/394/401 637/439/187
f 638/440/186 639/395/430 640/428/405
f 641/441/21 642/442/431 643/443/21
f 642/442/431 641/441/21 644/444/432
f 644/444/432 645/445/433 642/442/431
f 645/445/433 644/444/432 646/446/434
f 647/447/21 648/448/435 649/449/21
f 648/448/435 647/447/21 650/450/436
f 650/450/436 651/451/437 648/448/435
f 651/451/437 650/450/436 652/452/438
f 652/452/438 653/453/439 651/451/437
f 653/453/439 652/452/438 654/454/440
f 655/455/21 656/456/21 657/457/21
f 656/456/21 655/455/21 658/458/21
f 659/458/441 660/449/441 661/456/441
f 660/449/441 659/458/441 662/447/441
f 663/408/108 664/459/108 665/409/108
f 664/459/108 663/408/108 666/460/108
f 666/460/108 667/405/108 664/459/108
f 667/405/108 666/460/108 668/403/364
f 669/403/364 670/402/108 671/405/108
f 672/402/108 673/403/364 674/404/442
f 675/269/108 676/410/108 677/271/108
f 676/410/108 675/269/108 678/411/108
f 679/461/443 680/462/444 681/463/445
f 680/462/444 679/461/443 682/464/446
f 681/463/445 683/465/22 679/461/443
f 683/465/22 681/463/445 684/466/111
f 685/467/447 686/468/448 687/469/449
f 688/470/450 687/469/449 686/468/448
f 689/471/451 690/472/452 691/473/453
f 690/472/452 689/471/451 692/474/454
f 693/475/455 694/476/456 695/477/457
f 696/478/458 694/476/456 693/475/455
f 697/467/447 698/479/459 699/480/460
f 700/468/461 697/467/447 699/480/460
f 701/481/462 702/482/463 703/477/464
f 701/481/462 703/477/464 704/476/465
f 705/483/466 706/474/467 707/484/468
f 708/471/451 707/484/468 706/474/467
f 709/472/469 710/485/470 711/473/471
f 710/485/470 709/472/469 712/486/472
f 713/487/441 714/488/441 715/489/441
f 714/488/441 713/487/441 716/490/441
f 717/491/473 718/492/474 719/493/474
f 717/491/473 719/493/474 720/494/473
f 721/495/108 722/496/108 723/497/108
f 721/495/108 723/497/108 724/498/108
f 724/498/108 723/497/108 725/499/108
f 722/496/108 721/495/108 726/500/108
f 727/501/108 722/496/108 726/500/108
f 722/496/108 727/501/108 728/502/108
f 729/503/475 730/504/476 731/505/476
f 730/504/476 729/503/475 732/506/477
f 733/507/268 734/479/478 735/508/479
f 734/479/480 736/467/481 735/508/482
f 733/507/268 735/508/479 737/509/483
f 738/510/269 739/511/484 740/482/485
f 740/482/485 739/511/484 741/512/486
f 742/477/457 740/482/487 741/512/488
f 743/334/489 744/335/490 745/513/491
f 746/333/492 747/514/493 748/336/494
f 749/515/495 750/516/496 751/517/440
f 750/516/496 749/515/495 752/518/497
f 753/519/498 754/520/499 755/521/499
f 754/520/499 753/519/498 756/522/500
f 757/523/501 758/524/501 759/525/502
f 759/525/502 758/524/501 760/526/503
f 761/527/108 762/528/108 763/529/108
f 762/528/108 761/527/108 764/530/108
f 765/531/108 762/528/108 764/530/108
f 762/528/108 765/531/108 766/532/108
f 766/532/108 765/531/108 767/533/108
f 767/533/108 765/531/108 768/534/108
f 769/535/500 770/491/504 771/494/504
f 771/494/504 772/536/498 769/535/500
f 773/537/505 774/505/506 775/504/506
f 774/505/506 773/537/505 776/538/505
f 777/62/101 778/539/507 779/540/508
f 779/540/508 780/63/102 777/62/101
f 781/541/509 782/63/510 783/540/511
f 782/63/510 781/541/509 784/542/512
f 785/543/513 786/59/514 787/541/515
f 786/59/514 788/542/516 787/541/515
f 789/544/517 790/59/93 791/543/518
f 790/59/93 789/544/517 792/55/94
f 793/55/81 794/544/519 795/56/82
f 796/545/520 795/56/82 794/544/519
f 797/546/521 798/57/86 799/51/85
f 798/57/86 797/546/521 800/547/522
f 801/548/523 802/493/524 803/492/524
f 802/493/524 801/548/523 804/549/523
f 805/58/90 806/545/525 807/550/526
f 806/545/525 805/58/90 808/56/89
f 809/546/527 810/50/64 811/551/528
f 810/50/64 809/546/527 812/51/65
f 813/503/529 814/552/530 815/553/530
f 815/553/530 816/506/531 813/503/529
f 817/554/532 818/555/533 819/556/534
f 818/555/533 817/554/532 820/557/535
f 821/551/536 822/558/537 823/559/538
f 822/558/537 821/551/536 824/50/539
f 825/560/540 826/561/541 827/554/542
f 827/554/542 826/561/541 828/557/543
f 829/559/544 830/558/545 831/560/546
f 831/560/546 830/558/545 832/561/547
f 833/562/548 834/563/549 835/564/548
f 834/563/549 833/562/548 836/565/549
f 836/565/549 837/566/550 834/563/549
f 837/566/550 836/565/549 838/567/551
f 839/568/552 837/566/550 838/567/551
f 837/566/550 839/568/552 840/569/552
f 840/569/552 839/568/552 841/570/553
f 841/570/553 839/568/552 842/571/553
f 843/572/108 844/573/108 845/574/108
f 844/573/108 843/572/108 846/575/108
f 844/573/108 846/575/108 847/576/108
f 847/576/108 846/575/108 848/577/108
f 849/535/554 850/522/555 851/519/554
f 850/522/555 849/535/554 852/536/554
f 853/578/21 854/579/21 855/580/21
f 854/579/21 853/578/21 856/581/21
f 857/526/556 858/538/557 859/537/558
f 859/537/558 860/525/557 857/526/556
f 861/582/559 862/583/560 863/584/561
f 862/583/560 861/582/559 864/585/562
f 862/583/563 865/483/564 866/584/565
f 867/484/566 866/584/565 865/483/564
f 868/586/567 869/587/568 870/588/569
f 870/588/569 871/589/570 868/586/567
f 872/587/571 873/486/572 870/588/573
f 873/486/572 872/587/571 874/485/574
f 875/590/575 876/591/576 877/592/577
f 875/590/578 877/592/579 878/593/580
f 878/593/580 879/594/581 875/590/578
f 880/595/582 877/592/577 876/591/576
f 876/591/583 881/596/584 880/595/585
f 881/596/584 876/591/583 882/597/586
f 883/598/21 884/599/21 885/600/21
f 884/599/21 883/598/21 886/601/21
f 887/602/21 886/601/21 883/598/21
f 886/601/21 887/602/21 888/603/21
f 888/603/21 889/604/21 886/601/21
f 889/604/21 888/603/21 890/605/21
f 887/602/21 891/606/21 888/603/21
f 891/606/21 887/602/21 892/607/21
f 893/608/587 894/609/588 895/610/589
f 894/609/588 893/608/587 896/611/590
f 895/610/589 897/612/591 893/608/587
f 897/612/591 895/610/589 898/613/592
f 899/614/593 900/615/594 901/616/595
f 900/615/594 899/614/593 902/617/594
f 902/617/594 903/618/596 900/615/594
f 903/618/596 902/617/594 904/619/597
f 904/619/597 905/620/598 903/618/596
f 905/620/598 904/619/597 906/621/599
f 906/621/599 907/622/600 905/620/598
f 907/622/600 906/621/599 908/623/600
f 909/334/601 910/513/602 911/331/603
f 912/514/604 913/333/605 914/332/606
f 915/624/108 916/625/108 917/626/108
f 915/624/108 917/626/108 918/627/108
f 918/627/108 919/628/108 915/624/108
f 920/629/108 921/630/108 919/628/108
f 922/631/108 920/629/108 919/628/108
f 919/628/108 918/627/108 922/631/108
f 918/627/108 923/632/108 922/631/108
f 923/632/108 918/627/108 924/633/108
f 924/633/108 925/634/108 923/632/108
f 925/634/108 924/633/108 926/635/108
f 926/635/108 927/636/108 925/634/108
f 927/636/108 926/635/108 928/637/108
f 929/638/607 930/639/608 931/640/609
f 931/640/609 932/641/610 929/638/607
f 933/642/611 932/641/610 931/640/609
f 934/643/612 935/638/607 936/641/610
f 937/644/613 938/645/614 939/646/615
f 940/647/616 939/646/615 938/645/614
f 941/648/613 942/649/613 943/650/617
f 944/651/618 943/650/617 942/649/613
f 945/652/619 946/653/418 947/654/620
f 948/654/621 949/655/622 950/652/619
f 949/655/622 951/656/623 950/652/619
f 949/655/622 948/654/621 952/657/624
f 953/658/625 954/659/626 955/660/627
f 954/659/626 953/658/625 956/661/625
f 957/662/108 958/663/108 959/664/108
f 958/663/108 957/662/108 960/665/108
f 961/666/21 962/667/21 963/668/21
f 962/667/21 961/666/21 964/669/21
f 965/670/628 966/671/629 967/672/630
f 966/671/629 965/670/628 968/673/630
f 969/548/631 970/674/632 971/549/631
f 969/548/631 972/675/632 970/674/632
f 973/676/633 974/677/634 975/678/633
f 974/677/634 973/676/633 976/679/634
f 977/680/635 978/553/636 979/552/636
f 978/553/636 977/680/635 980/681/637
f 981/682/63 982/683/63 983/684/63
f 983/684/63 984/685/63 981/682/63
f 985/686/499 986/687/499 987/688/499
f 985/686/499 987/688/499 988/689/499
f 986/687/499 985/686/499 989/690/499
f 986/687/499 989/690/499 990/691/499
f 991/692/501 992/693/501 993/694/501
f 991/692/501 993/694/501 994/695/501
f 995/696/501 992/693/501 991/692/501
f 992/693/501 995/696/501 996/697/501
f 997/698/638 998/699/638 999/700/639
f 999/700/639 998/699/638 1000/701/640
f 1001/702/108 1002/703/108 1003/704/108
f 1002/703/108 1001/702/108 1004/705/108
f 1005/706/499 1006/707/499 1007/708/499
f 1005/706/499 1007/708/499 1008/709/499
f 1009/710/501 1010/711/501 1011/712/501
f 1009/710/501 1011/712/501 1012/713/501
f 1013/641/641 1014/714/642 1015/715/643
f 1014/714/642 1013/641/641 1016/642/644
f 1017/716/645 1018/654/646 1019/717/647
f 1018/654/646 1017/716/645 1020/657/648
f 1021/718/649 1022/719/650 1023/720/651
f 1024/721/652 1025/722/653 1026/723/654
f 1028/724/655 1029/725/656 1027/726/655
f 1029/725/656 1028/724/655 1030/727/656
f 1031/728/657 1032/729/108 1033/730/108
f 1034/731/658 1031/728/657 1033/730/108
f 1032/729/108 1031/728/657 1035/732/108
f 1035/732/108 1036/733/108 1032/729/108
f 1036/733/108 1035/732/108 1037/734/108
f 1037/734/108 1038/735/108 1036/733/108
f 1038/735/108 1037/734/108 1039/736/108
f 1040/737/108 1041/738/659 1042/739/108
f 1042/739/108 1041/738/659 1043/740/660
f 1041/738/659 1040/737/108 1044/741/108
f 1040/737/108 1045/742/108 1044/741/108
f 1045/742/108 1040/737/108 1046/743/108
f 1046/743/108 1047/744/108 1045/742/108
f 1047/744/108 1046/743/108 1048/745/108
f 1049/746/661 1050/747/662 1051/748/663
f 1050/747/662 1049/746/661 1052/749/664
f 1050/747/662 1052/749/664 1053/750/665
f 1053/750/665 1054/751/666 1050/747/662
f 1054/751/666 1053/750/665 1055/752/667
f 1055/752/667 1056/753/668 1054/751/666
f 1057/754/669 1058/755/670 1059/756/670
f 1058/755/670 1057/754/669 1060/757/671
f 1061/758/672 1060/757/671 1057/754/669
f 1060/757/671 1061/758/672 1062/759/672
f 1063/760/673 1064/761/674 1065/762/675
f 1066/763/676 1065/762/675 1064/761/674
f 1064/761/674 1067/764/676 1066/763/676
f 1066/763/676 1067/764/676 1068/765/676
f 1069/766/677 1064/761/674 1063/760/673
f 1063/760/673 1070/767/678 1069/766/677
f 1070/767/678 1063/760/673 1071/768/679
f 1072/769/680 1070/767/678 1071/768/679
f 1071/768/679 1073/770/681 1072/769/680
f 1074/771/676 1072/769/680 1073/770/681
f 1075/772/682 1072/769/680 1074/771/676
f 1076/773/676 1075/772/682 1074/771/676
f 1077/774/683 1078/775/684 1079/776/685
f 1078/775/684 1077/774/683 1080/777/684
f 1079/776/685 1081/778/686 1077/774/683
f 1081/778/686 1079/776/685 1082/779/686
f 1083/780/687 1084/781/687 1085/782/687
f 1085/782/687 1086/783/688 1083/780/687
f 1087/685/689 1088/684/690 1089/784/689
f 1089/784/689 1090/785/690 1087/685/689
f 1091/786/691 1092/787/692 1093/788/693
f 1094/789/694 1093/788/693 1092/787/692
f 1092/787/692 1091/786/691 1095/790/695
f 1096/791/696 1095/790/695 1091/786/691
f 1098/792/697 1099/793/698 1097/794/697
f 1099/793/698 1098/792/697 1100/795/698
f 1101/796/699 1099/793/63 1100/795/63
f 1100/795/63 1102/797/700 1101/796/699
f 1103/798/701 1101/796/699 1102/797/700
f 1102/797/700 1104/799/702 1103/798/701
f 1105/800/703 1103/798/701 1104/799/702
f 1104/799/702 1106/801/704 1105/800/703
f 1108/802/697 1109/803/698 1107/804/697
f 1109/803/698 1108/802/697 1110/805/698
f 1111/806/705 1109/803/63 1110/805/63
f 1110/805/63 1112/807/700 1111/806/705
f 1113/808/701 1111/806/705 1112/807/700
f 1112/807/700 1114/809/706 1113/808/701
f 1115/810/704 1113/808/701 1114/809/706
f 1114/809/706 1116/811/704 1115/810/704
f 1117/812/707 1118/813/708 1119/814/709
f 1120/815/710 1119/814/709 1118/813/708
f 1118/813/708 1117/812/707 1121/816/711
f 1119/814/709 1120/815/710 1122/817/712
f 1123/818/711 1121/816/711 1117/812/707
f 1123/818/711 1124/819/713 1121/816/711
f 1124/819/713 1123/818/711 1125/820/713
f 1126/821/712 1122/817/712 1120/815/710
f 1126/821/712 1127/822/714 1122/817/712
f 1127/822/714 1126/821/712 1128/823/714
f 1129/824/715 1130/825/716 1131/826/717
f 1131/826/717 1130/825/716 1132/827/717
f 1133/828/718 1134/829/718 1135/830/719
f 1135/830/719 1136/831/719 1133/828/718
f 1137/832/720 1138/833/108 1139/834/721
f 1139/834/721 1140/835/722 1137/832/720
f 1140/835/722 1139/834/721 1141/836/723
f 1138/833/108 1137/832/720 1142/837/724
f 1142/837/724 1143/838/108 1138/833/108
f 1143/838/108 1142/837/724 1144/839/725
f 1145/840/726 1146/841/727 1147/842/728
f 1147/842/728 1148/843/729 1145/840/726
f 1148/843/729 1147/842/728 1149/844/730
f 1146/841/727 1145/840/726 1150/845/108
f 1150/845/108 1151/846/731 1146/841/727
f 1151/846/731 1150/845/108 1152/847/108
f 1153/848/108 1154/849/732 1155/850/108
f 1154/849/732 1153/848/108 1156/851/732
f 1157/790/733 1158/791/734 1159/852/735
f 1160/853/63 1161/854/63 1162/855/633
f 1163/856/633 1162/855/633 1161/854/63
f 1161/854/63 1160/853/63 1164/857/63
f 1160/853/63 1165/858/63 1164/857/63
f 1166/859/63 1167/860/736 1168/861/736
f 1168/861/736 1169/862/63 1166/859/63
f 1170/863/737 1171/864/737 1172/865/63
f 1173/866/63 1172/865/63 1171/864/737
f 1174/867/738 1175/868/739 1176/869/740
f 1174/867/741 1176/869/742 1177/870/743
f 1177/870/743 1178/871/744 1174/867/741
f 1175/868/739 1179/872/745 1176/869/740
f 1179/872/746 1175/868/747 1180/873/748
f 1180/873/748 1181/874/748 1179/872/746
f 1182/875/749 1183/876/750 1184/877/751
f 1183/876/750 1182/875/749 1185/878/752
f 1186/879/753 1187/880/754 1188/881/753
f 1189/882/755 1190/883/756 1191/884/757
f 1192/885/758 1193/886/108 1194/887/759
f 1193/886/108 1192/885/758 1195/888/108
f 1196/889/760 1197/890/108 1198/891/108
f 1197/890/108 1196/889/760 1199/892/108
f 1200/893/108 1199/892/108 1196/889/760
f 1201/894/108 1197/890/108 1199/892/108
f 1199/892/108 1202/895/759 1201/894/108
f 1202/895/759 1203/896/108 1201/894/108
f 1204/897/761 1196/889/760 1205/898/108
f 1196/889/760 1204/897/761 1206/899/108
f 1206/899/108 1204/897/761 1207/900/762
f 1204/897/761 1205/898/108 1208/901/108
f 1209/902/108 1204/897/761 1208/901/108
f 1204/897/761 1209/902/108 1210/903/108
f 1211/904/108 1210/903/108 1209/902/108
f 1210/903/108 1211/904/108 1212/905/763
f 1213/906/108 1214/907/108 1211/904/108
f 1214/907/108 1213/906/108 1215/908/763
f 1213/906/108 1216/909/108 1215/908/763
f 1217/910/764 1215/908/763 1216/909/108
f 1216/909/108 1218/911/108 1219/912/765
f 1216/909/108 1220/913/108 1218/911/108
f 1221/914/108 1218/911/108 1220/913/108
f 1222/915/108 1221/914/108 1220/913/108
f 1223/916/108 1222/915/108 1220/913/108
f 1221/914/108 1222/915/108 1224/917/442
f 1222/915/108 1225/918/766 1224/917/442
f 1225/918/766 1226/919/108 1227/920/767
f 1228/881/364 1226/919/108 1225/918/766
f 1228/881/364 1225/918/766 1229/879/766
f 1229/879/753 1230/921/760 1231/880/754
f 1232/904/108 1233/907/108 1234/922/108
f 1235/915/108 1236/916/108 1237/923/361
f 1238/879/753 1239/924/108 1240/921/760
f 1241/924/108 1242/879/768 1243/925/108
f 1244/925/108 1245/926/108 1246/927/108
f 1245/926/108 1244/925/108 1247/928/763
f 1247/928/763 1248/929/760 1245/926/108
f 1248/929/760 1247/928/763 1249/930/108
f 1249/930/108 1250/931/108 1248/929/760
f 1248/929/760 1250/931/108 1251/932/760
f 1248/929/760 1251/932/760 1252/933/769
f 1250/931/108 1249/930/108 1253/934/364
f 1253/934/364 1254/935/763 1250/931/108
f 1253/934/364 1255/936/758 1254/935/763
f 1255/936/758 1253/934/364 1256/937/758
f 1257/899/108 1258/893/108 1259/889/761
f 1260/909/108 1261/912/764 1262/910/764
f 1263/904/108 1264/922/108 1265/905/108
f 1266/927/108 1267/924/108 1268/925/108
f 1269/938/770 1270/939/771 1271/940/772
f 1270/939/771 1269/938/770 1272/941/773
f 1272/941/774 1273/942/775 1270/939/776
f 1274/943/777 1270/939/776 1273/942/775
f 1273/942/778 1275/944/779 1274/943/780
f 1275/944/779 1276/945/781 1274/943/780
f 1277/946/782 1278/947/783 1279/948/784
f 1278/947/783 1277/946/782 1280/949/785
f 1281/950/786 1282/951/787 1283/952/21
f 1283/952/21 1284/953/21 1281/950/786
f 1284/953/21 1283/952/21 1285/954/21
f 1285/954/21 1286/955/21 1284/953/21
f 1286/955/21 1285/954/21 1287/956/21
f 1286/955/21 1288/957/21 1284/953/21
f 1289/958/21 1286/955/21 1287/956/21
f 1286/955/21 1289/958/21 1290/959/788
f 1289/958/21 1291/960/789 1290/959/788
f 1288/957/21 1286/955/21 1292/961/21
f 1293/962/21 1288/957/21 1292/961/21
f 1288/957/21 1293/962/21 1294/963/21
f 1293/962/21 1295/964/21 1294/963/21
f 1295/964/21 1293/962/21 1296/965/21
f 1297/966/790 1298/967/791 1299/968/792
f 1300/688/793 1301/969/793 1302/970/793
f 1301/969/793 1300/688/793 1303/687/793
f 1301/969/793 1304/971/794 1302/970/793
f 1304/971/794 1301/969/793 1305/972/795
f 1306/788/796 1307/789/694 1308/973/797
f 1309/974/798 1310/692/798 1311/695/798
f 1309/974/798 1311/695/798 1312/975/798
f 1313/976/799 1309/974/798 1312/975/798
f 1309/974/798 1313/976/799 1314/977/799
f 1315/978/800 1316/979/801 1317/980/802
f 1317/980/802 1318/981/803 1315/978/800
f 1319/982/804 1317/980/805 1316/979/806
f 1317/980/805 1319/982/804 1320/983/804
f 1321/918/768 1322/920/767 1323/917/442
f 1324/984/807 1325/985/808 1326/986/809
f 1327/987/810 1325/985/808 1324/984/807
f 1328/988/811 1327/987/810 1324/984/807
f 1325/985/808 1329/989/812 1326/986/809
f 1330/990/813 1326/986/809 1329/989/812
f 1326/986/809 1330/990/813 1331/991/814
f 1332/992/587 1333/993/21 1334/994/587
f 1333/993/21 1332/992/587 1335/995/21
f 1336/720/651 1337/996/815 1338/718/649
f 1339/997/816 1340/998/740 1341/999/739
f 1340/998/817 1339/997/818 1342/1000/743
f 1342/1000/743 1343/1001/743 1340/998/817
f 1341/999/739 1344/1002/819 1339/997/816
f 1344/1002/820 1341/999/747 1345/1003/821
f 1345/1003/821 1346/1004/821 1344/1002/820
f 1347/1005/822 1348/1006/823 1349/1007/824
f 1348/1006/825 1347/1005/826 1350/1008/827
f 1351/1009/828 1350/1008/827 1347/1005/826
f 1348/1006/823 1352/1010/829 1349/1007/824
f 1353/1011/830 1349/1007/831 1352/1010/832
f 1349/1007/831 1353/1011/830 1354/1012/833
f 1355/1013/834 1356/1014/835 1357/1015/836
f 1358/1016/837 1356/1014/835 1355/1013/834
f 1359/1017/838 1358/1016/837 1355/1013/834
f 1356/1014/835 1360/1018/839 1357/1015/836
f 1361/1019/813 1357/1015/836 1360/1018/839
f 1357/1015/836 1361/1019/813 1362/1020/840
f 1363/1021/841 1364/1022/842 1365/1023/843
f 1365/1023/843 1366/1024/337 1363/1021/841
f 1367/1025/844 1363/1021/841 1366/1024/337
f 1368/722/845 1369/721/846 1370/1026/847
f 1371/1027/848 1372/1028/849 1373/1029/850
f 1373/1029/850 1372/1028/849 1374/1030/851
f 1375/1031/852 1374/1030/851 1372/1028/849
f 1372/1028/849 1371/1027/848 1376/1032/853
f 1377/1033/854 1376/1032/853 1371/1027/848
f 1376/1032/853 1377/1033/854 1378/1034/855
f 1379/1035/856 1380/1006/857 1381/1036/858
f 1381/1036/859 1380/1006/860 1382/1037/861
f 1383/1008/827 1382/1037/861 1380/1006/860
f 1380/1006/857 1379/1035/856 1384/1010/862
f 1385/1038/863 1384/1010/864 1379/1035/865
f 1384/1010/864 1385/1038/863 1386/1011/830
f 1387/1039/108 1388/1040/108 1389/1041/108
f 1388/1040/108 1387/1039/108 1390/1042/108
f 1391/1043/866 1392/1044/867 1393/1045/868
f 1392/1044/867 1391/1043/866 1394/1046/869
f 1395/1047/870 1394/1046/869 1391/1043/866
f 1396/1048/871 1393/1045/868 1392/1044/867
f 1397/1049/872 1393/1045/868 1396/1048/871
f 1393/1045/868 1397/1049/872 1398/1050/873
f 1399/1007/874 1400/1051/875 1401/1005/876
f 1400/1051/877 1399/1007/878 1402/1052/879
f 1403/1012/833 1402/1052/879 1399/1007/878
f 1404/1053/880 1401/1005/876 1400/1051/875
f 1405/1054/881 1401/1005/882 1404/1053/883
f 1401/1005/882 1405/1054/881 1406/1009/828
f 1407/1055/884 1408/1014/849 1409/1056/885
f 1409/1056/885 1408/1014/849 1410/1057/851
f 1411/1016/837 1410/1057/851 1408/1014/849
f 1408/1014/849 1407/1055/884 1412/1018/886
f 1413/1058/854 1412/1018/886 1407/1055/884
f 1412/1018/886 1413/1058/854 1414/1019/855
f 1415/1015/887 1416/1059/888 1417/1013/868
f 1416/1059/888 1415/1015/887 1418/1060/889
f 1419/1020/840 1418/1060/889 1415/1015/887
f 1420/1061/890 1417/1013/868 1416/1059/888
f 1421/1062/891 1417/1013/868 1420/1061/890
f 1417/1013/868 1421/1062/891 1422/1017/873
f 1423/760/123 1424/763/892 1425/771/893
f 1425/771/893 1426/768/123 1423/760/123
f 1427/773/894 1425/771/893 1424/763/892
f 1424/763/892 1428/765/894 1427/773/894
f 1429/1063/895 1430/1064/895 1431/1065/896
f 1432/1066/897 1433/1067/309 1434/1068/898
f 1433/1067/309 1432/1066/897 1435/1069/899
f 1434/1068/898 1436/1070/900 1432/1066/897
f 1435/1069/899 1437/1071/901 1433/1067/309
f 1437/1071/901 1435/1069/899 1438/1072/902
f 1438/1072/902 1439/1073/903 1437/1071/901
f 1434/1068/898 1440/1074/904 1436/1070/900
f 1440/1074/904 1434/1068/898 1441/1075/905
f 1441/1075/905 1442/1076/906 1440/1074/904
f 1442/1076/906 1441/1075/905 1443/1077/906
f 1444/1078/907 1445/1079/907 1446/1080/908
f 1446/1080/908 1447/1081/908 1444/1078/907
f 1448/1022/842 1449/1021/909 1450/1082/910
f 1451/1065/896 1452/1083/896 1453/1063/911
f 1454/1084/912 1455/1085/844 1456/1086/913
f 1457/1087/337 1458/1086/914 1459/1085/915
f 1460/1088/916 1461/1029/917 1462/1089/918
f 1462/1089/918 1461/1029/917 1463/1090/919
f 1464/1030/920 1463/1090/919 1461/1029/917
f 1461/1029/917 1460/1088/916 1465/1027/921
f 1466/1091/922 1465/1027/921 1460/1088/916
f 1465/1027/921 1466/1091/922 1467/1033/923
f 1468/1092/924 1469/1036/925 1470/1093/926
f 1471/1037/927 1470/1093/928 1469/1036/929
f 1470/1093/928 1471/1037/927 1472/1094/930
f 1469/1036/925 1468/1092/924 1473/1035/931
f 1473/1035/932 1468/1092/933 1474/1038/934
f 1468/1092/933 1475/1095/935 1474/1038/934
f 1476/1096/936 1477/1056/937 1478/1097/938
f 1478/1097/938 1477/1056/937 1479/1098/939
f 1480/1057/920 1479/1098/939 1477/1056/937
f 1477/1056/937 1476/1096/936 1481/1055/940
f 1482/1099/941 1481/1055/940 1476/1096/936
f 1481/1055/940 1482/1099/941 1483/1058/942
f 1484/1100/943 1485/1101/944 1486/1102/945
f 1484/1100/943 1486/1102/945 1487/1103/946
f 1488/1104/946 1484/1100/943 1487/1103/946
f 1489/1105/943 1484/1100/943 1488/1104/946
f 1490/1106/945 1489/1105/943 1488/1104/946
f 1490/1106/945 1491/1107/947 1489/1105/943
f 1488/1104/946 1487/1103/946 1492/1108/948
f 1493/1109/949 1492/1108/948 1487/1103/946
f 1492/1108/948 1493/1109/949 1494/1110/950
f 1495/1111/951 1494/1110/950 1493/1109/949
f 1494/1110/950 1495/1111/951 1496/1112/951
f 1497/1113/952 1496/1112/951 1495/1111/951
f 1496/1112/951 1497/1113/952 1498/1114/953
f 1499/1115/953 1498/1114/953 1497/1113/952
f 1500/1044/954 1501/1116/955 1502/1048/956
f 1501/1116/955 1500/1044/954 1503/1117/957
f 1504/1046/958 1503/1117/957 1500/1044/954
f 1505/1118/959 1502/1048/956 1501/1116/955
f 1506/1119/960 1502/1048/956 1505/1118/959
f 1502/1048/956 1506/1119/960 1507/1049/961
f 1508/1051/962 1509/1120/963 1510/1053/964
f 1511/1052/965 1509/1120/966 1508/1051/967
f 1509/1120/966 1511/1052/965 1512/1121/968
f 1513/1122/969 1510/1053/964 1509/1120/963
f 1514/1054/970 1510/1053/971 1513/1122/972
f 1515/1123/973 1514/1054/970 1513/1122/972
f 1516/1124/974 1517/1125/974 1518/595/975
f 1516/1124/976 1518/595/977 1519/596/978
f 1519/596/978 1520/1126/979 1516/1124/976
f 1517/1125/974 1521/592/980 1518/595/975
f 1521/592/981 1517/1125/982 1522/1127/983
f 1522/1127/983 1523/593/984 1521/592/981
f 1524/1059/985 1525/1128/986 1526/1061/987
f 1525/1128/986 1524/1059/985 1527/1129/957
f 1528/1060/988 1527/1129/957 1524/1059/985
f 1529/1130/959 1526/1061/987 1525/1128/986
f 1530/1131/989 1526/1061/987 1529/1130/959
f 1526/1061/987 1530/1131/989 1531/1062/990
f 1532/1132/991 1533/1133/992 1534/1134/213
f 1533/1133/992 1535/1135/212 1534/1134/213
f 1533/1133/993 1536/1136/994 1537/1135/212
f 1536/1136/994 1538/1137/995 1537/1135/212
f 1539/1138/72 1540/1139/72 1541/1140/72
f 1540/1139/72 1542/1141/996 1541/1140/72
f 1540/1139/72 1539/1138/72 1543/1142/72
f 1542/1141/996 1540/1139/72 1544/1143/997
f 1545/1144/72 1543/1142/72 1539/1138/72
f 1542/1141/996 1544/1143/997 1546/1145/998
f 1547/1146/72 1543/1142/72 1545/1144/72
f 1548/1147/999 1546/1145/998 1544/1143/997
f 1545/1144/72 1549/1148/72 1547/1146/72
f 1546/1145/998 1548/1147/999 1550/1149/999
f 1548/1147/999 1551/1150/1000 1550/1149/999
f 1551/1150/1000 1548/1147/999 1552/1151/1000
f 1549/1148/72 1545/1144/72 1553/1152/72
f 1553/1152/72 1554/1153/997 1549/1148/72
f 1554/1153/997 1553/1152/72 1555/1154/996
f 1556/1155/1001 1554/1153/997 1555/1154/996
f 1557/1156/1002 1554/1153/997 1556/1155/1001
f 1557/1156/1002 1556/1155/1001 1558/1157/999
f 1558/1157/999 1559/1158/1000 1557/1156/1002
f 1559/1158/1000 1558/1157/999 1560/1159/1000
f 1561/1160/1003 1562/1161/211 1563/1162/212
f 1563/1162/212 1564/1163/1004 1561/1160/1003
f 1565/469/1005 1566/1164/1006 1567/1165/1007
f 1568/475/1008 1569/1166/1009 1570/1167/1010
f 1571/1168/1011 1572/1169/1012 1573/1170/1013
f 1572/1169/1012 1574/1171/1014 1573/1170/1013
f 1574/1171/1014 1572/1169/1012 1575/1172/1015
f 1576/1173/1016 1573/1170/1013 1574/1171/1014
f 1573/1170/1013 1576/1173/1016 1577/1165/1007
f 1578/1164/1017 1573/1170/1013 1577/1165/1007
f 1576/1173/1016 1579/467/1018 1577/1165/1007
f 1580/469/1005 1577/1165/1007 1579/467/1018
f 1579/467/1018 1576/1173/1016 1581/508/1019
f 1582/1174/1020 1583/1175/1021 1584/1176/1022
f 1583/1175/1021 1582/1174/1020 1585/1177/1020
f 1586/715/1023 1587/1178/1024 1588/1179/1025
f 1587/1178/1024 1586/715/1023 1589/714/1026
f 1590/1180/1027 1591/1181/1028 1592/1182/1029
f 1593/1183/1030 1590/1180/1027 1592/1182/1029
f 1593/1183/1030 1594/1184/1031 1590/1180/1027
f 1592/1182/1029 1595/1185/1032 1593/1183/1030
f 1595/1185/1032 1592/1182/1029 1596/1166/1009
f 1592/1182/1029 1597/1167/1033 1596/1166/1009
f 1598/477/1034 1595/1185/1032 1596/1166/1009
f 1595/1185/1032 1598/477/1034 1599/512/1035
f 1596/1166/1009 1600/475/1008 1598/477/1034
f 1601/1186/1036 1602/716/1037 1603/717/1038
f 1603/717/1038 1604/1187/1039 1601/1186/1036
f 1605/1188/1040 1606/1189/1041 1607/1190/1042
f 1606/1189/1041 1605/1188/1040 1608/1191/1043
f 1609/1192/1044 1608/1191/1043 1605/1188/1040
f 1610/1193/1045 1607/1190/1042 1606/1189/1041
f 1611/1194/1046 1607/1190/1042 1610/1193/1045
f 1607/1190/1042 1611/1194/1046 1612/1195/1047
f 1613/1196/1048 1614/1197/1049 1615/1198/1050
f 1614/1197/1051 1613/1196/1052 1616/1199/1053
f 1617/1200/1054 1616/1199/1053 1613/1196/1052
f 1618/1201/1055 1615/1198/1050 1614/1197/1049
f 1619/1202/1056 1615/1198/1057 1618/1201/1058
f 1615/1198/1057 1619/1202/1056 1620/883/1059
f 1621/1203/1060 1622/1204/1061 1623/1205/1062
f 1622/1204/1061 1621/1203/1060 1624/1206/1063
f 1625/1207/1064 1624/1206/1063 1621/1203/1060
f 1626/1208/1065 1623/1205/1062 1622/1204/1061
f 1627/1209/1066 1623/1205/1062 1626/1208/1065
f 1623/1205/1062 1627/1209/1066 1628/1210/1067
f 1629/1211/638 1630/1212/638 1631/1213/63
f 1630/1212/638 1632/1214/63 1631/1213/63
f 1633/1215/1068 1634/1216/1069 1635/1217/1070
f 1635/1217/1070 1634/1216/1069 1636/1218/1071
f 1637/1219/1072 1636/1218/1071 1634/1216/1069
f 1634/1216/1069 1633/1215/1068 1638/1220/1073
f 1639/1221/1074 1638/1220/1073 1633/1215/1068
f 1638/1220/1073 1639/1221/1074 1640/1222/1075
f 1641/1223/1076 1642/1224/1007 1643/1225/1007
f 1641/1223/1076 1643/1225/1007 1644/1226/1076
f 1644/1226/1076 1645/1227/1076 1641/1223/1076
f 1645/1227/1076 1644/1226/1076 1646/1228/1007
f 1647/1229/1007 1645/1227/1076 1646/1228/1007
f 1645/1227/1076 1647/1229/1007 1648/1230/1007
f 1649/1231/1077 1650/1232/1078 1651/1233/1079
f 1651/1233/1080 1650/1232/1081 1652/1234/1082
f 1653/967/1083 1652/1234/1082 1650/1232/1081
f 1650/1232/1078 1649/1231/1077 1654/1235/1084
f 1655/1236/1085 1654/1235/1086 1649/1231/1087
f 1654/1235/1086 1655/1236/1085 1656/1237/1088
f 1657/1238/1089 1658/1239/1090 1659/1240/1070
f 1659/1240/1070 1658/1239/1090 1660/1241/1091
f 1661/1242/1092 1660/1241/1091 1658/1239/1090
f 1658/1239/1090 1657/1238/1089 1662/1243/1093
f 1663/1244/1074 1662/1243/1093 1657/1238/1089
f 1662/1243/1093 1663/1244/1074 1664/1245/1094
f 1665/1140/72 1666/1155/72 1667/1152/72
f 1666/1155/72 1665/1140/72 1668/1145/72
f 1668/1145/72 1669/1159/72 1666/1155/72
f 1669/1159/72 1668/1145/72 1670/1150/72
f 1671/1246/1095 1672/1247/1096 1673/1248/1097
f 1674/1249/1098 1675/1250/1009 1676/1251/1009
f 1675/1250/1009 1674/1249/1098 1677/1252/1098
f 1678/1253/1009 1676/1251/1009 1675/1250/1009
f 1676/1251/1009 1678/1253/1009 1679/1254/1098
f 1678/1253/1009 1680/1255/1099 1679/1254/1098
f 1678/1253/1009 1681/1256/1009 1680/1255/1099
f 1682/1257/1100 1683/1258/1100 1684/1259/1100
f 1684/1259/1100 1683/1258/1100 1685/1260/1100
f 1686/1261/1101 1687/1262/1102 1688/1263/1103
f 1687/1262/1104 1689/1261/1105 1690/1264/1106
f 1691/1265/793 1692/1266/793 1693/1267/793
f 1694/1268/793 1691/1265/793 1693/1267/793
f 1691/1265/793 1694/1268/793 1695/1269/793
f 1692/1266/793 1691/1265/793 1696/1270/793
f 1696/1270/793 1697/1271/793 1692/1266/793
f 1696/1270/793 1698/1272/793 1697/1271/793
f 1699/1273/1107 1700/1274/1108 1701/1275/1109
f 1702/1276/798 1703/1277/798 1704/1278/798
f 1704/1278/798 1705/1279/798 1702/1276/798
f 1704/1278/798 1706/1280/798 1705/1279/798
f 1703/1277/798 1702/1276/798 1707/1281/798
f 1708/1282/798 1703/1277/798 1707/1281/798
f 1703/1277/798 1708/1282/798 1709/1283/798
f 1710/790/1110 1711/1284/1111 1712/787/1112
f 1713/1285/1113 1712/787/1112 1711/1284/1111
f 1711/1284/1111 1710/790/1110 1714/1286/1114
f 1715/852/1115 1714/1286/1114 1710/790/1110
f 1714/1286/1116 1716/852/1117 1717/1287/1118
f 1712/787/1119 1718/1285/1113 1719/789/1120
f 1720/1288/1121 1721/1289/1122 1722/1290/1123
f 1723/1247/1124 1724/1246/1117 1725/1291/1125
f 1726/1292/1126 1727/1293/1127 1728/1294/1128
f 1727/1293/1127 1726/1292/1126 1729/1295/1129
f 1729/1295/1129 1726/1292/1126 1730/1296/1130
f 1728/1294/1128 1731/1297/1131 1726/1292/1126
f 1728/1294/1128 1732/1298/1132 1731/1297/1131
f 1733/1299/1133 1732/1298/1132 1728/1294/1128
f 1734/1300/1134 1735/1301/1135 1736/1302/1136
f 1737/1303/372 1738/1304/1137 1739/1305/1138
f 1740/469/1139 1741/470/1140 1742/1306/1141
f 1743/1307/1142 1742/1306/1141 1741/470/1140
f 1744/1306/1143 1743/1307/1144 1745/1308/1145
f 1743/1307/1144 1746/1309/1146 1745/1308/1145
f 1743/1307/1147 1747/1310/1148 1748/1309/1149
f 1747/1310/1148 1749/1311/1150 1748/1309/1149
f 1750/1310/1148 1751/1312/1151 1749/1311/1152
f 1752/1313/1153 1749/1311/1152 1751/1312/1151
f 1749/1311/1152 1752/1313/1153 1753/1314/1154
f 1754/263/1155 1753/1314/1156 1755/1313/1157
f 1753/1314/1158 1756/263/1159 1757/199/1160
f 1753/1314/1161 1758/1315/77 1759/1311/1162
f 1758/1315/77 1760/1309/1163 1759/1311/1162
f 1758/1315/77 1753/1314/1161 1761/1316/77
f 1762/199/124 1761/1316/77 1753/1314/1161
f 1760/1309/1163 1758/1315/77 1763/1317/77
f 1763/1317/77 1764/1308/1164 1760/1309/1163
f 1761/1316/77 1765/1318/77 1758/1315/77
f 1765/1318/77 1763/1317/77 1758/1315/77
f 1761/1316/77 1762/199/124 1766/1319/77
f 1766/1319/77 1762/199/124 1767/201/77
f 1767/201/77 1768/1320/77 1766/1319/77
f 1766/1319/77 1769/1321/77 1761/1316/77
f 1765/1318/77 1761/1316/77 1769/1321/77
f 1768/1320/77 1770/1322/77 1766/1319/77
f 1769/1321/77 1766/1319/77 1770/1322/77
f 1770/1322/77 1768/1320/77 1771/1323/77
f 1772/996/77 1770/1322/77 1771/1323/77
f 1770/1322/77 1772/996/77 1773/720/1165
f 1774/1324/1166 1770/1322/77 1773/720/1165
f 1770/1322/77 1774/1324/1166 1769/1321/77
f 1769/1321/77 1775/1325/1167 1765/1318/77
f 1775/1325/1167 1769/1321/77 1774/1324/1166
f 1775/1325/1167 1776/1326/77 1765/1318/77
f 1763/1317/77 1765/1318/77 1776/1326/77
f 1776/1326/77 1775/1325/1167 1777/1327/1168
f 1776/1326/77 1778/1328/77 1763/1317/77
f 1764/1308/1164 1763/1317/77 1778/1328/77
f 1779/1329/77 1776/1326/77 1777/1327/1168
f 1778/1328/77 1776/1326/77 1779/1329/77
f 1780/1190/1042 1781/1330/1169 1782/1188/1040
f 1783/1195/1047 1781/1330/1169 1780/1190/1042
f 1781/1330/1169 1784/1331/1170 1782/1188/1040
f 1782/1188/1040 1784/1331/1170 1785/1192/1044
f 1786/1330/1171 1783/1195/1047 1787/1332/1172
f 1788/1333/1173 1785/1192/1044 1789/1331/1174
f 1790/972/1175 1791/1334/1176 1792/1335/1176
f 1790/972/1175 1792/1335/1176 1793/971/1177
f 1794/1336/1178 1795/1337/1179 1796/1338/1180
f 1797/1339/1181 1798/1340/1181 1799/1341/1182
f 1798/1340/1181 1797/1339/1181 1800/1342/1181
f 1797/1339/1181 1801/1343/1181 1800/1342/1181
f 1802/1344/1181 1799/1341/1182 1798/1340/1181
f 1801/1343/1181 1797/1339/1181 1803/1345/1181
f 1803/1345/1181 1802/1344/1181 1801/1343/1181
f 1802/1344/1181 1803/1345/1181 1804/1346/1182
f 1799/1341/1182 1802/1344/1181 1804/1346/1182
f 1804/1346/1182 1805/1347/1183 1799/1341/1182
f 1805/1347/1183 1804/1346/1182 1806/1348/1183
f 1806/1348/1183 1807/385/1183 1805/1347/1183
f 1807/385/1183 1806/1348/1183 1808/386/1183
f 1809/977/1184 1810/1349/1185 1811/1350/1185
f 1810/1349/1185 1809/977/1184 1812/976/1186
f 1813/1351/1187 1814/478/1188 1815/1352/1189
f 1815/1352/1189 1814/478/1188 1816/475/1190
f 1813/1351/1191 1817/1352/1192 1818/1353/1193
f 1819/1354/1194 1813/1351/1191 1818/1353/1193
f 1813/1351/1195 1820/1354/1196 1821/1355/1197
f 1822/1356/1198 1821/1355/1197 1820/1354/1196
f 1823/1355/1197 1822/1356/1199 1824/1357/1200
f 1822/1356/1199 1825/1358/1201 1824/1357/1200
f 1825/1358/1201 1822/1356/1199 1826/1359/1202
f 1827/264/1203 1828/1358/1204 1826/1359/1205
f 1829/264/1203 1826/1359/1206 1830/207/1207
f 1831/1360/79 1826/1359/1208 1832/1356/1209
f 1833/1354/1210 1831/1360/79 1832/1356/1209
f 1826/1359/1208 1831/1360/79 1834/1361/79
f 1834/1361/79 1835/207/128 1826/1359/1208
f 1836/1362/79 1831/1360/79 1833/1354/1210
f 1833/1354/1210 1837/1353/1211 1836/1362/79
f 1838/1363/79 1834/1361/79 1831/1360/79
f 1836/1362/79 1838/1363/79 1831/1360/79
f 1835/207/128 1834/1361/79 1839/1364/79
f 1839/1364/79 1840/208/79 1835/207/128
f 1840/208/79 1839/1364/79 1841/1365/79
f 1834/1361/79 1842/1366/79 1839/1364/79
f 1834/1361/79 1838/1363/79 1842/1366/79
f 1839/1364/79 1843/1367/79 1841/1365/79
f 1839/1364/79 1842/1366/79 1843/1367/79
f 1841/1365/79 1843/1367/79 1844/1368/79
f 1843/1367/79 1845/1026/79 1844/1368/79
f 1846/722/1212 1845/1026/79 1843/1367/79
f 1843/1367/79 1847/1369/1213 1846/722/1212
f 1847/1369/1213 1843/1367/79 1842/1366/79
f 1848/1370/1214 1842/1366/79 1838/1363/79
f 1842/1366/79 1848/1370/1214 1847/1369/1213
f 1849/1371/79 1848/1370/1214 1838/1363/79
f 1849/1371/79 1838/1363/79 1836/1362/79
f 1850/1372/1215 1848/1370/1214 1849/1371/79
f 1849/1371/79 1836/1362/79 1851/1373/79
f 1837/1353/1211 1851/1373/79 1836/1362/79
f 1849/1371/79 1852/1374/79 1850/1372/1215
f 1851/1373/79 1852/1374/79 1849/1371/79
f 1853/1375/1216 1854/1376/1217 1855/1377/1218
f 1853/1375/1216 1855/1377/1218 1856/836/1219
f 1857/1378/1220 1855/1377/1218 1854/1376/1217
f 1858/878/1221 1855/1377/1218 1857/1378/1220
f 1857/1378/1220 1859/876/1222 1858/878/1221
f 1854/1376/1223 1860/1379/77 1857/1378/1224
f 1857/1378/1224 1861/1380/77 1859/876/1225
f 1860/1379/77 1854/1376/1223 1862/1381/1226
f 1861/1380/77 1857/1378/1224 1860/1379/77
f 1863/1382/1227 1860/1379/77 1862/1381/1226
f 1864/1383/77 1860/1379/77 1863/1382/1227
f 1864/1383/77 1861/1380/77 1860/1379/77
f 1861/1380/77 1865/877/1228 1859/876/1225
f 1866/1382/1227 1867/1384/77 1864/1383/77
f 1861/1380/77 1864/1383/77 1868/1385/77
f 1865/877/1228 1861/1380/77 1869/1386/1229
f 1868/1385/77 1869/1386/1229 1861/1380/77
f 1869/1386/1229 1868/1385/77 1870/1387/1230
f 1868/1385/77 1871/1388/77 1870/1387/1230
f 1872/1389/1231 1869/1386/1232 1870/1387/1233
f 1869/1386/1232 1872/1389/1231 1873/1390/1234
f 1873/1390/1234 1874/877/1235 1869/1386/1232
f 1874/877/1235 1873/1390/1234 1875/875/1236
f 1876/1391/1237 1877/1203/1238 1878/1392/1239
f 1877/1203/1238 1876/1391/1237 1879/1207/1240
f 1880/1393/1241 1879/1207/1240 1876/1391/1237
f 1881/1205/1242 1878/1392/1239 1877/1203/1238
f 1882/1210/1243 1878/1392/1239 1881/1205/1242
f 1878/1392/1239 1882/1210/1243 1883/1394/1244
f 1884/1395/1245 1885/1396/1246 1886/1397/1247
f 1884/1395/1245 1887/1398/1248 1885/1396/1246
f 1887/1398/1248 1884/1395/1245 1888/1399/1249
f 1889/949/1250 1888/1399/1249 1884/1395/1245
f 1888/1399/1249 1889/949/1250 1890/946/1251
f 1888/1399/1252 1891/1400/79 1887/1398/1253
f 1891/1400/79 1892/1401/1254 1887/1398/1253
f 1891/1400/79 1893/1402/1255 1892/1401/1254
f 1888/1399/1252 1890/946/1256 1894/1403/79
f 1894/1403/79 1891/1400/79 1888/1399/1252
f 1890/946/1256 1895/948/1257 1894/1403/79
f 1891/1400/79 1896/1404/79 1893/1402/1255
f 1894/1403/79 1896/1404/79 1891/1400/79
f 1897/1405/79 1893/1402/1255 1896/1404/79
f 1896/1404/79 1894/1403/79 1898/1406/79
f 1899/1407/1258 1894/1403/79 1895/948/1257
f 1899/1407/1258 1898/1406/79 1894/1403/79
f 1898/1406/79 1899/1407/1258 1900/1408/1259
f 1899/1407/1260 1901/1409/1261 1900/1408/1262
f 1901/1409/1261 1899/1407/1260 1902/1410/1263
f 1903/948/1264 1902/1410/1263 1899/1407/1260
f 1902/1410/1263 1903/948/1264 1904/947/1265
f 1905/1411/1266 1906/1412/1267 1907/1413/1268
f 1907/1413/1269 1908/1414/1270 1905/1411/1271
f 1908/1414/1270 1907/1413/1269 1909/1415/1272
f 1910/1416/1273 1911/1417/1135 1912/1418/1274
f 1913/1417/1275 1914/1416/1273 1915/1419/1136
f 1916/1418/1276 1917/1420/1277 1914/1416/1278
f 1917/1420/1277 1916/1418/1276 1918/1421/339
f 1919/1422/372 1920/1423/1279 1921/1424/1280
f 1922/1425/1281 1923/1426/77 1924/1427/77
f 1925/1428/1282 1926/1429/1283 1927/1430/1284
f 1926/1429/1283 1925/1428/1282 1928/1431/1285
f 1929/1432/1286 1922/1425/1281 1924/1427/77
f 1929/1432/1286 1924/1427/77 1930/1433/77
f 1931/1434/1287 1922/1425/1288 1929/1432/1289
f 1922/1425/1288 1931/1434/1287 1932/1435/1290
f 1932/1435/1290 1931/1434/1287 1933/1436/1287
f 1933/1436/1287 1934/1437/821 1932/1435/1290
f 1934/1437/821 1933/1436/1287 1935/1438/1291
f 1934/1437/821 1935/1438/1291 1936/1439/1292
f 1936/1439/1292 1937/1440/1293 1934/1437/821
f 1937/1440/1293 1938/1441/1293 1934/1437/821
f 1938/1441/1293 1937/1440/1293 1939/1442/1294
f 1938/1441/1293 1939/1442/1294 1940/1443/1292
f 1941/1444/1295 1938/1441/1293 1940/1443/1292
f 1941/1444/1295 1942/1445/1293 1938/1441/1293
f 1941/1444/1295 1940/1443/1292 1943/1446/1292
f 1941/1444/1295 1944/1447/1296 1942/1445/1293
f 1943/1446/1292 1945/1448/1292 1941/1444/1295
f 1944/1447/1296 1941/1444/1295 1946/1449/1297
f 1946/1449/1297 1947/1450/1298 1944/1447/1296
f 1947/1450/1298 1946/1449/1297 1948/1451/1298
f 1945/1448/1292 1943/1446/1292 1949/1452/1293
f 1950/1453/1293 1945/1448/1292 1949/1452/1293
f 1950/1453/1293 1951/1454/1299 1945/1448/1292
f 1951/1454/1299 1950/1453/1293 1952/1455/1291
f 1953/1456/1300 1951/1454/1299 1952/1455/1291
f 1953/1456/1300 1954/1457/1301 1951/1454/1299
f 1954/1457/1301 1953/1456/1300 1955/1458/1302
f 1955/1458/1303 1956/1459/1304 1954/1457/1305
f 1957/1459/1304 1955/1458/1306 1958/1460/1307
f 1959/1461/1308 1960/1459/1309 1958/1460/1310
f 1959/1461/1308 1961/1462/1311 1960/1459/1309
f 1961/1462/1311 1959/1461/1308 1962/1463/1312
f 1963/1423/1313 1964/1422/1314 1965/1464/1138
f 1966/1465/1315 1967/1424/1316 1963/1423/1317
f 1967/1424/1316 1966/1465/1315 1968/1466/344
f 1969/1467/63 1970/1468/63 1971/1469/63
f 1970/1468/63 1972/1470/63 1971/1469/63
f 1973/1471/63 1974/1472/63 1975/1473/63
f 1975/1473/63 1976/1474/63 1973/1471/63
f 1977/1475/1318 1978/1476/402 1979/1477/1319
f 1978/1476/402 1977/1475/1318 1980/1478/1320
f 1981/1479/1321 1982/1480/1322 1983/1481/405
f 1981/1479/1321 1983/1481/405 1984/1482/1323
f 1985/1483/79 1986/1484/79 1987/1485/79
f 1986/1484/79 1988/1486/1324 1987/1485/79
f 1985/1483/79 1987/1485/79 1989/1487/1325
f 1989/1487/1325 1990/1488/1326 1985/1483/79
f 1989/1487/1327 1991/1489/1328 1990/1488/1329
f 1991/1489/1328 1989/1487/1327 1992/1490/1330
f 1987/1485/79 1993/1491/1331 1989/1487/1325
f 1993/1491/1331 1987/1485/79 1994/1492/79
f 1994/1492/79 1987/1485/79 1988/1486/1324
f 1988/1486/1324 1995/1493/79 1994/1492/79
f 1995/1493/79 1988/1486/1324 1996/1494/79
f 1996/1494/79 1988/1486/1324 1997/1495/79
f 1988/1486/1324 1998/1496/1332 1997/1495/79
f 1997/1495/79 1998/1496/1332 1999/1497/79
f 1998/1496/1333 1988/1486/1334 2000/1498/1335
f 2000/1498/1335 2001/1499/1336 1998/1496/1333
f 2001/1499/1336 2000/1498/1335 2002/1500/1337
f 2002/1500/1337 2003/1501/1338 2001/1499/1336
f 2003/1501/1338 2002/1500/1337 2004/1502/1339
f 2004/1502/1339 2005/1503/1340 2003/1501/1338
f 2005/1503/1340 2004/1502/1339 2006/1504/1341
f 2006/1504/1341 2007/1505/1340 2005/1503/1340
f 2007/1505/1340 2006/1504/1341 2008/1506/1342
f 2008/1506/1342 2009/1507/1343 2007/1505/1340
f 2009/1507/1343 2008/1506/1342 2010/1508/1344
f 2010/1508/1344 2011/1509/1344 2009/1507/1343
f 2012/1304/1345 2013/1303/1346 2014/1510/1347
f 2015/1511/1348 2012/1304/1345 2014/1510/1347
f 2012/1304/1345 2015/1511/1348 2016/1300/1349
f 2017/1301/1275 2016/1300/1349 2015/1511/1348
f 2018/1428/1350 2019/1512/77 2020/1513/1351
f 2018/1428/1352 2020/1513/1353 2021/1514/1354
f 2018/1428/1352 2021/1514/1354 2022/1431/1285
f 2019/1512/77 2018/1428/1350 2023/1515/77
f 2023/1515/77 2024/1516/77 2019/1512/77
f 2018/1428/1350 1927/1430/1355 2023/1515/77
f 2024/1516/77 2023/1515/77 1922/1425/1281
f 1923/1426/77 2023/1515/77 1927/1430/1355
f 1923/1426/77 1922/1425/1281 2023/1515/77
f 2025/1517/77 2026/1518/77 2027/1519/77
f 2025/1517/77 2028/1520/77 2026/1518/77
f 2029/1521/77 2026/1518/77 2028/1520/77
f 2030/1522/77 2029/1521/77 2028/1520/77
f 2028/1520/77 2031/1523/77 2030/1522/77
f 2032/1524/77 2030/1522/77 2031/1523/77
f 2031/1523/77 2033/1525/77 2032/1524/77
f 2031/1523/77 2034/1526/77 2033/1525/77
f 2035/1527/77 2036/1528/77 2037/1529/77
f 2038/1409/79 2039/1410/79 2040/1530/79
f 2041/1531/79 2040/1530/79 2039/1410/79
f 2041/1531/79 2039/1410/79 2042/947/79
f 2041/1531/79 2042/947/79 2043/949/79
f 2044/1532/79 2041/1531/79 2043/949/79
f 2043/949/79 2045/1533/79 2044/1532/79
f 2046/1395/79 2044/1532/79 2045/1533/79
f 2044/1532/79 2046/1395/79 2047/1534/79
f 2046/1395/79 2048/1397/79 2047/1534/79
f 2049/1421/339 2050/1535/1356 2051/1420/1357
f 2050/1535/1356 2049/1421/339 2052/1536/1358
f 2053/640/1359 2054/639/1359 2055/1537/1360
f 2056/642/1360 2053/640/1359 2055/1537/1360
f 2055/1537/1360 2057/714/1361 2056/642/1360
f 2057/714/1361 2055/1537/1360 2058/1538/1362
f 2059/1264/1363 2058/1538/1364 2060/1262/1102
f 2058/1538/1362 2055/1537/1360 2061/1539/1365
f 2062/1540/1366 2061/1539/1365 2055/1537/1360
f 2063/1541/1367 2058/1538/1362 2061/1539/1365
f 2064/1542/1368 2061/1539/1365 2062/1540/1366
f 2065/1543/1369 2057/714/1361 2058/1538/1362
f 2057/714/1361 2065/1543/1369 2066/1178/1360
f 2065/1543/1369 2067/1544/1360 2066/1178/1360
f 2065/1543/1369 2068/1545/1360 2067/1544/1360
f 2068/1545/1360 2065/1543/1369 2069/1546/1360
f 2065/1543/1369 2070/1547/1360 2069/1546/1360
f 2058/1538/1362 2071/1264/1106 2065/1543/1369
f 2058/1538/1370 2072/1541/1367 2073/1262/1102
f 2061/1539/1371 2074/1548/1372 2072/1541/1367
f 2075/1549/1373 2072/1541/1367 2076/1548/1372
f 2077/1550/1374 2065/1543/1369 2071/1264/1106
f 2071/1264/1106 2078/1551/1375 2077/1550/1374
f 2078/1551/1375 2071/1264/1106 2079/1261/1105
f 2065/1543/1369 2077/1550/1374 2080/1552/1376
f 2080/1552/1377 2081/1553/1360 2082/1554/1360
f 2080/1552/1377 2083/1555/1360 2081/1553/1360
f 2080/1552/1377 2084/1556/1360 2083/1555/1360
f 2084/1556/1360 2085/1557/1361 2083/1555/1360
f 2084/1556/1360 2080/1552/1377 2086/1558/1359
f 2086/1558/1359 2080/1552/1377 2087/1559/1360
f 2087/1559/1360 2088/1560/1378 2086/1558/1359
f 2089/1561/1379 2090/1562/842 2091/1563/1380
f 2092/1564/910 2091/1563/1380 2090/1562/842
f 2093/1565/1381 2089/1561/1379 2091/1563/1380
f 2089/1561/1379 2093/1565/1381 2094/1566/1382
f 2093/1565/1383 2095/1567/1384 2094/1566/1385
f 2095/1567/1384 2093/1565/1383 2096/1568/1386
f 2097/1481/1387 2098/1466/344 2099/1482/1388
f 2100/1465/1315 2099/1482/1388 2098/1466/344
f 2101/1569/1389 2102/1196/1390 2103/882/1391
f 2102/1196/1392 2101/1569/1393 2104/1200/1394
f 2105/1198/1395 2103/882/1391 2102/1196/1390
f 2106/883/1396 2103/882/1397 2105/1198/1398
f 2107/1570/79 2108/1571/1399 2109/1572/79
f 2109/1572/79 2108/1571/1399 2110/1573/79
f 2111/1574/1400 2112/1171/1401 2113/1172/1402
f 2111/1574/1400 2113/1172/1402 2114/1575/1403
f 2112/1171/1401 2111/1574/1400 2115/1576/1400
f 2116/1173/1404 2112/1171/1401 2115/1576/1400
f 2117/509/483 2116/1173/1404 2115/1576/1400
f 2118/508/1405 2116/1173/1404 2117/509/483
f 2119/1577/77 2120/1223/77 2121/1578/77
f 2120/1223/77 2119/1577/77 2122/1224/77
f 2121/1578/77 2123/1579/77 2119/1577/77
f 2123/1579/77 2121/1578/77 2124/1580/77
f 2121/1578/77 2125/1581/77 2124/1580/77
f 2126/1227/77 2121/1578/77 2120/1223/77
f 2125/1581/77 2121/1578/77 2127/1582/77
f 2121/1578/77 2126/1227/77 2127/1582/77
f 2128/1230/77 2127/1582/77 2126/1227/77
f 2127/1582/77 2128/1230/77 2129/1583/77
f 2130/1584/77 2131/1585/77 2132/1586/77
f 2131/1585/77 2130/1584/77 2133/1587/77
f 2134/1588/77 2132/1586/77 2131/1585/77
f 2134/1588/77 2135/1589/77 2132/1586/77
f 2134/1588/77 2136/1590/1361 2135/1589/77
f 2136/1590/1361 2137/1591/77 2135/1589/77
f 2136/1590/1361 2138/1592/77 2137/1591/77
f 2138/1592/77 2136/1590/1361 2139/1593/77
f 2139/1593/77 2140/1594/77 2138/1592/77
f 2141/1081/1406 2142/1080/1406 2136/1590/1407
f 2136/1590/1361 2134/1588/77 2143/1595/1407
f 2136/1590/1361 2143/1595/1407 2144/1081/1406
f 2134/1588/77 2145/1596/77 2143/1595/1407
f 2143/1595/1407 2145/1596/77 2146/1597/77
f 2143/1595/1407 2146/1597/77 2147/1598/77
f 2146/1597/77 2148/1599/77 2147/1598/77
f 2149/1600/1408 2150/1601/1331 2151/1602/79
f 2152/1548/1372 2061/1539/1365 2153/1603/1409
f 2061/1539/1365 2064/1542/1368 2153/1603/1409
f 2154/1604/1410 2153/1603/1409 2064/1542/1368
f 2153/1603/1409 2154/1604/1410 2155/1605/1411
f 2155/1605/1411 2152/1548/1372 2153/1603/1409
f 2152/1548/1372 2155/1605/1411 2156/1606/1412
f 2157/1607/1413 2152/1548/1414 2158/1606/1415
f 2159/1608/1416 2160/1609/1417 2161/1610/1418
f 2162/1611/1419 2161/1610/1418 2160/1609/1417
f 2161/1610/1418 2163/1612/1420 2159/1608/1416
f 2163/1612/1420 2164/1613/1421 2159/1608/1416
f 2165/1614/79 2166/1250/79 2167/1615/79
f 2168/1252/79 2167/1615/79 2166/1250/79
f 2167/1615/79 2169/1616/79 2165/1614/79
f 2170/1617/79 2165/1614/79 2169/1616/79
f 2166/1250/79 2165/1614/79 2171/1253/79
f 2172/1618/79 2165/1614/79 2170/1617/79
f 2173/1619/79 2171/1253/79 2165/1614/79
f 2165/1614/79 2172/1618/79 2173/1619/79
f 2174/1620/79 2175/1621/79 2176/1622/79
f 2176/1622/79 2177/1623/79 2174/1620/79
f 2178/1582/1422 2179/1583/1423 2180/1624/1423
f 2178/1582/1422 2180/1624/1423 2181/1625/1424
f 2182/1626/1425 2183/1627/1425 2184/1628/1426
f 2184/1628/1426 2185/1629/1427 2182/1626/1425
f 2186/1630/1425 2182/1626/1425 2185/1629/1427
f 2185/1629/1427 2184/1628/1426 2187/1631/1425
f 2188/1632/1425 2186/1630/1425 2185/1629/1427
f 2187/1631/1425 2189/1633/1425 2185/1629/1427
f 2189/1633/1425 2187/1631/1425 2190/1634/1428
f 2191/1635/79 2188/1632/1425 2185/1629/1427
f 2188/1632/1425 2191/1635/79 2192/1636/1425
f 2191/1635/79 2193/1637/1428 2192/1636/1425
f 2191/1635/79 2194/1638/1428 2193/1637/1428
f 2195/1639/1425 2194/1638/1428 2191/1635/79
f 2196/1186/1429 2195/1639/1425 2191/1635/79
f 2197/1640/1430 2191/1635/79 2185/1629/1427
f 2198/716/1425 2196/1186/1429 2191/1635/79
f 2191/1635/79 2197/1640/1430 2199/1248/1097
f 2200/1641/1431 2199/1248/1097 2197/1640/1430
f 2199/1248/1097 2200/1641/1431 2201/1246/1432
f 2199/1248/1097 2202/1642/1433 2191/1635/79
f 2202/1642/1433 2198/716/1425 2191/1635/79
f 2202/1642/1434 2203/1248/1435 2204/1247/1124
f 2202/1642/1433 2205/1643/1425 2198/716/1425
f 2198/716/1425 2205/1643/1425 2206/657/1425
f 2207/655/1426 2206/657/1425 2205/1643/1425
f 2207/655/1426 2205/1643/1425 2208/656/1436
f 2205/1643/1425 2202/1642/1433 2209/1644/1437
f 2210/1645/1438 2209/1644/1437 2202/1642/1433
f 2202/1642/1433 2211/1646/1439 2210/1645/1438
f 2209/1644/1437 2210/1645/1438 2212/1647/1440
f 2213/1646/1439 2202/1642/1441 2214/1247/1124
f 2215/1336/1442 2210/1645/1443 2213/1646/1439
f 2213/1646/1439 2216/1648/1444 2217/1336/1442
f 2218/1649/1445 2212/1647/1440 2210/1645/1438
f 2212/1647/1440 2218/1649/1445 2219/1650/1446
f 2210/1645/1438 2220/1336/1447 2218/1649/1445
f 2221/1651/1448 2219/1650/1446 2218/1649/1445
f 2220/1336/1447 2221/1651/1448 2218/1649/1445
f 2221/1651/1448 2220/1336/1447 2222/1338/1449
f 2223/1652/1450 2224/1653/1377 2225/1654/1360
f 2223/1652/1450 2225/1654/1360 2226/1655/1360
f 2227/1656/1451 2228/1657/1452 2229/1658/1453
f 2228/1657/1452 2227/1656/1451 2230/1659/1454
f 2231/1660/356 2228/1657/1455 2230/1659/1456
f 2228/1657/1455 2231/1660/356 2232/1661/386
f 2233/1662/914 2234/1663/1457 2235/1664/912
f 2234/1663/1457 2233/1662/914 2236/1665/1458
f 2236/1665/1458 2237/1666/1459 2234/1663/1457
f 2237/1666/1459 2236/1665/1458 2238/1667/1460
f 2239/1668/1461 2237/1666/1462 2238/1667/1463
f 2239/1668/1461 2240/1669/1464 2237/1666/1462
f 2241/1670/1429 2242/1065/1465 2243/1671/1466
f 2244/1672/79 2243/1671/1466 2245/1673/79
f 2243/1671/1466 2244/1672/79 2246/1674/79
f 2246/1674/79 2247/1675/79 2243/1671/1466
f 2241/1670/1429 2243/1671/1466 2247/1675/79
f 2248/1065/1465 2241/1670/1466 2249/1083/1465
f 2241/1670/1429 2247/1675/79 2250/1676/79
f 2250/1676/79 2247/1675/79 2251/1677/79
f 2250/1676/79 2252/1678/79 2241/1670/1429
f 2253/1679/79 2241/1670/1429 2252/1678/79
f 2254/1680/79 2241/1670/1429 2253/1679/79
f 2250/1676/79 2251/1677/79 2255/1681/79
f 2255/1681/79 2251/1677/79 2256/1682/79
f 2256/1682/79 2257/1683/79 2255/1681/79
f 2258/1220/1467 2259/1684/1468 2260/1216/1469
f 2260/1216/1469 2259/1684/1468 2261/1219/1470
f 2259/1684/1468 2258/1220/1467 2262/1685/1471
f 2263/1222/1472 2262/1685/1471 2258/1220/1467
f 2264/1686/1473 2265/1219/1474 2259/1684/1475
f 2262/1685/1476 2266/1222/1477 2267/1687/1478
f 2268/1235/1479 2269/968/1480 2270/1232/1481
f 2270/1232/1482 2269/968/1483 2271/967/1484
f 2269/968/1480 2268/1235/1479 2272/1688/1485
f 2273/1237/1486 2272/1688/1487 2268/1235/1488
f 2274/1689/1489 2275/1184/1490 2276/1183/1491
f 2275/1184/1490 2274/1689/1489 2277/1690/1492
f 2276/1183/1491 2278/1691/1489 2274/1689/1489
f 2278/1691/1489 2276/1183/1491 2279/1185/1493
f 2279/1185/1493 2280/511/484 2278/1691/1489
f 2280/511/484 2279/1185/1493 2281/512/1494
f 2282/1619/1495 2283/1692/1496 2284/1693/1496
f 2283/1692/1496 2282/1619/1495 2285/1694/1497
f 1777/1327/1168 2286/1695/1498 1779/1329/77
f 2287/1696/77 1764/1308/1164 1778/1328/77
f 1779/1329/77 2287/1696/77 1778/1328/77
f 1764/1308/1164 2287/1696/77 2288/1306/1499
f 2286/1695/1498 2289/1697/77 1779/1329/77
f 2287/1696/77 1779/1329/77 2289/1697/77
f 2289/1697/77 2286/1695/1498 2290/1698/1500
f 2291/1699/1501 2289/1697/77 2290/1698/1500
f 2289/1697/77 2291/1699/1501 2292/1168/1502
f 2292/1168/1502 2287/1696/77 2289/1697/77
f 2288/1306/1499 2287/1696/77 2293/1164/1503
f 2287/1696/77 2292/1168/1502 2293/1164/1503
f 2288/1306/1499 2293/1164/1503 2294/469/1504
f 2295/1170/1013 2293/1164/1503 2292/1168/1502
f 2296/1169/1505 2292/1168/1506 2297/1699/1507
f 2298/1243/1508 2299/1700/1509 2300/1239/1510
f 2300/1239/1510 2299/1700/1509 2301/1242/1511
f 2299/1700/1509 2298/1243/1508 2302/1701/1512
f 2303/1245/1513 2302/1701/1512 2298/1243/1508
f 2304/1702/1514 2305/1242/1515 2299/1700/1516
f 2302/1701/1517 2306/1245/1518 2307/1703/1519
f 2308/1704/77 2309/1705/77 2310/1706/77
f 2311/1707/77 2310/1706/77 2309/1705/77
f 2309/1705/77 2308/1704/77 2312/1708/77
f 2310/1706/77 2311/1707/77 2313/1709/1520
f 2314/1710/1521 2313/1709/1522 2311/1707/1523
f 2313/1709/1522 2314/1710/1521 2315/1711/1524
f 2316/1712/77 2312/1708/77 2308/1704/77
f 2316/1712/77 2317/1713/77 2312/1708/77
f 2316/1712/77 2318/1714/1525 2317/1713/77
f 2318/1714/1525 2319/1715/1526 2317/1713/77
f 2318/1714/1525 2316/1712/77 2320/715/1527
f 2320/715/1527 2316/1712/77 2321/1716/77
f 2320/715/1527 2321/1716/77 2322/1717/77
f 2320/715/1527 2322/1717/77 2323/1718/77
f 2324/1719/77 2320/715/1527 2323/1718/77
f 2324/1719/77 2325/641/1528 2320/715/1527
f 2326/1720/77 2325/641/1528 2324/1719/77
f 2325/641/1528 2326/1720/77 2327/643/1529
f 2328/1721/1524 2327/643/1530 2326/1720/1523
f 2328/1721/1524 2329/638/1524 2327/643/1530
f 2330/1179/1531 2318/1714/1525 2320/715/1527
f 2318/1714/1525 2330/1179/1531 2331/1722/1532
f 2332/1547/1533 2333/1554/1534 2331/1722/1535
f 2331/1722/1535 2330/1179/1536 2332/1547/1533
f 2330/1179/1536 2334/1546/1533 2332/1547/1533
f 2330/1179/1536 2335/1545/1533 2334/1546/1533
f 2330/1179/1536 2336/1544/1533 2335/1545/1533
f 2330/1179/1536 2337/1178/1024 2336/1544/1533
f 2338/1723/1537 2339/1724/1538 2340/1725/72
f 2339/1724/1538 2341/1726/1539 2342/1727/1540
f 2343/1728/1541 2340/1725/72 2344/1724/1538
f 2344/1724/1538 2345/1727/1267 2343/1728/1541
f 2346/1411/1542 2345/1727/1540 2347/1729/1539
f 2348/1726/1539 2344/1724/1538 2349/1730/1543
f 2350/1731/72 2351/1723/1544 2340/1725/72
f 2351/1723/1544 2350/1731/72 2352/1732/1545
f 2352/1732/1546 2353/1733/1547 2351/1723/1548
f 2354/1734/1547 2353/1733/1547 2352/1732/1546
f 2355/1735/1549 2356/1732/1550 2350/1731/72
f 2357/1736/1551 2355/1735/1552 2358/1737/1539
f 2357/1736/1551 2359/1737/1539 2360/1738/1539
f 2361/1735/1549 2350/1731/72 2362/1739/1541
f 2359/1737/1540 2361/1735/1549 2362/1739/1541
f 2363/1740/1553 2364/1262/1102 2365/1541/1367
f 2365/1541/1367 2366/1549/1554 2367/1740/1555
f 2368/1262/1102 2363/1740/1555 2369/1263/1556
f 2370/1741/1557 1850/1372/1215 1852/1374/79
f 1837/1353/1211 2371/1742/79 1851/1373/79
f 1852/1374/79 1851/1373/79 2371/1742/79
f 2371/1742/79 1837/1353/1211 2372/1352/1558
f 1852/1374/79 2373/1743/79 2370/1741/1557
f 2371/1742/79 2373/1743/79 1852/1374/79
f 2374/1744/1559 2370/1741/1557 2373/1743/79
f 2373/1743/79 2375/1745/1560 2374/1744/1559
f 2375/1745/1560 2373/1743/79 2376/1181/1561
f 2371/1742/79 2376/1181/1561 2373/1743/79
f 2372/1352/1558 2377/1167/1562 2371/1742/79
f 2376/1181/1561 2371/1742/79 2377/1167/1562
f 2377/1167/1562 2372/1352/1558 2378/475/1563
f 2377/1167/1562 2379/1182/1029 2376/1181/1561
f 2376/1181/1028 2380/1180/1564 2381/1745/1565
f 2382/1648/1444 2383/1646/1439 2384/1746/1566
f 2385/1247/1124 2386/1746/1566 2383/1646/1439
f 2386/1746/1566 2385/1247/1124 2387/1291/1567
f 2388/1747/79 2389/1748/79 2390/1749/79
f 2390/1749/79 2391/1750/1568 2388/1747/79
f 2389/1748/79 2388/1747/79 2392/1751/79
f 2393/1750/1568 2390/1749/79 2394/1752/1568
f 2395/1753/1569 2390/1749/79 2389/1748/79
f 2390/1749/79 2395/1753/1569 2396/1754/1570
f 2396/1754/1570 2397/1752/1568 2390/1749/79
f 2397/1752/1568 2396/1754/1570 2398/1755/1571
f 2389/1748/79 2399/1756/1572 2395/1753/1569
f 2392/1751/79 2400/1757/1573 2389/1748/79
f 2399/1756/1572 2389/1748/79 2400/1757/1573
f 2400/1757/1574 2401/1758/1575 2399/1756/1576
f 2400/1757/1573 2392/1751/79 2402/1759/1577
f 2401/1758/1575 2400/1757/1574 2403/1760/1578
f 2402/1759/1579 2403/1760/1578 2400/1757/1574
f 2403/1760/1578 2402/1759/1579 2404/1761/1578
f 2405/1762/1580 2406/1763/1581 2407/1764/1582
f 2405/1762/1580 2407/1764/1582 2408/1765/1583
f 2408/1765/1583 2409/1766/1584 2405/1762/1580
f 2409/1766/1584 2408/1765/1583 2410/1767/1585
f 2406/1763/1586 2411/1768/1587 2407/1764/1588
f 2411/1768/1587 2406/1763/1586 2412/1769/1589
f 2411/1768/1587 2412/1769/1589 2413/1770/1590
f 2411/1768/1587 2413/1770/1590 2414/1771/1591
f 2415/1772/79 2416/1773/79 2417/1774/1592
f 2418/1775/79 2419/1776/1593 2420/1777/1594
f 2420/1777/1594 2421/1778/79 2418/1775/79
f 2418/1775/79 2421/1778/79 2422/1779/79
f 2418/1775/79 2422/1779/79 2423/1780/79
f 2422/1779/79 2424/1781/79 2423/1780/79
f 2424/1781/79 2422/1779/79 2425/1782/79
f 2425/1782/79 2426/1783/79 2424/1781/79
f 2426/1783/79 2425/1782/79 2427/1784/1595
f 2428/1785/1596 2426/1783/1597 2427/1784/1598
f 2426/1783/1597 2428/1785/1596 2429/1786/1599
f 2421/1778/79 2420/1777/1594 2430/717/1600
f 2431/1787/79 2421/1778/79 2430/717/1600
f 2432/1788/79 2431/1787/79 2430/717/1600
f 2433/1789/79 2432/1788/79 2430/717/1600
f 2430/717/1600 2434/1790/79 2433/1789/79
f 2434/1790/79 2430/717/1600 2435/654/1601
f 2435/654/1601 2436/1791/1602 2434/1790/79
f 2436/1791/1602 2435/654/1601 2437/653/1603
f 2437/653/1604 2438/1792/1596 2436/1791/1605
f 2438/1792/1596 2437/653/1604 2439/652/1599
f 2420/1777/1594 2440/1187/1606 2430/717/1600
f 2440/1187/1606 2420/1777/1594 2441/1793/1607
f 2442/1636/1608 2441/1793/1609 2443/1632/1610
f 2440/1187/1611 2441/1793/1609 2442/1636/1608
f 2440/1187/1611 2442/1636/1608 2444/1637/1612
f 2440/1187/1611 2444/1637/1612 2445/1638/1608
f 2440/1187/1611 2445/1638/1608 2446/1639/1612
f 2440/1187/1611 2446/1639/1612 2447/1186/1036
f 2448/1794/79 2449/1795/79 2450/1796/1613
f 2450/1796/1613 2451/1797/1614 2448/1794/79
f 2451/1797/1614 2450/1796/1613 2452/1798/1338
f 2452/1798/1338 2453/1799/1615 2451/1797/1614
f 2454/1800/1616 2448/1794/79 2451/1797/1614
f 2448/1794/79 2454/1800/1616 2455/1801/79
f 2456/1797/1617 2457/1802/1618 2454/1800/1619
f 2457/1802/1618 2456/1797/1617 2458/1799/1620
f 2459/1803/1621 2460/1804/1622 2461/1805/79
f 2462/1806/79 2461/1805/79 2460/1804/1622
f 2461/1805/79 2463/1807/79 2459/1803/1621
f 2464/1808/79 2461/1805/79 2462/1806/79
f 2462/1806/79 2465/1809/79 2464/1808/79
f 2464/1808/79 2465/1809/79 2466/1810/1623
f 2467/1811/1624 2466/1810/1623 2465/1809/79
f 2466/1810/1623 2468/1812/1623 2464/1808/79
f 2461/1805/79 2464/1808/79 2469/1813/79
f 2469/1813/79 2464/1808/79 2468/1812/1623
f 2469/1813/79 2463/1807/79 2461/1805/79
f 2468/1812/1623 2470/1814/1625 2469/1813/79
f 2463/1807/79 2469/1813/79 2471/1815/1626
f 2471/1815/1626 2469/1813/79 2470/1814/1625
f 2472/1816/1627 2473/1803/1628 2463/1807/79
f 2463/1807/79 2474/1817/1629 2472/1816/1627
f 2471/1815/1626 2474/1817/1629 2463/1807/79
f 2475/1818/1630 2472/1816/1627 2474/1817/1629
f 2470/1814/1631 2476/1819/1632 2471/1815/1633
f 2476/1819/1632 2474/1817/1634 2471/1815/1633
f 2476/1819/1632 2470/1814/1631 2477/1495/1635
f 2477/1495/1635 2478/1820/1636 2476/1819/1632
f 2476/1819/1632 2479/1821/798 2474/1817/1634
f 2475/1818/1637 2474/1817/1634 2479/1821/798
f 2479/1821/798 2476/1819/1632 2478/1820/1636
f 2479/1821/798 2480/1822/798 2475/1818/1637
f 2481/1497/1638 2479/1821/798 2478/1820/1636
f 2479/1821/798 2481/1497/1638 2480/1822/798
f 2482/1823/77 2483/1824/77 2484/1825/77
f 2485/1826/1639 2484/1825/77 2483/1824/77
f 2483/1824/77 2482/1823/77 2486/1827/77
f 2484/1825/77 2487/1826/1639 2488/1828/1639
f 2482/1823/77 2484/1825/77 2489/1829/1640
f 2489/1829/1640 2484/1825/77 2490/1830/1641
f 2484/1825/77 2491/1828/1639 2490/1830/1641
f 2490/1830/1641 2491/1828/1639 2492/1831/1642
f 2493/1832/1643 2482/1823/77 2489/1829/1640
f 2494/1833/1644 2486/1827/77 2482/1823/77
f 2482/1823/77 2493/1832/1643 2494/1833/1644
f 2495/1834/111 2494/1833/1645 2493/1832/1646
f 2486/1827/77 2494/1833/1644 2496/1835/1647
f 2494/1833/1645 2495/1834/111 2497/1836/1648
f 2497/1836/1648 2496/1835/1649 2494/1833/1645
f 2496/1835/1649 2497/1836/1648 2498/1837/1650
f 2499/1838/1651 2500/1839/1652 2501/1840/1653
f 2502/1841/1654 2501/1840/1653 2500/1839/1652
f 2500/1839/1652 2499/1838/1651 2503/1842/1655
f 2504/1843/1656 2503/1842/1655 2499/1838/1651
f 2505/1844/1657 2506/1845/1658 2507/1846/1659
f 2507/1846/1659 2508/1847/1660 2505/1844/1657
f 2509/1848/77 2510/1849/1660 2507/1846/1659
f 2510/1849/1660 2509/1848/77 2511/1850/77
f 2510/1849/1660 2511/1850/77 2512/1851/1661
f 2512/1851/1661 2511/1850/77 2513/1852/77
f 2514/1849/1662 2512/1851/1661 2515/1853/1663
f 2515/1853/1663 2516/1854/1664 2514/1849/1662
f 2517/1855/1665 2518/1856/1666 2519/1857/1667
f 2520/1858/1668 2519/1857/1667 2518/1856/1666
f 2518/1856/1666 2521/1859/1669 2520/1858/1668
f 2519/1857/1667 2522/1860/1670 2517/1855/1665
f 2521/1859/1669 2518/1856/1666 2523/1861/1669
f 2524/1862/1671 2517/1855/1665 2522/1860/1670
f 2525/1863/1666 2523/1861/1669 2518/1856/1666
f 2518/1856/1666 2517/1855/1665 2525/1863/1666
f 2523/1861/1669 2525/1863/1666 2526/1864/1669
f 2527/1865/1672 2525/1863/1666 2517/1855/1665
f 2517/1855/1665 2524/1862/1671 2527/1865/1672
f 2528/1866/1671 2527/1865/1672 2524/1862/1671
f 2529/1867/79 2530/1868/79 2531/1869/79
f 2532/1870/79 2533/1871/79 2534/1872/79
f 2535/786/1673 2536/1873/1674 2537/791/1675
f 2538/1874/1676 2539/1875/1677 2536/1873/1674
f 2540/1876/1678 2541/973/1679 2542/1877/1680
f 2543/1878/1681 2542/1877/1682 2544/1879/1683
f 2546/1880/1684 2547/1881/1685 2545/1882/1686
f 2547/1881/1685 2546/1880/1684 2548/1883/1687
f 2549/1884/187 2550/1885/1688 2551/1886/1689
f 2552/1887/1690 2551/1886/1689 2550/1885/1688
f 2553/1888/63 2554/1889/63 2555/1890/63
f 2554/1889/63 2556/1891/63 2555/1890/63
f 2557/1892/63 2558/1893/63 2559/1894/63
f 2560/1895/63 2559/1894/63 2558/1893/63
f 2561/1896/151 2562/1897/1691 2563/1898/1692
f 2563/1898/1692 2564/1899/149 2561/1896/151
f 2565/1900/1693 2566/1901/1691 2567/1902/1694
f 2566/1901/1691 2568/1903/151 2567/1902/1694
f 2569/1904/893 2570/1905/1695 2571/1906/1696
f 2570/1905/1695 2572/1907/156 2571/1906/1696
f 2573/1898/1692 2574/1904/893 2575/1899/149
f 2574/1904/893 2576/1906/1696 2575/1899/149
f 2577/1900/1693 2578/1908/159 2579/1909/1697
f 2578/1908/159 2577/1900/1693 2580/1902/1694
f 2581/1910/79 2582/1911/79 2583/1912/79
f 2582/1911/79 2584/1913/79 2583/1912/79
f 2581/1910/79 2583/1912/79 2585/1914/1698
f 2584/1913/79 2582/1911/79 2586/1915/1699
f 2585/1914/1698 2587/1916/1698 2581/1910/79
f 2588/1917/1700 2587/1916/1698 2585/1914/1698
f 2587/1916/1698 2588/1917/1700 2589/1918/1020
f 2586/1915/1699 2590/1919/1701 2584/1913/79
f 2590/1919/1702 2586/1915/1703 2591/1920/1704
f 2591/1920/1704 2592/1921/1704 2590/1919/1702
f 2593/1922/1705 2594/1923/1706 2595/1924/1707
f 2596/1925/1707 2595/1924/1707 2594/1923/1706
f 2594/1923/1706 2593/1922/1705 2597/1926/1708
f 2598/1927/1708 2597/1926/1708 2593/1922/1705
f 2597/1926/1708 2598/1927/1708 2599/1928/1709
f 2600/1929/1710 2599/1928/1709 2598/1927/1708
f 2599/1928/1709 2600/1929/1710 2601/1930/1711
f 2602/1931/1712 2601/1930/1711 2600/1929/1710
f 2603/1907/156 2604/1905/1695 2605/1932/1713
f 2605/1932/1713 2606/1933/161 2603/1907/156
f 2607/1909/1697 2608/1934/158 2609/1935/1714
f 2608/1934/158 2607/1909/1697 2610/1908/159
f 2611/1493/1715 2612/1494/1716 2613/1812/1717
f 2613/1812/1717 2614/1810/1717 2611/1493/1715
f 2615/1936/1713 2616/1937/1718 2617/1938/161
f 2616/1937/1718 2618/1939/1719 2617/1938/161
f 2619/1940/1714 2620/1941/1720 2621/1942/1721
f 2620/1941/1720 2619/1940/1714 2622/1943/158
f 2623/688/77 2624/1944/77 2625/689/77
f 2624/1944/77 2623/688/77 2626/970/77
f 2627/971/77 2624/1944/77 2626/970/77
f 2624/1944/77 2627/971/77 2628/1945/77
f 2629/1335/77 2628/1945/77 2627/971/77
f 2628/1945/77 2629/1335/77 2630/1946/77
f 2631/1947/77 2630/1946/77 2629/1335/77
f 2630/1946/77 2631/1947/77 2632/1948/77
f 2633/1949/77 2634/1950/77 2635/1951/77
f 2635/1951/77 2636/1952/77 2633/1949/77
f 2636/1952/77 2635/1951/77 2637/1953/77
f 2634/1950/77 2633/1949/77 2638/1954/77
f 2638/1954/77 2639/1955/77 2634/1950/77
f 2639/1955/77 2638/1954/77 2640/1956/77
f 2641/1957/1722 2642/1958/1722 2643/1959/1723
f 2643/1959/1723 2644/1960/1723 2641/1957/1722
f 2645/1961/1724 2646/1962/1725 2647/1963/1725
f 2646/1962/1725 2645/1961/1724 2648/1964/1726
f 2649/1965/79 2650/1966/79 2651/1967/1727
f 2651/1967/1727 2652/1968/1728 2649/1965/79
f 2649/1965/79 2652/1968/1728 2653/1969/1693
f 2654/1970/1729 2653/1969/1693 2652/1968/1728
f 2655/1971/1730 2650/1966/79 2649/1965/79
f 2650/1966/79 2655/1971/1730 2656/1972/1731
f 2649/1965/79 2657/1973/1732 2655/1971/1730
f 2657/1973/1732 2649/1965/79 2658/1969/1693
f 2659/1942/1721 2660/1974/172 2661/1975/1733
f 2660/1974/172 2659/1942/1721 2662/1941/1720
f 2663/1976/1733 2664/1977/140 2665/1978/1734
f 2664/1977/140 2663/1976/1733 2666/1979/172
f 2667/1978/1734 2668/1939/1719 2669/1937/1718
f 2668/1939/1719 2667/1978/1734 2670/1977/140
f 2671/1980/1735 2672/1981/1735 2673/1982/1736
f 2673/1982/1736 2674/1983/1737 2671/1980/1735
f 2675/1984/77 2674/1983/1738 2673/1982/77
f 2676/1983/1739 2675/1984/77 2677/1985/77
f 2678/1986/77 2677/1985/77 2675/1984/77
f 2677/1985/77 2678/1986/77 2679/1987/77
f 2680/1988/1740 2679/1987/77 2678/1986/77
f 2679/1987/77 2680/1988/1740 2681/1989/1740
f 2682/1990/1741 2681/1989/1740 2680/1988/1740
f 2681/1989/1740 2682/1990/1741 2683/1991/1021
f 2684/1992/79 2685/1993/79 2686/1994/79
f 2685/1993/79 2687/1995/79 2686/1994/79
f 2686/1994/79 2687/1995/79 2688/1996/79
f 2689/1997/79 2688/1996/79 2687/1995/79
f 2690/1998/79 2691/975/79 2692/694/79
f 2693/695/79 2692/694/79 2691/975/79
f 2691/975/79 2690/1998/79 2694/976/79
f 2695/1999/79 2694/976/79 2690/1998/79
f 2694/976/79 2695/1999/79 2696/1349/79
f 2697/2000/79 2696/1349/79 2695/1999/79
f 2696/1349/79 2697/2000/79 2698/2001/79
f 2699/2002/79 2698/2001/79 2697/2000/79
f 2700/2003/63 2701/2004/63 2702/2005/63
f 2702/2005/63 2703/2006/63 2700/2003/63
f 2703/2006/63 2702/2005/63 2704/2007/1742
f 2705/2008/1743 2704/2007/1742 2702/2005/63
f 2704/2007/1742 2705/2008/1743 2706/2009/1744
f 2707/2010/1745 2706/2009/1744 2705/2008/1743
f 2708/2011/63 2700/2003/63 2703/2006/63
f 2708/2011/63 2703/2006/63 2709/2012/63
f 2700/2003/63 2708/2011/63 2710/2013/63
f 2711/2014/63 2710/2013/63 2708/2011/63
f 2712/2015/63 2713/2016/63 2714/2017/1746
f 2715/2018/1711 2716/2019/1711 2714/2017/1746
f 2717/2020/1747 2714/2017/1746 2716/2019/1711
f 2714/2017/1746 2718/2021/63 2712/2015/63
f 2718/2021/63 2714/2017/1746 2717/2020/1747
f 2718/2021/63 2717/2020/1747 2719/2022/63
f 2712/2015/63 2718/2021/63 2720/2023/707
f 2721/2024/1708 2720/2023/707 2718/2021/63
f 2720/2023/707 2721/2024/1708 2722/2025/1705
f 2723/2026/1706 2722/2025/1705 2721/2024/1708
f 2724/2027/77 2725/2028/77 2726/2029/77
f 2726/2029/77 2727/2030/77 2724/2027/77
f 2727/2030/77 2726/2029/77 2728/2031/77
f 2725/2028/77 2724/2027/77 2729/2032/77
f 2729/2032/77 2730/2033/77 2725/2028/77
f 2730/2033/77 2729/2032/77 2731/2034/77
f 2732/2035/79 2733/2036/79 2734/2037/79
f 2735/2038/79 2734/2037/79 2733/2036/79
f 2733/2036/79 2736/2039/79 2735/2038/79
f 2734/2037/79 2737/2040/79 2732/2035/79
f 2732/2035/79 2737/2040/79 2738/2041/79
f 2737/2040/79 2739/2042/79 2738/2041/79
f 2740/2043/1748 2741/2044/1748 2742/2045/1749
f 2742/2045/1749 2743/2046/1749 2740/2043/1748
f 2744/2047/1750 2745/2048/1751 2746/2049/77
f 2746/2049/77 2747/2050/77 2744/2047/1750
f 2744/2047/1750 2747/2050/77 2748/2051/1752
f 2749/2052/1753 2748/2051/1752 2747/2050/77
f 2750/2053/1726 2747/2050/77 2746/2049/77
f 2747/2050/77 2750/2053/1726 2751/2054/1724
f 2751/2054/1724 2752/2052/1753 2747/2050/77
f 2752/2052/1753 2751/2054/1724 2753/2055/1734
f 2754/2056/79 2755/2057/79 2756/2058/79
f 2757/2059/79 2755/2057/79 2754/2056/79
f 2754/2056/79 2758/2060/79 2757/2059/79
f 2755/2057/79 2759/2061/79 2756/2058/79
f 2756/2058/79 2759/2061/79 2760/2062/79
f 2761/2063/79 2760/2062/79 2759/2061/79
f 2762/2064/79 2763/2065/1754 2764/2066/1755
f 2763/2065/1754 2762/2064/79 2765/2067/79
f 2765/2067/79 2762/2064/79 2766/2068/1756
f 2766/2068/1756 2767/2069/1757 2765/2067/79
f 2768/2070/1758 2769/2071/1759 2770/2072/1760
f 2770/2072/1760 2771/2073/1761 2768/2070/1758
f 2768/2070/1758 2771/2073/1761 2772/2074/1762
f 2773/2075/1752 2772/2074/1762 2771/2073/1761
f 2774/2074/1762 2775/2076/893 2768/2070/1758
f 2776/2077/63 2768/2070/1758 2775/2076/893
f 2769/2071/1759 2768/2070/1758 2776/2077/63
f 2776/2077/63 2777/2078/63 2769/2071/1759
f 2778/2076/893 2779/2079/1692 2776/2077/63
f 2780/2080/1763 2776/2077/63 2779/2079/1692
f 2777/2078/63 2776/2077/63 2780/2080/1763
f 2780/2080/1763 2781/2081/1764 2777/2078/63
f 2781/2081/1764 2780/2080/1763 2782/2082/1765
f 2782/2082/1765 2783/2083/1766 2781/2081/1764
f 2782/2082/1765 2780/2080/1763 2784/2084/1729
f 2785/2079/1692 2784/2084/1729 2780/2080/1763
f 2786/2085/77 2787/2086/77 2788/2087/77
f 2787/2086/77 2786/2085/77 2789/2088/77
f 2790/704/77 2789/2088/77 2786/2085/77
f 2789/2088/77 2790/704/77 2791/703/77
f 2792/2089/1767 2793/2090/1768 2794/2091/63
f 2795/2092/1769 2792/2089/1767 2794/2091/63
f 2794/2091/63 2796/2093/63 2795/2092/1769
f 2797/2094/1770 2795/2092/1769 2796/2093/63
f 2796/2093/63 2798/2095/63 2797/2094/1770
f 2799/2096/63 2800/2097/1768 2801/2098/1771
f 2801/2098/1771 2802/2099/1772 2799/2096/63
f 2799/2096/63 2802/2099/1772 2803/2100/63
f 2804/2101/63 2803/2100/63 2802/2099/1772
f 2802/2099/1772 2805/2102/1773 2804/2101/63
f 2806/2103/79 2807/2104/79 2808/2105/1774
f 2808/2105/1774 2809/2106/1774 2806/2103/79
f 2810/2107/1775 2811/2108/1776 2812/2109/1777
f 2811/2108/1776 2810/2107/1775 2813/2110/1775
f 2814/2111/1778 2812/2109/1777 2811/2108/1776
f 2812/2109/1777 2814/2111/1778 2815/2112/1779
f 2816/2113/72 2815/2112/1779 2814/2111/1778
f 2815/2112/1779 2816/2113/72 2817/2114/72
f 2818/2115/1780 2817/2114/72 2816/2113/72
f 2817/2114/72 2818/2115/1780 2819/2116/1781
f 2820/2117/1782 2819/2116/1781 2818/2115/1780
f 2819/2116/1781 2820/2117/1782 2821/2118/1783
f 2822/2119/1784 2823/2120/1785 2824/2121/1451
f 2823/2120/1785 2822/2119/1784 2825/2122/1786
f 2825/2122/1786 2826/2123/1787 2823/2120/1785
f 2826/2123/1787 2825/2122/1786 2827/2124/1732
f 2828/2125/1788 2823/2120/1785 2829/2123/1787
f 2823/2120/1785 2828/2125/1788 2830/2126/72
f 2830/2126/72 2824/2121/1451 2823/2120/1785
f 2824/2121/1451 2830/2126/72 2831/2127/72
f 2832/2128/1733 2830/2126/72 2833/2125/1788
f 2830/2126/72 2832/2128/1733 2834/2129/1789
f 2834/2129/1789 2831/2127/72 2830/2126/72
f 2831/2127/72 2834/2129/1789 2835/2130/1790
f 2836/2131/1791 2835/2130/1790 2834/2129/1789
f 2835/2130/1790 2836/2131/1791 2837/2132/1782
f 2834/2129/1789 2838/2133/1734 2836/2131/1791
f 2838/2133/1734 2834/2129/1789 2839/2128/1733
f 2840/2134/63 2841/2135/1792 2842/2136/1793
f 2842/2136/1793 2843/2137/1794 2840/2134/63
f 2841/2135/1792 2840/2134/63 2844/2138/991
f 2844/2138/991 2845/2139/1795 2841/2135/1792
f 2846/2140/1796 2847/2141/1797 2848/2142/1796
f 2847/2141/1797 2849/2143/1797 2848/2142/1796
f 2850/2144/1283 2851/2145/1798 2852/2146/1799
f 2853/1493/1800 2854/1811/1801 2855/2147/1802
f 2854/1811/1801 2853/1493/1800 2856/1810/1717
f 2853/1493/1800 2855/2147/1802 2857/2148/1803
f 2857/2148/1803 2855/2147/1802 2858/2149/1802
f 2853/1493/1800 2857/2148/1803 2859/2150/1804
f 2860/2151/79 2861/2152/79 2862/2153/79
f 2862/2153/79 2863/2154/79 2860/2151/79
f 2863/2154/79 2862/2153/79 2864/2155/79
f 2863/2154/79 2864/2155/79 2865/2156/79
f 2865/2156/79 2864/2155/79 2866/2157/79
f 2867/2156/79 2868/2157/79 2869/2158/79
f 2870/2159/1805 2871/2160/293 2872/2161/1725
f 2871/2160/293 2870/2159/1805 2873/2162/295
f 2874/2163/1806 2872/2161/1807 2875/2164/245
f 2872/2161/1807 2876/2160/293 2875/2164/245
f 2877/2165/1808 2878/2166/77 2879/2167/77
f 2878/2166/77 2877/2165/1808 2880/2168/1808
f 2879/2167/77 2878/2166/77 2881/2169/1809
f 2881/2169/1809 2882/2170/1809 2879/2167/77
f 2883/2171/1810 2884/2172/1810 2885/2173/1807
f 2885/2173/1807 2886/2174/1807 2883/2171/1810
f 2884/2172/1810 2883/2171/1810 2887/2175/1758
f 2887/2175/1758 2888/2176/1811 2884/2172/1810
f 2888/2176/1811 2887/2175/1758 2889/2177/63
f 2889/2177/63 2890/2178/63 2888/2176/1811
f 2890/2178/63 2889/2177/63 2891/2179/1763
f 2891/2179/1763 2892/2180/1763 2890/2178/63
f 2892/2180/1763 2891/2179/1763 2893/2181/1812
f 2893/2181/1812 2894/2182/1728 2892/2180/1763
f 2894/2182/1728 2893/2181/1812 2895/2183/1813
f 2895/2183/1813 2896/2184/1813 2894/2182/1728
f 2897/2185/1814 2898/2186/1815 2899/2187/1795
f 2899/2187/1795 2900/2188/1816 2897/2185/1814
f 2898/2186/1815 2897/2185/1814 2901/2189/79
f 2901/2189/79 2902/2190/1817 2898/2186/1815
f 2903/2191/1818 2902/2190/1817 2901/2189/79
f 2902/2190/1817 2903/2191/1818 2904/2192/1819
f 2905/1600/1820 2906/2193/1821 2907/1601/1822
f 2908/2194/1823 2909/2195/1824 2906/2193/1825
f 2910/1600/1826 2908/2194/1827 2911/2193/1821
f 2912/2195/1824 2913/2194/1827 2914/2196/1828
f 2915/2197/77 2916/2198/1829 2917/2199/1829
f 2916/2198/1829 2915/2197/77 2918/2200/77
f 2919/1490/1330 2920/2148/1825 2921/2149/1830
f 2920/2148/1825 2919/1490/1330 2922/1487/1831
f 2923/2150/1825 2920/2148/1825 2922/1487/1831
f 2922/1487/1831 1993/1491/1822 2923/2150/1825
f 2924/2201/1832 2925/424/1833 2926/2202/1834
f 2925/424/1833 2927/423/1832 2926/2202/1834
f 2928/827/1832 2925/424/1833 2924/2201/1832
f 2924/2201/1832 2929/2203/1834 2928/827/1832
f 2929/2203/1834 2930/2204/1832 2928/827/1832
f 2930/2204/1832 2931/826/1832 2928/827/1832
f 2931/826/1832 2930/2204/1832 2932/2205/1834
f 2932/2205/1834 2933/2206/1834 2931/826/1832
f 2933/2206/1834 2934/2207/1832 2931/826/1832
f 2935/423/1832 2931/826/1832 2934/2207/1832
f 2935/423/1832 2934/2207/1832 2936/2208/1834
f 2926/2202/1832 2935/423/1832 2936/2208/1834
f 2937/2209/79 2938/2210/1835 2939/2211/1836
f 2938/2210/1835 2937/2209/79 2940/2212/79
f 2939/2211/1836 2941/2213/79 2937/2209/79
f 2941/2213/79 2939/2211/1836 2942/2214/1837
f 2943/2215/77 2944/2216/77 2945/2217/77
f 2944/2216/77 2943/2215/77 2946/2218/77
f 2943/2215/77 2947/2219/77 2946/2218/77
f 2947/2219/77 2943/2215/77 2948/2220/77
f 2948/2220/77 2949/2221/77 2947/2219/77
f 2949/2221/77 2948/2220/77 2950/2222/77
f 2950/2222/77 2951/2223/77 2949/2221/77
f 2951/2223/77 2950/2222/77 2952/2224/77
f 2952/2224/77 2953/2225/77 2951/2223/77
f 2952/2224/77 2954/2226/77 2953/2225/77
f 2954/2226/77 2955/2227/77 2953/2225/77
f 2955/2227/77 2954/2226/77 2956/2228/77
f 2956/2228/77 2957/2229/77 2955/2227/77
f 2957/2229/77 2956/2228/77 2958/2230/77
f 2958/2230/77 2959/2231/77 2957/2229/77
f 2959/2231/77 2958/2230/77 2960/2232/77
f 2961/2233/1838 2962/2234/355 2963/2235/1839
f 2962/2234/355 2961/2233/1838 2964/2236/292
f 2961/2233/1840 2965/2237/1841 2966/2236/292
f 2965/2237/1841 2967/2238/246 2966/2236/292
f 2965/2237/1842 2968/2239/1816 2969/2238/246
f 2968/2239/1816 2970/2240/213 2969/2238/246
f 2971/2241/77 2972/2242/77 2973/2243/77
f 2972/2242/77 2971/2241/77 2974/2244/77
f 2974/2244/77 2971/2241/77 2975/2245/77
f 2974/2244/77 2975/2245/77 2976/2246/77
f 2977/756/77 2976/2246/77 2975/2245/77
f 2976/2246/77 2977/756/77 2978/755/77
f 2979/1874/1843 2980/788/1844 2981/1876/1845
f 2982/973/1846 2981/1876/1845 2980/788/1844
f 2980/788/1844 2979/1874/1843 2983/786/1847
f 2984/1873/1848 2983/786/1847 2979/1874/1843
f 2985/2247/1810 2986/2248/1849 2987/2249/1850
f 2986/2248/1849 2985/2247/1810 2988/2250/1851
f 2988/2250/1851 2989/2251/1852 2986/2248/1849
f 2987/2249/1850 2990/2252/77 2985/2247/1810
f 2991/2253/1853 2990/2252/77 2987/2249/1850
f 2990/2252/77 2991/2253/1853 2992/2254/1854
f 2995/2255/77 2994/2256/77 2993/2257/77
f 2995/2255/77 2996/2258/77 2994/2256/77
f 2997/2259/77 2996/2258/77 2995/2255/77
f 2996/2258/77 2997/2259/77 2998/2260/77
f 2998/2260/77 2999/2261/77 2996/2258/77
f 2999/2261/77 2998/2260/77 3000/2262/77
f 2995/2255/77 3001/2263/77 2997/2259/77
f 3001/2263/77 2995/2255/77 3002/2264/77
f 3002/2264/77 3003/2265/77 3001/2263/77
f 3003/2265/77 3002/2264/77 3004/2266/77
f 3004/2266/77 3005/2267/77 3003/2265/77
f 3005/2267/77 3004/2266/77 3006/2268/77
f 3007/2269/77 3005/2267/77 3006/2268/77
f 3005/2267/77 3007/2269/77 3008/2270/77
f 3009/1548/1855 3010/1607/1856 3011/1549/1857
f 3012/2271/77 3013/2272/77 3014/2273/77
f 3013/2272/77 3012/2271/77 3015/2274/77
f 3014/2273/77 3013/2272/77 3016/2275/77
f 3014/2273/77 3016/2275/77 3017/2276/77
f 3017/2276/77 3016/2275/77 3018/2277/77
f 3017/2276/77 3018/2277/77 3019/2278/77
f 3020/2279/79 3021/2280/79 3022/2281/79
f 3022/2281/79 3021/2280/79 3023/2282/79
f 3024/2283/79 3020/2279/79 3022/2281/79
f 3022/2281/79 3025/2284/79 3024/2283/79
f 3026/1494/1858 3027/1495/1859 3028/1814/1860
f 3028/1814/1860 3029/1812/1717 3026/1494/1858
f 3030/2285/1861 3031/2286/77 3032/2287/77
f 3031/2286/77 3030/2285/1861 3033/2288/1862
f 3034/2289/79 3035/2290/79 3036/2291/79
f 3037/2292/79 3036/2291/79 3035/2290/79
f 3037/2292/79 3035/2290/79 3038/2293/79
f 3039/2294/79 3037/2292/79 3038/2293/79
f 3040/2295/79 3039/2294/79 3038/2293/79
f 3039/2294/79 3040/2295/79 3041/2296/79
f 3042/2297/79 3041/2296/79 3040/2295/79
f 3041/2296/79 3042/2297/79 3043/2298/79
f 3044/2299/79 3043/2298/79 3042/2297/79
f 3043/2298/79 3044/2299/79 3045/2300/79
f 3046/2301/79 3045/2300/79 3044/2299/79
f 3045/2300/79 3046/2301/79 3047/2302/79
f 3048/2303/79 3047/2302/79 3046/2301/79
f 3049/2304/79 3047/2302/79 3048/2303/79
f 3048/2303/79 3050/2305/79 3049/2304/79
f 3051/2306/79 3049/2304/79 3050/2305/79
f 3052/2307/1817 3053/2308/79 3054/2309/1728
f 3054/2309/1728 3055/2310/1815 3052/2307/1817
f 3056/2311/1863 3053/2308/79 3052/2307/1817
f 3053/2308/79 3056/2311/1863 3057/2312/1864
f 3058/2313/1865 3059/2314/1866 3060/2315/356
f 3059/2314/1866 3058/2313/1865 3061/2316/1867
f 3061/2316/1868 3058/2313/1869 3062/2317/1870
f 3062/2317/1870 3063/2318/1871 3061/2316/1868
f 3063/2318/1872 3062/2317/1873 3064/2319/211
f 3064/2319/211 3065/2320/1874 3063/2318/1872
f 3066/1337/1875 3067/1336/1876 3068/1648/1877
f 3069/2321/79 3070/2322/79 3071/2323/1774
f 3071/2323/1774 3072/2324/1774 3069/2321/79
f 3073/2325/1540 3074/2326/1878 3075/2327/1879
f 3074/2326/1878 3073/2325/1540 3076/2328/1880
f 3077/2329/1272 3074/2326/1881 3076/2328/1882
f 3074/2326/1881 3077/2329/1272 3078/2330/1272
f 3079/2331/79 3080/2332/79 3081/2333/1883
f 3082/2334/1884 3081/2333/1883 3080/2332/79
f 3083/2335/79 3084/2336/79 3085/2337/79
f 3086/2338/79 3085/2337/79 3084/2336/79
f 3084/2336/79 3087/2339/79 3086/2338/79
f 3087/2339/79 3084/2336/79 3088/2340/79
f 3088/2340/79 3089/777/79 3087/2339/79
f 3089/777/79 3088/2340/79 3090/775/79
f 3091/2341/1885 3092/2342/1886 3093/2343/1886
f 3092/2342/1886 3091/2341/1885 3094/2344/1887
f 3095/2345/1888 3094/2344/1887 3091/2341/1885
f 3094/2344/1887 3095/2345/1888 3096/2346/1889
f 3097/2347/1890 3096/2346/1889 3095/2345/1888
f 3096/2346/1889 3097/2347/1890 3098/2348/1890
f 3099/2349/1891 3100/2350/1892 3101/2351/1761
f 3101/2351/1761 3102/2352/1893 3099/2349/1891
f 3100/2350/1892 3099/2349/1891 3103/2353/1894
f 3103/2353/1894 3104/2354/63 3100/2350/1892
f 3104/2354/63 3103/2353/1894 3105/2355/1795
f 3105/2355/1795 3106/2356/1895 3104/2354/63
f 3106/2356/1895 3105/2355/1795 3107/2357/1815
f 3107/2357/1815 3108/2358/1896 3106/2356/1895
f 3109/2359/79 3111/2360/79 3110/2361/79
f 3111/2360/79 3109/2359/79 3112/2362/79
f 3112/2362/79 3113/2363/79 3114/2364/79
f 3114/2364/79 3115/2365/79 3112/2362/79
f 3111/2360/79 3112/2362/79 3115/2365/79
f 3115/2365/79 3116/2366/79 3111/2360/79
f 3111/2360/79 3116/2366/79 3117/2367/79
f 3118/2368/79 3117/2367/79 3116/2366/79
f 3119/2369/79 3117/2367/79 3118/2368/79
f 3118/2368/79 3120/2370/79 3119/2369/79
f 3119/2369/79 3120/2370/79 3121/2371/79
f 3122/2372/79 3121/2371/79 3120/2370/79
f 3123/2373/79 3121/2371/79 3122/2372/79
f 3124/2374/79 3123/2373/79 3122/2372/79
f 3125/2375/77 3126/2376/77 3127/2377/1897
f 3128/2378/1897 3127/2377/1897 3126/2376/77
f 3126/2376/77 3129/2379/77 3128/2378/1897
f 3130/2380/1898 3128/2378/1897 3129/2379/77
f 3131/2381/1786 3132/2382/1899 3133/2383/1900
f 3132/2382/1899 3131/2381/1786 3134/2384/1863
f 3135/2385/77 3136/2386/77 3137/2387/77
f 3137/2387/77 3136/2386/77 3138/2388/77
f 3139/2389/77 3135/2385/77 3137/2387/77
f 3135/2385/77 3139/2389/77 3140/2390/77
f 3141/2391/1901 3142/2392/245 3143/2393/293
f 3142/2392/245 3141/2391/1901 3144/2394/1902
f 3144/2394/1902 3145/2395/243 3142/2392/245
f 3143/2393/293 3146/2396/77 3141/2391/1901
f 3147/2397/1903 3146/2396/77 3143/2393/293
f 3146/2396/77 3147/2397/1903 3148/2398/1904
f 3149/2399/386 3148/2398/1905 3147/2397/1906
f 3148/2398/1905 3149/2399/386 3150/2400/1907
f 3151/2401/1893 3152/2402/1908 3153/2403/77
f 3153/2403/77 3154/2404/1850 3151/2401/1893
f 3155/2405/1724 3154/2404/1850 3153/2403/77
f 3154/2404/1850 3155/2405/1724 3156/2406/1909
f 3157/2407/1819 3158/2408/1778 3159/2409/1910
f 3158/2408/1778 3157/2407/1819 3160/2410/1911
f 3161/2411/72 3159/2409/1910 3158/2408/1778
f 3159/2409/1910 3161/2411/72 3162/2412/1912
f 3163/2413/1790 3162/2412/1912 3161/2411/72
f 3162/2412/1912 3163/2413/1790 3164/2414/1913
f 3165/2415/1914 3164/2414/1913 3163/2413/1790
f 3164/2414/1913 3165/2415/1914 3166/2416/1915
f 3167/2417/1916 3168/1752/1568 3169/2418/1916
f 3169/2418/1916 3170/1755/1917 3171/2419/49
f 3172/2420/77 3173/2421/1918 3174/2422/1918
f 3173/2421/1918 3172/2420/77 3175/2423/77
f 3176/2424/1919 3177/2425/1920 3178/2426/72
f 3177/2425/1920 3176/2424/1919 3179/2427/1899
f 3180/2428/1921 3178/2426/72 3177/2425/1920
f 3178/2426/72 3180/2428/1921 3181/2429/1922
f 3182/2430/1915 3181/2429/1922 3180/2428/1921
f 3181/2429/1922 3182/2430/1915 3183/2431/1783
f 3184/2432/1923 3185/2433/77 3186/2434/1924
f 3185/2433/77 3184/2432/1923 3187/2435/77
f 3186/2434/1924 3188/2436/1925 3184/2432/1923
f 3188/2436/1925 3186/2434/1924 3189/2437/1926
f 3189/2437/1926 3190/2438/1927 3188/2436/1925
f 3190/2438/1927 3189/2437/1926 3191/2439/1928
f 3192/2440/1929 3193/1828/1639 3194/2441/1930
f 3195/2442/52 3196/1831/1931 3192/2440/1929
f 3197/2443/1932 3198/1292/1126 3199/1297/1131
f 3198/1292/1126 3197/2443/1932 3200/1296/1130
f 3200/1296/1130 3197/2443/1932 3201/2444/1933
f 3199/1297/1131 3202/2445/1934 3197/2443/1932
f 3199/1297/1131 3203/2446/1935 3202/2445/1934
f 3204/1298/1132 3203/2446/1935 3199/1297/1131
f 3205/2447/1936 3206/2448/1936 3207/2449/1937
f 3207/2449/1937 3208/2450/1938 3205/2447/1936
f 3207/2449/1937 3206/2448/1936 3209/2451/52
f 3210/2452/49 3209/2451/52 3206/2448/1936
f 3211/2453/79 3212/1467/79 3213/2454/79
f 3212/1467/79 3214/2455/79 3213/2454/79
f 3215/2456/1939 3216/2457/1940 3217/2458/1941
f 3216/2457/1940 3215/2456/1939 3218/2459/1939
f 3219/2460/77 3217/2458/1942 3216/2457/1943
f 3217/2458/1942 3219/2460/77 3220/2461/77
f 3218/2459/1939 3221/2462/1944 3216/2457/1940
f 3221/2462/1944 3218/2459/1939 3222/2463/1939
f 3216/2457/1943 3223/2464/77 3219/2460/77
f 3223/2464/77 3216/2457/1943 3221/2462/1945
f 3224/2465/77 3220/2461/77 3219/2460/77
f 3225/2466/77 3219/2460/77 3223/2464/77
f 3219/2460/77 3225/2466/77 3224/2465/77
f 3220/2461/77 3224/2465/77 3226/2467/77
f 3224/2465/77 3227/2468/77 3226/2467/77
f 3224/2465/77 3225/2466/77 3228/2469/77
f 3223/2464/77 3229/2470/77 3225/2466/77
f 3227/2468/77 3224/2465/77 3230/2471/77
f 3224/2465/77 3228/2469/77 3230/2471/77
f 3229/2470/77 3223/2464/77 3231/2472/77
f 3221/2462/1945 3231/2472/77 3223/2464/77
f 3232/2473/77 3229/2470/77 3231/2472/77
f 3229/2470/77 3232/2473/77 3233/2474/77
f 3234/2475/77 3233/2474/77 3232/2473/77
f 3233/2474/77 3234/2475/77 3235/2476/77
f 3234/2475/77 3232/2473/77 3236/2477/1946
f 3237/2478/1947 3236/2477/1946 3232/2473/77
f 3231/2472/77 3237/2478/1947 3232/2473/77
f 3237/2478/1947 3231/2472/77 3238/2479/1948
f 3231/2472/77 3221/2462/1945 3238/2479/1948
f 3222/2463/1939 3238/2479/1949 3221/2462/1944
f 3238/2479/1949 3222/2463/1939 3239/2480/1950
f 3240/2481/1951 3238/2479/1949 3239/2480/1950
f 3238/2479/1952 3241/2481/1953 3242/2478/1954
f 3243/2482/1955 3242/2478/1954 3241/2481/1953
f 3244/2483/79 3245/2484/1956 3246/2485/79
f 3245/2484/1956 3247/2486/1956 3246/2485/79
f 3248/2487/1957 3247/2486/1956 3245/2484/1956
f 3247/2486/1956 3248/2487/1957 3249/2488/1958
f 3250/2489/1959 3249/2488/1958 3248/2487/1957
f 3249/2488/1958 3250/2489/1959 3251/2490/1960
f 3252/1752/1961 3253/2417/1916 3254/1750/1568
f 3255/1755/1962 3256/2418/1916 3252/1752/1568
f 3257/2491/1723 3258/2492/79 3259/2493/1723
f 3258/2492/79 3260/2494/79 3259/2493/1723
f 3261/1828/1639 3262/1826/1639 3263/2441/1930
f 3261/1828/1639 3264/2440/1929 3265/1831/1963
f 3266/2495/1964 3267/2496/1965 3268/2497/1966
f 3267/2496/1965 3266/2495/1964 3269/2498/1967
f 3269/2498/1968 3266/2495/1969 3270/2499/79
f 3269/2498/1967 3271/2500/1965 3267/2496/1965
f 3270/2499/79 3272/2501/79 3269/2498/1968
f 3271/2500/1965 3269/2498/1967 3273/2502/1970
f 3273/2502/1971 3269/2498/1968 3272/2501/79
f 3272/2501/79 3270/2499/79 3274/2503/79
f 3273/2502/1970 3275/2504/1972 3271/2500/1965
f 3274/2503/79 3276/2505/79 3272/2501/79
f 3276/2505/79 3274/2503/79 3277/2506/79
f 3272/2501/79 3278/2507/79 3273/2502/1971
f 3278/2507/79 3272/2501/79 3276/2505/79
f 3275/2504/1972 3273/2502/1970 3279/2508/1973
f 3279/2508/1974 3273/2502/1971 3278/2507/79
f 3279/2508/1973 3280/2509/1975 3275/2504/1972
f 3276/2505/79 3281/2510/79 3278/2507/79
f 3278/2507/79 3282/2511/79 3279/2508/1974
f 3282/2511/79 3278/2507/79 3281/2510/79
f 3276/2505/79 3283/2512/79 3281/2510/79
f 3281/2510/79 3284/2513/79 3282/2511/79
f 3283/2512/79 3276/2505/79 3285/2514/79
f 3277/2506/79 3285/2514/79 3276/2505/79
f 3286/2515/1976 3279/2508/1974 3282/2511/79
f 3287/2509/1977 3279/2508/1978 3288/2515/1979
f 3289/2516/1980 3287/2509/1977 3288/2515/1979
f 3282/2511/79 3290/2517/79 3286/2515/1976
f 3290/2517/79 3282/2511/79 3284/2513/79
f 3290/2517/79 3291/2518/1981 3286/2515/1976
f 3284/2513/79 3292/2519/79 3290/2517/79
f 3291/2518/1981 3290/2517/79 3293/2520/79
f 3290/2517/79 3292/2519/79 3293/2520/79
f 3292/2519/79 3294/2521/79 3293/2520/79
f 3295/2522/77 3296/203/77 3297/1468/77
f 3296/203/77 3295/2522/77 3298/204/77
f 3299/2523/77 3300/2524/77 3301/2525/1982
f 3301/2525/1982 3302/2526/77 3299/2523/77
f 3301/2525/1982 3303/2527/77 3302/2526/77
f 3304/2528/1983 3305/2529/1984 3301/2525/994
f 3306/2530/1985 3301/2525/994 3305/2529/1984
f 3301/2525/994 3306/2530/1985 3307/2531/1986
f 3307/2531/1987 3303/2527/77 3301/2525/1982
f 3303/2527/77 3307/2531/1987 3308/2532/77
f 3307/2531/1987 3309/2533/77 3308/2532/77
f 3309/2533/77 3307/2531/1987 3310/2534/77
f 3310/2534/77 3311/2535/77 3309/2533/77
f 3312/2536/1988 3313/2537/1989 3314/2538/755
f 3312/2536/1988 3315/2539/1990 3313/2537/1989
f 3316/2540/1991 3317/2541/1992 3318/2542/1993
f 3317/2541/1992 3316/2540/1991 3319/2543/1994
f 3320/2544/77 3321/520/77 3322/522/77
f 3322/522/77 3323/2545/77 3320/2544/77
f 3323/2545/77 3322/522/77 3324/536/77
f 3324/536/77 3325/2546/77 3323/2545/77
f 3325/2546/77 3324/536/77 3326/494/77
f 3326/494/77 3327/2547/77 3325/2546/77
f 3327/2547/77 3326/494/77 3328/493/77
f 3328/493/77 3329/2548/77 3327/2547/77
f 3329/2548/77 3328/493/77 3330/549/77
f 3330/549/77 3331/674/77 3329/2548/77
f 3329/2548/77 3331/674/77 3332/2549/77
f 3333/2550/1995 3334/2551/1996 3335/2552/1997
f 3334/2551/1996 3333/2550/1995 3336/2553/1998
f 3337/2554/1999 3338/2555/2000 3339/2556/2001
f 3338/2555/2000 3337/2554/1999 3340/2557/2002
f 3341/2558/79 3342/526/79 3343/524/79
f 3342/526/79 3341/2558/79 3344/2559/79
f 3342/526/79 3344/2559/79 3345/538/79
f 3344/2559/79 3346/2560/79 3345/538/79
f 3347/505/79 3345/538/79 3346/2560/79
f 3346/2560/79 3348/2561/79 3347/505/79
f 3349/503/79 3347/505/79 3348/2561/79
f 3348/2561/79 3350/2562/79 3349/503/79
f 3351/552/79 3349/503/79 3350/2562/79
f 3350/2562/79 3352/680/79 3351/552/79
f 3352/680/79 3350/2562/79 3353/2563/79
f 3354/2564/79 3355/2565/79 3356/2566/79
f 3357/2567/2003 3354/2564/79 3356/2566/79
f 3358/2568/79 3354/2564/79 3357/2567/2003
f 3357/2567/2003 3359/2569/79 3358/2568/79
f 3359/2569/79 3357/2567/2003 3360/2570/2004
f 3360/2570/2005 3357/2567/2006 3361/2571/1123
f 3361/2571/1123 3362/2572/2007 3360/2570/2005
f 3362/2572/2007 3363/2573/2008 3360/2570/2005
f 3360/2570/2004 3364/2574/79 3359/2569/79
f 3364/2574/79 3360/2570/2004 3365/2575/79
f 3360/2570/2004 3366/2576/79 3365/2575/79
f 3367/2577/1748 3368/2578/77 3369/2579/77
f 3368/2578/77 3367/2577/1748 3370/2580/1748
f 3371/2581/77 3372/192/77 3373/2582/77
f 3372/192/77 3371/2581/77 3374/193/77
f 3375/2478/2009 3376/2482/1955 3377/2477/2010
f 3378/2515/2011 3379/2518/2012 3380/2516/2013
f 3381/2583/2014 3382/1876/1845 3383/1878/2015
f 3384/1877/1682 3383/1878/2015 3382/1876/1845
f 3382/1876/1845 3381/2583/2014 3385/1874/2016
f 3386/1875/2017 3385/1874/2016 3381/2583/2014
f 3387/2584/79 3388/2585/79 3389/2586/79
f 3389/2586/79 3390/2587/79 3387/2584/79
f 3391/2588/77 3392/2589/77 3393/784/77
f 3392/2589/77 3391/2588/77 3394/2590/77
f 3396/2591/2018 3397/2592/2019 3395/2593/2020
f 3397/2592/2019 3396/2591/2018 3398/2594/2021
f 3399/2595/2022 3400/2596/2023 3401/2597/2024
f 3399/2595/2022 3402/2598/2025 3400/2596/2023
f 3399/2595/2022 3403/2599/567 3404/2598/2025
f 3403/2599/567 3405/2595/2022 3406/2600/2026
f 3407/2601/2027 3408/2602/2028 3409/2603/2029
f 3409/2603/2029 3410/2604/2029 3407/2601/2027
f 3411/2605/79 3412/2606/79 3413/2607/79
f 3412/2606/79 3414/2608/79 3413/2607/79
f 3415/1394/1244 3416/1391/2030 3417/1392/2031
f 3415/1394/1244 3418/1393/1241 3416/1391/2030
f 3419/1332/2032 3420/1331/1174 3421/1330/1171
f 3419/1332/2032 3422/1333/2033 3420/1331/1174
f 3423/2609/2034 3424/2610/1716 3425/2611/1800
f 3424/2610/1716 3423/2609/2034 3426/2612/2035
f 3427/2613/2036 3428/2614/2036 3429/2615/2036
f 3428/2614/2036 3427/2613/2036 3430/2616/2036
f 3431/2209/79 3432/2617/79 3433/2618/79
f 3431/2209/79 3434/2619/79 3432/2617/79
f 3434/2619/79 3431/2209/79 3435/2620/79
f 3432/2617/79 3436/2214/79 3433/2618/79
f 3433/2618/79 3436/2214/79 3437/2213/79
f 3436/2214/79 3432/2617/79 3438/2621/79
f 3439/2622/657 3440/2623/658 3441/2624/2037
f 3442/2625/2038 3443/2622/2039 3444/2626/2040
f 3445/2627/659 3446/2628/2041 3447/2629/2042
f 3448/2627/659 3449/2629/2042 3450/2630/2043
f 3451/2628/2044 3452/1274/2045 3449/2629/2042
f 3453/2624/2037 3454/2626/2040 3455/2622/2039
f 3456/2631/77 3457/2376/77 3458/2632/77
f 3458/2632/77 3459/2379/77 3456/2631/77
f 3460/2380/77 3456/2631/77 3459/2379/77
f 3456/2631/77 3460/2380/77 3461/2633/77
f 3456/2631/77 3462/2634/77 3457/2376/77
f 3463/2635/77 3457/2376/77 3462/2634/77
f 3464/1727/1540 3465/1726/1539 3466/1729/1539
f 3467/1411/1542 3468/1729/1267 3469/2636/1267
f 3470/1411/2046 3471/2636/1539 3472/1412/1540
f 3473/2637/77 3474/1275/2047 3475/2638/77
f 3475/2638/77 3474/1275/2047 3476/2639/77
f 3477/2627/77 3475/2638/77 3476/2639/77
f 3478/2630/77 3477/2627/77 3476/2639/77
f 3479/2640/2048 3480/2641/2049 3481/2642/2050
f 3479/2640/2048 3481/2642/2050 3482/2643/2051
f 3483/1274/2045 3484/2628/2052 3485/2644/2053
f 3486/2625/2054 3487/1289/2055 3488/2645/2056
f 3489/2625/2057 3490/2626/2040 3491/1289/2055
f 3492/1288/2058 3493/2646/79 3494/2622/79
f 3492/1288/2058 3495/2647/79 3493/2646/79
f 3496/2623/79 3492/1288/2058 3494/2622/79
f 3497/2648/2059 3498/1335/2060 3499/1334/2060
f 3500/1335/2060 3497/2648/2059 3501/1947/2061
f 3502/1349/2062 3503/2001/2063 3504/2649/2064
f 3504/2649/2064 3505/1350/2062 3502/1349/2062
f 3506/2650/72 3507/2651/72 3508/2652/72
f 3507/2651/72 3506/2650/72 3509/2653/72
f 3509/2653/72 3510/2654/72 3507/2651/72
f 3510/2654/72 3509/2653/72 3511/2655/72
f 3512/2656/77 3513/2657/77 3514/2658/77
f 3515/2659/77 3516/2660/77 3512/2656/77
f 3512/2656/77 3517/2661/77 3515/2659/77
f 3517/2661/77 3512/2656/77 3518/2662/77
f 3519/2663/77 3517/2661/77 3518/2662/77
f 3514/2658/77 3518/2662/77 3512/2656/77
f 3518/2662/77 3514/2658/77 3520/2664/77
f 3521/2665/77 3520/2664/77 3514/2658/77
f 3514/2658/77 3522/2666/77 3521/2665/77
f 3522/2666/77 3514/2658/77 3523/2667/77
f 3524/2668/2065 3525/1818/2066 3526/2669/2067
f 3525/1818/2066 3527/1822/2068 3526/2669/2067
f 3525/1818/2069 3528/2668/2065 3529/1816/2070
f 3530/2670/2071 3531/2671/2072 3532/2672/2073
f 3532/2672/2074 3533/2673/2075 3534/2670/2071
f 3533/2673/2075 3532/2672/2074 3535/2674/2074
f 3535/2674/2074 3536/2675/2076 3533/2673/2075
f 3537/2676/79 3538/2677/79 3539/2678/79
f 3540/2679/79 3541/2680/79 3539/2678/79
f 3542/2681/79 3539/2678/79 3541/2680/79
f 3543/2682/79 3539/2678/79 3542/2681/79
f 3539/2678/79 3543/2682/79 3537/2676/79
f 3544/2683/79 3537/2676/79 3543/2682/79
f 3537/2676/79 3544/2683/79 3545/2684/79
f 3537/2676/79 3545/2684/79 3546/2685/79
f 3547/2686/79 3546/2685/79 3545/2684/79
f 3548/2687/79 3549/2688/79 3550/2689/79
f 3551/2690/79 3552/2691/2077 3553/2692/2078
f 3554/2693/2079 3555/2694/72 3556/2695/2079
f 3555/2694/72 3554/2693/2079 3557/2696/72
f 3558/2697/2080 3554/2693/2079 3556/2695/2079
f 3556/2695/2079 3559/2698/2081 3558/2697/2080
f 3560/1803/2082 3561/2699/2083 3562/1804/2084
f 3560/1803/2085 3563/2700/2086 3564/2701/2087
f 3563/2700/2086 3560/1803/2085 3565/2702/2088
f 3566/1803/2082 3567/2701/2087 3568/2699/2089
f 3569/1714/2090 3570/1553/2091 3571/1555/2092
f 3572/1722/2093 3570/1553/2091 3569/1714/2090
f 3570/1553/2091 3572/1722/2093 3573/1554/1534
f 3574/2703/79 3575/2704/79 3576/2705/79
f 3576/2705/79 3575/2704/79 3577/2706/79
f 3578/2707/79 3575/2704/79 3574/2703/79
f 3578/2707/79 3574/2703/79 3579/2708/79
f 3579/2708/79 3580/2709/79 3578/2707/79
f 3580/2709/79 3579/2708/79 3581/2710/79
f 3582/2711/2094 3580/2709/79 3581/2710/79
f 3582/2711/2095 3583/2712/79 3584/2713/2096
f 3585/2714/2097 3586/2715/2098 3582/2711/2099
f 3585/2714/2097 3587/2716/2100 3586/2715/2098
f 3588/2711/2101 3589/2713/2102 3585/2714/2103
f 3588/2711/2095 3590/2710/79 3591/2712/79
f 3592/1777/2104 3593/1626/2105 3594/1630/2106
f 3595/1793/2107 3592/1777/2104 3594/1630/2106
f 3594/1630/2106 3596/1632/1610 3595/1793/2107
f 3597/2717/2108 3598/2718/2108 3599/2719/2109
f 3598/2718/2108 3597/2717/2108 3600/2720/2109
f 3601/2721/2110 3602/2722/2111 3603/2723/2112
f 3604/2724/2113 3603/2723/2112 3602/2722/2111
f 3602/2722/2111 3605/136/2114 3604/2724/2113
f 3602/2722/2111 3606/134/2115 3605/136/2114
f 3606/134/2115 3602/2722/2111 3607/2725/2098
f 3608/2726/2100 3606/134/2115 3607/2725/2098
f 3609/2727/2116 3610/2728/2116 3611/2729/2116
f 3612/2730/2116 3611/2729/2116 3610/2728/2116
f 3610/2728/2116 3613/2731/2116 3612/2730/2116
f 3611/2729/2116 3614/2732/2116 3609/2727/2116
f 3615/2733/2116 3609/2727/2116 3614/2732/2116
f 3609/2727/2116 3615/2733/2116 3616/2734/2116
f 3617/2735/77 3618/2736/77 3619/2737/77
f 3617/2735/77 3619/2737/77 3620/2738/77
f 3617/2735/77 3621/2739/77 3618/2736/77
f 3618/2736/77 3621/2739/77 3622/2740/77
f 3623/2741/77 3622/2740/77 3621/2739/77
f 3622/2740/77 3623/2741/77 3624/2742/77
f 3623/2741/77 3625/2743/2117 3624/2742/77
f 3623/2741/77 3626/2744/2117 3625/2743/2117
f 3627/2743/77 3626/2744/2117 3628/2745/2118
f 3629/2746/2119 3626/2744/2120 3630/2747/2121
f 3629/2746/2119 3630/2747/2121 3631/2748/2122
f 3632/2744/2120 3629/2746/2123 3633/2745/2124
f 3634/2749/2125 3635/2750/2125 3636/2751/2125
f 3637/2752/2125 3636/2751/2125 3635/2750/2125
f 3636/2751/2125 3637/2752/2125 3638/2753/2125
f 3636/2751/2125 3639/2754/2125 3634/2749/2125
f 3634/2749/2125 3639/2754/2125 3640/2755/2125
f 3639/2754/2125 3641/2756/2125 3640/2755/2125
f 3642/2757/2126 3643/2758/2127 3644/2759/2127
f 3643/2758/2127 3642/2757/2126 3645/2760/1748
f 3646/127/2119 3647/2761/2122 3645/2760/2128
f 3647/2761/2122 3646/127/2119 3648/2762/2129
f 3649/2763/2130 3650/2764/2131 3651/2765/79
f 3652/2766/2132 3653/2767/77 3654/2768/77
f 3653/2767/77 3652/2766/2132 3655/2769/2133
f 3656/2770/2134 3657/2771/2135 3658/2544/2136
f 3658/2544/2136 3659/2545/2137 3656/2770/2134
f 3660/2772/72 3661/2773/72 3662/2774/72
f 3661/2773/72 3660/2772/72 3663/2775/72
f 3663/2775/72 3664/2776/72 3661/2773/72
f 3664/2776/72 3663/2775/72 3665/2777/72
f 3666/2778/2138 3667/2558/2139 3668/2779/2139
f 3667/2558/2139 3666/2778/2138 3669/2559/2140
f 3670/1875/1444 3671/2780/2141 3672/2781/2142
f 3673/2782/2143 3674/1879/1554 3675/2783/2144
f 3676/2784/79 3677/2785/2145 3678/2786/79
f 3677/2785/2145 3676/2784/79 3679/2787/2146
f 3680/2788/72 3681/2789/2147 3682/2790/2148
f 3682/2790/2149 3683/2643/2150 3680/2788/2151
f 3683/2643/2150 3682/2790/2149 3684/2640/1716
f 3681/2789/2147 3680/2788/72 3685/2791/72
f 3685/2791/72 3686/2792/2152 3681/2789/2147
f 3686/2792/2152 3685/2791/72 3687/2793/72
f 3688/2794/2153 3689/2795/2154 3690/2796/2155
f 3689/2795/2154 3688/2794/2153 3691/2766/2156
f 3690/2796/2155 3692/2797/77 3688/2794/2153
f 3692/2797/77 3690/2796/2155 3693/2798/77
f 3694/2799/77 3688/2794/2153 3692/2797/77
f 3695/2800/2157 3691/2766/2156 3688/2794/2153
f 3688/2794/2153 3694/2799/77 3695/2800/2157
f 3696/2801/77 3695/2800/2157 3694/2799/77
f 3691/2766/2156 3695/2800/2157 3697/2769/2158
f 3695/2800/2157 3696/2801/77 3698/2802/2159
f 3698/2802/2159 3697/2769/2158 3695/2800/2157
f 3697/2769/2158 3698/2802/2159 3699/2803/2160
f 3700/2804/2161 3701/1200/2162 3702/1569/1989
f 3703/2805/2163 3704/2785/2164 3705/2806/2165
f 3705/2806/2165 3706/2807/2165 3703/2805/2163
f 3706/2807/2165 3705/2806/2165 3707/2808/79
f 3707/2808/79 3708/2809/79 3706/2807/2165
f 3709/2810/79 3707/2808/79 3705/2806/2165
f 3710/2811/2166 3705/2806/2165 3704/2785/2164
f 3705/2806/2165 3710/2811/2166 3709/2810/79
f 3711/2812/79 3709/2810/79 3710/2811/2166
f 3704/2785/2164 3712/2787/2167 3710/2811/2166
f 3710/2811/2166 3713/2813/2168 3711/2812/79
f 3713/2813/2168 3710/2811/2166 3712/2787/2167
f 3712/2787/2167 3714/2814/2169 3713/2813/2168
f 3715/2453/72 3716/2815/72 3717/2522/72
f 3716/2815/72 3715/2453/72 3718/2816/72
f 3719/1688/2000 3720/1237/2170 3721/2817/2171
f 3722/2818/2172 3723/2819/2173 3724/2820/2174
f 3725/2821/2175 3722/2818/2176 3724/2820/2177
f 3722/2818/2176 3725/2821/2175 3726/2822/2178
f 3723/2819/2173 3722/2818/2172 3727/2823/2179
f 3727/2823/2180 3728/2824/2181 3723/2819/2182
f 3728/2824/2181 3727/2823/2180 3729/2825/2181
f 3730/2826/2116 3731/686/2116 3732/689/2116
f 3732/689/2116 3733/1944/2116 3730/2826/2116
f 3734/2827/2116 3730/2826/2116 3733/1944/2116
f 3733/1944/2116 3735/1945/2116 3734/2827/2116
f 3736/2828/2116 3734/2827/2116 3735/1945/2116
f 3735/1945/2116 3737/1946/2116 3736/2828/2116
f 3738/1948/2116 3736/2828/2116 3737/1946/2116
f 3736/2828/2116 3738/1948/2116 3739/2829/2116
f 3740/2830/2183 3741/2831/295 3742/2832/2184
f 3741/2831/295 3740/2830/2183 3743/2833/2185
f 3744/2834/2186 3745/2835/2187 3746/2836/2188
f 3745/2835/2187 3744/2834/2186 3747/2837/181
f 3748/2838/72 3749/2839/72 3750/2840/72
f 3749/2839/72 3748/2838/72 3751/2841/72
f 3752/2842/72 3753/2843/72 3754/2844/72
f 3753/2843/72 3752/2842/72 3755/2845/72
f 3756/2846/72 3757/2847/72 3758/2848/72
f 3757/2847/72 3756/2846/72 3759/2849/72
f 3760/2850/2125 3761/694/2125 3762/693/2125
f 3761/694/2125 3760/2850/2125 3763/1998/2125
f 3764/1999/2125 3763/1998/2125 3760/2850/2125
f 3760/2850/2125 3765/2851/2125 3764/1999/2125
f 3766/2000/2125 3764/1999/2125 3765/2851/2125
f 3765/2851/2125 3767/2852/2125 3766/2000/2125
f 3766/2000/2125 3767/2852/2125 3768/2002/2125
f 3767/2852/2125 3769/2853/2125 3768/2002/2125
f 3770/2145/77 3771/2854/77 3772/2855/77
f 3771/2854/77 3770/2145/77 3773/2856/2189
f 3773/2856/2189 3770/2145/77 3774/2857/77
f 3775/2858/77 3773/2856/2189 3774/2857/77
f 3773/2856/2189 3775/2858/77 3776/2859/77
f 3776/2859/77 3777/2860/77 3773/2856/2189
f 3778/2861/2190 3779/2862/79 3780/2863/79
f 3781/2864/79 3780/2863/79 3779/2862/79
f 3779/2862/79 3778/2861/2190 3782/2865/79
f 3783/2866/79 3782/2865/79 3778/2861/2190
f 3778/2861/2190 3784/2867/79 3783/2866/79
f 3778/2861/2190 3785/2868/79 3784/2867/79
f 3778/2861/2190 3786/2869/79 3785/2868/79
f 3785/2868/79 3786/2869/79 3787/2870/79
f 3788/2869/79 3789/2861/2191 3790/2871/2130
f 3791/2872/2192 3792/2873/2193 3793/2874/2192
f 3793/2874/2192 3794/2845/2194 3791/2872/2192
f 3794/2845/2194 3793/2874/2192 3795/2843/2194
f 3792/2873/2193 3791/2872/2192 3796/2875/2195
f 3796/2875/2195 3797/2848/2196 3792/2873/2193
f 3797/2848/2196 3796/2875/2195 3798/2846/2196
f 3799/2876/2192 3800/2877/2193 3801/2878/2192
f 3801/2878/2192 3802/2841/2194 3799/2876/2192
f 3802/2841/2194 3801/2878/2192 3803/2839/2194
f 3800/2877/2193 3799/2876/2192 3804/2879/2195
f 3804/2879/2195 3805/2844/2196 3800/2877/2193
f 3805/2844/2196 3804/2879/2195 3806/2842/2196
f 3807/2880/2116 3808/521/2116 3809/520/2116
f 3807/2880/2116 3809/520/2116 3810/2544/2197
f 3811/2881/2198 3812/2882/2199 3813/2883/2199
f 3812/2882/2199 3814/2884/2199 3813/2883/2199
f 3815/2885/2200 3816/2886/2200 3817/2887/2200
f 3817/2887/2200 3818/2888/2200 3815/2885/2200
f 3819/1803/2201 3820/1816/2070 3821/2668/2202
f 3822/1803/2201 3821/2668/2202 3823/2702/2203
f 3824/2889/2125 3825/524/2125 3826/523/2125
f 3825/524/2125 3824/2889/2125 3827/2558/2204
f 3828/2890/2205 3829/2891/2205 3830/2892/2205
f 3829/2891/2205 3828/2890/2205 3831/2893/2205
f 3832/2894/356 3833/2895/2206 3834/2896/386
f 3833/2895/2206 3832/2894/356 3835/2897/2207
f 3836/2898/72 3837/2899/2208 3838/2900/72
f 3837/2899/2208 3836/2898/72 3839/2901/2209
f 3840/2214/2210 3841/2902/2211 3842/2903/2212
f 3841/2902/2211 3840/2214/2210 3843/2211/2213
f 3843/2211/2213 3844/2904/2214 3841/2902/2211
f 3844/2904/2214 3843/2211/2213 3845/2210/2213
f 3846/2905/2215 3847/2380/2216 3848/2906/2217
f 3847/2380/2216 3846/2905/2215 3849/2378/2218
f 3850/2907/2219 3849/2378/2218 3846/2905/2215
f 3849/2378/2218 3850/2907/2219 3851/2377/2220
f 3852/1699/2221 3853/2908/2222 3854/1169/2223
f 3855/2909/2224 3854/1169/2223 3853/2908/2222
f 3856/2910/2225 3857/2911/2226 3858/2912/2119
f 3857/2911/2226 3859/2913/2227 3858/2912/2119
f 3860/1745/2228 3861/1180/2229 3862/2914/2230
f 3862/2914/2230 3861/1180/2229 3863/2915/2231
f 3864/2916/2232 3865/2917/2233 3866/2918/2234
f 3867/2919/72 3866/2918/2235 3865/2917/2236
f 3868/2920/72 3866/2918/2235 3867/2919/72
f 3868/2920/72 3867/2919/72 3869/2921/72
f 3870/2917/2237 3864/2916/2232 3871/2922/2232
f 3872/1738/2232 3870/2917/2237 3871/2922/2232
f 3872/1738/2232 3871/2922/2232 3873/1736/2238
f 3777/2860/77 3874/2923/2239 3773/2856/2189
f 3875/2924/2240 3773/2856/2241 3874/2923/2242
f 3773/2856/2241 3875/2924/2240 3876/2925/2243
f 3875/2924/2240 3877/2926/2244 3876/2925/2243
f 3878/2927/77 3876/2925/2245 3879/2926/2246
f 3880/2928/77 3876/2925/2245 3878/2927/77
f 3880/2928/77 3881/2929/2247 3876/2925/2245
f 3881/2929/2247 3880/2928/77 3882/2930/2248
f 3883/2931/2249 3881/2929/2247 3882/2930/2248
f 3881/2929/2247 3883/2931/2249 3884/2932/2250
f 3885/2933/2249 3884/2932/2251 3886/2931/2252
f 3884/2932/2253 3887/2934/2254 3888/2935/2255
f 3889/2936/2256 3890/2932/2257 3888/2935/2258
f 3890/2932/2257 3889/2936/2256 3891/2937/2259
f 3892/2938/2260 3891/2937/2259 3889/2936/2256
f 3891/2937/2259 3892/2938/2260 3893/2939/2261
f 3894/2871/2262 3778/2861/2263 3895/2940/2264
f 3896/2941/2265 3778/2861/2263 3897/2764/2266
f 3896/2941/2265 3897/2764/2266 3898/2763/2262
f 3899/2942/79 3900/2765/79 3897/2764/2131
f 3897/2764/2131 3901/2943/79 3899/2942/79
f 3901/2943/79 3897/2764/2131 3902/2944/2267
f 3902/2944/2267 3903/2945/79 3901/2943/79
f 3902/2944/2267 3904/2946/2268 3903/2945/79
f 3903/2945/79 3904/2946/2268 3905/2947/79
f 3905/2947/79 3904/2946/2268 3906/2948/79
f 3906/2948/79 3907/2949/79 3905/2947/79
f 3907/2949/79 3906/2948/79 3908/2950/79
f 3908/2950/79 3909/2951/79 3907/2949/79
f 3909/2951/79 3908/2950/79 3910/2952/2269
f 3902/2944/2267 3911/2953/2270 3904/2946/2268
f 3911/2953/2270 3902/2944/2267 3912/2954/2270
f 3912/2954/2270 3902/2944/2267 3913/2955/2271
f 3914/2956/2272 3913/2955/2271 3902/2944/2267
f 3902/2944/2267 3915/2957/2273 3914/2956/2272
f 3916/2957/2274 3917/2958/2275 3914/2956/2276
f 3917/2958/2277 3918/2957/2278 3919/2959/2279
f 3916/2957/2278 3920/2960/2280 3921/2961/2281
f 3922/2952/2282 3923/2962/2283 3909/2951/79
f 3923/2962/2284 3922/2952/2285 3924/2963/2286
f 3925/2964/2287 3924/2963/2286 3922/2952/2285
f 3924/2963/2286 3925/2964/2287 3926/2965/2288
f 3927/2966/2289 3926/2965/2288 3925/2964/2287
f 3926/2965/2288 3927/2966/2289 3928/2967/2290
f 3928/2967/2291 3927/2966/2292 3929/2968/79
f 3929/2968/79 3930/2969/79 3928/2967/2291
f 3929/2968/79 3931/2970/79 3930/2969/79
f 3931/2970/79 3929/2968/79 3932/1600/79
f 3931/2970/79 3932/1600/79 3933/2194/79
f 3933/2194/79 3934/2971/79 3931/2970/79
f 3935/2972/2293 3936/2973/2294 3937/2974/2295
f 3936/2973/2294 3935/2972/2293 3938/2975/2296
f 3939/2976/63 3940/2977/63 3941/2978/63
f 3940/2977/63 3939/2976/63 3942/2979/63
f 3943/2980/63 3942/2979/63 3939/2976/63
f 3944/2981/63 3941/2978/63 3940/2977/63
f 3941/2978/63 3944/2981/63 3945/2982/63
f 3946/2983/63 3945/2982/63 3944/2981/63
f 3947/2932/2251 3948/2933/2254 3949/2934/2254
f 3950/2940/2297 3951/2861/2263 3952/2941/2298
f 3953/2984/2299 3954/2974/2300 3955/2985/2301
f 3956/2986/2302 3957/2973/2303 3958/2987/2304
f 3959/2974/2300 3960/2984/2299 3961/2972/2293
f 3962/2975/2296 3963/2987/2304 3964/2973/2303
f 3965/2988/63 3966/2989/63 3967/2990/63
f 3967/2990/63 3968/2991/63 3965/2988/63
f 3969/2992/2305 3970/2993/2306 3971/2994/2306
f 3971/2994/2306 3972/2995/2307 3973/2996/2306
f 3971/2994/2307 3974/2993/2305 3975/2997/2306
f 3974/2993/2305 3976/2998/2308 3975/2997/2306
f 3976/2998/2308 3974/2993/2305 3977/2999/2309
f 3977/2999/2310 3978/3000/2311 3976/2998/2312
f 3978/3000/2311 3977/2999/2310 3979/3001/2313
f 3978/3000/2311 3979/3001/2313 3980/3002/2313
f 3981/3003/2314 3980/3002/2313 3979/3001/2313
f 3980/3002/2313 3981/3003/2314 3982/3004/2314
f 3981/3003/2314 3983/3005/72 3982/3004/2314
f 3983/3005/72 3981/3003/2314 3984/3006/72
f 3985/3007/63 3986/3008/63 3987/3009/63
f 3988/3010/63 3987/3009/63 3986/3008/63
f 3989/3011/2129 3990/3012/2100 3991/3013/2122
f 3990/3012/2100 3992/3014/2098 3991/3013/2122
f 3993/3015/2315 3994/3016/2316 3995/3017/2317
f 3994/3016/2316 3993/3015/2315 3996/3018/2318
f 3997/3019/2319 3998/3020/2320 3999/3021/2321
f 3998/3020/2320 3997/3019/2319 4000/3022/2322
f 4001/3023/2323 4002/3024/2324 4003/3025/2324
f 4002/3024/2324 4001/3023/2323 4004/3026/2323
f 4005/3027/72 4006/3028/72 4007/3029/72
f 4006/3028/72 4005/3027/72 4008/3030/72
f 4009/1376/2325 4010/3031/2326 4011/1381/2327
f 4010/3031/2326 4012/1382/2328 4011/1381/2327
f 4010/3031/2326 4009/1376/2325 4013/1375/2329
f 4014/3032/63 4015/3033/63 4016/3034/63
f 4017/3035/63 4016/3034/63 4015/3033/63
f 4018/3036/2330 4019/1398/2331 4020/1401/2332
f 4019/1398/2331 4018/3036/2330 4021/1396/2333
f 4022/1402/2334 4018/3036/2330 4020/1401/2332
f 4023/3037/2335 4024/3038/2335 4025/3039/2335
f 4023/3037/2335 4025/3039/2335 4026/3040/2335
f 4027/2648/2336 4028/1948/2335 4029/1947/2337
f 4027/2648/2336 4030/2829/2335 4028/1948/2335
f 4031/3041/2338 4032/3042/2338 4033/3043/2338
f 4031/3041/2338 4033/3043/2338 4034/3044/2338
f 4035/2649/2339 4036/2002/2338 4037/2853/2338
f 4036/2002/2338 4035/2649/2339 4038/2001/2340
f 4039/3045/63 4040/2982/63 4041/3046/63
f 4040/2982/63 4039/3045/63 4042/3047/63
f 4039/3045/63 4043/3048/63 4042/3047/63
f 4043/3048/63 4039/3045/63 4044/3049/63
f 4045/2983/63 4043/3048/63 4044/3049/63
f 4044/3049/63 4046/3050/63 4045/2983/63
f 4047/3020/2203 4048/3051/2341 4049/3052/2342
f 4050/3051/2341 4051/3020/2343 4052/3022/2344
f 4053/3053/2345 4054/2985/2346 4055/3054/2347
f 4056/2985/2346 4057/3053/2345 4058/2984/2348
f 4059/2987/2349 4060/3055/2350 4061/2986/2302
f 4062/3056/2351 4063/2986/2302 4064/3055/2352
f 4065/3057/63 4066/3058/2353 4067/3059/2353
f 4068/3060/63 4067/3059/2353 4066/3058/2353
f 4069/2961/2354 4070/2959/2355 4071/2957/2278
f 4072/3061/2356 4073/3062/2357 4074/3063/2357
f 4073/3062/2357 4072/3061/2356 4075/3064/2358
f 4076/3065/72 4077/3066/72 4078/3067/72
f 4077/3066/72 4076/3065/72 4079/3068/72
f 4080/3069/2359 4081/3070/2360 4082/1695/2361
f 4083/1698/2362 4082/1695/2361 4081/3070/2360
f 4084/3071/72 4085/3072/72 4086/3073/72
f 4085/3072/72 4084/3071/72 4087/3074/72
f 4087/3074/72 4088/3075/72 4085/3072/72
f 4088/3075/72 4087/3074/72 4089/3076/72
f 4090/3077/2363 4091/1741/2364 4092/3078/2365
f 4093/1744/2366 4092/3078/2365 4091/1741/2364
f 4094/3079/2211 4095/3080/2367 4096/3081/2215
f 4095/3080/2367 4094/3079/2211 4097/3082/2368
f 4098/3083/2212 4096/3081/2369 4099/3084/2217
f 4096/3081/2369 4098/3083/2212 4100/3079/2370
f 4101/1169/2371 4102/2909/2372 4103/1172/2373
f 4103/1172/2374 4102/2909/2375 4104/1575/1403
f 4104/1575/1403 4102/2909/2375 4105/3085/2376
f 4106/1184/2377 4107/1690/2378 4108/3086/2379
f 4106/1184/2377 4108/3086/2379 4109/2915/2380
f 4106/1184/2381 4109/2915/2382 4110/1180/2383
f 4111/2780/2384 4112/1878/2385 4113/2782/2386
f 4112/1878/2385 4114/1879/2387 4113/2782/2386
f 4112/1878/2385 4111/2780/2384 4115/2583/2388
f 4111/2780/2384 4116/1875/2389 4115/2583/2388
f 4117/3087/21 4118/3088/21 4119/3089/21
f 4118/3088/21 4117/3087/21 4120/3090/21
f 4118/3088/21 4121/3091/21 4119/3089/21
f 4122/3092/21 4121/3091/21 4118/3088/21
f 4121/3091/21 4122/3092/21 4123/3093/21
f 4123/3093/21 4124/3094/21 4121/3091/21
f 4125/3095/21 4124/3094/21 4123/3093/21
f 4124/3094/21 4125/3095/21 4126/3096/21
f 4125/3095/21 4127/3097/21 4126/3096/21
f 4128/3098/21 4126/3096/21 4127/3097/21
f 4128/3098/21 4127/3097/21 4129/3099/21
f 4128/3098/21 4129/3099/21 4130/3100/21
f 4128/3098/21 4131/3101/21 4132/3102/21
f 4132/3102/21 4131/3101/21 4133/3103/21
f 4134/3093/21 4135/3092/21 4136/3104/21
f 4137/3098/21 4138/3100/21 4139/3101/21
f 4140/3098/2390 4141/3102/2390 4142/3105/2390
f 4143/3054/2391 4144/3106/2392 4145/3107/2393
f 4143/3054/2391 4145/3107/2393 4146/3053/2394
f 4147/3056/2351 4148/3108/2026 4149/3109/2395
f 4148/3108/2026 4147/3056/2351 4150/3055/2396
f 4151/3110/2397 4152/3111/2398 4153/3112/2399
f 4153/3112/2399 4154/3113/2400 4155/3114/2400
f 4154/3113/2400 4153/3112/2399 4152/3111/2398
f 4152/3111/2398 4156/3115/2401 4154/3113/2400
f 4152/3111/2398 4151/3110/2397 4157/3116/2397
f 4158/3117/2402 4157/3116/2397 4151/3110/2397
f 4157/3116/2397 4158/3117/2402 4159/3118/2402
f 4156/3115/2401 4152/3111/2398 4160/3119/2398
f 4157/3116/2397 4160/3119/2398 4152/3111/2398
f 4160/3119/2398 4161/3120/2403 4156/3115/2401
f 4159/3118/2402 4162/3121/2404 4157/3116/2397
f 4160/3119/2398 4157/3116/2397 4162/3121/2404
f 4162/3121/2404 4159/3118/2402 4163/3122/2402
f 4161/3120/2403 4160/3119/2398 4164/3123/2399
f 4162/3121/2404 4164/3123/2399 4160/3119/2398
f 4164/3123/2399 4165/3124/2405 4161/3120/2403
f 4163/3122/2402 4166/3125/2406 4162/3121/2404
f 4164/3123/2399 4162/3121/2404 4166/3125/2406
f 4166/3125/2406 4163/3122/2402 4167/3126/2407
f 4167/3126/2407 4168/3127/2408 4166/3125/2406
f 4166/3125/2406 4169/3128/2409 4164/3123/2399
f 4169/3128/2409 4166/3125/2406 4170/3127/2410
f 4171/3124/2405 4164/3123/2411 4172/3128/2412
f 4173/3127/2408 4167/3126/2413 4174/3129/2414
f 4175/2993/2306 4176/2992/2415 4177/3130/2306
f 4178/2994/2306 4179/2996/2416 4180/2992/2305
f 4181/2995/2416 4182/2994/2307 4183/3131/2417
f 4181/2995/2416 4183/3131/2417 4184/3132/2306
f 4183/3131/2417 4185/2921/2307 4184/3132/2306
f 4186/2921/2306 4187/3131/2306 4188/2920/2306
f 4189/3133/72 4190/3134/72 4191/3135/72
f 4190/3134/72 4189/3133/72 4192/3136/72
f 4192/3136/72 4193/3137/72 4190/3134/72
f 4193/3137/72 4192/3136/72 4194/3138/72
f 4191/3135/72 4195/3139/72 4189/3133/72
f 4195/3139/72 4191/3135/72 4196/3140/72
f 4196/3140/72 4197/3141/72 4195/3139/72
f 4197/3141/72 4196/3140/72 4198/3142/72
f 4198/3142/72 4199/3143/72 4197/3141/72
f 4199/3143/72 4198/3142/72 4200/3144/72
f 4200/3144/72 4201/3145/72 4199/3143/72
f 4201/3145/72 4200/3144/72 4202/3146/72
f 4203/3147/2418 4204/3148/21 4205/3149/2418
f 4204/3148/21 4203/3147/2418 4206/3150/21
f 4207/3151/2419 4208/3152/2203 4209/3153/2420
f 4208/3152/2203 4207/3151/2419 4210/3154/2421
f 4211/3155/21 4212/3156/21 4213/3157/21
f 4212/3156/21 4211/3155/21 4214/3158/21
f 4215/3159/21 4216/3160/21 4217/3161/21
f 4216/3160/21 4215/3159/21 4218/3162/21
f 4217/3161/21 4219/3163/21 4215/3159/21
f 4219/3163/21 4217/3161/21 4220/3164/21
f 4221/3165/21 4219/3163/21 4220/3164/21
f 4219/3163/21 4221/3165/21 4222/3166/21
f 4223/3167/2422 4224/3168/2423 4225/3169/2424
f 4224/3168/2425 4226/3170/2426 4225/3169/2427
f 4227/3171/72 4228/3172/72 4229/3173/72
f 4228/3172/72 4227/3171/72 4230/3174/72
f 4231/1993/2428 4232/2087/21 4233/2086/1653
f 4232/2087/21 4231/1993/2428 4234/1992/21
f 4235/1695/2361 4236/1327/2429 4237/3069/2430
f 4238/3175/2431 4237/3069/2430 4236/1327/2429
f 4236/1327/2429 4239/1325/2432 4238/3175/2431
f 1774/1324/2433 4238/3175/2431 4239/1325/2432
f 4238/3175/2431 1774/1324/2433 4240/3176/2434
f 4241/720/2435 4240/3176/2434 1774/1324/2433
f 4240/3176/2434 4241/720/2435 4242/719/602
f 4243/3177/2436 4244/48/69 4245/52/68
f 4244/48/69 4243/3177/2436 4246/3178/2437
f 4247/60/97 4248/3179/2438 4249/3180/2439
f 4249/3180/2439 4250/61/98 4247/60/97
f 4251/3179/2440 4252/3181/2441 4253/3182/2442
f 4252/3181/2441 4251/3179/2440 4254/60/2443
f 4255/1741/2364 4256/3077/2444 4257/1372/2445
f 4258/3183/2446 4257/1372/2445 4256/3077/2444
f 4257/1372/2445 4258/3183/2446 4259/1370/2447
f 1847/1369/2448 4259/1370/2447 4258/3183/2446
f 4258/3183/2446 4260/3184/2449 1847/1369/2448
f 4261/722/2450 1847/1369/2448 4260/3184/2449
f 4260/3184/2449 4262/723/604 4261/722/2450
f 4263/48/59 4264/3178/2451 4265/3185/2452
f 4265/3185/2452 4266/49/60 4263/48/59
f 4267/3182/2453 4268/3181/2454 4269/3186/2455
f 4269/3186/2455 4268/3181/2454 4270/3187/2456
f 4271/3188/2457 4272/3189/2458 4273/3190/2459
f 4272/3189/2458 4271/3188/2457 4274/3191/2460
f 4275/2908/2461 4276/1699/2462 4277/3192/2463
f 4278/1698/2464 4277/3192/2463 4276/1699/2462
f 4278/1698/2362 4279/3070/2465 4280/3193/2466
f 4281/3192/2467 4278/1698/2362 4280/3193/2466
f 4282/3194/2468 4283/3195/2469 4284/3196/2470
f 4283/3195/2469 4282/3194/2468 4285/3197/2471
f 4286/3189/2472 4287/3198/2473 4288/3199/2474
f 4287/3198/2473 4286/3189/2472 4289/3191/2475
f 4290/1745/2476 4291/2914/2477 4292/3200/2478
f 4293/1744/2479 4290/1745/2476 4292/3200/2478
f 4294/3078/2480 4293/1744/2366 4295/3201/2481
f 4293/1744/2366 4296/3200/2482 4295/3201/2481
f 4297/3202/2483 4298/53/2484 4299/3197/2485
f 4298/53/2484 4300/3195/2486 4299/3197/2485
f 4301/3198/2487 4302/3203/2488 4303/3199/2489
f 4302/3203/2488 4301/3198/2487 4304/3204/2490
f 4305/3203/2491 4306/3205/2492 4307/3206/2493
f 4306/3205/2492 4305/3203/2491 4308/3204/2494
f 4309/3207/2495 4310/53/73 4311/3202/2496
f 4310/53/73 4309/3207/2495 4312/54/74
f 4313/3208/72 4314/3209/72 4315/3210/72
f 4314/3209/72 4313/3208/72 4316/3211/72
f 4317/3212/2497 4318/3213/2497 4319/3214/2498
f 4318/3213/2497 4317/3212/2497 4320/3215/2497
f 4321/2205/2499 4322/2204/2499 4323/2884/2500
f 4323/2884/2500 4322/2204/2499 4324/2883/2501
f 4325/3216/108 4326/3217/108 4327/3218/108
f 4326/3217/108 4325/3216/108 4328/3219/108
f 4325/3216/108 4329/3220/2502 4328/3219/108
f 4329/3220/2502 4325/3216/108 4330/3221/2502
f 4326/3217/108 4331/3222/108 4327/3218/108
f 4331/3222/108 4332/3223/108 4327/3218/108
f 4332/3223/108 4331/3222/108 4333/3224/108
f 4331/3222/108 4326/3217/108 4334/3225/108
f 4334/3225/108 4335/3226/108 4331/3222/108
f 4335/3226/108 4334/3225/108 4336/3227/108
f 4336/3227/108 4337/3228/2502 4335/3226/108
f 4337/3228/2502 4336/3227/108 4338/3229/2502
f 4339/1725/2503 4340/1737/2504 4341/1731/2503
f 4340/1737/2504 4339/1725/2503 4342/1727/2504
f 4343/3230/2505 4340/1737/2504 4342/1727/2504
f 4340/1737/2504 4343/3230/2505 4344/3231/2506
f 4343/3230/2505 4345/3232/2507 4344/3231/2506
f 4345/3232/2507 4343/3230/2505 4346/3233/2508
f 4345/3232/2507 4346/3233/2508 4347/3234/2509
f 4347/3234/2509 4346/3233/2508 4348/3235/2510
f 4349/3236/2511 4347/3234/2509 4348/3235/2510
f 4347/3234/2509 4349/3236/2511 4350/3237/2512
f 4349/3236/2513 4351/3238/2514 4350/3237/2515
f 4351/3238/2514 4349/3236/2513 4352/3239/2516
f 4353/3240/21 4354/3241/21 4355/3242/21
f 4354/3241/21 4353/3240/21 4356/3243/21
f 4357/3244/21 4353/3240/21 4355/3242/21
f 4353/3240/21 4357/3244/21 4358/3245/21
f 4359/3246/21 4360/3247/2517 4361/3248/21
f 4360/3247/2517 4359/3246/21 4362/3249/2517
f 4363/3250/108 4364/3251/108 4365/3252/108
f 4364/3251/108 4363/3250/108 4366/3253/108
f 4365/3252/108 4367/3254/108 4363/3250/108
f 4367/3254/108 4365/3252/108 4368/3255/108
f 4368/3255/108 4369/3256/108 4367/3254/108
f 4369/3256/108 4368/3255/108 4370/3257/108
f 4370/3257/108 4371/3258/108 4369/3256/108
f 4371/3258/108 4370/3257/108 4372/3259/108
f 4373/3260/108 4371/3258/108 4372/3259/108
f 4371/3258/108 4373/3260/108 4374/3261/108
f 4375/3262/2518 4376/2549/2519 4377/3263/2520
f 4376/2549/2519 4375/3262/2518 4378/2548/2521
f 4379/674/2522 4380/3263/2523 4381/2549/2524
f 4380/3263/2523 4379/674/2522 4382/675/2525
f 4383/3264/2526 4384/681/2527 4385/680/2528
f 4383/3264/2526 4385/680/2528 4386/2563/2529
f 4387/3265/2530 4388/3264/2531 4389/2563/2532
f 4387/3265/2530 4389/2563/2532 4390/2562/2530
f 4391/2010/2533 4392/3266/2534 4393/2009/2533
f 4392/3266/2534 4391/2010/2533 4394/3267/2534
f 4395/3268/2535 4396/3269/301 4397/3270/2536
f 4398/3271/2537 4397/3270/2536 4396/3269/301
f 4399/3272/2538 4397/3270/2536 4398/3271/2537
f 4398/3271/2537 4400/3273/2539 4399/3272/2538
f 4399/3272/2538 4400/3273/2539 4401/3274/2540
f 4402/3275/2540 4401/3274/2540 4400/3273/2539
f 4403/2770/2541 4404/2546/2542 4405/3276/2542
f 4404/2546/2542 4403/2770/2541 4406/2545/2541
f 4407/1715/2543 4408/1555/2544 4409/1557/2545
f 4408/1555/2544 4407/1715/2543 4410/1714/2546
f 4411/2560/2547 4412/2559/2548 4413/2778/2548
f 4411/2560/2547 4413/2778/2548 4414/3277/2547
f 4415/1626/2549 4416/1776/2550 4417/1627/2551
f 4416/1776/2550 4415/1626/2549 4418/1777/2552
f 4419/3278/21 4420/3279/21 4421/3280/21
f 4421/3280/21 4422/3281/21 4419/3278/21
f 4422/3281/21 4421/3280/21 4423/3282/21
f 4420/3279/21 4419/3278/21 4424/3283/21
f 4425/3284/21 4420/3279/21 4424/3283/21
f 4420/3279/21 4425/3284/21 4426/3285/21
f 4427/3286/21 4428/3287/21 4429/3288/21
f 4428/3287/21 4427/3286/21 4430/3289/21
f 4428/3287/21 4430/3289/21 4431/3290/21
f 4431/3290/21 4430/3289/21 4432/3291/21
f 4433/3292/2141 4431/3290/21 4432/3291/21
f 4431/3290/21 4433/3292/2141 4434/3293/2143
f 4435/3294/2553 4436/3295/21 4437/3296/21
f 4436/3295/21 4435/3294/2553 4438/3297/2553
f 4439/3298/2554 4440/3299/2555 4441/3300/2556
f 4440/3299/2555 4439/3298/2554 4442/3301/2555
f 4442/3301/2555 4443/3302/768 4440/3299/2555
f 4443/3302/768 4442/3301/2555 4444/3303/753
f 4445/2771/2335 4446/2880/2335 4447/2544/2335
f 4448/2779/2338 4449/2558/2338 4450/2889/2338
f 4451/3304/108 4452/3219/108 4453/3305/108
f 4452/3219/108 4451/3304/108 4454/3227/108
f 4455/3306/2557 4456/2548/2558 4457/3262/2558
f 4456/2548/2558 4455/3306/2557 4458/2547/2557
f 4459/2562/2559 4460/3307/2560 4461/3265/2559
f 4460/3307/2560 4459/2562/2559 4462/2561/2561
f 4463/3308/2562 4464/3309/2563 4465/3310/2564
f 4464/3309/2563 4466/3311/2565 4465/3310/2564
f 4467/3311/2566 4464/3309/2567 4468/3312/2568
f 4468/3312/2568 4469/3313/2569 4467/3311/2566
f 4470/3313/2570 4468/3312/2571 4471/3314/2572
f 4472/3315/2573 4470/3313/2574 4471/3314/2575
f 4473/3306/2576 4474/2546/2577 4475/2547/2578
f 4474/2546/2577 4473/3306/2576 4476/3276/2577
f 4477/2560/2579 4478/3307/2580 4479/2561/2580
f 4478/3307/2580 4477/2560/2579 4480/3277/2581
f 4481/3316/2582 4482/3317/2583 4483/3318/2584
f 4482/3317/2583 4481/3316/2582 4484/3319/2585
f 4483/3318/2584 4485/3320/2586 4481/3316/2582
f 4485/3320/2586 4483/3318/2584 4486/3321/2587
f 4487/3322/2588 4485/3320/2586 4486/3321/2587
f 4485/3320/2586 4487/3322/2588 4488/3323/2589
f 4489/3324/2590 4490/3325/2590 4491/3326/2590
f 4490/3325/2590 4489/3324/2590 4492/3327/2590
f 4493/3328/2591 4494/3329/2591 4495/3330/2592
f 4494/3329/2591 4496/3331/2592 4495/3330/2592
f 4497/3332/2593 4498/3315/2594 4499/3333/2595
f 4498/3315/2596 4500/3314/2465 4499/3333/2597
f 4501/3167/2598 4502/3334/2599 4503/3335/2600
f 4504/3168/2601 4501/3167/2602 4503/3335/2603
f 4505/3309/2604 4506/3308/2605 4507/3336/2606
f 4508/3337/2607 4507/3336/2606 4506/3308/2605
f 4509/3338/2608 4510/3339/2609 4511/3340/2610
f 4511/3340/2610 4512/3341/2611 4509/3338/2608
f 4513/3170/2612 4514/3168/2613 4515/3342/2614
f 4515/3342/2614 4516/3343/2615 4513/3170/2612
f 4517/3341/2616 4518/3340/2617 4516/3343/2618
f 4516/3343/2618 4519/3342/2619 4517/3341/2616
f 4520/3316/21 4521/3317/21 4522/3318/21
f 4521/3317/21 4520/3316/21 4523/3319/21
f 4522/3318/21 4524/3320/21 4520/3316/21
f 4524/3320/21 4522/3318/21 4525/3321/21
f 4526/3322/21 4524/3320/21 4525/3321/21
f 4524/3320/21 4526/3322/21 4527/3323/21
f 4528/3344/2121 4529/3345/2620 4530/3346/2122
f 4529/3345/2620 4531/3347/2100 4530/3346/2122
f 4532/3348/2621 4533/3349/2622 4534/3350/1320
f 4535/3351/2623 4536/3352/2624 4537/3353/2625
f 4538/3354/2626 4539/3355/2627 4540/3356/2628
f 4539/3355/2627 4538/3354/2626 4541/3357/909
f 4542/3358/2629 4543/3359/2630 4544/3360/2631
f 4545/3361/2632 4544/3360/2631 4543/3359/2630
f 4546/3357/909 4547/3360/2631 4548/3355/2627
f 4547/3360/2631 4546/3357/909 4549/3358/844
f 4550/3362/108 4551/3363/108 4552/3364/108
f 4551/3363/108 4550/3362/108 4553/3365/108
f 4554/3337/2607 4555/3366/2376 4556/3367/2633
f 4555/3366/2376 4554/3337/2607 4557/3368/2634
f 4558/3336/2635 4554/3337/2607 4556/3367/2633
f 4559/3369/2636 4560/3370/2637 4561/3339/2638
f 4560/3370/2637 4559/3369/2636 4562/3371/2379
f 4561/3339/2638 4563/3338/2639 4559/3369/2636
f 4564/3372/2640 4565/3356/2641 4566/3373/2642
f 4565/3356/2641 4564/3372/2640 4567/3354/2643
f 4568/3359/2644 4569/3374/2645 4570/3361/2646
f 4571/3375/2647 4570/3361/2646 4569/3374/2645
f 4572/3376/2648 4573/3377/2649 4574/3378/2650
f 4573/3377/2649 4572/3376/2648 4575/3379/1136
f 4576/3380/2651 4577/3381/2652 4578/3382/2653
f 4577/3381/2652 4579/3380/2654 4580/3383/1138
f 4581/3377/2649 4582/3384/2655 4583/3378/2650
f 4584/3382/2653 4585/3385/2656 4586/3380/2657
f 4587/3373/2642 4588/2836/2658 4589/3386/2659
f 4587/3373/2642 4589/3386/2659 4590/3372/2660
f 4591/3375/2647 4592/3387/2661 4593/2834/2662
f 4592/3387/2661 4591/3375/2647 4594/3374/2663
f 4595/3384/2664 4596/3350/1320 4597/3349/2665
f 4598/3352/2666 4599/3351/2623 4600/3385/2667
f 4601/3388/2668 4602/3389/2669 4603/3390/2670
f 4602/3389/2669 4601/3388/2668 4604/3391/2671
f 4603/3390/2670 4605/3392/2672 4601/3388/2668
f 4605/3392/2672 4603/3390/2670 4606/3393/2672
f 4605/3392/2672 4606/3393/2672 4607/3394/2673
f 4606/3393/2672 4608/3395/2673 4607/3394/2673
f 4609/3310/2674 4610/3170/2675 4611/3343/2676
f 4610/3170/2675 4609/3310/2674 4612/3311/2677
f 4612/3311/2677 4613/3169/2678 4610/3170/2675
f 4613/3169/2678 4612/3311/2677 4614/3313/2679
f 4614/3313/2680 4615/3167/2681 4613/3169/2682
f 4615/3167/2681 4614/3313/2680 4616/3315/2683
f 4616/3315/2684 4617/3396/2685 4615/3167/2686
f 4617/3396/2685 4616/3315/2684 4618/3397/2687
f 4618/3397/2687 4619/3398/2688 4617/3396/2685
f 4620/3399/604 4619/3398/2689 4621/3400/2690
f 4619/3398/2688 4618/3397/2687 4622/3401/2691
f 4622/3401/2692 4623/3402/602 4624/3403/2693
f 4622/3401/2691 4625/3400/2694 4619/3398/2688
f 4625/3400/2694 4622/3401/2691 4626/3403/2695
f 4619/3398/2696 4627/3399/604 4628/3404/2697
f 4628/3404/2697 4629/3396/2698 4619/3398/2696
f 4630/3334/2699 4631/3167/2700 4629/3396/2701
f 4632/3396/2698 4628/3404/2702 4630/3334/2703
f 4633/3402/602 4622/3401/2704 4634/3405/2705
f 4635/3397/2706 4634/3405/2705 4622/3401/2704
f 4634/3405/2707 4636/3397/2706 4637/3332/2708
f 4638/3315/2709 4637/3332/2593 4635/3397/2710
f 4639/1625/2711 4640/1581/2712 4641/1582/2713
f 4642/1581/2714 4643/1625/2714 4644/3406/2714
f 4645/3407/2715 4646/3383/2716 4647/3408/2717
f 4646/3383/2716 4645/3407/2715 4648/3381/2718
f 4649/3409/2719 4645/3407/2720 4650/3408/2721
f 4645/3407/2720 4649/3409/2719 4651/3410/2722
f 4652/3409/2723 4653/3379/1136 4651/3410/2724
f 4651/3410/2724 4653/3379/1136 4654/3376/2725
f 4655/1618/2726 4656/1694/2726 4657/1619/2727
f 4656/1694/2726 4655/1618/2726 4658/3411/2726
f 4659/3412/2728 4660/3413/2729 4661/3414/2730
f 4660/3413/2729 4659/3412/2728 4662/3415/2731
f 4663/3416/2732 4664/3417/2733 4665/3418/2734
f 4666/3419/2735 4664/3417/2733 4663/3416/2732
f 4667/3420/21 4668/3421/21 4669/3422/21
f 4668/3421/21 4667/3420/21 4670/3423/21
f 4669/3422/21 4671/3424/21 4667/3420/21
f 4671/3424/21 4669/3422/21 4672/3425/21
f 4672/3425/21 4673/3426/21 4671/3424/21
f 4674/3427/21 4673/3426/21 4672/3425/21
f 4675/3428/21 4676/3317/21 4677/3429/21
f 4676/3317/21 4675/3428/21 4678/3319/21
f 4679/3349/2736 4680/3378/2650 4681/3384/1277
f 4682/3430/2737 4683/3431/108 4684/3432/2737
f 4683/3431/108 4682/3430/2737 4685/3433/108
f 4684/3432/2737 4686/3434/2738 4682/3430/2737
f 4686/3434/2738 4684/3432/2737 4687/3435/2738
f 4687/3435/2738 4688/3436/2739 4686/3434/2738
f 4688/3436/2739 4687/3435/2738 4689/3437/2739
f 4690/3308/2740 4691/3339/2741 4692/3337/2742
f 4691/3339/2741 4693/3368/2743 4692/3337/2742
f 4693/3368/2743 4691/3339/2741 4694/3370/2744
f 4691/3339/2741 4690/3308/2740 4695/3340/2745
f 4609/3310/2674 4695/3340/2745 4690/3308/2740
f 4695/3340/2745 4609/3310/2674 4611/3343/2676
f 4696/3385/1315 4697/3382/2746 4698/3352/2747
f 4699/3438/2748 4700/3439/2749 4701/1865/2750
f 4702/1863/2751 4701/1865/2750 4700/3439/2749
f 4703/3440/2752 4704/3441/2753 4705/3442/2752
f 4704/3441/2753 4703/3440/2752 4706/3443/2753
f 4707/3444/2754 4708/3445/1795 4709/3446/1815
f 4708/3445/1795 4710/3447/1795 4709/3446/1815
f 4711/3446/2754 4712/3448/1817 4713/3444/1815
f 4712/3448/1817 4711/3446/2754 4714/3449/1817
f 4715/3450/2755 4716/3451/1891 4717/3452/1893
f 4716/3451/1891 4715/3450/2755 4718/3453/1793
f 4719/3454/1819 4720/3448/1817 4721/3449/1817
f 4720/3448/1817 4719/3454/1819 4722/3455/2756
f 4723/3456/1850 4724/3450/1849 4725/3452/1893
f 4724/3450/1849 4723/3456/1850 4726/3457/1850
f 4727/3455/1863 4728/3458/1910 4729/3459/1899
f 4730/3454/1819 4728/3458/1910 4727/3455/1863
f 4731/3456/1850 4732/3460/2757 4733/3457/1850
f 4732/3460/2757 4731/3456/1850 4734/3461/1915
f 4735/3462/2758 4736/3463/2759 4737/3464/2760
f 4736/3463/2759 4735/3462/2758 4738/3465/2761
f 4739/3466/2762 4740/3464/2760 4741/3463/2763
f 4740/3464/2760 4739/3466/2762 4742/3467/2758
f 4743/3468/1913 4744/3461/1915 4745/3469/1921
f 4744/3461/1915 4743/3468/1913 4746/3460/1853
f 4747/3470/2764 4748/3464/2765 4749/3471/2766
f 4748/3464/2767 4750/3470/2768 4751/3462/2769
f 4749/3471/2766 4752/3467/2770 4753/3472/2771
f 4754/3467/2769 4749/3471/2766 4755/3464/2772
f 4756/3473/2773 4757/3470/2774 4758/3474/2775
f 4759/3471/2776 4758/3474/2777 4760/3470/2778
f 4761/3474/2775 4759/3471/2776 4762/3475/2779
f 4763/3472/2774 4764/3475/2780 4759/3471/2776
f 4765/3476/2781 4766/3477/2782 4767/3478/2783
f 4766/3477/2782 4765/3476/2781 4768/3479/2784
f 4769/3479/2785 4770/3476/2781 4771/3480/2786
f 4772/3480/2787 4773/3476/2781 4774/3481/2788
f 4775/3482/2789 4776/3473/2790 4777/3483/2791
f 4777/3483/2791 4776/3473/2790 4778/3474/2792
f 4779/3483/2791 4780/3474/2792 4781/3484/2793
f 4781/3484/2793 4780/3474/2792 4782/3475/2794
f 4783/3476/2795 4784/3485/2796 4785/3486/2797
f 4785/3486/2797 4786/3481/2798 4783/3476/2795
f 4786/3481/2798 4785/3486/2797 4787/3487/2799
f 4788/3485/2796 4783/3476/2800 4789/3478/2801
f 4790/3453/1793 4791/3488/1894 4792/3451/1891
f 4791/3488/1894 4790/3453/1793 4793/2354/1792
f 4794/3447/1795 4791/3488/1894 4793/2354/1792
f 4791/3488/1894 4794/3447/1795 4795/3445/1795
f 4796/3485/2802 4797/3489/2803 4798/3486/2804
f 4799/3490/2805 4798/3486/2804 4797/3489/2803
f 4798/3486/2804 4799/3490/2805 4800/3487/2806
f 4797/3489/2803 4801/3485/2807 4802/3491/2805
f 4803/3492/2808 4804/3493/2809 4805/3494/2810
f 4804/3493/2809 4803/3492/2808 4806/3495/2811
f 4807/3496/2812 4808/3489/2813 4809/3497/2814
f 4810/3491/2815 4809/3497/2814 4808/3489/2813
f 4811/3498/2816 4812/3492/2817 4813/3494/2818
f 4812/3492/2817 4811/3498/2816 4814/3499/2819
f 4815/3498/2814 4816/3500/2813 4817/3499/2820
f 4816/3500/2813 4815/3498/2814 4818/3501/2815
f 4819/3459/2821 4820/3502/1912 4821/3503/1920
f 4820/3502/1912 4819/3459/2821 4822/3458/1910
f 4820/3502/1912 4823/3469/1921 4821/3503/1920
f 4823/3469/1921 4820/3502/1912 4824/3468/2822
f 4825/3465/2823 4826/3504/2824 4827/3463/2825
f 4828/3505/2826 4827/3463/2825 4826/3504/2824
f 4829/3479/2827 4826/3504/2824 4830/3477/2828
f 4826/3504/2824 4829/3479/2827 4828/3505/2826
f 4831/3480/2829 4828/3505/2826 4832/3479/2827
f 4828/3505/2826 4831/3480/2829 4833/3506/2824
f 4833/3506/2824 4834/3466/2830 4828/3505/2826
f 4835/3463/2831 4828/3505/2826 4834/3466/2830
f 4836/3507/2832 4837/3483/2811 4838/3508/2833
f 4837/3483/2811 4836/3507/2832 4839/3482/2834
f 4840/3496/2819 4836/3507/2832 4838/3508/2833
f 4836/3507/2832 4840/3496/2819 4841/3497/2835
f 4842/3509/21 4843/3510/21 4844/3511/21
f 4843/3510/21 4842/3509/21 4845/3512/21
f 4846/3428/21 4847/3317/21 4848/3429/21
f 4847/3317/21 4846/3428/21 4849/3319/21
f 4850/3513/2836 4851/3514/2837 4852/3515/2836
f 4851/3514/2837 4853/3516/2837 4852/3515/2836
f 4851/3514/2837 4850/3513/2836 4854/3517/2837
f 4850/3513/2836 4855/3518/2838 4854/3517/2837
f 4856/3519/2839 4852/3515/2836 4853/3516/2837
f 4850/3513/2836 4857/3520/2839 4855/3518/2838
f 4857/3520/2839 4850/3513/2836 4858/3521/2840
f 4852/3515/2836 4859/3522/2841 4850/3513/2836
f 4859/3522/2841 4852/3515/2836 4860/3523/2842
f 4860/3523/2842 4861/3524/2843 4859/3522/2841
f 4861/3524/2843 4860/3523/2842 4862/3525/2844
f 4852/3515/2836 4856/3519/2839 4863/3526/2845
f 4864/3527/2846 4865/3528/2847 4866/3529/2848
f 4865/3528/2847 4864/3527/2846 4867/3530/2849
f 4864/3527/2846 4868/3531/2850 4867/3530/2849
f 4868/3531/2850 4869/3532/2851 4867/3530/2849
f 4869/3532/2851 4868/3531/2850 4870/3533/1689
f 4868/3531/2850 4864/3527/2846 4871/3534/2852
f 4868/3531/2850 4871/3534/2852 4872/3535/2853
f 4872/3535/2853 4871/3534/2852 4873/3536/2854
f 4874/3537/2855 4875/3538/2856 4876/3539/2857
f 4877/3317/2188 4876/3539/2858 4878/3319/2186
f 4876/3539/2858 4877/3317/2188 4879/3540/2859
f 4879/3540/2859 4880/3537/2860 4876/3539/2858
f 4880/3537/2860 4879/3540/2859 4881/3541/2861
f 4879/3540/2862 4882/3542/2863 4883/3541/2864
f 4884/3543/21 4885/3544/21 4886/3545/21
f 4886/3545/21 4885/3544/21 4887/3546/21
f 4888/3547/21 4885/3544/21 4884/3543/21
f 4887/3546/21 4885/3544/21 4889/3548/21
f 4890/3549/21 4885/3544/21 4888/3547/21
f 4889/3548/21 4885/3544/21 4891/3550/21
f 4892/3551/21 4885/3544/21 4890/3549/21
f 4891/3550/21 4885/3544/21 4893/3552/21
f 4894/3553/21 4885/3544/21 4892/3551/21
f 4893/3552/21 4885/3544/21 4895/3554/21
f 4896/3555/21 4885/3544/21 4894/3553/21
f 4895/3554/21 4885/3544/21 4896/3555/21
f 4897/3556/2865 4898/3557/108 4899/3558/2866
f 4898/3557/108 4897/3556/2865 4900/3559/108
f 4901/3560/2867 4897/3556/2865 4899/3558/2866
f 4897/3556/2865 4901/3560/2867 4902/3561/2868
f 4903/3562/21 4904/3563/21 4905/3564/21
f 4904/3563/21 4906/3565/21 4905/3564/21
f 4907/3566/21 4903/3562/21 4905/3564/21
f 4908/3567/21 4907/3566/21 4905/3564/21
f 4906/3565/21 4909/3568/21 4905/3564/21
f 4910/3569/21 4908/3567/21 4905/3564/21
f 4909/3568/21 4911/3570/21 4905/3564/21
f 4912/3571/21 4910/3569/21 4905/3564/21
f 4911/3570/21 4912/3571/21 4905/3564/21
f 4913/3572/108 4914/3573/2869 4915/3574/108
f 4914/3573/2869 4913/3572/108 4916/3575/2869
f 4917/1467/21 4918/2522/21 4919/1468/21
f 4918/2522/21 4917/1467/21 4920/2453/21
f 4921/3576/2865 4922/3577/2866 4923/3578/2866
f 4924/3577/2870 4921/3576/2866 4925/3579/2866
f 4926/3580/2866 4924/3577/2870 4925/3579/2866
f 4924/3577/2870 4926/3580/2866 4927/3581/2870
f 4928/3582/108 4929/3583/108 4930/3584/108
f 4929/3583/108 4928/3582/108 4931/3585/108
f 4930/3584/108 4932/3586/108 4928/3582/108
f 4931/3585/108 4933/3587/108 4929/3583/108
f 4932/3586/108 4930/3584/108 4934/3588/108
f 4934/3588/108 4935/3589/108 4932/3586/108
f 4935/3589/108 4934/3588/108 4936/3590/108
f 4933/3587/108 4931/3585/108 4937/3591/108
f 4938/3592/108 4933/3587/108 4937/3591/108
f 4933/3587/108 4938/3592/108 4939/3593/108
f 4940/3594/21 4941/3595/21 4942/3596/21
f 4941/3595/21 4943/3597/21 4942/3596/21
f 4944/3598/21 4940/3594/21 4942/3596/21
f 4945/3599/21 4944/3598/21 4942/3596/21
f 4946/3600/21 4945/3599/21 4942/3596/21
f 4947/3601/21 4946/3600/21 4942/3596/21
f 4948/3602/21 4947/3601/21 4942/3596/21
f 4943/3597/21 4949/3603/21 4942/3596/21
f 4950/3604/21 4948/3602/21 4942/3596/21
f 4949/3603/21 4950/3604/21 4942/3596/21
f 4949/3603/21 4951/3605/21 4950/3604/21
f 4951/3605/21 4949/3603/21 4952/3606/21
f 4953/3607/108 4954/3608/108 4955/3609/108
f 4954/3608/108 4956/3610/108 4955/3609/108
f 4955/3609/108 4956/3610/108 4957/3611/108
f 4957/3611/108 4956/3610/108 4958/3612/108
f 4959/3613/108 4960/3614/108 4961/3615/108
f 4960/3614/108 4959/3613/108 4962/3616/108
f 4963/3617/108 4959/3613/108 4961/3615/108
f 4959/3613/108 4963/3617/108 4964/3618/108
f 4965/3619/21 4966/3620/21 4967/3621/21
f 4966/3620/21 4965/3619/21 4968/3622/21
f 4965/3619/21 4967/3621/21 4969/3623/21
f 4969/3623/21 4967/3621/21 4970/3624/21
f 4970/3624/21 4971/3625/21 4969/3623/21
f 4971/3625/21 4970/3624/21 4972/3626/21
f 4973/3627/21 4974/3628/21 4975/3629/21
f 4975/3629/21 4974/3628/21 4976/3630/21
f 4977/3631/21 4974/3628/21 4973/3627/21
f 4976/3630/21 4974/3628/21 4978/3632/21
f 4979/3633/21 4974/3628/21 4977/3631/21
f 4978/3632/21 4974/3628/21 4980/3634/21
f 4981/3635/21 4974/3628/21 4979/3633/21
f 4980/3634/21 4974/3628/21 4982/3636/21
f 4983/3637/21 4974/3628/21 4981/3635/21
f 4982/3636/21 4974/3628/21 4984/3638/21
f 4985/3639/21 4974/3628/21 4983/3637/21
f 4984/3638/21 4974/3628/21 4985/3639/21
f 4986/3640/2871 4987/3641/2872 4988/3642/2873
f 4986/3640/2871 4989/3643/2874 4987/3641/2872
f 4990/3644/2873 4986/3640/2871 4988/3642/2873
f 4989/3643/2874 4986/3640/2871 4991/3645/2498
f 4988/3642/2873 4992/3646/2875 4990/3644/2873
f 4989/3643/2874 4991/3645/2498 4993/3647/2876
f 4992/3646/2875 4988/3642/2873 4994/3648/2877
f 4994/3648/2877 4995/3649/2871 4992/3646/2875
f 4994/3648/2877 4996/3650/2878 4995/3649/2871
f 4996/3650/2878 4997/3651/2879 4995/3649/2871
f 4997/3651/2879 4996/3650/2878 4998/3652/2879
f 4999/3653/2880 4997/3651/2879 4998/3652/2879
f 4997/3651/2879 4999/3653/2880 5000/3654/2881
f 4999/3653/2880 5001/3655/2882 5000/3654/2881
f 5002/3656/2883 5000/3654/2881 5001/3655/2882
f 5000/3654/2881 5002/3656/2883 5003/3657/2884
f 5002/3656/2883 5004/3658/2885 5003/3657/2884
f 5005/3659/2886 5003/3657/2884 5004/3658/2885
f 5006/3660/2882 5003/3657/2884 5005/3659/2886
f 5007/3661/2881 5006/3660/2882 5005/3659/2886
f 5006/3660/2882 5007/3661/2881 5008/3662/2882
f 5007/3661/2881 5009/3663/2884 5008/3662/2882
f 5009/3663/2884 5007/3661/2881 5010/3664/2885
f 5009/3663/2884 5010/3664/2885 5011/3665/2883
f 5011/3665/2883 5012/3666/2881 5009/3663/2884
f 5012/3666/2881 5011/3665/2883 5013/3667/2887
f 5012/3666/2881 5013/3667/2887 5014/3668/2888
f 4993/3647/2876 5012/3666/2881 5014/3668/2888
f 5012/3666/2881 4993/3647/2876 4991/3645/2498
f 5015/3669/2889 5016/3670/2890 5017/3671/2889
f 5016/3670/2890 5015/3669/2889 5018/3672/2891
f 5017/3671/2889 5019/3673/2892 5015/3669/2889
f 5019/3673/2892 5017/3671/2889 5020/3674/2892
f 5020/3674/2892 5021/3675/108 5019/3673/2892
f 5021/3675/108 5020/3674/2892 5022/3676/108
f 5023/3677/108 5021/3675/108 5022/3676/108
f 5021/3675/108 5023/3677/108 5024/3678/108
f 1027/726/2893 2546/1880/2894 2545/1882/63 1028/724/2895
f 3283/2512/2896 3285/2514/2896 3277/2506/2896 3299/2523/2896 3302/2526/2896
f 3364/2574/2897 3365/2575/2897 3227/2468/2897 3230/2471/2897 3228/2469/2897
f 5025/3679/108 5026/3680/108 5027/3681/108
f 5027/3681/108 5026/3680/108 5028/3682/108
f 5026/3680/108 5025/3679/108 5029/3683/108
f 5030/3684/108 5027/3681/108 5028/3682/108
f 5031/3685/108 5029/3683/108 5025/3679/108
f 5032/3686/108 5030/3684/108 5028/3682/108
f 5029/3683/108 5031/3685/108 5033/3687/108
f 5030/3684/108 5032/3686/108 5034/3688/108
f 5031/3685/108 5035/3689/108 5033/3687/108
f 5032/3686/108 5036/3690/108 5034/3688/108
f 5033/3687/108 5035/3689/108 5037/3691/108
f 5036/3690/108 5032/3686/108 5038/3692/108
f 5035/3689/108 5039/3693/108 5037/3691/108
f 5038/3692/108 5040/3694/108 5036/3690/108
f 5037/3691/108 5039/3693/108 5041/3695/108
f 5040/3694/108 5038/3692/108 5042/3696/108
f 5043/3697/108 5041/3695/108 5039/3693/108
f 5044/3698/108 5040/3694/108 5042/3696/108
f 5041/3695/108 5043/3697/108 5045/3699/108
f 5044/3698/108 5042/3696/108 5046/3700/108
f 5043/3697/108 5047/3701/108 5045/3699/108
f 5046/3700/108 5048/3702/108 5044/3698/108
f 5047/3701/108 5043/3697/108 5048/3702/108
f 5048/3702/108 5046/3700/108 5047/3701/108
f 818/555/533 820/557/535 5066/557/2898 5065/555/2899
f 84/47/63 80/47/54 5030/47/54 5034/47/63
f 95/47/54 91/47/63 5041/47/63 5045/47/54
f 4252/3181/2441 4254/60/2443 5078/60/2900 5077/3181/2901
f 4300/3195/2486 4298/53/2484 5089/53/2902 5090/3195/2903
f 98/47/56 94/47/79 5044/47/79 5048/47/56
f 822/558/537 824/50/539 5068/50/2904 5067/558/2905
f 4274/3191/2460 4271/3188/2457 5083/3188/2906 5084/3191/2907
f 4304/3204/2490 4301/3198/2487 5091/3198/2908 5092/3204/2909
f 828/557/543 826/561/541 5069/561/2910 5070/557/2911
f 88/47/80 92/47/78 5042/47/78 5038/47/80
f 82/47/72 88/47/80 5038/47/80 5032/47/72
f 76/47/56 78/47/55 5028/47/55 5026/47/56
f 4306/3205/2492 4308/3204/2494 5094/3204/2912 5093/3205/2913
f 832/561/547 830/558/545 5071/558/2914 5072/561/2915
f 79/47/79 76/47/56 5026/47/56 5029/47/79
f 4284/3196/2470 4283/3195/2469 5085/3195/2916 5086/3196/2917
f 96/47/77 97/47/53 5047/47/53 5046/47/77
f 4287/3198/2473 4289/3191/2475 5088/3191/2918 5087/3198/2919
f 4270/3187/2456 4268/3181/2454 5081/3181/2920 5082/3187/2921
f 94/47/79 90/47/57 5040/47/57 5044/47/79
f 86/47/58 84/47/63 5034/47/63 5036/47/58
f 788/542/516 786/59/514 5053/59/2922 5054/542/2923
f 782/63/510 784/542/512 5052/542/2924 5051/63/2925
