# Blender 5.2.0 LTS
# www.blender.org
mtllib BetterUzi.mtl
o RenderMesh_8417351591_fba313119cf21dc7
v -3.966300 45.938740 -248.664246
v 0.258945 43.499294 -248.664246
v -4.619949 43.499294 -248.664246
v -3.966300 41.059849 -248.664246
v -2.180501 47.724545 -248.664246
v -2.180501 39.274044 -248.664246
v 0.258945 48.378193 -248.664246
v 0.258945 38.620403 -248.664246
v 2.698392 47.724545 -248.664246
v 2.698392 39.274044 -248.664246
v 4.484191 45.938740 -248.664246
v 4.484191 41.059849 -248.664246
v 5.137840 43.499294 -248.664246
v 7.369193 43.499294 -267.224457
v 6.416599 47.054417 -267.224457
v 7.133860 47.468533 -267.662201
v 8.197412 43.499294 -267.662201
v 6.416599 39.944172 -267.224457
v 7.133860 39.530064 -267.662201
v -5.898708 47.054417 -267.224457
v -6.851301 43.499294 -267.224457
v -7.679522 43.499294 -267.662201
v -6.615970 47.468533 -267.662201
v -6.615970 39.530064 -267.662201
v -5.898708 39.944172 -267.224457
v 0.258945 36.389050 -267.224457
v 3.814069 37.341640 -267.224457
v 4.228179 36.624378 -267.662201
v 0.258945 35.560825 -267.662201
v -3.296178 37.341640 -267.224457
v 0.258945 36.389050 -267.224457
v 0.258945 35.560825 -267.662201
v -3.710289 36.624378 -267.662201
v 3.814069 37.341640 -267.224457
v 6.416599 39.944172 -267.224457
v 7.133860 39.530064 -267.662201
v 4.228179 36.624378 -267.662201
v -5.898708 39.944172 -267.224457
v -3.296178 37.341640 -267.224457
v -3.710289 36.624378 -267.662201
v -6.615970 39.530064 -267.662201
v -3.296178 49.656948 -267.224457
v -5.898708 47.054417 -267.224457
v -6.615970 47.468533 -267.662201
v -3.710289 50.374218 -267.662201
v 6.416599 47.054417 -267.224457
v 3.814069 49.656948 -267.224457
v 4.228179 50.374218 -267.662201
v 7.133860 47.468533 -267.662201
v 0.258945 50.609547 -267.224457
v -3.296178 49.656948 -267.224457
v -3.710289 50.374218 -267.662201
v 0.258945 51.437771 -267.662201
v 3.814069 49.656948 -267.224457
v 0.258945 50.609547 -267.224457
v 0.258945 51.437771 -267.662201
v 4.228179 50.374218 -267.662201
v -7.871175 48.193222 -191.435150
v -9.128908 43.499298 -191.435150
v -13.684125 43.499298 -191.435150
v -11.816107 36.527763 -191.435150
v -11.816107 50.470833 -191.435150
v -7.871175 38.805374 -191.435150
v -4.434981 51.629417 -191.435150
v -6.712590 31.424255 -191.435150
v -6.712590 55.574348 -191.435150
v -4.434981 35.369186 -191.435150
v 0.258945 52.887154 -191.435150
v 0.258945 29.556236 -191.435150
v 0.258945 57.442368 -191.435150
v 0.258945 34.111443 -191.435150
v 4.952872 51.629417 -191.435150
v 7.230481 31.424255 -191.435150
v 7.230481 55.574348 -191.435150
v 4.952872 35.369186 -191.435150
v 8.389066 48.193222 -191.435150
v 12.333998 36.527763 -191.435150
v 12.333998 50.470833 -191.435150
v 8.389066 38.805374 -191.435150
v 9.646799 43.499298 -191.435150
v 14.202016 43.499298 -191.435150
v -9.128908 43.499294 -266.262207
v -7.871175 48.193218 -266.262207
v -6.615970 47.468533 -267.662201
v -7.679522 43.499294 -267.662201
v -7.871175 38.805370 -266.262207
v -6.615970 39.530064 -267.662201
v 8.389066 48.193218 -266.262207
v 9.646799 43.499294 -266.262207
v 8.197412 43.499294 -267.662201
v 7.133860 47.468533 -267.662201
v 7.133860 39.530064 -267.662201
v 8.389066 38.805370 -266.262207
v -4.434981 51.629414 -266.262207
v 0.258945 52.887150 -266.262207
v 0.258945 51.437771 -267.662201
v -3.710289 50.374218 -267.662201
v 0.258945 52.887150 -266.262207
v 4.952872 51.629414 -266.262207
v 4.228179 50.374218 -267.662201
v 0.258945 51.437771 -267.662201
v -7.871175 48.193218 -266.262207
v -4.434981 51.629414 -266.262207
v -3.710289 50.374218 -267.662201
v -6.615970 47.468533 -267.662201
v 4.952872 51.629414 -266.262207
v 8.389066 48.193218 -266.262207
v 7.133860 47.468533 -267.662201
v 4.228179 50.374218 -267.662201
v -4.434981 35.369183 -266.262207
v -7.871175 38.805370 -266.262207
v -6.615970 39.530064 -267.662201
v -3.710289 36.624378 -267.662201
v 8.389066 38.805370 -266.262207
v 4.952872 35.369183 -266.262207
v 4.228179 36.624378 -267.662201
v 7.133860 39.530064 -267.662201
v 4.952872 35.369183 -266.262207
v 0.258945 34.111439 -266.262207
v 0.258945 35.560825 -267.662201
v 4.228179 36.624378 -267.662201
v 0.258945 34.111439 -266.262207
v -4.434981 35.369183 -266.262207
v -3.710289 36.624378 -267.662201
v 0.258945 35.560825 -267.662201
v -18.011606 30.681906 267.662201
v 18.529497 30.681906 267.662201
v 18.529497 76.194397 267.662201
v -18.011606 76.194397 267.662201
v 14.798260 78.888687 267.662201
v -14.280369 78.888687 267.662201
v 14.798260 81.320183 267.662201
v -14.280369 81.320183 267.662201
v -12.028054 80.190437 262.839874
v 12.545945 80.190437 262.839874
v 12.545946 86.568016 262.839905
v -12.028055 86.568016 262.839905
v -3.300385 86.367729 261.005249
v 3.843588 86.367729 261.005249
v 3.843588 93.407722 261.005249
v -3.300385 93.407722 261.005249
v 2.821945 64.332283 -162.296951
v -2.304054 64.332283 -162.296951
v -2.304054 69.458282 -162.296951
v 2.821945 69.458282 -162.296951
v -2.304054 78.788048 -162.296951
v 2.821945 78.788048 -162.296951
v 22.350754 50.677753 -154.865555
v -21.832863 50.677753 -154.865555
v -16.511499 63.789165 -154.865555
v 17.029392 63.789165 -154.865555
v 22.682272 49.860920 -154.865555
v -22.164381 49.860920 -154.865555
v 24.456221 39.597172 -154.865555
v -23.938328 39.597172 -154.865555
v 12.368156 32.445133 -154.865555
v 12.368156 30.852528 -154.865555
v -11.850266 32.445133 -154.865555
v 24.456221 30.852528 -154.865555
v -23.938328 30.852528 -154.865555
v 12.368156 27.497578 -154.865555
v -11.850266 30.852528 -154.865555
v 23.449486 27.497578 -154.865555
v -22.931595 27.497578 -154.865555
v 12.368156 24.279034 -154.865555
v -11.850266 27.497578 -154.865555
v 22.483683 24.279034 -154.865555
v 12.368156 19.646580 -154.865555
v 12.881574 19.646580 -154.865555
v -21.965792 24.279034 -154.865555
v -11.850266 24.279034 -154.865555
v -12.363684 19.646580 -154.865555
v -11.850266 19.646580 -154.865555
v 16.126301 30.681873 -153.741730
v -15.608411 30.681873 -153.741730
v -15.608411 66.993622 -153.741730
v 16.126301 66.993622 -153.741730
v -12.367956 69.687920 -153.741730
v 12.885847 69.687920 -153.741730
v 7.162127 96.845840 246.868988
v -6.618923 96.845840 246.868988
v -6.618923 93.407715 246.868988
v 7.162127 93.407715 246.868988
v 12.545945 68.962395 -153.542236
v -12.028054 68.962395 -153.542236
v -12.028054 79.296272 -153.542236
v 12.545945 79.296272 -153.542236
v -12.228659 69.947838 -149.178864
v -12.228659 68.679466 -149.178864
v -15.137914 68.679466 -149.178864
v -12.129156 69.947838 -149.178864
v -12.129156 68.679466 -149.178864
v -12.129156 97.548592 -149.178864
v -15.137914 69.947838 -149.178864
v -15.679349 68.679466 -149.178864
v -15.679349 69.947838 -149.178864
v -12.228659 97.548592 -149.178864
v -12.129156 97.934303 -149.178864
v -15.137914 97.548592 -149.178864
v -15.679349 97.548592 -149.178864
v -12.228659 97.934303 -149.178864
v -12.129156 103.747246 -144.541779
v -12.228659 103.747246 -144.541779
v -15.137914 97.934303 -149.178864
v -15.137914 103.747246 -144.541779
v -15.679349 97.934303 -149.178864
v -15.679349 103.747246 -144.541779
v 12.771861 69.947838 -149.178864
v 15.681118 69.947838 -149.178864
v 15.681118 68.679466 -149.178864
v 16.222553 68.679466 -149.178864
v 16.222553 69.947838 -149.178864
v 12.771861 68.679466 -149.178864
v 12.672359 69.947838 -149.178864
v 12.672359 68.679466 -149.178864
v 12.672359 97.548592 -149.178864
v 12.771861 97.548592 -149.178864
v 12.672359 97.934303 -149.178864
v 15.681118 97.548592 -149.178864
v 16.222553 97.548592 -149.178864
v 12.771861 97.934303 -149.178864
v 12.672359 103.747246 -144.541779
v 12.771861 103.747246 -144.541779
v 15.681118 97.934303 -149.178864
v 16.222553 97.934303 -149.178864
v 15.681118 103.747246 -144.541779
v 16.222553 103.747246 -144.541779
v 3.828111 105.282005 244.972000
v 3.399429 103.682152 244.972000
v 7.162127 99.164490 244.233856
v 2.124327 102.407036 244.972000
v 0.382506 101.940331 244.972000
v 7.162127 105.303818 244.233841
v 3.866149 105.423965 244.972000
v -6.618923 99.164490 244.233856
v -1.359316 102.407036 244.972000
v -2.634416 103.682144 244.972000
v -6.618923 105.303818 244.233841
v -3.063099 105.282005 244.972000
v -11.850266 32.445133 -146.066330
v 12.368156 32.445133 -146.066330
v 12.368156 14.643429 -146.066330
v -11.850266 14.643429 -146.066330
v -9.647010 83.377419 -145.309311
v -9.770090 83.377419 -145.309311
v -9.770090 84.389412 -145.309311
v -9.647010 84.389412 -145.309311
v -11.831986 83.377419 -145.309311
v -9.770090 96.061974 -145.309311
v -9.647010 96.061974 -145.309311
v -11.831986 96.061974 -145.309311
v -11.831986 84.389412 -145.309311
v -12.377509 96.061974 -145.309311
v -12.377509 84.389412 -145.309311
v -12.377509 83.377419 -145.309311
v 10.190213 83.377419 -145.309311
v 10.190213 84.389412 -145.309311
v 10.313294 84.389412 -145.309311
v 10.313294 83.377419 -145.309311
v 10.190213 96.061974 -145.309311
v 10.313294 96.061974 -145.309311
v 12.375190 83.377419 -145.309311
v 12.375190 96.061974 -145.309311
v 12.375190 84.389412 -145.309311
v 12.920713 96.061974 -145.309311
v 12.920713 84.389412 -145.309311
v 12.920713 83.377419 -145.309311
v -1.217991 88.203377 -132.449081
v 1.761194 88.203377 -132.449081
v 5.294766 87.385612 -132.888733
v -4.751563 87.385612 -132.888733
v -0.602233 103.438652 -132.449097
v 1.145437 103.438652 -132.449097
v -9.300779 60.057228 -186.435150
v 0.258945 62.618752 -186.435150
v 0.258945 57.442368 -191.435150
v -6.712590 55.574348 -191.435150
v -16.472956 62.857864 226.770721
v -15.985039 60.090740 227.523621
v -14.580132 62.524101 226.770721
v -18.137476 61.896851 226.770721
v -18.860504 43.499298 -186.435150
v -16.298985 53.059021 -186.435150
v -11.816107 50.470833 -191.435150
v -13.684125 43.499298 -191.435150
v -16.298985 33.939575 -186.435150
v -11.816107 36.527763 -191.435150
v 0.258945 62.618752 -186.435150
v 9.818670 60.057228 -186.435150
v 7.230481 55.574348 -191.435150
v 0.258945 57.442368 -191.435150
v 16.039402 62.857864 226.770721
v 16.527321 60.090740 227.523621
v 17.932228 62.524101 226.770721
v 16.816875 53.059021 -186.435150
v 19.378395 43.499298 -186.435150
v 14.202016 43.499298 -191.435150
v 12.333998 50.470833 -191.435150
v 12.333998 36.527763 -191.435150
v 16.816875 33.939575 -186.435150
v 5.661143 83.801628 -133.255112
v -5.117939 83.801628 -133.255112
v -5.117939 87.019249 -133.255112
v 5.661143 87.019249 -133.255112
v -16.298985 53.059021 -186.435150
v -9.300779 60.057228 -186.435150
v -6.712590 55.574348 -191.435150
v -11.816107 50.470833 -191.435150
v 9.818670 60.057228 -186.435150
v 16.816875 53.059021 -186.435150
v 12.333998 50.470833 -191.435150
v 7.230481 55.574348 -191.435150
v 19.167681 45.310722 226.770721
v 16.527321 46.271740 227.523621
v 17.932228 43.838371 226.770721
v 17.932228 48.705101 226.770721
v 19.167681 47.232750 226.770721
v 19.167681 47.232750 226.770721
v 19.167681 45.310722 226.770721
v 19.167681 59.129723 226.770721
v 16.527321 60.090740 227.523621
v 17.932228 57.657372 226.770721
v 17.932228 62.524101 226.770721
v 19.167681 61.051758 226.770721
v 19.167681 61.051758 226.770721
v 19.167681 59.129723 226.770721
v -16.472956 49.038857 226.770721
v -15.985039 46.271740 227.523621
v -14.580132 48.705101 226.770721
v -18.137476 48.077843 226.770721
v 14.374881 61.896851 226.770721
v 16.527321 60.090740 227.523621
v 16.039402 62.857864 226.770721
v -9.300779 26.941370 -186.435150
v -16.298985 33.939575 -186.435150
v -11.816107 36.527763 -191.435150
v -6.712590 31.424255 -191.435150
v 16.816875 33.939575 -186.435150
v 9.818670 26.941370 -186.435150
v 7.230481 31.424255 -191.435150
v 12.333998 36.527763 -191.435150
v 0.258945 24.379847 -186.435150
v -9.300779 26.941370 -186.435150
v -6.712590 31.424255 -191.435150
v 0.258945 29.556236 -191.435150
v 16.039402 49.038857 226.770721
v 16.527321 46.271740 227.523621
v 17.932228 48.705101 226.770721
v 14.374881 48.077843 226.770721
v 9.818670 26.941370 -186.435150
v 0.258945 24.379847 -186.435150
v 0.258945 29.556236 -191.435150
v 7.230481 31.424255 -191.435150
v -16.472956 43.504608 226.770721
v -15.985039 46.271740 227.523621
v -18.137476 44.465622 226.770721
v -14.580132 43.838371 226.770721
v 19.281942 77.701118 218.974182
v 19.281942 69.184761 218.974182
v 21.118399 69.184761 218.974182
v 16.143978 69.184761 218.974182
v 21.118399 77.701118 218.974182
v 18.966108 79.904358 218.974182
v 17.319139 79.904358 218.974182
v 16.143978 72.976715 218.974182
v -16.479916 79.904358 218.974182
v -18.405748 77.701118 218.974182
v -18.448219 79.904358 218.974182
v -15.626088 72.976715 218.974182
v -20.600510 77.701118 218.974182
v -18.405748 69.184761 218.974182
v -15.626088 69.184761 218.974182
v -20.600510 69.184761 218.974182
v 16.039402 43.504608 226.770721
v 16.527321 46.271740 227.523621
v 14.374881 44.465622 226.770721
v 17.932228 43.838371 226.770721
v -13.344678 45.310722 226.770721
v -15.985039 46.271740 227.523621
v -14.580132 43.838371 226.770721
v -14.580132 48.705101 226.770721
v -13.344678 47.232750 226.770721
v -13.344678 47.232750 226.770721
v -13.344678 45.310722 226.770721
v -13.344678 59.129723 226.770721
v -15.985039 60.090740 227.523621
v -14.580132 57.657372 226.770721
v -14.580132 62.524101 226.770721
v -13.344678 61.051758 226.770721
v -13.344678 61.051758 226.770721
v -13.344678 59.129723 226.770721
v 14.374881 44.465622 226.770721
v 16.527321 46.271740 227.523621
v 13.717510 46.271736 226.770721
v 14.374881 48.077843 226.770721
v 14.374881 58.284630 226.770721
v 16.527321 60.090740 227.523621
v 13.717510 60.090736 226.770721
v 14.374881 61.896851 226.770721
v -16.472956 57.323616 226.770721
v -15.985039 60.090740 227.523621
v -18.137476 58.284630 226.770721
v -14.580132 57.657372 226.770721
v 16.039402 57.323616 226.770721
v 16.527321 60.090740 227.523621
v 14.374881 58.284630 226.770721
v 17.932228 57.657372 226.770721
v 12.545945 79.296272 -153.542236
v -12.028054 79.296272 -153.542236
v -12.028054 84.289589 -148.404510
v 12.545945 84.289589 -148.404510
v 18.441103 64.406448 -116.284309
v 16.840355 64.406448 -116.284309
v 16.840355 77.776192 -116.284309
v 18.441103 77.776192 -116.284309
v 16.565060 79.979439 -116.284309
v -16.010149 64.406448 -116.284309
v 15.129478 79.979439 -116.284309
v -16.010149 77.776192 -116.284309
v -17.923214 64.406448 -116.284309
v -14.331496 79.979439 -116.284309
v -17.923214 77.776192 -116.284309
v -16.047169 79.979439 -116.284309
v 5.661143 87.019249 -133.255112
v -5.117939 87.019249 -133.255112
v -4.751563 87.385612 -132.888733
v 5.294766 87.385612 -132.888733
v 12.072589 -107.048500 60.512802
v 10.962107 -107.048500 71.189865
v -10.444216 -107.048500 71.189865
v -11.554698 -107.048500 60.512802
v 18.702648 -107.048500 73.264549
v -18.184757 -107.048500 73.264549
v 12.040804 -107.048500 73.264549
v -11.522913 -107.048500 73.264549
v 12.231593 -107.048500 73.631500
v 18.702648 -107.048500 73.631500
v 16.968941 -107.048500 82.742950
v 16.968941 -107.048500 83.075409
v 18.702648 -107.048500 108.483437
v 16.968941 -107.048500 108.483437
v 16.968941 -107.048500 108.854652
v 18.702648 -107.048500 110.644577
v 15.114344 -107.048500 110.644577
v 6.218966 -107.048500 122.692917
v 5.658724 -107.048500 119.770454
v -5.701076 -107.048500 122.692917
v -5.140833 -107.048500 119.770454
v -14.596453 -107.048500 110.644577
v -18.184757 -107.048500 110.644577
v -16.451050 -107.048500 108.854652
v -16.451050 -107.048500 108.483437
v -18.184757 -107.048500 108.483437
v -18.184757 -107.048500 73.631500
v -16.451050 -107.048500 83.075409
v -16.451050 -107.048500 82.742950
v -11.713702 -107.048500 73.631500
v 11.249923 -105.643379 71.743431
v 13.480847 -105.643379 71.743431
v 20.901251 -105.643379 81.045494
v 16.086376 -105.643379 81.045494
v 16.968941 -105.643379 82.742950
v 16.968941 -105.643379 83.075409
v 20.901251 -105.643379 83.505043
v 16.968941 -105.643379 83.505043
v 20.901251 -105.643379 110.946411
v 16.968941 -105.643379 108.854652
v 14.801604 -105.643379 110.946411
v 13.034238 -105.643379 112.652138
v 20.901251 -105.643379 112.652138
v 5.658724 -105.643379 119.770454
v 6.929437 -105.643379 125.182411
v -6.411547 -105.643379 125.182411
v -5.140833 -105.643379 119.770454
v -20.383358 -105.643379 112.652138
v -12.516347 -105.643379 112.652138
v -14.283713 -105.643379 110.946411
v -20.383358 -105.643379 110.946411
v -14.472672 -105.643379 110.764053
v -20.040520 -105.643379 110.764053
v -20.383358 -105.643379 110.764053
v -15.568485 -105.643379 81.045494
v -20.383358 -105.643379 81.045494
v -12.962956 -105.643379 71.743431
v -10.732032 -105.643379 71.743431
v -16.451050 -105.643379 82.742950
v -16.451050 -105.643379 83.075409
v -20.383358 -105.643379 83.505043
v -16.451050 -105.643379 83.505043
v -16.451050 -105.643379 85.764793
v -20.383358 -105.643379 85.764793
v -16.830135 64.883545 224.713791
v -19.713173 63.219025 224.713791
v -18.137476 61.896851 226.770721
v -16.472956 62.857864 226.770721
v 21.100555 61.755257 224.713791
v 18.960688 64.305450 224.713791
v 17.932228 62.524101 226.770721
v 19.167681 61.051758 226.770721
v 18.960688 64.305450 224.713791
v 15.682220 64.883545 224.713791
v 16.039402 62.857864 226.770721
v 17.932228 62.524101 226.770721
v -13.551669 64.305450 224.713791
v -16.830135 64.883545 224.713791
v -16.472956 62.857864 226.770721
v -14.580132 62.524101 226.770721
v 21.100555 47.936264 224.713791
v 18.960688 50.486450 224.713791
v 17.932228 48.705101 226.770721
v 19.167681 47.232750 226.770721
v 21.100555 44.607216 224.713791
v 21.100555 47.936264 224.713791
v 19.167681 47.232750 226.770721
v 19.167681 45.310722 226.770721
v 21.100555 58.426224 224.713791
v 21.100555 61.755257 224.713791
v 19.167681 61.051758 226.770721
v 19.167681 59.129723 226.770721
v -16.830135 51.064529 224.713791
v -19.713173 49.400009 224.713791
v -18.137476 48.077843 226.770721
v -16.472956 49.038857 226.770721
v 6.929437 -101.315849 129.077194
v 6.929437 -105.643379 125.182411
v 20.901251 -105.643379 112.652138
v 15.682220 64.883545 224.713791
v 12.799186 63.219025 224.713791
v 14.374881 61.896851 226.770721
v 16.039402 62.857864 226.770721
v 18.960688 50.486450 224.713791
v 15.682220 51.064529 224.713791
v 16.039402 49.038857 226.770721
v 17.932228 48.705101 226.770721
v 18.960688 42.057022 224.713791
v 21.100555 44.607216 224.713791
v 19.167681 45.310722 226.770721
v 17.932228 43.838371 226.770721
v 6.218966 -102.887405 126.437897
v 6.218966 -107.048500 122.692917
v 18.702648 -107.048500 110.644577
v -13.551669 50.486450 224.713791
v -16.830135 51.064529 224.713791
v -16.472956 49.038857 226.770721
v -14.580132 48.705101 226.770721
v -19.713173 43.143456 224.713791
v -16.830135 41.478943 224.713791
v -16.472956 43.504608 226.770721
v -18.137476 44.465622 226.770721
v -11.411802 61.755257 224.713791
v -13.551669 64.305450 224.713791
v -14.580132 62.524101 226.770721
v -13.344678 61.051758 226.770721
v -11.010055 21.935514 171.377533
v 11.527946 21.935514 171.377533
v 11.527946 24.501936 171.377533
v -11.010055 24.501936 171.377533
v 18.960688 55.876030 224.713791
v 21.100555 58.426224 224.713791
v 19.167681 59.129723 226.770721
v 17.932228 57.657372 226.770721
v 15.682220 51.064529 224.713791
v 12.799186 49.400009 224.713791
v 14.374881 48.077843 226.770721
v 16.039402 49.038857 226.770721
v 15.682220 41.478943 224.713791
v 18.960688 42.057022 224.713791
v 17.932228 43.838371 226.770721
v 16.039402 43.504608 226.770721
v -20.383358 -101.315849 115.597557
v -20.383358 -105.643379 112.652138
v -6.411547 -105.643379 125.182411
v -20.383358 -80.459404 110.764053
v -16.451050 -80.459404 89.167488
v -16.451050 -80.459404 107.793831
v -20.383358 -80.459404 85.764793
v -16.451050 -80.459404 85.764793
v -14.757032 -80.459404 110.489601
v -14.472672 -80.459404 110.764053
v -16.451050 -80.459404 108.854652
v -16.451050 -80.459404 107.926964
v -20.383358 -80.459404 110.764053
v -16.451050 -80.459404 107.878731
v -16.451050 -80.459404 107.926964
v -20.383358 -80.459404 110.764053
v -16.451050 -80.459404 107.793831
v -16.451050 -80.459404 107.878731
v -16.451050 -80.459404 85.764793
v -16.451050 -80.459404 89.167488
v -20.383358 -80.459404 110.764053
v -11.010055 24.501936 166.718674
v 11.527946 24.501936 166.718674
v 11.527946 35.457874 166.718674
v -11.010055 35.457874 166.718674
v -11.411802 47.936264 224.713791
v -13.551669 50.486450 224.713791
v -14.580132 48.705101 226.770721
v -13.344678 47.232750 226.770721
v -16.830135 41.478943 224.713791
v -13.551669 42.057022 224.713791
v -14.580132 43.838371 226.770721
v -16.472956 43.504608 226.770721
v -19.713173 56.962463 224.713791
v -16.830135 55.297943 224.713791
v -16.472956 57.323616 226.770721
v -18.137476 58.284630 226.770721
v -18.184757 -102.887405 113.476707
v -18.184757 -107.048500 110.644577
v -5.701076 -107.048500 122.692917
v -11.850266 19.646580 -154.865555
v -11.850266 14.643429 -146.066330
v -12.363684 13.190503 -143.511047
v -12.363684 19.646580 -154.865555
v -21.965792 20.491848 -142.650955
v 12.368156 14.643429 -146.066330
v 12.881574 13.190503 -143.511047
v 12.368156 19.646580 -154.865555
v 12.881574 19.646580 -154.865555
v 22.483683 24.279034 -154.865555
v 12.799186 43.143456 224.713791
v 15.682220 41.478943 224.713791
v 16.039402 43.504608 226.770721
v 14.374881 44.465622 226.770721
v -13.551669 42.057022 224.713791
v -11.411802 44.607216 224.713791
v -13.344678 45.310722 226.770721
v -14.580132 43.838371 226.770721
v -11.411802 44.607216 224.713791
v -11.411802 47.936264 224.713791
v -13.344678 47.232750 226.770721
v -13.344678 45.310722 226.770721
v -11.411802 58.426224 224.713791
v -11.411802 61.755257 224.713791
v -13.344678 61.051758 226.770721
v -13.344678 59.129723 226.770721
v 15.682220 55.297943 224.713791
v 18.960688 55.876030 224.713791
v 17.932228 57.657372 226.770721
v 16.039402 57.323616 226.770721
v -16.830135 55.297943 224.713791
v -13.551669 55.876030 224.713791
v -14.580132 57.657372 226.770721
v -16.472956 57.323616 226.770721
v 5.677781 40.283848 -60.365681
v 0.258945 38.831875 -60.365681
v -5.159890 40.283848 -60.365681
v -10.578724 49.669537 -60.365681
v -9.126752 44.250698 -60.365681
v -9.126752 55.088375 -60.365681
v -5.159890 59.055233 -60.365681
v 5.677781 59.055233 -60.365681
v 0.258945 60.507206 -60.365681
v 9.644643 44.250698 -60.365681
v 11.096615 49.669537 -60.365681
v 9.644643 55.088375 -60.365681
v 19.167681 45.277927 151.935104
v 16.527321 46.238934 152.687988
v 17.932228 43.805569 151.935104
v 17.932228 48.672306 151.935104
v 19.167681 47.199955 151.935104
v 19.167681 47.199955 151.935104
v 19.167681 45.277927 151.935104
v 12.799186 56.962463 224.713791
v 15.682220 55.297943 224.713791
v 16.039402 57.323616 226.770721
v 14.374881 58.284630 226.770721
v -13.551669 55.876030 224.713791
v -11.411802 58.426224 224.713791
v -13.344678 59.129723 226.770721
v -14.580132 57.657372 226.770721
v 20.901251 -105.643379 112.652138
v 20.901251 -101.315849 115.597557
v 6.929437 -101.315849 129.077194
v 6.929437 -88.375565 134.217987
v 14.374881 58.284626 151.618103
v 16.527321 60.090733 152.371017
v 13.717510 60.090733 151.618103
v 14.374881 61.896847 151.618103
v 14.374881 61.896847 151.618103
v 16.039402 62.857861 151.618103
v 16.039402 62.857861 151.618103
v 17.932228 62.524097 151.618103
v 17.932228 62.524097 151.618103
v 19.167681 61.051754 151.618103
v 19.167681 61.051754 151.618103
v 19.167681 59.129719 151.618103
v 19.167681 59.129719 151.618103
v 17.932228 57.657368 151.618103
v 17.932228 57.657368 151.618103
v 16.039402 57.323612 151.618103
v 16.039402 57.323612 151.618103
v 14.374881 58.284626 151.618103
v 16.039402 49.006062 151.935104
v 16.527321 46.238934 152.687988
v 17.932228 48.672306 151.935104
v 14.374881 48.045048 151.935104
v -20.383358 -88.375565 119.097038
v -20.383358 -101.315849 115.597557
v -6.411547 -101.315849 129.077194
v -6.411547 -105.643379 125.182411
v 21.118399 69.184761 218.974182
v 19.281942 69.184761 218.974182
v 18.005198 67.784767 217.574203
v 19.718397 67.784767 217.574203
v 16.143978 69.184761 218.974182
v 16.143978 67.784767 217.574203
v -18.405748 69.184761 218.974182
v -17.153051 67.784767 217.574203
v -15.626088 67.784767 217.574203
v -15.626088 69.184761 218.974182
v -20.600510 69.184761 218.974182
v -19.200508 67.784767 217.574203
v -16.472956 62.857861 144.331894
v -15.985039 60.090733 145.084778
v -14.580132 62.524097 144.331894
v -18.137476 61.896847 144.331894
v 18.529497 30.185268 146.644073
v 23.173492 9.587769 146.644073
v 23.173492 36.396618 146.644073
v 18.529497 36.396618 146.644073
v -18.011606 30.185268 146.644073
v -22.655600 9.587769 146.644073
v -18.011606 36.396618 146.644073
v -22.655600 36.396618 146.644073
v 18.702648 -107.048500 110.644577
v 18.702648 -102.887405 113.476707
v 6.218966 -102.887405 126.437897
v 6.218966 -86.871315 132.912476
v 16.039402 43.471813 151.935104
v 16.527321 46.238934 152.687988
v 14.374881 44.432827 151.935104
v 17.932228 43.805569 151.935104
v 15.563610 63.006447 -114.884315
v 16.840355 64.406448 -116.284309
v 18.441103 64.406448 -116.284309
v 17.041103 63.006447 -114.884315
v -14.757452 63.006447 -114.884315
v -16.010149 64.406448 -116.284309
v -16.523212 63.006447 -114.884315
v -17.923214 64.406448 -116.284309
v -16.472956 50.184772 144.331894
v -15.985039 47.417645 145.084778
v -14.580132 49.851017 144.331894
v -18.137476 49.223759 144.331894
v -6.411547 2.151676 141.626694
v 6.929437 2.151676 141.626694
v 6.929437 9.674682 141.626694
v -6.411547 9.674682 141.626694
v -16.472956 44.650524 144.331894
v -15.985039 47.417645 145.084778
v -18.137476 45.611530 144.331894
v -14.580132 44.984280 144.331894
v -5.701076 3.227633 140.036224
v 6.218966 3.227633 140.036224
v 6.218966 8.518142 140.036224
v -5.701076 8.518142 140.036224
v 21.100555 61.755253 149.561188
v 18.960688 64.305443 149.561188
v 17.932228 62.524097 151.618103
v 19.167681 61.051754 151.618103
v -13.344678 46.456638 144.331894
v -15.985039 47.417645 145.084778
v -14.580132 44.984280 144.331894
v -14.580132 49.851017 144.331894
v -13.344678 48.378658 144.331894
v -13.344678 48.378658 144.331894
v -13.344678 46.456638 144.331894
v -13.344678 59.129719 144.331894
v -15.985039 60.090733 145.084778
v -14.580132 57.657368 144.331894
v -14.580132 62.524097 144.331894
v -13.344678 61.051754 144.331894
v -13.344678 61.051754 144.331894
v -13.344678 59.129719 144.331894
v -16.472956 57.323612 144.331894
v -15.985039 60.090733 145.084778
v -18.137476 58.284626 144.331894
v -14.580132 57.657368 144.331894
v 18.960688 64.305443 149.561188
v 15.682220 64.883537 149.561188
v 16.039402 62.857861 151.618103
v 17.932228 62.524097 151.618103
v -16.830135 64.883537 142.274963
v -19.713173 63.219021 142.274963
v -18.137476 61.896847 144.331894
v -16.472956 62.857861 144.331894
v 12.881574 10.076074 -134.564682
v -12.363684 10.076074 -134.564682
v -12.363684 13.190503 -143.511047
v 12.881574 13.190503 -143.511047
v 22.483683 20.491848 -142.650955
v 21.100555 47.903454 149.878189
v 18.960688 50.453655 149.878189
v 17.932228 48.672306 151.935104
v 19.167681 47.199955 151.935104
v 21.100555 44.574421 149.878189
v 21.100555 47.903454 149.878189
v 19.167681 47.199955 151.935104
v 19.167681 45.277927 151.935104
v 21.100555 58.426220 149.561188
v 21.100555 61.755253 149.561188
v 19.167681 61.051754 151.618103
v 19.167681 59.129719 151.618103
v 16.087219 44.453953 128.360321
v 17.794544 44.453953 128.059265
v 18.722218 46.309292 129.666046
v 15.765041 46.309292 130.187469
v 19.061769 48.843739 130.254166
v 15.647116 48.843739 130.856262
v 19.061769 58.124249 130.254166
v 15.647116 58.124249 130.856262
v 18.722218 60.658695 129.666046
v 15.765041 60.658695 130.187469
v 17.794544 62.514050 128.059265
v 16.087219 62.514050 128.360321
v -6.411547 -14.795027 123.032608
v 6.929437 -14.795027 123.032608
v 6.929437 -3.842345 127.634613
v -6.411547 -3.842345 127.634613
v -6.411547 -23.200569 123.032608
v 6.929437 -23.200569 123.032608
v -6.411547 -36.955097 126.598595
v 6.929437 -36.955097 126.598595
v -6.411547 -50.454914 130.674011
v 6.929437 -50.454914 130.674011
v -6.411547 -67.820442 134.217987
v 6.929437 -67.820442 134.217987
v -6.411547 -88.375565 134.217987
v 6.929437 -88.375565 134.217987
v -6.411547 -101.315849 129.077194
v 6.929437 -101.315849 129.077194
v -6.411547 -105.643379 125.182411
v 6.929437 -105.643379 125.182411
v -22.655600 25.989542 131.435013
v -22.655600 23.251940 129.446030
v 23.173492 23.251940 129.446030
v 23.173492 25.989542 131.435013
v 23.173492 19.868090 129.446030
v -22.655600 19.868090 129.446030
v 23.173492 17.130480 131.435013
v -22.655600 17.130480 131.435013
v -5.800336 -14.200377 129.549896
v 6.318227 -14.200377 129.549896
v 6.318227 -4.779439 132.087540
v -5.800336 -4.779439 132.087540
v -5.800336 -31.763704 129.549896
v 6.318227 -31.763704 129.549896
v -5.800336 -42.759911 132.087540
v 6.318227 -42.759911 132.087540
v -5.701076 -16.120802 122.157295
v 6.218966 -16.120802 122.157295
v 6.218966 -5.589376 124.361542
v -5.701076 -5.589376 124.361542
v -5.701076 -24.203054 122.157295
v 6.218966 -24.203054 122.157295
v -5.701076 -37.428566 125.586136
v 6.218966 -37.428566 125.586136
v -5.701076 -50.409153 129.504791
v 6.218966 -50.409153 129.504791
v -5.701076 -67.106781 132.912476
v 6.218966 -67.106781 132.912476
v -5.701076 -86.871315 132.912476
v 6.218966 -86.871315 132.912476
v -5.701076 -102.887405 126.437897
v 6.218966 -102.887405 126.437897
v -5.701076 -107.048500 122.692917
v 6.218966 -107.048500 122.692917
v 6.318227 -42.759911 132.087540
v -5.800336 -42.759911 132.087540
v -5.800336 -42.759914 118.383385
v 6.318227 -42.759914 118.383385
v -19.612797 66.335953 -33.046848
v -20.419106 63.158970 -33.949787
v -21.773731 63.550663 -32.926876
v -21.117512 66.136276 -32.192013
v -13.551669 64.305443 142.274963
v -16.830135 64.883537 142.274963
v -16.472956 62.857861 144.331894
v -14.580132 62.524097 144.331894
v 18.960688 50.453655 149.878189
v 15.682220 51.031742 149.878189
v 16.039402 49.006062 151.935104
v 17.932228 48.672306 151.935104
v 15.682220 64.883537 149.561188
v 12.799186 63.219021 149.561188
v 14.374881 61.896847 151.618103
v 16.039402 62.857861 151.618103
v -20.419106 63.158970 -33.949787
v -22.155197 58.823193 -33.194340
v -23.364100 59.789066 -32.394077
v -21.773731 63.550663 -32.926876
v -20.419106 63.158970 -33.949787
v 18.960688 42.024227 149.878189
v 21.100555 44.574421 149.878189
v 19.167681 45.277927 151.935104
v 17.932228 43.805569 151.935104
v -16.830135 52.210445 142.274963
v -19.713173 50.545925 142.274963
v -18.137476 49.223759 144.331894
v -16.472956 50.184772 144.331894
v -20.383358 2.151674 124.699829
v -20.383358 -3.842345 114.681328
v -6.411547 -3.842345 127.634613
v -6.411547 -14.795027 123.032608
v -16.047169 79.979439 -73.850517
v -17.923214 77.776192 -73.850517
v -20.600510 80.640099 -63.371300
v -5.701076 -5.589376 124.361542
v 6.218966 -5.589376 124.361542
v 6.218966 3.227633 140.036224
v -5.701076 3.227633 140.036224
v -20.600510 80.640099 -63.371300
v -18.448219 82.843346 -63.371300
v -16.047169 79.979439 -73.850517
v 18.441103 77.776192 -73.850517
v 16.565060 79.979439 -73.850517
v 18.966108 82.843346 -63.371300
v 18.966108 82.843346 -63.371300
v 21.118399 80.640099 -63.371300
v -21.965792 20.491848 -142.650955
v -21.965792 24.279034 -154.865555
v -12.363684 19.646580 -154.865555
v 11.660585 46.238934 149.878189
v 12.799186 43.110661 149.878189
v 14.374881 44.432827 151.935104
v 13.717510 46.238934 151.935104
v 12.799186 49.367222 149.878189
v 14.374881 48.045048 151.935104
v 16.527321 46.238934 152.687988
v 14.374881 48.045048 151.935104
v 14.374881 44.432827 151.935104
v 20.901251 -36.955101 113.334885
v 20.901251 -23.200571 110.638123
v 6.929437 -23.200569 123.032608
v 6.929437 -14.795027 123.032608
v 20.901251 -14.795028 110.638123
v 6.929437 -3.842345 127.634613
v 20.901251 -3.842345 114.681328
v 6.929437 -3.842345 127.634613
v 6.929437 2.151676 141.626694
v -12.363684 13.190503 -143.511047
v -12.363684 10.076074 -134.564682
v -21.965792 18.664907 -133.532578
v -23.646219 59.469002 -24.968098
v -23.646219 62.928535 -24.358089
v -20.993826 62.928535 -24.358089
v -20.993826 59.469002 -24.968098
v 18.960688 55.876026 149.561188
v 21.100555 58.426220 149.561188
v 19.167681 59.129719 151.618103
v 17.932228 57.657368 151.618103
v 22.483683 24.279034 -154.865555
v 22.483683 20.491848 -142.650955
v 12.881574 13.190503 -143.511047
v 6.218966 3.227633 140.036224
v 6.218966 -5.589376 124.361542
v 18.702648 -5.589377 111.906471
v 21.808037 62.012764 221.903976
v 19.337133 64.957474 221.903976
v 18.960688 64.305450 224.713791
v 21.100555 61.755257 224.713791
v -21.117512 66.136276 -32.192013
v -20.410728 68.921120 -29.198874
v -18.808895 69.503471 -29.559111
v 15.682220 51.031742 149.878189
v 12.799186 49.367222 149.878189
v 14.374881 48.045048 151.935104
v 16.039402 49.006062 151.935104
v -13.175227 64.957474 221.903976
v -16.960875 65.624985 221.903976
v -16.830135 64.883545 224.713791
v -13.551669 64.305450 224.713791
v -19.713173 63.219025 224.713791
v -20.289919 63.702957 221.903976
v -13.551669 51.632366 142.274963
v -16.830135 52.210445 142.274963
v -16.472956 50.184772 144.331894
v -14.580132 49.851017 144.331894
v -6.411547 -3.842345 127.634613
v 6.929437 -3.842345 127.634613
v 6.929437 2.151676 141.626694
v -6.411547 2.151676 141.626694
v -18.184757 3.227632 123.760391
v -18.184757 -5.589377 111.906471
v -5.701076 -5.589376 124.361542
v -5.701076 -5.589376 124.361542
v -5.701076 3.227633 140.036224
v 15.682220 41.446140 149.878189
v 18.960688 42.024227 149.878189
v 17.932228 43.805569 151.935104
v 16.039402 43.471813 151.935104
v 12.885847 69.687927 -116.024544
v -12.367956 69.687927 -116.024544
v -12.367956 78.888657 -82.629280
v -15.608411 66.993629 -116.024544
v -15.608411 76.194366 -82.629280
v 12.885847 78.888657 -82.629280
v 16.126301 76.194366 -82.629280
v 16.126301 66.993629 -116.024544
v 10.907700 46.271736 221.903976
v 12.222442 42.659515 221.903976
v 12.799186 43.143456 224.713791
v 11.660585 46.271736 224.713791
v 12.222442 49.883965 221.903976
v 12.799186 49.400009 224.713791
v 12.799186 43.143456 224.713791
v 14.374881 44.465622 226.770721
v 13.717510 46.271736 226.770721
v 12.799186 49.400009 224.713791
v 14.374881 48.077843 226.770721
v 10.907700 60.090736 221.903976
v 12.222442 56.478516 221.903976
v 12.799186 56.962463 224.713791
v 11.660585 60.090736 224.713791
v 12.222442 63.702957 221.903976
v 12.799186 63.219025 224.713791
v 12.799186 56.962463 224.713791
v 14.374881 58.284630 226.770721
v 13.717510 60.090736 226.770721
v 12.799186 63.219025 224.713791
v 14.374881 61.896851 226.770721
v -18.808895 69.503471 -29.559111
v -19.612797 66.335953 -33.046848
v -21.117512 66.136276 -32.192013
v 9.941830 -23.712126 64.891518
v -9.400711 -23.712126 64.891518
v -9.400711 -23.712128 62.439194
v 9.941830 -23.712128 62.439194
v -9.400711 -32.569866 50.456791
v 9.941830 -32.569866 50.456791
v -9.400711 -35.903797 43.636353
v 9.941830 -35.903797 43.636353
v -9.400711 -35.883316 15.326674
v 9.941830 -35.883316 15.326674
v -9.400711 -33.657005 7.673686
v 9.941830 -33.657005 7.673686
v -9.400711 -29.458359 1.999064
v 9.941830 -29.458359 1.999064
v 18.702648 -5.589377 111.906471
v 18.702648 3.227632 123.760391
v 6.218966 3.227633 140.036224
v -19.713173 44.289379 142.274963
v -16.830135 42.624844 142.274963
v -16.472956 44.650524 144.331894
v -18.137476 45.611530 144.331894
v -17.743736 64.827393 -27.556921
v -17.743736 58.879604 -28.605679
v -20.993826 59.127125 -26.906918
v -20.993826 63.912891 -26.063055
v -20.993826 54.918602 -24.477123
v -17.743736 53.649212 -25.585911
v -11.411802 61.755253 142.274963
v -13.551669 64.305443 142.274963
v -14.580132 62.524097 144.331894
v -13.344678 61.051754 144.331894
v 18.722218 46.309292 129.666046
v 20.652378 46.309292 127.365768
v 21.290527 48.843739 127.598045
v 19.061769 48.843739 130.254166
v 21.290527 58.124249 127.598038
v 19.061769 58.124249 130.254166
v 20.652378 60.658695 127.365761
v 18.722218 60.658695 129.666046
v -17.743736 68.709534 -22.930365
v -17.743736 64.827393 -27.556921
v -20.993826 63.912891 -26.063055
v -20.993826 67.036583 -22.340391
v 19.337133 64.957474 221.903976
v 15.551483 65.624985 221.903976
v 15.682220 64.883545 224.713791
v 18.960688 64.305450 224.713791
v 12.799186 63.219025 224.713791
v 12.222442 63.702957 221.903976
v -12.228659 107.760948 -125.303810
v -12.228659 107.760948 -137.802856
v -15.137914 107.760948 -137.802856
v -15.137914 103.747246 -144.541779
v -15.679349 103.747246 -144.541779
v -12.228659 103.747246 -144.541779
v -15.679349 107.760948 -137.802856
v -12.129156 107.760948 -137.802856
v -12.129156 103.747246 -144.541779
v -12.129156 107.760948 -125.303810
v -12.129156 103.747246 -118.564888
v -12.228659 103.747246 -118.564888
v -15.137914 107.760948 -125.303810
v -15.679349 107.760948 -125.303810
v -15.137914 103.747246 -118.564888
v -15.679349 103.747246 -118.564888
v 12.771861 107.760948 -125.303810
v 15.681118 107.760948 -125.303810
v 15.681118 107.760948 -137.802856
v 16.222553 107.760948 -137.802856
v 16.222553 103.747246 -144.541779
v 16.222553 107.760948 -125.303810
v 15.681118 103.747246 -144.541779
v 15.681118 103.747246 -118.564888
v 16.222553 103.747246 -118.564888
v 12.771861 103.747246 -118.564888
v 12.672359 103.747246 -118.564888
v 12.672359 107.760948 -125.303810
v 12.771861 107.760948 -137.802856
v 12.771861 103.747246 -144.541779
v 12.672359 107.760948 -137.802856
v 12.672359 103.747246 -144.541779
v 13.164542 46.309292 128.686066
v 15.765041 46.309292 130.187469
v 15.647116 48.843739 130.856262
v 12.644319 48.843739 129.122589
v 15.647116 58.124249 130.856262
v 12.644319 58.124249 129.122589
v 15.765041 60.658695 130.187469
v 13.164542 60.658695 128.686066
v 11.660585 60.090733 149.561188
v 12.799186 56.962460 149.561188
v 14.374881 58.284626 151.618103
v 13.717510 60.090733 151.618103
v 12.799186 63.219021 149.561188
v 14.374881 61.896847 151.618103
v -18.184757 -50.409157 115.796036
v -18.184757 -67.106781 118.373093
v -5.701076 -67.106781 132.912476
v -5.701076 -50.409153 129.504791
v -18.184757 -37.428566 112.832558
v -5.701076 -86.871315 132.912476
v -18.184757 -86.871315 118.373093
v -5.701076 -102.887405 126.437897
v -18.184757 -102.887405 113.476707
v -5.701076 -102.887405 126.437897
v -5.701076 -107.048500 122.692917
v 12.799186 43.110661 149.878189
v 15.682220 41.446140 149.878189
v 16.039402 43.471813 151.935104
v 14.374881 44.432827 151.935104
v -22.913834 -92.658951 107.947899
v -19.517832 -91.960541 111.150078
v -17.469765 -80.017403 111.150078
v -20.865765 -105.858162 107.947899
v -20.865765 -105.858162 107.947899
v -17.469765 -109.524529 111.150078
v 21.808037 48.193756 221.903976
v 19.337133 51.138466 221.903976
v 18.960688 50.486450 224.713791
v 21.100555 47.936264 224.713791
v 21.808037 44.349709 221.903976
v 21.808037 48.193756 221.903976
v 21.100555 47.936264 224.713791
v 21.100555 44.607216 224.713791
v 21.808037 58.168716 221.903976
v 21.808037 62.012764 221.903976
v 21.100555 61.755257 224.713791
v 21.100555 58.426224 224.713791
v 1.145437 103.438652 -132.449097
v -0.602233 103.438652 -132.449097
v -0.602233 103.438652 -125.593758
v 1.145437 103.438652 -125.593758
v 18.722218 60.658695 129.666046
v 20.652378 60.658695 127.365761
v 18.908924 62.514050 126.731194
v 17.794544 62.514050 128.059265
v 18.722218 60.658695 129.666046
v -11.411802 49.082165 142.274963
v -13.551669 51.632366 142.274963
v -14.580132 49.851017 144.331894
v -13.344678 48.378658 144.331894
v -23.646219 62.928535 -24.358089
v -23.646219 59.469002 -24.968098
v -24.456221 59.618690 -24.119205
v -24.456221 62.497551 -23.611584
v -24.456221 57.087051 -22.657574
v -23.646219 59.469002 -24.968098
v -23.646219 56.426735 -23.211643
v -20.383358 -3.842345 114.681328
v -20.383358 -14.795028 110.638123
v -6.411547 -14.795027 123.032608
v -6.411547 -23.200569 123.032608
v -20.383358 -23.200571 110.638123
v -6.411547 -36.955097 126.598595
v -19.713173 56.962460 142.274963
v -16.830135 55.297939 142.274963
v -16.472956 57.323612 144.331894
v -18.137476 58.284626 144.331894
v -23.646219 65.186584 -21.667051
v -23.646219 62.928535 -24.358089
v -24.456221 62.497551 -23.611584
v -24.456221 64.376579 -21.372236
v 13.164542 60.658695 128.686066
v 15.765041 60.658695 130.187469
v 16.087219 62.514050 128.360321
v 14.585821 62.514050 127.493484
v 15.682220 55.297939 149.561188
v 18.960688 55.876026 149.561188
v 17.932228 57.657368 151.618103
v 16.039402 57.323612 151.618103
v -16.830135 42.624844 142.274963
v -13.551669 43.202930 142.274963
v -14.580132 44.984280 144.331894
v -16.472956 44.650524 144.331894
v -9.647010 103.619743 -136.559891
v -9.770090 103.619743 -136.559891
v -9.770090 103.619743 -126.546776
v -9.647010 103.619743 -126.546776
v -9.770090 100.532768 -141.742889
v -9.647010 100.532768 -141.742889
v -9.770090 96.061974 -145.309311
v -9.647010 96.061974 -145.309311
v -11.831986 96.061974 -145.309311
v -11.831986 100.532768 -141.742889
v -12.377509 96.061974 -145.309311
v -12.377509 100.532768 -141.742889
v -11.831986 103.619743 -136.559891
v -12.377509 103.619743 -136.559891
v -11.831986 103.619743 -126.546776
v -12.377509 103.619743 -126.546776
v -9.770090 100.532768 -121.363777
v -9.647010 100.532768 -121.363777
v -9.770090 96.061974 -117.797340
v -9.647010 96.061974 -117.797340
v -11.831986 100.532768 -121.363777
v -11.831986 96.061974 -117.797340
v -12.377509 100.532768 -121.363777
v -12.377509 96.061974 -117.797340
v 10.190213 103.619743 -136.559891
v 10.190213 103.619743 -126.546776
v 10.313294 103.619743 -126.546776
v 10.313294 100.532768 -121.363777
v 10.190213 100.532768 -121.363777
v 10.313294 96.061974 -117.797340
v 10.190213 96.061974 -117.797340
v 12.375190 100.532768 -121.363777
v 12.375190 96.061974 -117.797340
v 12.920713 100.532768 -121.363777
v 12.920713 96.061974 -117.797340
v 12.920713 103.619743 -126.546776
v 12.375190 103.619743 -126.546776
v 12.920713 103.619743 -136.559891
v 12.375190 103.619743 -136.559891
v 12.920713 100.532768 -141.742889
v 10.313294 103.619743 -136.559891
v 12.375190 100.532768 -141.742889
v 12.920713 96.061974 -145.309311
v 12.375190 96.061974 -145.309311
v 10.313294 100.532768 -141.742889
v 10.190213 100.532768 -141.742889
v 10.313294 96.061974 -145.309311
v 10.190213 96.061974 -145.309311
v 3.399429 103.682152 236.736465
v 2.124327 102.407036 236.736465
v 0.382506 101.940331 236.736465
v -1.359316 102.407036 236.736465
v 18.702648 -37.428566 112.832558
v 18.702648 -24.203056 110.239517
v 6.218966 -24.203054 122.157295
v 6.218966 -16.120802 122.157295
v 18.702648 -16.120804 110.239517
v 6.218966 -5.589376 124.361542
v 18.702648 -5.589377 111.906471
v 6.218966 -5.589376 124.361542
v -18.184757 -5.589377 111.906471
v -18.184757 -16.120804 110.239517
v -5.701076 -16.120802 122.157295
v -5.701076 -5.589376 124.361542
v -18.184757 -5.589377 111.906471
v -5.701076 -24.203054 122.157295
v -18.184757 -24.203056 110.239517
v -5.701076 -37.428566 125.586136
v -19.757078 59.699963 -64.196556
v -16.511499 63.789173 -68.626534
v -21.832863 50.677761 -68.626534
v 22.350754 50.677761 -68.626534
v 17.029392 63.789173 -68.626534
v 20.274967 59.699963 -64.196556
v -13.175227 51.138466 221.903976
v -16.960875 51.805984 221.903976
v -16.830135 51.064529 224.713791
v -13.551669 50.486450 224.713791
v -19.713173 49.400009 224.713791
v -20.289919 49.883965 221.903976
v 20.901251 -101.315849 115.597557
v 20.901251 -88.375565 119.097038
v 6.929437 -88.375565 134.217987
v 6.929437 -67.820442 134.217987
v 20.901251 -67.820442 119.097038
v 6.929437 -50.454914 130.674011
v 20.901251 -50.454918 116.416908
v 6.929437 -50.454914 130.674011
v 6.929437 -36.955097 126.598595
v -21.965792 18.664907 -133.532578
v -21.965792 20.491848 -142.650955
v -12.363684 13.190503 -143.511047
v -20.383358 -50.454918 116.416908
v -20.383358 -67.820442 119.097038
v -6.411547 -67.820442 134.217987
v -6.411547 -50.454914 130.674011
v -20.383358 -36.955101 113.334885
v -6.411547 -88.375565 134.217987
v -20.383358 -88.375565 119.097038
v -6.411547 -101.315849 129.077194
v -20.383358 -23.200571 110.638123
v -6.411547 -36.955097 126.598595
v -6.411547 -50.454914 130.674011
v -11.411802 45.753124 142.274963
v -11.411802 49.082165 142.274963
v -13.344678 48.378658 144.331894
v -13.344678 46.456638 144.331894
v -11.411802 58.426220 142.274963
v -11.411802 61.755253 142.274963
v -13.344678 61.051754 144.331894
v -13.344678 59.129719 144.331894
v 22.483683 20.491848 -142.650955
v 22.483683 18.664907 -133.532578
v 12.881574 10.076074 -134.564682
v -13.551669 43.202930 142.274963
v -11.411802 45.753124 142.274963
v -13.344678 46.456638 144.331894
v -14.580132 44.984280 144.331894
v -13.551669 43.202930 142.274963
v 19.337133 41.404999 221.903976
v 21.808037 44.349709 221.903976
v 21.100555 44.607216 224.713791
v 18.960688 42.057022 224.713791
v 12.881574 9.035803 -127.490829
v -12.363684 9.035803 -127.490829
v -12.363684 10.076074 -134.564682
v 12.881574 10.076074 -134.564682
v 12.799186 56.962460 149.561188
v 15.682220 55.297939 149.561188
v 16.039402 57.323612 151.618103
v 14.374881 58.284626 151.618103
v -22.747595 56.272804 -8.190129
v -22.462934 60.614738 -8.179410
v -20.774410 60.186203 -8.179410
v -21.059069 55.844254 -8.190129
v 18.529497 76.194366 -62.894028
v 16.126301 76.194366 -73.769310
v 12.885847 78.888657 -73.769310
v 21.808037 62.012760 146.751373
v 19.337133 64.957466 146.751373
v 18.960688 64.305443 149.561188
v 21.100555 61.755253 149.561188
v 18.702648 -102.887405 113.476707
v 18.702648 -86.871315 118.373093
v 6.218966 -86.871315 132.912476
v 6.218966 -67.106781 132.912476
v 18.702648 -67.106781 118.373093
v 6.218966 -50.409153 129.504791
v 18.702648 -67.106781 118.373093
v 18.702648 -50.409157 115.796036
v 6.218966 -37.428566 125.586136
v 18.702648 -37.428566 112.832558
v 6.218966 -37.428566 125.586136
v 6.218966 -24.203054 122.157295
v -15.608411 76.194366 -73.769310
v -18.011606 76.194366 -62.894028
v -14.280369 78.888657 -62.894028
v 19.337133 51.138466 221.903976
v 15.551483 51.805984 221.903976
v 15.682220 51.064529 224.713791
v 18.960688 50.486450 224.713791
v 12.799186 49.400009 224.713791
v 12.222442 49.883965 221.903976
v 7.162127 93.407722 254.236710
v -6.618923 93.407722 254.236710
v -18.385420 65.442886 -32.192013
v -19.041639 62.857265 -32.926876
v -20.419106 63.158970 -33.949787
v -19.612797 66.335953 -33.046848
v -16.830135 55.297939 142.274963
v -13.551669 55.876026 142.274963
v -14.580132 57.657368 144.331894
v -16.472956 57.323612 144.331894
v -14.280369 78.888657 -62.894028
v -12.367956 78.888657 -73.769310
v -15.608411 76.194366 -73.769310
v -20.600510 77.701118 200.360504
v -18.448219 79.904358 200.360504
v -18.448219 82.843369 169.011154
v -20.600510 80.640121 169.011154
v 18.966108 79.904358 200.360504
v 21.118399 77.701118 200.360504
v 21.118399 80.640121 169.011154
v 18.966108 82.843369 169.011154
v 12.885847 78.888657 -73.769310
v 14.798260 78.888657 -62.894028
v 18.529497 76.194366 -62.894028
v -13.175227 64.957466 139.465164
v -16.960875 65.624977 139.465164
v -16.830135 64.883537 142.274963
v -13.551669 64.305443 142.274963
v -19.713173 63.219021 142.274963
v -20.289919 63.702953 139.465164
v -13.551669 55.876026 142.274963
v -11.411802 58.426220 142.274963
v -13.344678 59.129719 144.331894
v -14.580132 57.657368 144.331894
v -12.363684 10.076074 -134.564682
v -12.363684 9.035803 -127.490829
v -21.965792 18.054670 -127.490829
v 12.881574 9.035803 -127.490829
v 12.881574 10.076074 -134.564682
v 22.483683 18.664907 -133.532578
v -20.119661 43.788788 -1.836040
v -20.090708 41.536018 -1.864993
v -20.119661 41.507050 -1.836040
v -20.090708 48.688599 -1.864994
v -20.119661 44.122368 -1.836040
v -20.119661 48.620193 -1.836041
v 20.608599 48.688599 -1.864994
v 20.637552 43.788788 -1.836040
v 20.637552 41.507050 -1.836040
v 20.637552 41.507050 -1.836040
v 20.608599 41.536018 -1.864993
v 20.608599 48.688599 -1.864994
v 20.637552 44.122368 -1.836040
v 20.637552 43.788788 -1.836040
v 20.608599 48.688599 -1.864994
v -9.400711 -23.865137 -0.405233
v 9.941830 -23.865137 -0.405233
v 9.941830 -29.458359 1.999064
v -9.400711 -29.458359 1.999064
v -9.400711 33.043556 -0.502806
v 9.941830 33.043556 -0.502806
v -10.704320 62.012764 221.903976
v -13.175227 64.957474 221.903976
v -13.551669 64.305450 224.713791
v -11.411802 61.755257 224.713791
v -19.041639 62.857265 -32.926876
v -20.632008 59.095661 -32.394077
v -22.155197 58.823193 -33.194340
v -6.618923 105.303818 237.474640
v 20.901251 -50.454918 116.416908
v 20.901251 -36.955101 113.334885
v 6.929437 -36.955097 126.598595
v 6.929437 -23.200569 123.032608
v 7.162127 105.303818 237.474640
v 1.761194 88.203377 -132.449081
v 1.761194 88.203377 -125.593758
v 5.294766 87.385612 -125.154121
v 5.294766 87.385612 -132.888733
v -1.217991 88.203377 -125.593758
v -1.217991 88.203377 -132.449081
v -4.751563 87.385612 -132.888733
v -4.751563 87.385612 -125.154121
v -17.602541 -7.234120 93.553581
v -19.165583 -7.234120 93.553581
v -20.436089 -7.234120 87.292046
v -18.873043 -7.234120 87.292046
v -21.572474 -7.234121 84.814407
v -20.009430 -7.234121 84.814407
v -20.436089 -7.234121 82.336777
v -18.873043 -7.234121 82.336777
v -19.165583 -7.234121 73.660759
v -17.602541 -7.234121 73.660759
v 19.337133 64.957466 146.751373
v 15.551483 65.624977 146.751373
v 15.682220 64.883537 149.561188
v 18.960688 64.305443 149.561188
v 12.799186 63.219021 149.561188
v 12.222442 63.702953 146.751373
v 16.565060 79.979439 -73.850517
v 15.129478 79.979439 -73.850517
v 17.319139 82.843346 -63.371300
v 13.336653 82.600853 -64.258575
v 13.336653 81.583366 -67.981636
v 11.990798 79.979439 -73.850517
v 16.565060 79.979439 -74.498573
v 11.990798 79.979439 -74.498573
v 15.129478 79.979439 -74.498573
v 16.565060 79.979439 -83.372841
v 11.990798 79.979439 -83.372841
v 15.129478 79.979439 -83.372841
v 16.565060 79.979439 -99.641121
v 11.990798 79.979439 -99.641121
v 15.129478 79.979439 -99.641121
v 16.565060 79.979439 -116.284309
v 15.129478 79.979439 -116.284309
v 19.337133 55.224007 221.903976
v 21.808037 58.168716 221.903976
v 21.100555 58.426224 224.713791
v 18.960688 55.876030 224.713791
v -19.165583 -7.234120 93.553581
v -17.602541 -7.234120 93.553581
v -17.602541 8.234363 93.553581
v -19.165583 8.234363 93.553581
v -20.289919 42.659515 221.903976
v -16.960875 40.737488 221.903976
v -16.830135 41.478943 224.713791
v -19.713173 43.143456 224.713791
v -13.551669 42.057022 224.713791
v -13.175227 41.404999 221.903976
v 12.545946 86.568008 223.456772
v -12.028055 86.568008 223.456772
v -22.462934 60.614738 -8.179410
v -22.747595 56.272804 -8.190129
v -23.493744 55.521172 -6.806980
v -18.184757 -24.203056 110.239517
v -18.184757 -37.428566 112.832558
v -5.701076 -37.428566 125.586136
v -5.701076 -50.409153 129.504791
v 21.808037 48.160961 147.068359
v 19.337133 51.105671 147.068359
v 18.960688 50.453655 149.878189
v 21.100555 47.903454 149.878189
v 21.808037 44.316914 147.068359
v 21.808037 48.160961 147.068359
v 21.100555 47.903454 149.878189
v 21.100555 44.574421 149.878189
v 21.808037 58.168713 146.751373
v 21.808037 62.012760 146.751373
v 21.100555 61.755253 149.561188
v 21.100555 58.426220 149.561188
v 17.794544 44.453953 128.059265
v 18.908924 44.453953 126.731201
v 20.652378 46.309292 127.365768
v 18.722218 46.309292 129.666046
v -22.155197 58.823193 -33.194340
v -20.419106 63.158970 -33.949787
v -19.041639 62.857265 -32.926876
v 12.545945 84.289589 -148.404510
v -12.028054 84.289589 -148.404510
v -12.028054 84.289589 -113.004494
v 12.545945 84.289589 -113.004494
v -21.965792 18.054670 -127.490829
v -21.965792 18.664907 -133.532578
v -12.363684 10.076074 -134.564682
v -16.472956 62.857849 13.115249
v -18.137476 61.896835 13.115249
v -19.713173 63.219009 15.172172
v -16.830135 64.883530 15.172172
v 22.483683 18.664907 -133.532578
v 22.483683 18.054670 -127.490829
v 12.881574 9.035803 -127.490829
v -18.448219 82.843369 169.011154
v -18.448219 82.843346 -63.122353
v -20.600510 80.640099 -63.122353
v -20.600510 80.640121 169.011154
v -18.448219 82.843346 -63.371300
v -20.600510 80.640099 -63.371300
v 22.483683 20.491848 -142.650955
v 22.483683 24.279034 -154.865555
v 23.449486 27.497578 -154.865555
v -16.047169 79.979439 -83.372841
v -16.047169 79.979439 -74.498573
v -14.331496 79.979439 -74.498573
v -10.982993 79.979439 -73.850517
v -10.982993 79.979439 -74.498573
v -14.331496 79.979439 -73.850517
v -16.047169 79.979439 -73.850517
v -11.330974 80.180351 -73.115379
v -16.479916 82.843346 -63.371300
v -12.300225 82.843346 -63.371300
v -18.448219 82.843346 -63.371300
v -12.300225 82.843346 -63.122353
v -16.479916 82.843346 -63.122353
v -18.448219 82.843346 -63.122353
v -12.300225 82.843369 169.011154
v -16.479916 82.843369 169.011154
v -18.448219 82.843369 169.011154
v -16.479916 79.904358 200.360504
v -11.976493 81.953918 178.498581
v -11.271942 81.735260 180.830978
v -9.652858 81.588470 182.396637
v -9.363386 81.575195 182.538422
v -8.043340 81.557938 182.722351
v -6.824882 81.563446 182.663574
v 17.319139 79.904358 200.360504
v -6.242049 81.575195 182.538422
v -4.013254 81.735260 180.830978
v -3.877281 81.766541 180.497192
v -3.374052 81.953918 178.498581
v 18.966108 82.843361 55.040028
v 21.118399 80.640114 55.040028
v 21.118399 80.640099 -63.122353
v 18.966108 82.843346 -63.122353
v 21.118399 80.640099 -63.371300
v 18.966108 82.843346 -63.371300
v 21.118399 80.640114 118.607208
v 18.966108 82.843361 118.607208
v 18.966108 82.843369 169.011154
v 21.118399 80.640121 169.011154
v -18.011606 36.176941 3.692574
v -18.011606 30.185257 3.692575
v -22.655600 9.807426 3.692576
v -22.655600 36.176941 3.692574
v 18.529497 30.185257 3.692575
v 23.173492 9.807426 3.692576
v 18.529497 36.176941 3.692574
v 23.173492 36.176941 3.692574
v 14.585821 44.453953 127.493492
v 16.087219 44.453953 128.360321
v 15.765041 46.309292 130.187469
v 15.765041 46.309292 130.187469
v 13.164542 46.309292 128.686066
v -17.678638 68.227722 -29.198874
v -18.385420 65.442886 -32.192013
v -19.612797 66.335953 -33.046848
v -18.808895 69.503471 -29.559111
v -17.678638 68.227722 -29.198874
v 17.319139 82.843361 55.040028
v 18.966108 82.843361 55.040028
v 18.966108 82.843346 -63.122353
v 17.319139 82.843346 -63.122353
v 16.113386 82.843361 55.040028
v 18.966108 82.843346 -63.371300
v 13.336653 82.843346 -63.122353
v 13.336653 82.843346 -63.371300
v 13.336653 82.843369 169.011154
v 16.113386 82.843361 118.607208
v 17.319139 82.843369 169.011154
v 17.319139 82.843361 118.607208
v 18.966108 82.843361 118.607208
v 18.966108 82.843369 169.011154
v 13.336653 82.672180 170.837036
v 18.966108 79.904358 200.360504
v 13.336653 81.953918 178.498581
v 18.966108 79.904358 218.974182
v 12.833424 81.766541 180.497192
v 12.697451 81.735260 180.830978
v 10.468655 81.575195 182.538422
v 9.885822 81.563446 182.663574
v 8.667365 81.557938 182.722351
v 7.347318 81.575195 182.538422
v 7.057846 81.588470 182.396637
v 17.319139 79.904358 218.974182
v 5.438761 81.735260 180.830978
v -16.479916 79.904358 218.974182
v -18.448219 79.904358 200.360504
v -18.448219 79.904358 218.974182
v 4.734210 81.953918 178.498581
v 4.609315 82.297058 174.838348
v 4.410479 82.843369 169.011154
v -3.374052 82.843369 169.011154
v -3.374052 82.843346 -63.122353
v 4.410479 82.843346 -63.122353
v -3.374052 82.843346 -63.371300
v 4.410479 82.843346 -63.371300
v -3.374052 81.583366 -67.981636
v 4.690351 82.074394 -66.184929
v 5.379729 80.180351 -73.115379
v -4.719906 79.979439 -73.850517
v 5.727710 79.979439 -73.850517
v -4.719906 79.979439 -74.498573
v 5.727710 79.979439 -74.498573
v -4.719906 79.979439 -83.372841
v 5.727710 79.979439 -83.372841
v -4.719906 79.979439 -99.641121
v 5.727710 79.979439 -99.641121
v 5.727710 79.979439 -105.437050
v 6.902259 79.979439 -107.769447
v -4.719906 79.979439 -105.437050
v -5.486538 79.979439 -107.769447
v 8.389037 79.979439 -108.560555
v 10.800338 79.979439 -108.114952
v 11.224164 79.979439 -107.769447
v 11.990798 79.979439 -105.437050
v -5.910367 79.979439 -108.114952
v -14.331496 79.979439 -116.284309
v -8.321668 79.979439 -108.560555
v -9.808443 79.979439 -107.769447
v -10.982993 79.979439 -105.437050
v -14.331496 79.979439 -99.641121
v -16.047169 79.979439 -116.284309
v -10.982993 79.979439 -99.641121
v -16.047169 79.979439 -99.641121
v -10.982993 79.979439 -83.372841
v -14.331496 79.979439 -83.372841
v -14.280369 81.320175 218.795609
v -14.280369 81.320183 267.662201
v 14.798260 81.320183 267.662201
v 14.798260 81.320175 218.795609
v -20.600510 77.701118 218.974182
v -18.448219 79.904358 218.974182
v -18.448219 79.904358 200.360504
v -20.600510 77.701118 200.360504
v 12.222442 42.659515 221.903976
v 15.551483 40.737488 221.903976
v 15.682220 41.478943 224.713791
v 12.799186 43.143456 224.713791
v 18.960688 42.057022 224.713791
v 19.337133 41.404999 221.903976
v 18.966108 79.904358 218.974182
v 21.118399 77.701118 218.974182
v 21.118399 77.701118 200.360504
v 18.966108 79.904358 200.360504
v 19.167681 61.051743 17.196583
v 17.932228 62.524086 17.196583
v 18.960688 64.305435 19.253504
v 21.100555 61.755241 19.253506
v -11.330974 80.180374 178.498581
v -8.567564 78.584923 178.498581
v -10.982993 79.979439 -73.850517
v -11.330974 80.180351 -73.115379
v -10.982993 79.979439 -74.498573
v -10.982993 79.979439 -83.372841
v -10.982993 79.979439 -99.641121
v -8.567564 78.584900 -105.437050
v -10.982993 79.979439 -105.437050
v -5.425130 79.138985 -105.437050
v -5.425130 79.139008 178.498581
v -4.719906 79.979439 -105.437050
v -4.719906 79.979439 -99.641121
v -4.719906 79.979439 -83.372841
v -4.719906 79.979439 -74.498573
v -4.719906 79.979439 -73.850517
v -3.374052 81.583389 178.498581
v -3.374052 81.583366 -67.981636
v -10.704320 48.193756 221.903976
v -13.175227 51.138466 221.903976
v -13.551669 50.486450 224.713791
v -11.411802 47.936264 224.713791
v -23.646219 56.426735 -23.211643
v -23.646219 59.469002 -24.968098
v -20.993826 59.469002 -24.968098
v -20.993826 56.426735 -23.211643
v -23.646219 55.225250 -19.910595
v -16.451050 -95.593025 85.764793
v -20.383358 -101.315849 85.764793
v -20.383358 -105.643379 85.764793
v -16.451050 -80.459404 85.764793
v -20.383358 -88.375565 85.764793
v -20.383358 -80.459404 85.764793
v -13.175227 52.284382 139.465164
v -16.960875 52.951893 139.465164
v -16.830135 52.210445 142.274963
v -13.551669 51.632366 142.274963
v -19.713173 50.545925 142.274963
v -20.289919 51.029865 139.465164
v 2.821945 78.788048 -162.296951
v -2.304054 78.788048 -162.296951
v -2.304054 78.788048 -158.016220
v 2.821945 78.788048 -158.016220
v -16.472956 62.857849 13.115249
v -14.580132 62.524086 13.115249
v -15.985039 60.090721 12.362361
v -18.137476 61.896835 13.115249
v 17.932228 62.524086 17.196583
v 16.039402 62.857849 17.196583
v 15.682220 64.883530 19.253504
v 18.960688 64.305435 19.253504
v 14.798260 78.888657 -62.894028
v -14.280369 78.888657 -62.894028
v -14.280369 78.888657 -61.819923
v -18.011606 76.194366 -62.894028
v -18.011606 76.194366 -61.819923
v -18.011606 76.194389 218.795609
v 12.885847 78.888657 -73.769310
v -14.280369 78.888680 218.795609
v -14.280369 78.888687 267.662201
v -18.011606 76.194397 267.662201
v 14.798260 78.888657 -61.819923
v -12.367956 78.888657 -73.769310
v 14.798260 78.888680 218.795609
v 18.529497 76.194366 -61.819923
v 18.529497 76.194366 -62.894028
v 18.529497 76.194382 55.040028
v 16.113386 77.939034 55.040028
v 16.113386 77.939034 118.607208
v 18.529497 76.194382 118.607208
v 18.529497 76.194389 218.795609
v 18.529497 76.194397 267.662201
v 14.798260 78.888687 267.662201
v 16.126301 76.194366 -73.769310
v 16.126301 76.194366 -74.970848
v 12.885847 78.888657 -74.970848
v 16.126301 76.194366 -82.629280
v 12.885847 78.888657 -82.629280
v -12.367956 78.888657 -74.970848
v -12.367956 78.888657 -82.629280
v -15.608411 76.194366 -74.970848
v -15.608411 76.194366 -73.769310
v -15.608411 76.194366 -82.629280
v -16.047169 79.979439 -83.372841
v -17.923214 77.776192 -83.372841
v -17.923214 77.776192 -74.498573
v -16.047169 79.979439 -99.641121
v -16.047169 79.979439 -74.498573
v -17.923214 77.776192 -73.850517
v -16.047169 79.979439 -73.850517
v -17.923214 77.776192 -99.641121
v -16.047169 79.979439 -116.284309
v -17.923214 77.776192 -116.284309
v 18.441103 77.776192 -83.372841
v 16.565060 79.979439 -83.372841
v 16.565060 79.979439 -74.498573
v 18.441103 77.776192 -99.641121
v 18.441103 77.776192 -74.498573
v 16.565060 79.979439 -73.850517
v 18.441103 77.776192 -73.850517
v 16.565060 79.979439 -99.641121
v 18.441103 77.776192 -116.284309
v 16.565060 79.979439 -116.284309
v 19.337133 41.372204 147.068359
v 21.808037 44.316914 147.068359
v 21.100555 44.574421 149.878189
v 18.960688 42.024227 149.878189
v 5.379729 80.180374 178.498581
v 8.143139 78.584923 178.498581
v 5.727710 79.979439 -73.850517
v 5.379729 80.180351 -73.115379
v 5.727710 79.979439 -74.498573
v 5.727710 79.979439 -83.372841
v 5.727710 79.979439 -99.641121
v 8.143139 78.584900 -105.437050
v 5.727710 79.979439 -105.437050
v 11.285573 79.138985 -105.437050
v 11.285573 79.139008 178.498581
v 11.990798 79.979439 -99.641121
v 11.990798 79.979439 -105.437050
v 11.990798 79.979439 -83.372841
v 11.990798 79.979439 -74.498573
v 11.990798 79.979439 -73.850517
v 13.336653 81.583389 178.498581
v 13.336653 81.583366 -67.981636
v -14.580132 62.524086 13.115249
v -16.472956 62.857849 13.115249
v -16.830135 64.883530 15.172172
v -13.551669 64.305435 15.172172
v -5.117939 87.019249 -133.255112
v -5.117939 87.019249 -124.787727
v -4.751563 87.385612 -125.154121
v -4.751563 87.385612 -132.888733
v 5.661143 87.019249 -124.787727
v 5.661143 87.019249 -133.255112
v 5.294766 87.385612 -132.888733
v 5.294766 87.385612 -125.154121
v 21.100555 61.755241 19.253506
v 18.960688 64.305435 19.253504
v 19.337133 64.957458 22.063314
v 21.808037 62.012749 22.063316
v -16.472956 50.184761 13.115250
v -14.580132 49.851006 13.115250
v -15.985039 47.417633 12.362362
v -18.137476 49.223747 13.115250
v -16.472956 50.184761 13.115250
v -18.137476 49.223747 13.115250
v -19.713173 50.545914 15.172173
v -16.830135 52.210434 15.172173
v -22.155197 58.823193 -33.194340
v -23.082399 52.665161 -21.871090
v -24.205603 53.968704 -21.599140
v -24.357950 53.368423 -11.276943
v -23.493744 55.521172 -6.806980
v -22.747595 56.272804 -8.190129
v -23.493744 55.521172 -6.806980
v -22.966242 60.819962 -6.524312
v -22.462934 60.614738 -8.179410
v -21.258625 63.928650 -10.582448
v -21.526144 65.062920 -9.287595
v -20.440084 66.617111 -17.966673
v -20.568935 68.297752 -17.526648
v -20.440084 66.617111 -17.966673
v -24.205603 53.968704 -21.599140
v -23.364100 59.789066 -32.394077
v -22.155197 58.823193 -33.194340
v -23.646219 65.186584 -18.154150
v -23.646219 65.186584 -21.667051
v -24.456221 64.376579 -21.372236
v -24.456221 64.376579 -18.448965
v 0.258945 38.620403 -248.664246
v 2.698392 39.274044 -248.664246
v 3.814069 37.341640 -267.224457
v 0.258945 36.389050 -267.224457
v -2.180501 39.274044 -248.664246
v -3.296178 37.341640 -267.224457
v 19.337133 51.105671 147.068359
v 15.551483 51.773182 147.068359
v 15.682220 51.031742 149.878189
v 18.960688 50.453655 149.878189
v 12.799186 49.367222 149.878189
v 12.222442 49.851162 147.068359
v -18.137476 45.611519 13.115250
v -18.794847 47.417633 13.115250
v -15.985039 47.417633 12.362362
v -18.137476 49.223747 13.115250
v -18.137476 45.611519 13.115250
v -19.713173 44.289368 15.172173
v -20.851772 47.417633 15.172173
v -18.137476 49.223747 13.115250
v -19.713173 50.545914 15.172173
v -19.713173 44.289368 15.172173
v -20.289919 43.805412 17.981983
v -21.604658 47.417633 17.981983
v -19.713173 50.545914 15.172173
v -20.289919 51.029854 17.981983
v -18.137476 58.284615 13.115249
v -18.794847 60.090721 13.115249
v -15.985039 60.090721 12.362361
v -18.137476 61.896835 13.115249
v -18.137476 58.284615 13.115249
v -19.713173 56.962448 15.172172
v -20.851772 60.090721 15.172172
v -18.137476 61.896835 13.115249
v -19.713173 63.219009 15.172172
v -19.713173 56.962448 15.172172
v -20.289919 56.478500 17.981983
v -21.604658 60.090721 17.981983
v -19.713173 63.219009 15.172172
v -20.289919 63.702942 17.981981
v -13.551669 64.305435 15.172172
v -16.830135 64.883530 15.172172
v -16.960875 65.624969 17.981981
v -13.175227 64.957458 17.981981
v -20.289919 63.702942 17.981981
v -19.713173 63.219009 15.172172
v 10.962107 5.922826 71.189857
v -10.444216 5.922826 71.189857
v -22.655600 5.922822 7.762973
v -16.451050 5.922827 82.742943
v -16.451050 5.922827 83.075401
v -16.451050 5.922829 108.854645
v 23.173492 5.922822 7.762973
v 16.968941 5.922827 82.742943
v -22.655600 9.807426 3.692576
v 23.173492 9.807426 3.692576
v 16.968941 5.922827 83.075401
v 23.173492 5.922832 142.895630
v 16.968941 5.922829 108.854645
v 5.658724 5.922830 119.770447
v -22.655600 5.922832 142.895630
v -5.140833 5.922830 119.770447
v 23.173492 9.587769 146.644073
v -22.655600 9.587769 146.644073
v 19.167681 59.129707 17.196583
v 19.167681 61.051743 17.196583
v 21.100555 61.755241 19.253506
v 21.100555 58.426208 19.253506
v -20.289919 56.478516 221.903976
v -16.960875 54.556488 221.903976
v -16.830135 55.297943 224.713791
v -19.713173 56.962463 224.713791
v -13.551669 55.876030 224.713791
v -13.175227 55.224007 221.903976
v -17.743736 68.709534 -16.890829
v -17.743736 68.709534 -22.930365
v -20.993826 67.036583 -22.340391
v -20.993826 67.036583 -17.480803
v 19.167681 61.051743 17.196583
v 19.167681 59.129707 17.196583
v 16.527321 60.090721 16.443695
v 19.167681 47.199944 18.098911
v 17.932228 48.672295 18.098911
v 18.960688 50.453644 20.155834
v 21.100555 47.903442 20.155834
v 19.167681 45.277916 18.098911
v 19.167681 47.199944 18.098911
v 21.100555 47.903442 20.155834
v 21.100555 44.574409 20.155834
v -23.938328 37.736008 -1.864993
v -23.938328 37.764969 -1.836040
v -23.861752 37.764969 -1.836040
v -23.861752 37.764969 -1.836040
v -23.890707 37.736008 -1.864993
v -23.938328 37.736008 -1.864993
v 24.456221 37.764969 -1.836040
v 24.456221 37.736008 -1.864993
v 24.408598 37.736008 -1.864993
v 24.379642 37.764969 -1.836040
v -17.469765 -80.017403 111.150078
v -20.865765 -83.683769 107.947899
v -22.913834 -92.658951 107.947899
v 19.167681 45.277916 18.098911
v 17.932228 43.805557 18.098911
v 16.527321 46.238922 17.346024
v 17.932228 48.672295 18.098911
v 19.167681 47.199944 18.098911
v 19.167681 47.199944 18.098911
v 19.167681 45.277916 18.098911
v 2.698392 39.274044 -248.664246
v 4.484191 41.059849 -248.664246
v 6.416599 39.944172 -267.224457
v 3.814069 37.341640 -267.224457
v -3.966300 41.059849 -248.664246
v -2.180501 39.274044 -248.664246
v -3.296178 37.341640 -267.224457
v -5.898708 39.944172 -267.224457
v -13.175227 41.404999 221.903976
v -10.704320 44.349709 221.903976
v -11.411802 44.607216 224.713791
v -13.551669 42.057022 224.713791
v -10.704320 44.349709 221.903976
v -10.704320 48.193756 221.903976
v -11.411802 47.936264 224.713791
v -11.411802 44.607216 224.713791
v -10.704320 58.168716 221.903976
v -10.704320 62.012764 221.903976
v -11.411802 61.755257 224.713791
v -11.411802 61.755257 224.713791
v -11.411802 58.426224 224.713791
v -10.704320 58.168716 221.903976
v -16.472956 44.650513 13.115250
v -18.137476 45.611519 13.115250
v -15.985039 47.417633 12.362362
v -14.580132 44.984268 13.115250
v -22.747595 56.272804 -8.190129
v -23.454655 54.739220 -11.859829
v -24.357950 53.368423 -11.276943
v 5.137840 43.499294 -248.664246
v 4.484191 45.938740 -248.664246
v 6.416599 47.054417 -267.224457
v 7.369193 43.499294 -267.224457
v 4.484191 41.059849 -248.664246
v 6.416599 39.944172 -267.224457
v -18.960047 68.907906 -17.254698
v -18.808895 69.503471 -29.559111
v -20.410728 68.921120 -29.198874
v -20.410728 68.921120 -29.198874
v -20.568935 68.297752 -17.526648
v -18.960047 68.907906 -17.254698
v 12.881574 9.035808 -68.626526
v -12.363684 9.035808 -68.626526
v -12.363684 9.035803 -127.490829
v 12.881574 9.035803 -127.490829
v 12.881574 9.035808 -64.196548
v -12.363684 9.035808 -64.196548
v 12.881574 9.035810 -33.527443
v -12.363684 9.035810 -33.527443
v 12.881574 9.035810 -25.349014
v -12.363684 9.035810 -25.349014
v 12.881574 9.035812 -1.836038
v -12.363684 9.035812 -1.836038
v -3.966300 45.938740 -248.664246
v -4.619949 43.499294 -248.664246
v -6.851301 43.499294 -267.224457
v -5.898708 47.054417 -267.224457
v -5.898708 39.944172 -267.224457
v -3.966300 41.059849 -248.664246
v 21.808037 62.012753 48.605568
v 19.337133 64.957458 48.605568
v 18.960688 64.305443 51.415379
v 21.100555 61.755245 51.415379
v 2.821945 69.458282 -158.016220
v -2.304054 69.458282 -158.016220
v -2.304054 69.458290 -151.463318
v 2.821945 69.458290 -151.463318
v 12.885847 69.687920 -153.741730
v -12.367956 69.687920 -153.741730
v -12.367956 69.687927 -116.024544
v -15.608411 66.993622 -153.741730
v -15.608411 66.993629 -116.024544
v 12.885847 69.687927 -116.024544
v 16.126301 66.993629 -116.024544
v 16.126301 66.993622 -153.741730
v -13.344678 46.456627 13.115250
v -14.580132 44.984268 13.115250
v -15.985039 47.417633 12.362362
v -14.580132 49.851006 13.115250
v -13.344678 48.378647 13.115250
v -13.344678 48.378647 13.115250
v -13.344678 46.456627 13.115250
v -13.344678 59.129707 13.115249
v -14.580132 57.657356 13.115249
v -15.985039 60.090721 12.362361
v -14.580132 62.524086 13.115249
v -13.344678 61.051743 13.115249
v -13.344678 61.051743 13.115249
v -13.344678 59.129707 13.115249
v 14.374881 58.284615 17.196583
v 13.717510 60.090721 17.196583
v 16.527321 60.090721 16.443695
v 14.374881 61.896835 17.196583
v 14.374881 61.896835 17.196583
v 16.039402 62.857849 17.196583
v 16.039402 62.857849 17.196583
v 17.932228 62.524086 17.196583
v 17.932228 62.524086 17.196583
v 19.167681 61.051743 17.196583
v 19.167681 59.129707 17.196583
v 17.932228 57.657356 17.196583
v 17.932228 57.657356 17.196583
v 16.039402 57.323601 17.196583
v 16.039402 57.323601 17.196583
v 14.374881 58.284615 17.196583
v 16.039402 62.857849 17.196583
v 14.374881 61.896835 17.196583
v 12.799186 63.219009 19.253504
v 15.682220 64.883530 19.253504
v 16.039402 49.006050 18.098911
v 17.932228 48.672295 18.098911
v 16.527321 46.238922 17.346024
v 14.374881 48.045036 18.098911
v 19.337133 55.224003 146.751373
v 21.808037 58.168713 146.751373
v 21.100555 58.426220 149.561188
v 18.960688 55.876026 149.561188
v -21.604658 46.271732 168.176956
v -20.289919 42.659512 168.176956
v -20.289919 42.659515 221.903976
v -21.604658 46.271736 221.903976
v -20.289919 49.883961 168.176956
v -20.289919 49.883965 221.903976
v -20.289919 42.659515 221.903976
v -19.713173 43.143456 224.713791
v -20.851772 46.271736 224.713791
v -20.289919 49.883965 221.903976
v -19.713173 49.400009 224.713791
v -19.713173 43.143456 224.713791
v -18.137476 44.465622 226.770721
v -18.794847 46.271736 226.770721
v -19.713173 49.400009 224.713791
v -18.137476 48.077843 226.770721
v -15.985039 46.271740 227.523621
v -18.137476 48.077843 226.770721
v -18.137476 44.465622 226.770721
v -21.604658 60.090733 168.176956
v -20.289919 56.478512 168.176956
v -20.289919 56.478516 221.903976
v -21.604658 60.090736 221.903976
v -20.289919 63.702953 168.176956
v -20.289919 63.702957 221.903976
v -20.289919 56.478516 221.903976
v -19.713173 56.962463 224.713791
v -20.851772 60.090736 224.713791
v -20.289919 63.702957 221.903976
v -19.713173 63.219025 224.713791
v -19.713173 56.962463 224.713791
v -18.137476 58.284630 226.770721
v -18.794847 60.090736 226.770721
v -19.713173 63.219025 224.713791
v -18.137476 61.896851 226.770721
v -15.985039 60.090740 227.523621
v -18.137476 61.896851 226.770721
v -18.137476 58.284630 226.770721
v -16.472956 57.323601 13.115249
v -18.137476 58.284615 13.115249
v -15.985039 60.090721 12.362361
v -14.580132 57.657356 13.115249
v 12.222442 56.478516 221.903976
v 15.551483 54.556488 221.903976
v 15.682220 55.297943 224.713791
v 12.799186 56.962463 224.713791
v 18.960688 55.876030 224.713791
v 19.337133 55.224007 221.903976
v 17.932228 48.672295 18.098911
v 16.039402 49.006050 18.098911
v 15.682220 51.031731 20.155834
v 18.960688 50.453644 20.155834
v -14.580132 49.851006 13.115250
v -16.472956 50.184761 13.115250
v -16.830135 52.210434 15.172173
v -13.551669 51.632355 15.172173
v -10.704320 62.012760 139.465164
v -13.175227 64.957466 139.465164
v -13.551669 64.305443 142.274963
v -11.411802 61.755253 142.274963
v 18.960688 64.305435 19.253504
v 15.682220 64.883530 19.253504
v 15.551483 65.624969 22.063314
v 19.337133 64.957458 22.063314
v 12.222442 63.702942 22.063314
v 12.799186 63.219009 19.253504
v 17.932228 43.805557 18.098911
v 19.167681 45.277916 18.098911
v 21.100555 44.574409 20.155834
v 18.960688 42.024216 20.155834
v -13.175227 64.957474 168.176956
v -16.960875 65.624985 168.176956
v -16.960875 65.624985 221.903976
v -13.175227 64.957474 221.903976
v -20.289919 63.702957 221.903976
v -20.289919 63.702953 168.176956
v -13.175227 64.957458 17.981981
v -16.960875 65.624969 17.981981
v -16.960875 65.624977 139.465164
v -13.175227 64.957466 139.465164
v -20.289919 63.702953 139.465164
v -20.289919 63.702942 17.981981
v 0.258945 48.378193 -248.664246
v -2.180501 47.724545 -248.664246
v -3.296178 49.656948 -267.224457
v 0.258945 50.609547 -267.224457
v 2.698392 47.724545 -248.664246
v 3.814069 49.656948 -267.224457
v 4.484191 45.938740 -248.664246
v 2.698392 47.724545 -248.664246
v 3.814069 49.656948 -267.224457
v 6.416599 47.054417 -267.224457
v 18.722218 60.658688 51.987370
v 20.652378 60.658688 49.687096
v 18.908924 62.514042 49.052528
v 18.908924 62.514042 49.052528
v 17.794544 62.514042 50.380596
v 18.722218 60.658688 51.987370
v -24.205603 53.968704 -21.599140
v -24.357950 53.368423 -11.276943
v -23.454655 54.739220 -11.859829
v -23.290886 55.384499 -21.159122
v -2.180501 47.724545 -248.664246
v -3.966300 45.938740 -248.664246
v -5.898708 47.054417 -267.224457
v -3.296178 49.656948 -267.224457
v 21.100555 58.426208 19.253506
v 21.100555 61.755241 19.253506
v 21.808037 62.012749 22.063316
v 21.808037 58.168701 22.063316
v 21.100555 47.903442 20.155834
v 18.960688 50.453644 20.155834
v 19.337133 51.105659 22.965645
v 21.808037 48.160950 22.965645
v 21.100555 44.574409 20.155834
v 21.100555 47.903442 20.155834
v 21.808037 48.160950 22.965645
v 21.808037 44.316902 22.965645
v -18.137476 45.611519 13.115250
v -16.472956 44.650513 13.115250
v -16.830135 42.624832 15.172174
v -19.713173 44.289368 15.172173
v 16.039402 43.471802 18.098911
v 14.374881 44.432816 18.098911
v 16.527321 46.238922 17.346024
v 17.932228 43.805557 18.098911
v 20.652378 60.658688 46.684296
v 18.722218 60.658688 44.384022
v 17.794544 62.514042 45.990795
v 18.908924 62.514042 47.318863
v -13.344678 61.051743 13.115249
v -14.580132 62.524086 13.115249
v -13.551669 64.305435 15.172172
v -11.411802 61.755241 15.172172
v 21.100555 61.755245 51.415379
v 18.960688 64.305443 51.415379
v 17.932228 62.524090 53.472298
v 19.167681 61.051746 53.472298
v -24.456221 57.087051 -17.163624
v -24.456221 60.360779 -19.910595
v -24.456221 56.087234 -19.910595
v -24.456221 57.087051 -22.657574
v -24.456221 59.618690 -15.701985
v -24.456221 62.497551 -16.209606
v -24.456221 59.618690 -24.119205
v -24.456221 64.376579 -18.448965
v -24.456221 62.497551 -23.611584
v -24.456221 64.376579 -21.372236
v 10.962107 30.185263 71.189857
v -10.444216 30.185263 71.189857
v -10.444216 5.922826 71.189857
v 10.962107 5.922826 71.189857
v 10.962107 8.518137 71.189857
v -10.444216 8.518137 71.189857
v -10.444216 -107.048500 71.189865
v 10.962107 -107.048500 71.189865
v 10.962107 36.655178 71.189857
v -10.444216 36.655178 71.189857
v -10.444216 30.681890 71.189857
v 10.962107 30.681890 71.189857
v -20.289919 43.805424 139.465164
v -16.960875 41.883396 139.465164
v -16.830135 42.624844 142.274963
v -19.713173 44.289379 142.274963
v -13.551669 43.202930 142.274963
v -13.175227 42.550915 139.465164
v -23.646219 65.186584 -18.154150
v -23.646219 62.928535 -15.463109
v -20.993826 62.928535 -15.463109
v -20.993826 65.186584 -18.154150
v -23.646219 65.186584 -21.667051
v -20.993826 65.186584 -21.667051
v -23.646219 62.928535 -24.358089
v -20.993826 62.928535 -24.358089
v -21.832863 50.677753 -154.865555
v -21.832863 50.677753 -141.430496
v -16.511499 63.789165 -141.430496
v -16.511499 63.789165 -154.865555
v -22.164381 49.860920 -154.865555
v -16.511499 63.789165 -132.068024
v -22.164381 49.860920 -141.430496
v -21.832863 50.677753 -132.068024
v -23.938328 39.597172 -154.865555
v -16.511499 63.789165 -127.490837
v -23.938328 39.597172 -141.430496
v -23.938328 30.852528 -154.865555
v -22.164381 49.860920 -132.068024
v -21.832863 50.677753 -127.490837
v -22.655600 17.152962 111.087067
v -22.655600 16.142578 108.637878
v -22.655600 5.922832 142.895630
v -22.655600 20.830606 114.051277
v -22.655600 16.142574 40.640656
v -22.655600 25.814989 114.051277
v -22.655600 5.922822 7.762973
v -22.655600 17.581377 37.785805
v -22.655600 20.830599 35.227261
v -22.655600 25.814981 35.227257
v -22.655600 29.064211 37.785801
v -22.655600 40.061539 7.762971
v -22.655600 30.503002 40.640652
v -22.655600 36.176941 3.692574
v -22.655600 9.807426 3.692576
v -22.655600 40.061550 142.895630
v -22.655600 30.503006 108.637878
v -22.655600 29.492630 111.087067
v -22.655600 9.587769 146.644073
v -22.655600 36.396618 146.644073
v -22.655600 17.130480 137.871490
v -22.655600 16.084810 134.653275
v -22.655600 17.130480 131.435013
v -22.655600 19.868092 139.860489
v -22.655600 19.868090 129.446030
v -22.655600 23.251940 129.446030
v -22.655600 25.989542 131.435013
v -22.655600 23.251942 139.860489
v -22.655600 27.035212 134.653275
v -22.655600 25.989542 137.871490
v 18.960688 64.305443 51.415379
v 15.682220 64.883537 51.415379
v 16.039402 62.857853 53.472298
v 17.932228 62.524090 53.472298
v -13.175227 55.224007 221.903976
v -10.704320 58.168716 221.903976
v -11.411802 58.426224 224.713791
v -13.551669 55.876030 224.713791
v 14.585821 62.514042 49.814808
v 16.527321 63.193134 48.185696
v 13.992871 62.514042 48.185696
v 14.585821 62.514042 46.556587
v 14.585821 62.514042 46.556587
v 16.087219 62.514042 45.689747
v 16.087219 62.514042 45.689747
v 17.794544 62.514042 45.990795
v 17.794544 62.514042 45.990795
v 18.908924 62.514042 47.318863
v 18.908924 62.514042 47.318863
v 18.908924 62.514042 49.052528
v 18.908924 62.514042 49.052528
v 17.794544 62.514042 50.380596
v 17.794544 62.514042 50.380596
v 16.087219 62.514042 50.681641
v 16.087219 62.514042 50.681641
v 14.585821 62.514042 49.814808
v 14.585821 62.514050 127.493484
v 16.527321 63.193138 125.864357
v 13.992871 62.514046 125.864357
v 14.585821 62.514046 124.235252
v 14.585821 62.514046 124.235252
v 16.087219 62.514046 123.368416
v 16.087219 62.514046 123.368416
v 17.794544 62.514046 123.669464
v 17.794544 62.514046 123.669464
v 18.908924 62.514046 124.997536
v 18.908924 62.514046 124.997536
v 18.908924 62.514050 126.731194
v 18.908924 62.514050 126.731194
v 17.794544 62.514050 128.059265
v 17.794544 62.514050 128.059265
v 16.087219 62.514050 128.360321
v 16.087219 62.514050 128.360321
v 14.585821 62.514050 127.493484
v -23.646219 56.426735 -23.211643
v -23.646219 55.225250 -19.910595
v -24.456221 56.087234 -19.910595
v -24.456221 57.087051 -22.657574
v 23.173492 17.581377 37.785805
v 23.173492 16.142574 40.640656
v 23.173492 5.922822 7.762973
v 23.173492 16.142578 108.637878
v 23.173492 20.830599 35.227261
v 23.173492 40.061539 7.762971
v 23.173492 25.814981 35.227257
v 23.173492 29.064211 37.785801
v 23.173492 9.807426 3.692576
v 23.173492 36.176941 3.692574
v 23.173492 30.503002 40.640652
v 23.173492 40.061550 142.895630
v 23.173492 30.503006 108.637878
v 23.173492 29.492630 111.087067
v 23.173492 25.814989 114.051277
v 23.173492 5.922832 142.895630
v 23.173492 17.152962 111.087067
v 23.173492 20.830606 114.051277
v 23.173492 36.396618 146.644073
v 23.173492 9.587769 146.644073
v 23.173492 25.989542 137.871490
v 23.173492 27.035212 134.653275
v 23.173492 23.251942 139.860489
v 23.173492 25.989542 131.435013
v 23.173492 19.868092 139.860489
v 23.173492 17.130480 137.871490
v 23.173492 16.084810 134.653275
v 23.173492 23.251940 129.446030
v 23.173492 17.130480 131.435013
v 23.173492 19.868090 129.446030
v -16.511499 63.789173 -68.626534
v -21.832863 50.677761 -68.626534
v -22.164381 49.860920 -127.490829
v -22.164381 49.860928 -68.626526
v -23.938328 39.597172 -132.068024
v -23.938328 39.597172 -127.490829
v -23.938328 39.597179 -68.626526
v -23.938328 30.852530 -132.068024
v -23.938328 30.852530 -127.490829
v -23.938328 30.852533 -68.626526
v -23.938328 30.852528 -141.430496
v -22.931595 27.497578 -154.865555
v -22.931595 25.564693 -142.053375
v -22.931595 27.497578 -154.865555
v -22.931595 25.564693 -142.053375
v -22.931595 25.564693 -142.053375
v -21.965792 24.279034 -154.865555
v -21.965792 24.279034 -154.865555
v -21.965792 20.491848 -142.650955
v -22.931595 24.632269 -132.815491
v -21.965792 20.491848 -142.650955
v -21.965792 20.491848 -142.650955
v -21.965792 18.664907 -133.532578
v -22.931595 24.320822 -127.490829
v -21.965792 18.664907 -133.532578
v -21.965792 18.054670 -127.490829
v -22.931595 24.320826 -68.626526
v -21.965792 18.054670 -127.490829
v -23.938328 30.852533 -64.196548
v -21.965792 18.054674 -68.626526
v -12.363684 9.035803 -127.490829
v -12.363684 9.035808 -68.626526
v -22.931595 24.320826 -64.196548
v -21.965792 18.054674 -64.196548
v -12.363684 9.035808 -64.196548
v -23.938328 39.597179 -64.196548
v -22.164381 48.126026 -64.196548
v -23.938328 30.852537 -33.527447
v -22.164381 48.126026 -38.380436
v -22.023203 48.804790 -64.196548
v -23.374262 42.309116 -33.527447
v -22.023203 48.804790 -38.946720
v -21.990709 48.961025 -39.077068
v -23.938328 39.597179 -33.527447
v -19.757078 59.699963 -64.196556
v -21.298651 52.288326 -41.830235
v -20.310886 57.037334 -41.964581
v -20.090708 58.095913 -41.328831
v -20.090708 58.095913 -38.347126
v -20.090708 58.095913 -33.527447
v -19.757078 59.699963 -33.527447
v -23.890707 39.709698 -28.902004
v -23.394577 40.882000 -31.020588
v -23.938328 39.597179 -28.542683
v -23.938328 38.597057 -25.349018
v -23.938328 30.852537 -25.349016
v -23.938328 37.757576 -22.668360
v -22.931595 24.320829 -33.527443
v -23.938328 30.852539 -1.836039
v -23.938328 37.736008 -1.864993
v -23.938328 37.764969 -1.836040
v -22.931595 24.320829 -25.349016
v -22.931595 24.320831 -1.836039
v -21.965792 18.054678 -33.527443
v -12.363684 9.035810 -33.527443
v -21.965792 18.054678 -25.349016
v -21.965792 18.054680 -1.836038
v -12.363684 9.035810 -25.349014
v -12.363684 9.035812 -1.836038
v -19.757078 49.476925 -25.349018
v -20.090708 48.688595 -25.349018
v -20.090708 48.688599 -22.207638
v -20.090708 48.688599 -1.864994
v -19.757078 49.476929 -1.836041
v -20.119661 48.620193 -1.836041
v 19.337133 64.957458 22.063314
v 15.551483 65.624969 22.063314
v 15.551483 65.624969 48.605568
v 19.337133 64.957458 48.605568
v 12.222442 63.702946 48.605568
v 12.222442 63.702942 22.063314
v 12.222442 42.626713 147.068359
v 15.551483 40.704693 147.068359
v 15.682220 41.446140 149.878189
v 12.799186 43.110661 149.878189
v 18.960688 42.024227 149.878189
v 19.337133 41.372204 147.068359
v 19.337133 64.957466 125.104523
v 15.551483 65.624977 125.104523
v 15.551483 65.624977 146.751373
v 19.337133 64.957466 146.751373
v 12.222442 63.702953 146.751373
v 12.222442 63.702950 125.104523
v 19.337133 64.957474 168.176956
v 15.551483 65.624985 168.176956
v 15.551483 65.624985 221.903976
v 19.337133 64.957474 221.903976
v 12.222442 63.702957 221.903976
v 12.222442 63.702953 168.176956
v -20.289919 43.805412 17.981983
v -20.289919 43.805424 139.465164
v -21.604658 47.417645 139.465164
v -20.289919 51.029854 17.981983
v -20.289919 51.029865 139.465164
v -20.289919 43.805424 139.465164
v -19.713173 44.289379 142.274963
v -20.851772 47.417645 142.274963
v -20.289919 51.029865 139.465164
v -19.713173 50.545925 142.274963
v -19.713173 44.289379 142.274963
v -18.137476 45.611530 144.331894
v -18.794847 47.417645 144.331894
v -19.713173 50.545925 142.274963
v -18.137476 49.223759 144.331894
v -15.985039 47.417645 145.084778
v -18.137476 49.223759 144.331894
v -18.137476 45.611530 144.331894
v -13.551669 51.632355 15.172173
v -16.830135 52.210434 15.172173
v -16.960875 52.951881 17.981983
v -13.175227 52.284370 17.981983
v -20.289919 51.029854 17.981983
v -19.713173 50.545914 15.172173
v -20.289919 56.478500 17.981983
v -20.289919 56.478512 139.465164
v -21.604658 60.090733 139.465164
v -20.289919 63.702942 17.981981
v -20.289919 63.702953 139.465164
v -20.289919 56.478512 139.465164
v -19.713173 56.962460 142.274963
v -20.851772 60.090733 142.274963
v -20.289919 63.702953 139.465164
v -19.713173 63.219021 142.274963
v -19.713173 56.962460 142.274963
v -18.137476 58.284626 144.331894
v -18.794847 60.090733 144.331894
v -19.713173 63.219021 142.274963
v -18.137476 61.896847 144.331894
v -15.985039 60.090733 145.084778
v -18.137476 61.896847 144.331894
v -18.137476 58.284626 144.331894
v 20.274967 49.476929 -1.836041
v 20.608599 48.688599 -22.207638
v 20.608599 48.688595 -25.349018
v 20.274967 49.476925 -25.349018
v 20.608599 48.688599 -1.864994
v 20.637552 48.620193 -1.836041
v 19.337133 64.957458 48.605568
v 15.551483 65.624969 48.605568
v 15.682220 64.883537 51.415379
v 18.960688 64.305443 51.415379
v 12.799186 63.219013 51.415379
v 12.222442 63.702946 48.605568
v 22.350754 50.677753 -141.430496
v 22.350754 50.677753 -154.865555
v 17.029392 63.789165 -154.865555
v 17.029392 63.789165 -141.430496
v 17.029392 63.789165 -132.068024
v 22.682272 49.860920 -141.430496
v 22.682272 49.860920 -154.865555
v 22.350754 50.677753 -132.068024
v 17.029392 63.789165 -127.490837
v 22.682272 49.860920 -132.068024
v 24.456221 39.597172 -141.430496
v 24.456221 39.597172 -154.865555
v 24.456221 39.597172 -132.068024
v 24.456221 30.852528 -141.430496
v 24.456221 30.852528 -154.865555
v 23.449486 25.564693 -142.053375
v 22.682272 49.860920 -127.490829
v 24.456221 39.597172 -127.490829
v 24.456221 30.852530 -132.068024
v 23.449486 24.632269 -132.815491
v 22.350754 50.677753 -127.490837
v 17.029392 63.789173 -68.626534
v 22.350754 50.677761 -68.626534
v 22.682272 49.860928 -68.626526
v 24.456221 39.597179 -68.626526
v 24.456221 39.597179 -64.196548
v 24.456221 30.852530 -127.490829
v 24.456221 30.852533 -68.626526
v 23.449486 24.320822 -127.490829
v 22.483683 18.054670 -127.490829
v 23.449486 24.320826 -68.626526
v 22.483683 18.054670 -127.490829
v 22.483683 18.664907 -133.532578
v 23.449486 25.564693 -142.053375
v 23.449486 27.497578 -154.865555
v 24.456221 30.852528 -154.865555
v 22.483683 20.491848 -142.650955
v 22.483683 18.664907 -133.532578
v 22.483683 18.054674 -68.626526
v 22.483683 18.054670 -127.490829
v 12.881574 9.035808 -68.626526
v 12.881574 9.035803 -127.490829
v 12.881574 9.035808 -64.196548
v 22.483683 18.054674 -64.196548
v 12.881574 9.035810 -33.527443
v 23.449486 24.320826 -64.196548
v 22.483683 18.054678 -33.527443
v 12.881574 9.035810 -25.349014
v 24.456221 30.852533 -64.196548
v 22.483683 18.054678 -25.349016
v 12.881574 9.035812 -1.836038
v 22.483683 18.054680 -1.836038
v 23.449486 24.320829 -33.527443
v 23.449486 24.320829 -25.349016
v 23.449486 24.320831 -1.836039
v 24.456221 30.852537 -33.527447
v 24.456221 30.852537 -25.349016
v 24.456221 30.852539 -1.836039
v 24.456221 39.597179 -33.527447
v 24.456221 38.597057 -25.349018
v 24.456221 37.757576 -22.668360
v 24.456221 39.597179 -28.542683
v 24.456221 37.736008 -1.864993
v 24.456221 37.764969 -1.836040
v 24.408598 39.826130 -29.273800
v 24.138083 41.126728 -32.540997
v 23.892153 42.309116 -33.527447
v 22.682272 48.126026 -38.380436
v 22.682272 48.126026 -64.196548
v 22.541094 48.804790 -38.946720
v 22.541094 48.804790 -64.196548
v 22.508598 48.961025 -39.077068
v 21.816540 52.288326 -41.830235
v 20.828775 57.037334 -41.964581
v 20.274967 59.699963 -64.196556
v 20.608599 58.095913 -41.328831
v 20.608599 58.095913 -38.347126
v 20.274967 59.699963 -33.527447
v 20.608599 58.095913 -33.527447
v -20.090708 41.536018 -1.864993
v -20.090708 48.688599 -22.207638
v -20.090708 41.536018 -22.094181
v -20.119661 41.507050 -1.836040
v -20.090708 48.688595 -25.349018
v -21.990709 39.636009 -22.382908
v -20.090708 44.243580 -30.797115
v -21.990709 39.636009 -1.836040
v -22.029537 39.597183 -1.836040
v -23.861752 37.764969 -1.836040
v -23.890707 37.736008 -1.864993
v -23.890707 37.736008 -1.864993
v -23.890707 37.757576 -22.668360
v -20.090708 49.377972 -26.553097
v -20.090708 52.635105 -29.158802
v -20.090708 58.095913 -33.527447
v -20.090708 58.095913 -38.347126
v -20.090708 52.945271 -40.746517
v -20.090708 58.095913 -41.328831
v -20.090708 56.978672 -41.723820
v -9.300779 60.057232 -133.019272
v 0.258945 62.618755 -133.019272
v 0.258945 62.618752 -186.435150
v -9.300779 60.057228 -186.435150
v 9.818670 60.057228 -186.435150
v 9.818670 60.057232 -133.019272
v 17.932228 57.657356 17.196583
v 19.167681 59.129707 17.196583
v 21.100555 58.426208 19.253506
v 18.960688 55.876015 19.253506
v -20.865765 -105.858162 88.580925
v -17.469765 -109.524529 85.378754
v -17.469765 -109.524529 111.150078
v -20.865765 -105.858162 107.947899
v -22.913834 -92.658951 107.947899
v -22.913834 -92.658951 88.580925
v -20.865765 -83.683769 107.947899
v -20.865765 -83.683769 88.580925
v -17.469765 -80.017403 85.378754
v -17.469765 -80.017403 111.150078
v -20.993826 56.426735 -16.609547
v -20.993826 55.225250 -19.910595
v -20.993826 53.256523 -19.910595
v -20.993826 54.918602 -24.477123
v -20.993826 54.918602 -15.344074
v -20.993826 56.426735 -23.211643
v -20.993826 59.469002 -14.853101
v -20.993826 59.127125 -26.906918
v -20.993826 59.127129 -12.914281
v -20.993826 59.469002 -24.968098
v -20.993826 62.928535 -15.463109
v -20.993826 63.912891 -26.063055
v -20.993826 63.912895 -13.758138
v -20.993826 62.928535 -24.358089
v -20.993826 65.186584 -18.154150
v -20.993826 67.036583 -22.340391
v -20.993826 67.036583 -17.480803
v -20.993826 65.186584 -21.667051
v 20.608599 41.536018 -1.864993
v 20.608599 41.536018 -22.094181
v 20.608599 48.688599 -22.207638
v 20.608599 48.688599 -1.864994
v 20.637552 48.620193 -1.836041
v 20.637552 44.122368 -1.836040
v 20.608599 48.688595 -25.349018
v 20.637552 41.507050 -1.836040
v 20.608599 44.243580 -30.797115
v 22.508598 39.636009 -22.382908
v 20.608599 49.377972 -26.553097
v 20.608599 52.635105 -29.158802
v 20.608599 58.095913 -33.527447
v 20.608599 58.095913 -38.347126
v 20.608599 52.945271 -40.746517
v 20.608599 58.095913 -41.328831
v 20.608599 56.978672 -41.723820
v 22.508598 39.636009 -1.836040
v 22.547426 39.597183 -1.836040
v 24.379642 37.764969 -1.836040
v 24.408598 37.736008 -1.864993
v 24.408598 37.736008 -1.864993
v 24.408598 37.757576 -22.668360
v 21.808037 58.168705 48.605568
v 21.808037 62.012753 48.605568
v 21.100555 61.755245 51.415379
v 21.100555 58.426212 51.415379
v 21.118399 80.640114 55.040028
v 21.118399 69.184753 55.040031
v 21.118399 69.184738 -63.122349
v 21.118399 80.640099 -63.122353
v 21.118399 69.184738 -63.371296
v 21.118399 80.640099 -63.371300
v 18.441103 69.184738 -73.850517
v 18.441103 77.776192 -73.850517
v 18.441103 69.184738 -74.498573
v 18.441103 77.776192 -74.498573
v 18.441103 69.184738 -83.372841
v 18.441103 77.776192 -83.372841
v 18.441103 64.406448 -99.641121
v 18.441103 77.776192 -99.641121
v 18.441103 64.406448 -116.284309
v 18.441103 77.776192 -116.284309
v -20.436089 8.234363 87.292046
v -20.436089 -7.234120 87.292046
v -19.165583 -7.234120 93.553581
v -19.165583 8.234363 93.553581
v -21.572474 8.234363 84.814407
v -21.572474 -7.234121 84.814407
v -20.436089 8.234363 82.336777
v -20.436089 -7.234121 82.336777
v -19.165583 8.234362 73.660759
v -19.165583 -7.234121 73.660759
v 19.337133 55.223991 22.063316
v 21.808037 58.168701 22.063316
v 21.808037 58.168705 48.605568
v 19.337133 55.223995 48.605568
v 21.808037 62.012753 48.605568
v 21.808037 62.012749 22.063316
v 19.337133 64.957458 48.605568
v 19.337133 64.957458 22.063314
v 19.337133 41.372192 22.965645
v 21.808037 44.316902 22.965645
v 21.808037 44.316914 147.068359
v 19.337133 41.372204 147.068359
v 21.808037 48.160961 147.068359
v 21.808037 48.160950 22.965645
v 19.337133 51.105671 147.068359
v 19.337133 51.105659 22.965645
v 19.337133 55.223999 125.104523
v 21.808037 58.168709 125.104523
v 21.808037 58.168713 146.751373
v 19.337133 55.224003 146.751373
v 21.808037 62.012760 146.751373
v 21.808037 62.012756 125.104523
v 19.337133 64.957466 146.751373
v 19.337133 64.957466 125.104523
v -20.600510 80.640099 -63.122353
v -20.600510 69.184738 -63.122349
v -20.600510 69.184761 169.011154
v -20.600510 80.640099 -63.371300
v -20.600510 80.640121 169.011154
v -20.600510 69.184738 -63.371296
v -20.600510 69.184761 200.360504
v -17.923214 77.776192 -73.850517
v -20.600510 77.701118 200.360504
v -20.600510 69.184761 218.974182
v -20.600510 77.701118 218.974182
v -17.923214 69.184738 -73.850517
v -17.923214 77.776192 -74.498573
v -17.923214 69.184738 -74.498573
v -17.923214 77.776192 -83.372841
v -17.923214 69.184738 -83.372841
v -17.923214 77.776192 -99.641121
v -17.923214 64.406448 -99.641121
v -17.923214 77.776192 -116.284309
v -17.923214 64.406448 -116.284309
v 21.118399 69.184753 118.607208
v 21.118399 80.640114 118.607208
v 21.118399 80.640121 169.011154
v 21.118399 69.184761 169.011154
v 21.118399 77.701118 200.360504
v 21.118399 69.184761 200.360504
v 21.118399 77.701118 218.974182
v 21.118399 69.184761 218.974182
v 19.337133 41.404995 168.176956
v 21.808037 44.349705 168.176956
v 21.808037 44.349709 221.903976
v 19.337133 41.404999 221.903976
v 21.808037 48.193756 221.903976
v 21.808037 48.193752 168.176956
v 19.337133 51.138466 221.903976
v 19.337133 51.138462 168.176956
v 19.337133 55.224003 168.176956
v 21.808037 58.168713 168.176956
v 21.808037 58.168716 221.903976
v 19.337133 55.224007 221.903976
v 21.808037 62.012764 221.903976
v 21.808037 62.012760 168.176956
v 19.337133 64.957474 221.903976
v 19.337133 64.957474 168.176956
v 18.908924 44.453945 49.052528
v 18.908924 44.453945 47.318863
v 20.652378 46.309284 46.684296
v 20.652378 46.309284 49.687096
v 21.290527 48.843731 46.452030
v 21.290527 48.843731 49.919365
v 21.290527 58.124241 46.452030
v 21.290527 58.124241 49.919365
v 20.652378 60.658688 46.684296
v 20.652378 60.658688 49.687096
v 18.908924 62.514042 47.318863
v 18.908924 62.514042 49.052528
v 18.908924 44.453953 126.731201
v 18.908924 44.453949 124.997543
v 20.652378 46.309288 124.362984
v 20.652378 46.309292 127.365768
v 21.290527 48.843735 124.130707
v 21.290527 48.843739 127.598045
v 21.290527 58.124245 124.130699
v 21.290527 58.124249 127.598038
v 20.652378 60.658691 124.362976
v 20.652378 60.658695 127.365761
v 18.908924 62.514046 124.997536
v 18.908924 62.514050 126.731194
v -10.704320 49.339672 139.465164
v -13.175227 52.284382 139.465164
v -13.551669 51.632366 142.274963
v -11.411802 49.082165 142.274963
v -20.568935 68.297752 -17.526648
v -20.410728 68.921120 -29.198874
v -20.270456 67.285477 -28.615988
v -20.440084 66.617111 -17.966673
v 16.039402 49.006050 18.098911
v 14.374881 48.045036 18.098911
v 12.799186 49.367210 20.155834
v 15.682220 51.031731 20.155834
v -13.344678 48.378647 13.115250
v -14.580132 49.851006 13.115250
v -13.551669 51.632355 15.172173
v -11.411802 49.082153 15.172173
v -18.390511 29.303009 108.400070
v -18.390511 29.303005 40.925953
v -18.390511 17.342571 40.925957
v -19.590513 30.503006 108.637878
v -19.590513 30.503002 40.640652
v -18.390511 28.112514 38.563782
v -18.390511 18.533070 38.563786
v -18.390511 25.399225 36.427254
v -18.390511 21.246347 36.427258
v -18.390511 17.342575 108.400070
v -19.590513 16.142574 40.640656
v -19.590513 16.142578 108.637878
v -18.390511 18.145134 110.345505
v -18.390511 28.500443 110.345505
v -18.390511 21.254005 112.851280
v -18.390511 25.391594 112.851280
v 16.039402 43.471802 18.098911
v 17.932228 43.805557 18.098911
v 18.960688 42.024216 20.155834
v 15.682220 41.446129 20.155834
v 18.960688 42.024216 20.155834
v 21.100555 44.574409 20.155834
v 21.808037 44.316902 22.965645
v 19.337133 41.372192 22.965645
v -21.832863 50.677761 -68.626534
v -22.023203 48.804790 -64.196548
v -19.757078 59.699963 -64.196556
v 18.908401 17.342571 40.925957
v 18.908401 29.303005 40.925953
v 18.908401 29.303009 108.400070
v 20.108402 30.503006 108.637878
v 20.108402 30.503002 40.640652
v 18.908401 28.112514 38.563782
v 18.908401 18.533070 38.563786
v 18.908401 25.399225 36.427254
v 18.908401 21.246347 36.427258
v 18.908401 17.342575 108.400070
v 20.108402 16.142574 40.640656
v 20.108402 16.142578 108.637878
v 18.908401 18.145134 110.345505
v 18.908401 28.500443 110.345505
v 18.908401 21.254005 112.851280
v 18.908401 25.391594 112.851280
v -9.126752 55.088383 58.931664
v -5.159890 59.055241 58.931664
v -5.159890 59.055233 -60.365681
v -9.126752 55.088375 -60.365681
v 0.258945 60.507206 -60.365681
v 0.258945 60.507214 58.931664
v 5.677781 59.055233 -60.365681
v 5.677781 59.055241 58.931664
v 9.644643 55.088375 -60.365681
v 9.644643 55.088383 58.931664
v -17.743736 53.649212 -25.585911
v -17.743736 51.583572 -19.910595
v -20.993826 53.256523 -19.910595
v -20.993826 54.918602 -24.477123
v 20.274967 59.699963 -64.196556
v 22.541094 48.804790 -64.196548
v 22.350754 50.677761 -68.626534
v 22.682272 48.126026 -64.196548
v -18.390511 28.112514 38.563782
v -18.390511 29.303005 40.925953
v -19.590513 30.503002 40.640652
v -19.590513 29.064211 37.785801
v -9.400711 -20.854595 64.891518
v 9.941830 -20.854595 64.891518
v 9.941830 8.280377 64.891518
v -9.400711 8.280377 64.891518
v -9.400711 -23.712126 64.891518
v 9.941830 -23.712126 64.891518
v 21.100555 58.426212 51.415379
v 21.100555 61.755245 51.415379
v 19.167681 61.051746 53.472298
v 19.167681 59.129711 53.472298
v 5.379729 80.180351 -73.115379
v 4.734210 81.953918 178.498581
v 5.379729 80.180374 178.498581
v 4.609315 82.297058 174.838348
v 4.690351 82.074394 -66.184929
v 4.410479 82.843369 169.011154
v 4.410479 82.843346 -63.122353
v 4.410479 82.843346 -63.371300
v 20.108402 30.503002 40.640652
v 18.908401 29.303005 40.925953
v 18.908401 28.112514 38.563782
v 20.108402 29.064211 37.785801
v 11.527946 21.935514 166.718674
v -11.010055 21.935514 166.718674
v -11.010055 21.935513 144.180679
v 11.527946 21.935513 144.180679
v 11.527946 21.935514 171.377533
v -11.010055 21.935514 171.377533
v 18.722218 46.309284 51.987370
v 20.652378 46.309284 49.687096
v 21.290527 48.843731 49.919365
v 19.061769 48.843731 52.575489
v 21.290527 58.124241 49.919365
v 19.061769 58.124241 52.575489
v 20.652378 60.658688 49.687096
v 18.722218 60.658688 51.987370
v -18.011606 30.681881 -62.894024
v -18.011606 30.681881 -61.819920
v -18.011606 76.194366 -61.819923
v -18.011606 30.681902 218.795609
v -18.011606 76.194366 -62.894028
v -18.011606 76.194389 218.795609
v -18.011606 30.681906 267.662201
v -18.011606 76.194397 267.662201
v -15.608411 76.194366 -73.769310
v -15.608411 30.681879 -73.769302
v -15.608411 76.194366 -74.970848
v -15.608411 30.681879 -74.970840
v -15.608411 76.194366 -82.629280
v -15.608411 30.681879 -82.629272
v -15.608411 66.993629 -116.024544
v -15.608411 30.681875 -116.024536
v -15.608411 66.993622 -153.741730
v -15.608411 30.681873 -153.741730
v -18.137476 58.284615 13.115249
v -16.472956 57.323601 13.115249
v -16.830135 55.297928 15.172173
v -19.713173 56.962448 15.172172
v -6.618923 84.081207 224.867218
v -6.618923 86.367722 246.868988
v -6.618923 86.367729 254.236710
v -6.618923 93.407715 224.867218
v -6.618923 96.845840 228.846283
v -6.618923 99.164490 237.474655
v 17.029392 63.789165 -154.865555
v -16.511499 63.789165 -154.865555
v -16.511499 63.789165 -141.430496
v 17.029392 63.789165 -141.430496
v -16.511499 63.789165 -132.068024
v 17.029392 63.789165 -132.068024
v -16.511499 63.789165 -127.490837
v 17.029392 63.789165 -127.490837
v -16.511499 63.789173 -68.626534
v 17.029392 63.789173 -68.626534
v -19.757078 59.699963 -64.196556
v 20.274967 59.699963 -64.196556
v -19.757078 59.699963 -33.527447
v 20.274967 59.699963 -33.527447
v 12.137526 46.309288 125.864365
v 13.164542 46.309292 128.686066
v 12.644319 48.843739 129.122589
v 11.458422 48.843735 125.864365
v 12.644319 58.124249 129.122589
v 11.458422 58.124245 125.864357
v 13.164542 60.658695 128.686066
v 12.137526 60.658691 125.864357
v 14.585821 62.514050 127.493484
v 13.992871 62.514046 125.864357
v 18.529497 76.194366 -61.819923
v 18.529497 30.681881 -61.819920
v 18.529497 30.681881 -62.894024
v 18.529497 76.194366 -62.894028
v 16.126301 30.681879 -73.769302
v 18.529497 53.153683 55.040031
v 18.529497 76.194382 55.040028
v 16.126301 76.194366 -73.769310
v 16.126301 30.681879 -74.970840
v 16.126301 76.194366 -74.970848
v 16.126301 30.681879 -82.629272
v 16.126301 76.194366 -82.629280
v 16.126301 30.681875 -116.024536
v 16.126301 66.993629 -116.024544
v 16.126301 30.681873 -153.741730
v 16.126301 66.993622 -153.741730
v 18.529497 30.681902 218.795609
v 18.529497 53.153687 118.607208
v 18.529497 76.194382 118.607208
v 18.529497 76.194389 218.795609
v 18.529497 76.194397 267.662201
v 18.529497 30.681906 267.662201
v -16.472956 44.650513 13.115250
v -14.580132 44.984268 13.115250
v -13.551669 43.202919 15.172174
v -16.830135 42.624832 15.172174
v 7.162127 86.367722 246.868988
v 7.162127 84.081207 224.867218
v 7.162127 93.407715 224.867218
v 7.162127 96.845840 228.846283
v 7.162127 86.367729 254.236710
v 7.162127 99.164490 237.474655
v -3.163254 1.350314 45.989998
v 3.683229 1.350314 45.989998
v 3.683229 8.775814 45.989998
v -3.163254 8.775814 45.989998
v -3.163254 -12.789639 45.989998
v 3.683229 -12.789639 45.989998
v -3.163254 -19.287062 41.070766
v 3.683229 -19.287062 41.070766
v -3.163254 -25.870914 30.527950
v 3.683229 -25.870914 30.527950
v -22.164381 48.126026 -64.196548
v -22.164381 49.860928 -68.626526
v -23.938328 39.597179 -68.626526
v -22.023203 48.804790 -64.196548
v 20.652378 46.309284 46.684296
v 18.722218 46.309284 44.384022
v 19.061769 48.843731 43.795902
v 21.290527 48.843731 46.452030
v 19.061769 58.124241 43.795902
v 21.290527 58.124241 46.452030
v 18.722218 60.658688 44.384022
v 20.652378 60.658688 46.684296
v -15.679349 68.679466 -149.178864
v -15.679349 68.679466 -113.927803
v -15.679349 69.947838 -113.927803
v -15.679349 69.947838 -149.178864
v -15.679349 97.548592 -113.927803
v -15.679349 97.548592 -149.178864
v -15.679349 97.934303 -113.927803
v -15.679349 97.934303 -149.178864
v -15.679349 103.747246 -118.564888
v -15.679349 103.747246 -144.541779
v -15.679349 107.760948 -125.303810
v -15.679349 107.760948 -137.802856
v -18.860504 43.499302 -133.019272
v -16.298985 53.059025 -133.019272
v -16.298985 53.059021 -186.435150
v -9.300779 60.057228 -186.435150
v -9.300779 60.057232 -133.019272
v -18.860504 43.499298 -186.435150
v -16.298985 33.939579 -133.019272
v -16.298985 33.939575 -186.435150
v -9.300779 26.941374 -133.019272
v -9.300779 26.941370 -186.435150
v 16.113386 72.976707 118.607208
v 16.113386 72.976707 55.040031
v 16.113386 82.843361 55.040028
v 16.113386 82.843361 118.607208
v 16.222553 68.679466 -149.178864
v 16.222553 69.947838 -149.178864
v 16.222553 69.947838 -113.927803
v 16.222553 68.679466 -113.927803
v 16.222553 97.548592 -113.927803
v 16.222553 97.548592 -149.178864
v 16.222553 97.934303 -113.927803
v 16.222553 97.934303 -149.178864
v 16.222553 103.747246 -118.564888
v 16.222553 103.747246 -144.541779
v 16.222553 107.760948 -125.303810
v 16.222553 107.760948 -137.802856
v 9.818670 60.057232 -133.019272
v 16.816875 53.059025 -133.019272
v 16.816875 53.059021 -186.435150
v 9.818670 60.057228 -186.435150
v 19.378395 43.499298 -186.435150
v 19.378395 43.499302 -133.019272
v 16.816875 33.939575 -186.435150
v 16.816875 33.939579 -133.019272
v 9.818670 26.941370 -186.435150
v 9.818670 26.941374 -133.019272
v 18.908924 44.453953 126.731201
v 17.794544 44.453953 128.059265
v 16.527321 43.774834 125.864365
v 17.794544 44.453953 128.059265
v 16.087219 44.453953 128.360321
v 16.087219 44.453953 128.360321
v 14.585821 44.453953 127.493492
v -13.175227 52.284370 17.981983
v -16.960875 52.951881 17.981983
v -16.960875 52.951893 139.465164
v -13.175227 52.284382 139.465164
v -20.289919 51.029865 139.465164
v -20.289919 51.029854 17.981983
v -23.477886 41.250927 -32.471516
v -23.374262 42.309116 -33.527447
v -23.938328 39.597179 -33.527447
v -23.394577 40.882000 -31.020588
v -14.280369 81.320183 267.662201
v -14.280369 81.320175 218.795609
v -14.280369 78.888680 218.795609
v -14.280369 78.888687 267.662201
v -23.364100 59.789066 -32.394077
v -24.205603 53.968704 -21.599140
v -23.290886 55.384499 -21.159122
v -23.290886 55.384499 -21.159122
v -22.588053 60.658474 -31.099224
v 22.682272 49.860928 -68.626526
v 22.682272 48.126026 -64.196548
v 24.456221 39.597179 -64.196548
v 17.216944 2.151671 76.394653
v 17.216944 9.674677 76.394653
v 20.901251 9.674677 81.045486
v 20.901251 2.151671 81.045486
v 20.901251 9.674678 84.442551
v 17.216944 -3.842348 76.394653
v 20.901251 2.151671 84.442551
v 20.901251 9.674681 120.473763
v 20.901251 -3.842348 81.045486
v 20.901251 -14.795031 81.045486
v 17.216944 -10.689039 76.394653
v 13.480847 -10.689039 71.678452
v 13.480847 -14.795031 71.678452
v 13.480847 -23.200573 71.678452
v 20.901251 -3.842348 83.662933
v 20.901251 2.151674 120.473763
v 20.901251 9.674681 124.699829
v 20.901251 2.151674 124.699829
v 20.901251 -3.842345 112.551094
v 20.901251 -3.842345 114.681328
v 20.901251 -14.795030 83.348305
v 20.901251 -14.795028 109.353714
v 20.901251 -14.795028 110.638123
v 20.901251 2.151674 124.699829
v 6.929437 9.674682 141.626694
v 6.929437 2.151676 141.626694
v 20.901251 -3.842345 114.681328
v 20.901251 -23.200571 109.353714
v 20.901251 -23.200571 110.638123
v 20.901251 -23.200573 83.348305
v 20.901251 -36.955101 111.486328
v 20.901251 -36.955101 113.334885
v 20.901251 -36.955101 83.558151
v 20.901251 -23.200573 81.045486
v 13.480847 -36.955105 71.678452
v 20.901251 -36.955101 81.045486
v 13.480847 -50.454922 71.678452
v 20.901251 -50.454918 81.045486
v 13.480847 -67.820442 71.678459
v 20.901251 -50.454918 83.797997
v 20.901251 -67.820442 81.045494
v 13.480847 -88.375565 71.678459
v 20.901251 -50.454918 113.923599
v 20.901251 -50.454918 116.416908
v 20.901251 -67.820442 84.006554
v 20.901251 -67.820442 116.043053
v 20.901251 -67.820442 119.097038
v 20.901251 -88.375565 81.045494
v 13.480847 -101.315849 71.678459
v 20.901251 -88.375565 116.043053
v 20.901251 -88.375565 84.006554
v 20.901251 -88.375565 119.097038
v 20.901251 -101.315849 81.045494
v 13.480847 -105.643379 71.743431
v 20.901251 -105.643379 81.045494
v 20.901251 -101.315849 83.734245
v 20.901251 -105.643379 83.505043
v 20.901251 -101.315849 113.275658
v 20.901251 -101.315849 115.597557
v 20.901251 -105.643379 110.946411
v 20.901251 -105.643379 112.652138
v -20.383358 -10.689039 81.045486
v -12.962956 -10.689039 71.678452
v -12.962956 -14.795031 71.678452
v -20.383358 -14.795031 81.045486
v -12.962956 -23.200573 71.678452
v -20.383358 -14.795030 83.348305
v -20.383358 -10.689038 83.466248
v -20.383358 -23.200573 81.045486
v -20.383358 -14.795028 109.353714
v -12.962956 -36.955105 71.678452
v -20.383358 -10.689037 104.854889
v -20.383358 -23.200573 83.348305
v -20.383358 -36.955101 81.045486
v -12.962956 -50.454922 71.678452
v -20.383358 -36.955101 83.558151
v -20.383358 -23.200571 109.353714
v -20.383358 -36.955101 111.486328
v -20.383358 -36.955101 113.334885
v -20.383358 -23.200571 110.638123
v -20.383358 -50.454918 116.416908
v -20.383358 -14.795028 110.638123
v -20.383358 -50.454918 113.923599
v -20.383358 -67.820442 119.097038
v -20.383358 -3.842345 112.551094
v -20.383358 -3.842346 104.854889
v -20.383358 -3.842345 114.681328
v -20.383358 2.151673 104.854889
v -20.383358 2.151674 120.473763
v -20.383358 9.674679 104.854889
v -20.383358 2.151674 124.699829
v -20.383358 9.674681 120.473763
v -20.383358 9.674681 124.699829
v -6.411547 2.151676 141.626694
v -6.411547 9.674682 141.626694
v -20.383358 2.151674 124.699829
v -6.411547 -3.842345 127.634613
v -20.383358 -67.820442 116.043053
v -20.383358 -88.375565 119.097038
v -20.383358 -50.454918 83.797997
v -20.383358 -88.375565 116.043053
v -20.383358 -101.315849 115.597557
v -20.383358 -80.459404 110.764053
v -20.383358 -67.820442 84.006554
v -20.383358 -88.375565 110.764053
v -20.383358 -80.459404 85.764793
v -20.383358 -101.315849 113.275658
v -20.383358 -105.643379 112.652138
v -20.383358 -101.315849 110.764053
v -20.383358 -105.643379 110.946411
v -20.383358 -105.643379 110.764053
v -20.383358 -88.375565 84.006554
v -20.383358 -88.375565 85.764793
v -20.383358 -101.315849 85.764793
v -20.383358 -101.315849 83.734245
v -20.383358 -105.643379 85.764793
v -20.383358 -105.643379 83.505043
v -20.383358 -101.315849 81.045494
v -20.383358 -105.643379 81.045494
v -12.962956 -105.643379 71.743431
v -12.962956 -101.315849 71.678459
v -20.383358 -88.375565 81.045494
v -12.962956 -88.375565 71.678459
v -20.383358 -67.820442 81.045494
v -12.962956 -67.820442 71.678459
v -20.383358 -50.454918 81.045486
v 9.818670 26.941374 -133.019272
v 0.258945 24.379850 -133.019272
v 0.258945 24.379847 -186.435150
v 9.818670 26.941370 -186.435150
v -9.300779 26.941370 -186.435150
v -9.300779 26.941374 -133.019272
v 14.374881 44.432816 18.098911
v 13.717510 46.238922 18.098911
v 16.527321 46.238922 17.346024
v 14.374881 48.045036 18.098911
v 14.374881 44.432816 18.098911
v 12.799186 43.110649 20.155834
v 11.660585 46.238922 20.155834
v 14.374881 48.045036 18.098911
v 12.799186 49.367210 20.155834
v 18.960688 50.453644 20.155834
v 15.682220 51.031731 20.155834
v 15.551483 51.773170 22.965645
v 19.337133 51.105659 22.965645
v 12.222442 49.851151 22.965645
v 12.799186 49.367210 20.155834
v 14.798260 81.320175 218.795609
v 14.798260 81.320183 267.662201
v 14.798260 78.888687 267.662201
v 14.798260 78.888680 218.795609
v -18.390511 25.399225 36.427254
v -18.390511 28.112514 38.563782
v -19.590513 29.064211 37.785801
v -19.590513 25.814981 35.227257
v -13.175227 51.138462 168.176956
v -16.960875 51.805981 168.176956
v -16.960875 51.805984 221.903976
v -13.175227 51.138466 221.903976
v -20.289919 49.883965 221.903976
v -20.289919 49.883961 168.176956
v 20.108402 29.064211 37.785801
v 18.908401 28.112514 38.563782
v 18.908401 25.399225 36.427254
v 20.108402 25.814981 35.227257
v -22.655600 25.989542 137.871490
v -22.655600 27.035212 134.653275
v 23.173492 27.035212 134.653275
v 23.173492 25.989542 137.871490
v 23.173492 25.989542 131.435013
v -22.655600 25.989542 131.435013
v 15.682220 64.883537 51.415379
v 12.799186 63.219013 51.415379
v 14.374881 61.896839 53.472298
v 16.039402 62.857853 53.472298
v 16.143978 53.153683 55.040031
v 16.143978 53.153687 118.607208
v 18.529497 53.153687 118.607208
v 18.529497 53.153683 55.040031
v -20.600510 69.184738 -63.371296
v -17.923214 69.184738 -73.850517
v -16.523212 67.784744 -73.674507
v -19.200508 67.784744 -63.195278
v 18.441103 69.184738 -73.850517
v 21.118399 69.184738 -63.371296
v 19.718397 67.784744 -63.195278
v 17.041103 67.784744 -73.674507
v -13.344678 46.456627 13.115250
v -13.344678 48.378647 13.115250
v -11.411802 49.082153 15.172173
v -11.411802 45.753113 15.172173
v -20.002954 65.335388 -8.487332
v -18.960047 68.907906 -17.254698
v -20.568935 68.297752 -17.526648
v -13.344678 59.129707 13.115249
v -13.344678 61.051743 13.115249
v -11.411802 61.755241 15.172172
v -11.411802 58.426208 15.172172
v -12.377509 83.377419 -145.309311
v -12.377509 83.377419 -117.797340
v -12.377509 84.389412 -117.797340
v -12.377509 84.389412 -145.309311
v -12.377509 96.061974 -117.797340
v -12.377509 96.061974 -145.309311
v -12.377509 100.532768 -121.363777
v -12.377509 100.532768 -141.742889
v -12.377509 103.619743 -126.546776
v -12.377509 103.619743 -136.559891
v -11.554698 3.227628 64.257774
v -18.184757 3.227628 73.264542
v -18.184757 8.518137 73.264542
v -11.554698 8.518136 64.257774
v -11.554698 -5.589381 64.257774
v -18.184757 3.227628 73.760246
v -18.184757 8.518137 73.760246
v -18.184757 -5.589380 73.264542
v -11.554698 -16.120806 64.257774
v -18.184757 -5.589380 73.643883
v -18.184757 3.227632 120.840958
v -18.184757 8.518141 120.840958
v -18.184757 3.227632 123.760391
v -18.184757 8.518141 123.760391
v -18.184757 -5.589377 111.906471
v -5.701076 3.227633 140.036224
v -5.701076 8.518142 140.036224
v -18.184757 3.227632 123.760391
v -18.184757 -5.589378 109.672379
v -18.184757 -16.120804 110.239517
v -18.184757 -16.120804 108.101799
v -18.184757 -24.203056 110.239517
v -18.184757 -16.120806 73.627518
v -18.184757 -24.203056 108.101799
v -18.184757 -37.428566 112.832558
v -18.184757 -16.120806 73.264542
v -11.554698 -24.203058 64.257774
v -18.184757 -24.203058 73.627518
v -18.184757 -24.203058 73.264542
v -11.554698 -37.428570 64.257774
v -18.184757 -37.428566 110.544922
v -18.184757 -50.409157 115.796036
v -18.184757 -37.428570 73.652977
v -18.184757 -37.428570 73.264542
v -11.554698 -50.409161 64.257774
v -18.184757 -50.409157 113.337067
v -18.184757 -67.106781 118.373093
v -18.184757 -67.106781 115.765129
v -18.184757 -50.409161 73.682068
v -18.184757 -50.409161 73.264542
v -11.554698 -67.106781 64.257782
v -18.184757 -86.871315 118.373093
v -18.184757 -67.106781 73.707375
v -18.184757 -67.106781 73.264549
v -11.554698 -86.871315 64.257782
v -18.184757 -86.871315 73.707375
v -18.184757 -86.871315 115.765129
v -18.184757 -102.887405 113.476707
v -18.184757 -86.871315 73.264549
v -11.554698 -102.887405 64.257782
v -18.184757 -102.887405 73.264549
v -11.554698 -107.048500 60.512802
v -18.184757 -102.887405 111.151833
v -18.184757 -107.048500 110.644577
v -18.184757 -107.048500 108.483437
v -18.184757 -102.887405 73.659302
v -18.184757 -107.048500 73.631500
v -18.184757 -102.887405 73.264549
v -18.184757 -107.048500 73.264549
v -23.082399 52.665161 -21.871090
v -23.227692 52.092690 -10.916706
v -24.357950 53.368423 -11.276943
v -24.205603 53.968704 -21.599140
v -12.028054 68.962395 -153.542236
v -12.028054 68.962402 -148.404510
v -12.028054 84.289589 -148.404510
v -12.028054 79.296272 -153.542236
v -12.028054 68.962402 -113.004494
v -12.028054 84.289589 -113.004494
v -12.028054 80.190430 223.456772
v -12.028054 80.190437 262.839874
v -20.289919 56.478512 139.465164
v -16.960875 54.556484 139.465164
v -16.830135 55.297939 142.274963
v -19.713173 56.962460 142.274963
v -13.551669 55.876026 142.274963
v -13.175227 55.224003 139.465164
v -11.411802 61.755241 15.172172
v -13.551669 64.305435 15.172172
v -13.175227 64.957458 17.981981
v -10.704320 62.012749 17.981983
v 12.920713 83.377419 -145.309311
v 12.920713 84.389412 -145.309311
v 12.920713 84.389412 -117.797340
v 12.920713 83.377419 -117.797340
v 12.920713 96.061974 -117.797340
v 12.920713 96.061974 -145.309311
v 12.920713 100.532768 -121.363777
v 12.920713 100.532768 -141.742889
v 12.920713 103.619743 -126.546776
v 12.920713 103.619743 -136.559891
v 18.702648 8.518137 73.264542
v 18.702648 3.227628 73.264542
v 12.072589 3.227628 64.257774
v 12.072589 8.518136 64.257774
v 18.702648 8.518137 73.760246
v 12.072589 -5.589381 64.257774
v 18.702648 3.227628 73.760246
v 18.702648 -5.589380 73.264542
v 18.702648 8.518141 120.840958
v 12.072589 -16.120806 64.257774
v 18.702648 3.227632 120.840958
v 18.702648 8.518141 123.760391
v 18.702648 3.227632 123.760391
v 18.702648 3.227632 123.760391
v 6.218966 8.518142 140.036224
v 6.218966 3.227633 140.036224
v 18.702648 -5.589378 109.672379
v 18.702648 -5.589380 73.643883
v 18.702648 -5.589377 111.906471
v 18.702648 -16.120806 73.264542
v 12.072589 -24.203058 64.257774
v 18.702648 -16.120804 108.101799
v 18.702648 -16.120806 73.627518
v 18.702648 -16.120804 110.239517
v 18.702648 -24.203058 73.264542
v 12.072589 -37.428570 64.257774
v 18.702648 -24.203056 108.101799
v 18.702648 -24.203058 73.627518
v 18.702648 -24.203056 110.239517
v 18.702648 -37.428570 73.264542
v 12.072589 -50.409161 64.257774
v 18.702648 -37.428566 110.544922
v 18.702648 -37.428570 73.652977
v 18.702648 -37.428566 112.832558
v 18.702648 -50.409161 73.264542
v 12.072589 -67.106781 64.257782
v 18.702648 -50.409157 113.337067
v 18.702648 -50.409161 73.682068
v 18.702648 -50.409157 115.796036
v 18.702648 -67.106781 73.264549
v 12.072589 -86.871315 64.257782
v 18.702648 -67.106781 115.765129
v 18.702648 -67.106781 73.707375
v 18.702648 -67.106781 118.373093
v 18.702648 -86.871315 73.264549
v 12.072589 -102.887405 64.257782
v 18.702648 -102.887405 73.264549
v 12.072589 -107.048500 60.512802
v 18.702648 -86.871315 73.707375
v 18.702648 -102.887405 73.264549
v 18.702648 -86.871315 115.765129
v 18.702648 -86.871315 118.373093
v 18.702648 -102.887405 73.659302
v 18.702648 -107.048500 73.264549
v 18.702648 -107.048500 73.631500
v 18.702648 -102.887405 111.151833
v 18.702648 -107.048500 108.483437
v 18.702648 -102.887405 113.476707
v 18.702648 -107.048500 110.644577
v -6.613616 49.669544 58.931664
v -5.692868 53.105824 58.931664
v -9.126752 55.088383 58.931664
v -5.159890 59.055241 58.931664
v -10.578724 49.669544 58.931664
v -3.177336 55.621357 58.931664
v -5.692868 46.233265 58.931664
v 0.258945 60.507214 58.931664
v -9.126752 44.250706 58.931664
v 0.258945 56.542110 58.931664
v -3.177336 43.717731 58.931664
v 5.677781 59.055241 58.931664
v -5.159890 40.283855 58.931664
v 3.695226 55.621357 58.931664
v 0.258945 42.796978 58.931664
v 9.644643 55.088383 58.931664
v 0.258945 38.831882 58.931664
v 6.210759 53.105824 58.931664
v 3.695226 43.717731 58.931664
v 11.096615 49.669544 58.931664
v 5.677781 40.283855 58.931664
v 7.131506 49.669544 58.931664
v 6.210759 46.233265 58.931664
v 9.644643 44.250706 58.931664
v 0.258945 52.887150 -266.262207
v -4.434981 51.629414 -266.262207
v -4.434981 51.629417 -191.435150
v 0.258945 52.887154 -191.435150
v 4.952872 51.629414 -266.262207
v 4.952872 51.629417 -191.435150
v 13.164542 60.658688 51.007401
v 15.765041 60.658688 52.508801
v 16.087219 62.514042 50.681641
v 14.585821 62.514042 49.814808
v -14.580132 44.984268 13.115250
v -13.344678 46.456627 13.115250
v -11.411802 45.753113 15.172173
v -13.551669 43.202919 15.172174
v -10.704320 45.495625 139.465164
v -10.704320 49.339672 139.465164
v -11.411802 49.082165 142.274963
v -11.411802 45.753124 142.274963
v -20.568935 68.297752 -17.526648
v -21.526144 65.062920 -9.287595
v -20.002954 65.335388 -8.487332
v 12.545945 84.289589 -148.404510
v 12.545945 68.962402 -148.404510
v 12.545945 68.962395 -153.542236
v 12.545945 79.296272 -153.542236
v 12.545945 84.289589 -113.004494
v 12.545945 68.962402 -113.004494
v 12.545945 80.190437 262.839874
v 12.545945 80.190430 223.456772
v -10.704320 58.168713 139.465164
v -10.704320 62.012760 139.465164
v -11.411802 61.755253 142.274963
v -11.411802 58.426220 142.274963
v 19.167681 61.051746 53.472298
v 16.527321 60.090725 54.225189
v 19.167681 59.129711 53.472298
v 14.374881 44.432816 18.098911
v 16.039402 43.471802 18.098911
v 15.682220 41.446129 20.155834
v 12.799186 43.110649 20.155834
v -11.010055 24.501934 144.180679
v -11.010055 24.501936 166.718674
v -11.010055 35.457874 166.718674
v -11.010055 35.457874 144.180679
v -11.010055 21.935513 144.180679
v -11.010055 21.935514 166.718674
v -11.010055 21.935514 171.377533
v -11.010055 24.501936 171.377533
v 11.527946 24.501936 166.718674
v 11.527946 24.501934 144.180679
v 11.527946 35.457874 144.180679
v 11.527946 35.457874 166.718674
v 11.527946 21.935514 166.718674
v 11.527946 21.935513 144.180679
v 11.527946 24.501936 171.377533
v 11.527946 21.935514 171.377533
v 13.717510 60.090721 17.196583
v 14.374881 58.284615 17.196583
v 12.799186 56.962448 19.253506
v 11.660585 60.090721 19.253506
v 14.374881 61.896835 17.196583
v 12.799186 63.219009 19.253504
v -13.175227 42.550915 139.465164
v -10.704320 45.495625 139.465164
v -11.411802 45.753124 142.274963
v -13.551669 43.202930 142.274963
v -22.023203 48.804790 -64.196548
v -21.832863 50.677761 -68.626534
v -22.164381 49.860928 -68.626526
v 18.960688 55.876015 19.253506
v 21.100555 58.426208 19.253506
v 21.808037 58.168701 22.063316
v 19.337133 55.223991 22.063316
v 21.100555 61.755249 122.294708
v 18.960688 64.305443 122.294708
v 19.337133 64.957466 125.104523
v 21.808037 62.012756 125.104523
v -10.578724 49.669544 58.931664
v -9.126752 55.088383 58.931664
v -9.126752 55.088375 -60.365681
v -10.578724 49.669537 -60.365681
v -9.126752 44.250706 58.931664
v -9.126752 44.250698 -60.365681
v 15.765041 60.658688 43.862591
v 13.164542 60.658688 45.363987
v 14.585821 62.514042 46.556587
v 16.087219 62.514042 45.689747
v 15.765041 60.658688 43.862591
v -9.400711 -20.854597 62.439194
v -9.400711 -20.854595 64.891518
v -9.400711 8.280377 64.891518
v -9.400711 8.280377 62.439194
v -9.400711 -23.712128 62.439194
v -9.400711 -23.712126 64.891518
v -9.400711 -30.836525 48.038940
v -9.400711 -32.569866 50.456791
v -9.400711 -33.498749 43.148251
v -9.400711 -35.903797 43.636353
v -9.400711 -33.376068 15.349566
v -9.400711 -35.883316 15.326674
v -9.400711 -31.456350 9.025160
v -9.400711 -33.657005 7.673686
v -9.400711 -27.257706 4.168135
v -9.400711 -29.458359 1.999064
v -9.400711 -23.197466 2.172628
v -9.400711 -23.865137 -0.405233
v -9.400711 32.884651 2.571009
v -9.400711 33.043556 -0.502806
v 11.096615 49.669544 58.931664
v 9.644643 44.250706 58.931664
v 9.644643 44.250698 -60.365681
v 11.096615 49.669537 -60.365681
v 9.644643 55.088383 58.931664
v 9.644643 55.088375 -60.365681
v -19.590513 30.503002 40.640652
v -19.590513 30.503006 108.637878
v -22.655600 30.503006 108.637878
v -22.655600 30.503002 40.640652
v -19.590513 29.064211 37.785801
v -19.590513 30.503002 40.640652
v -22.655600 29.064211 37.785801
v -19.590513 25.814981 35.227257
v -19.590513 29.064211 37.785801
v -22.655600 25.814981 35.227257
v -22.655600 29.492630 111.087067
v -19.590513 30.503006 108.637878
v -19.590513 29.492630 111.087067
v -22.655600 25.814989 114.051277
v -19.590513 29.492630 111.087067
v -19.590513 25.814989 114.051277
v 20.108402 30.503006 108.637878
v 20.108402 30.503002 40.640652
v 23.173492 30.503002 40.640652
v 23.173492 30.503006 108.637878
v 20.108402 29.492630 111.087067
v 20.108402 30.503006 108.637878
v 23.173492 29.492630 111.087067
v 23.173492 25.814989 114.051277
v 20.108402 25.814989 114.051277
v 20.108402 29.492630 111.087067
v 23.173492 29.064211 37.785801
v 20.108402 30.503002 40.640652
v 20.108402 29.064211 37.785801
v 23.173492 25.814981 35.227257
v 20.108402 29.064211 37.785801
v 20.108402 25.814981 35.227257
v 16.039402 57.323601 17.196583
v 17.932228 57.657356 17.196583
v 18.960688 55.876015 19.253506
v 15.682220 55.297928 19.253506
v -23.082399 52.665161 -21.871090
v -22.155197 58.823193 -33.194340
v -20.632008 59.095661 -32.394077
v -19.757078 49.476929 -1.836041
v 20.274967 49.476929 -1.836041
v 20.274967 49.476925 -25.349018
v -19.757078 49.476925 -25.349018
v 9.941830 -20.854595 64.891518
v 9.941830 -20.854597 62.439194
v 9.941830 8.280377 62.439194
v 9.941830 8.280377 64.891518
v 9.941830 -23.712126 64.891518
v 9.941830 -23.712128 62.439194
v 9.941830 -32.569866 50.456791
v 9.941830 -30.836525 48.038940
v 9.941830 -35.903797 43.636353
v 9.941830 -33.498749 43.148251
v 9.941830 -35.883316 15.326674
v 9.941830 -33.376068 15.349566
v 9.941830 -33.657005 7.673686
v 9.941830 -31.456350 9.025160
v 9.941830 -29.458359 1.999064
v 9.941830 -27.257706 4.168135
v 9.941830 -23.865137 -0.405233
v 9.941830 -23.197466 2.172628
v 9.941830 33.043556 -0.502806
v 9.941830 32.884651 2.571009
v -7.871175 48.193218 -266.262207
v -9.128908 43.499294 -266.262207
v -9.128908 43.499298 -191.435150
v -7.871175 38.805374 -191.435150
v -7.871175 38.805370 -266.262207
v -7.871175 48.193222 -191.435150
v -4.434981 51.629414 -266.262207
v -4.434981 51.629417 -191.435150
v 18.529497 30.681881 -61.819920
v -18.011606 30.681881 -61.819920
v -18.011606 30.681881 -62.894024
v 18.529497 30.681881 -62.894024
v -15.608411 30.681879 -73.769302
v 16.126301 30.681879 -73.769302
v -15.608411 30.681879 -74.970840
v 16.126301 30.681879 -74.970840
v -15.608411 30.681879 -82.629272
v 16.126301 30.681879 -82.629272
v -15.608411 30.681875 -116.024536
v 16.126301 30.681875 -116.024536
v -15.608411 30.681873 -153.741730
v 16.126301 30.681873 -153.741730
v 16.968941 30.681890 82.742943
v 10.962107 30.681890 71.189857
v -10.444216 30.681890 71.189857
v -16.451050 30.681890 82.742943
v -16.451050 30.681890 83.075401
v -16.451050 30.681892 108.854645
v -18.011606 30.681902 218.795609
v 18.529497 30.681906 267.662201
v -18.011606 30.681906 267.662201
v 18.529497 30.681902 218.795609
v -5.140833 30.681894 119.770447
v 5.658724 30.681894 119.770447
v 16.968941 30.681892 108.854645
v 16.968941 30.681890 83.075401
v -16.451050 30.681890 83.075401
v -18.011606 30.681881 -61.819920
v -16.451050 30.681890 82.742943
v 16.968941 30.681890 83.075401
v 16.968941 30.681890 82.742943
v 18.529497 30.681881 -61.819920
v 8.389066 48.193218 -266.262207
v 4.952872 51.629414 -266.262207
v 4.952872 51.629417 -191.435150
v 8.389066 48.193222 -191.435150
v 9.646799 43.499294 -266.262207
v 9.646799 43.499298 -191.435150
v 8.389066 38.805370 -266.262207
v 8.389066 38.805374 -191.435150
v -21.773731 63.550663 -32.926876
v -23.364100 59.789066 -32.394077
v -22.588053 60.658474 -31.099224
v 16.087219 44.453945 50.681641
v 17.794544 44.453945 50.380596
v 18.722218 46.309284 51.987370
v 15.765041 46.309284 52.508801
v 19.061769 48.843731 52.575489
v 15.647116 48.843731 53.177586
v 19.061769 58.124241 52.575489
v 15.647116 58.124241 53.177586
v 18.722218 60.658688 51.987370
v 15.765041 60.658688 52.508801
v 17.794544 62.514042 50.380596
v 16.087219 62.514042 50.681641
v 12.222442 56.478512 146.751373
v 15.551483 54.556484 146.751373
v 15.682220 55.297939 149.561188
v 12.799186 56.962460 149.561188
v 18.960688 55.876026 149.561188
v 19.337133 55.224003 146.751373
v -20.632008 59.095661 -32.394077
v -21.473509 53.275307 -21.599140
v -23.082399 52.665161 -21.871090
v 19.337133 51.105659 22.965645
v 15.551483 51.773170 22.965645
v 15.551483 51.773182 147.068359
v 19.337133 51.105671 147.068359
v 12.222442 49.851162 147.068359
v 12.222442 49.851151 22.965645
v 16.113386 77.939034 55.040028
v 16.113386 72.976707 55.040031
v 16.143978 72.976707 55.040031
v 18.529497 76.194382 55.040028
v 18.529497 53.153683 55.040031
v 16.143978 53.153683 55.040031
v 18.966108 82.843361 55.040028
v 17.319139 82.843361 55.040028
v 21.118399 69.184753 55.040031
v 21.118399 80.640114 55.040028
v 18.005198 67.784760 55.040031
v 19.718397 67.784760 55.040031
v 16.113386 82.843361 55.040028
v 16.143978 72.976707 55.040031
v 16.113386 72.976707 55.040031
v 19.337133 51.138462 168.176956
v 15.551483 51.805981 168.176956
v 15.551483 51.805984 221.903976
v 19.337133 51.138466 221.903976
v 12.222442 49.883965 221.903976
v 12.222442 49.883961 168.176956
v -20.993826 56.426735 -23.211643
v -20.993826 55.225250 -19.910595
v -23.646219 55.225250 -19.910595
v 17.794544 44.453945 50.380596
v 18.908924 44.453945 49.052528
v 20.652378 46.309284 49.687096
v 18.722218 46.309284 51.987370
v -16.472956 57.323601 13.115249
v -14.580132 57.657356 13.115249
v -13.551669 55.876015 15.172173
v -16.830135 55.297928 15.172173
v -19.713173 44.289368 15.172173
v -16.830135 42.624832 15.172174
v -16.960875 41.883385 17.981983
v -20.289919 43.805412 17.981983
v -13.175227 42.550903 17.981983
v -13.551669 43.202919 15.172174
v 22.682272 48.126026 -64.196548
v 22.682272 49.860928 -68.626526
v 22.350754 50.677761 -68.626534
v 12.368156 32.445133 -146.066330
v -11.850266 32.445133 -146.066330
v -11.850266 32.445133 -154.865555
v 12.368156 32.445133 -154.865555
v 18.908924 44.453945 47.318863
v 17.794544 44.453945 45.990795
v 18.722218 46.309284 44.384022
v 20.652378 46.309284 46.684296
v 1.671256 47.223347 46.444405
v 0.258945 46.844921 46.444405
v 0.258945 42.796978 58.931664
v 3.695226 43.717731 58.931664
v 14.374881 58.284618 53.472298
v 16.527321 60.090725 54.225189
v 13.717510 60.090725 53.472298
v 14.374881 61.896839 53.472298
v 14.374881 61.896839 53.472298
v 16.039402 62.857853 53.472298
v 16.039402 62.857853 53.472298
v 17.932228 62.524090 53.472298
v 17.932228 62.524090 53.472298
v 19.167681 61.051746 53.472298
v 19.167681 59.129711 53.472298
v 17.932228 57.657360 53.472298
v 17.932228 57.657360 53.472298
v 16.039402 57.323605 53.472298
v 16.039402 57.323605 53.472298
v 14.374881 58.284618 53.472298
v -18.390511 21.246347 36.427258
v -18.390511 25.399225 36.427254
v -19.590513 25.814981 35.227257
v -19.590513 20.830599 35.227261
v 0.258945 46.844921 46.444405
v -1.153365 47.223347 46.444405
v -3.177336 43.717731 58.931664
v 0.258945 42.796978 58.931664
v 18.960688 55.876019 51.415379
v 21.100555 58.426212 51.415379
v 19.167681 59.129711 53.472298
v 17.932228 57.657360 53.472298
v -8.459040 79.200386 180.830978
v -5.737613 79.680244 180.830978
v -5.425130 79.139008 178.498581
v -8.567564 78.584923 178.498581
v -14.580132 57.657356 13.115249
v -13.344678 59.129707 13.115249
v -11.411802 58.426208 15.172172
v -13.551669 55.876015 15.172173
v -5.800336 -14.200377 118.383385
v -5.800336 -14.200377 129.549896
v -5.800336 -4.779439 132.087540
v -5.800336 -4.779440 118.383385
v -5.800336 -31.763704 118.383385
v -5.800336 -31.763704 129.549896
v -5.800336 -42.759914 118.383385
v -5.800336 -42.759911 132.087540
v 20.108402 25.814981 35.227257
v 18.908401 25.399225 36.427254
v 18.908401 21.246347 36.427258
v 20.108402 20.830599 35.227261
v 6.318227 -14.200377 129.549896
v 6.318227 -14.200377 118.383385
v 6.318227 -4.779440 118.383385
v 6.318227 -4.779439 132.087540
v 6.318227 -31.763704 129.549896
v 6.318227 -31.763704 118.383385
v 6.318227 -42.759911 132.087540
v 6.318227 -42.759914 118.383385
v 17.794544 44.453945 45.990795
v 16.087219 44.453945 45.689747
v 15.765041 46.309284 43.862591
v 18.722218 46.309284 44.384022
v 15.647116 48.843731 43.193806
v 19.061769 48.843731 43.795902
v 15.647116 58.124241 43.193806
v 19.061769 58.124241 43.795902
v 15.765041 60.658688 43.862591
v 18.722218 60.658688 44.384022
v 16.087219 62.514042 45.689747
v 17.794544 62.514042 45.990795
v -22.588053 60.658474 -31.099224
v -21.233473 63.491032 -31.271788
v -21.773731 63.550663 -32.926876
v -5.117939 83.801628 -133.255112
v -5.117939 83.801628 -124.787727
v -5.117939 87.019249 -124.787727
v -5.117939 87.019249 -133.255112
v 5.661143 83.801628 -124.787727
v 5.661143 83.801628 -133.255112
v 5.661143 87.019249 -133.255112
v 5.661143 87.019249 -124.787727
v 19.337133 55.223995 48.605568
v 21.808037 58.168705 48.605568
v 21.100555 58.426212 51.415379
v 18.960688 55.876019 51.415379
v -17.469765 -109.524529 85.378754
v -20.865765 -105.858162 88.580925
v -22.913834 -92.658951 88.580925
v -11.411802 49.082153 15.172173
v -13.551669 51.632355 15.172173
v -13.175227 52.284370 17.981983
v -10.704320 49.339661 17.981983
v -11.554698 -107.048500 60.512802
v -18.184757 -107.048500 73.264549
v -18.184757 -102.887405 73.264549
v 2.705140 48.257236 46.444405
v 1.671256 47.223347 46.444405
v 3.695226 43.717731 58.931664
v 6.210759 46.233265 58.931664
v 18.702648 -102.887405 73.264549
v 18.702648 -107.048500 73.264549
v 12.072589 -107.048500 60.512802
v -1.153365 47.223347 46.444405
v -2.187249 48.257236 46.444405
v -5.692868 46.233265 58.931664
v -3.177336 43.717731 58.931664
v 4.952872 35.369183 -266.262207
v 8.389066 38.805370 -266.262207
v 8.389066 38.805374 -191.435150
v 4.952872 35.369186 -191.435150
v 0.258945 34.111439 -266.262207
v 0.258945 34.111443 -191.435150
v -4.434981 35.369183 -266.262207
v -4.434981 35.369186 -191.435150
v -7.871175 38.805370 -266.262207
v -7.871175 38.805374 -191.435150
v -3.374052 81.953918 178.498581
v -3.374052 81.583366 -67.981636
v -3.374052 81.583389 178.498581
v -3.877281 81.766541 180.497192
v -3.374052 81.583389 178.498581
v -3.374052 82.843369 169.011154
v -3.374052 82.843346 -63.122353
v -3.374052 82.843346 -63.371300
v 5.858480 80.582092 180.830978
v 8.251663 79.200386 180.830978
v 8.143139 78.584923 178.498581
v 5.379729 80.180374 178.498581
v -18.390511 29.303009 108.400070
v -18.390511 28.500443 110.345505
v -19.590513 29.492630 111.087067
v -19.590513 30.503006 108.637878
v -3.163254 1.350314 41.135406
v -3.163254 1.350314 45.989998
v -3.163254 8.775814 45.989998
v -3.163254 8.775813 37.664688
v -3.163254 -11.118550 41.135406
v -3.163254 -12.789639 45.989998
v -3.163254 -16.073437 39.429794
v -3.163254 -19.287062 41.070766
v -3.163254 -22.657291 30.313885
v -3.163254 -25.870914 30.527950
v 14.374881 58.284615 17.196583
v 16.039402 57.323601 17.196583
v 15.682220 55.297928 19.253506
v 12.799186 56.962448 19.253506
v -0.602233 103.438652 -125.593758
v -0.602233 103.438652 -132.449097
v -1.217991 88.203377 -132.449081
v -1.217991 88.203377 -125.593758
v 20.108402 29.492630 111.087067
v 18.908401 28.500443 110.345505
v 18.908401 29.303009 108.400070
v 20.108402 30.503006 108.637878
v 3.683229 1.350314 45.989998
v 3.683229 1.350314 41.135406
v 3.683229 8.775813 37.664688
v 3.683229 8.775814 45.989998
v 3.683229 -12.789639 45.989998
v 3.683229 -11.118550 41.135406
v 3.683229 -19.287062 41.070766
v 3.683229 -16.073437 39.429794
v 3.683229 -25.870914 30.527950
v 3.683229 -22.657291 30.313885
v 8.251663 79.200386 180.830978
v 10.973091 79.680244 180.830978
v 11.285573 79.139008 178.498581
v 8.143139 78.584923 178.498581
v 1.145437 103.438652 -132.449097
v 1.145437 103.438652 -125.593758
v 1.761194 88.203377 -125.593758
v 1.761194 88.203377 -132.449081
v -19.757078 59.699963 -33.527447
v -20.090708 52.635105 -29.158802
v -20.090708 49.377972 -26.553097
v -20.090708 58.095913 -33.527447
v -19.757078 49.476925 -25.349018
v -20.090708 48.688595 -25.349018
v -13.175227 55.224003 139.465164
v -10.704320 58.168713 139.465164
v -11.411802 58.426220 142.274963
v -13.551669 55.876026 142.274963
v 20.608599 52.635105 -29.158802
v 20.274967 59.699963 -33.527447
v 20.274967 49.476925 -25.349018
v 20.608599 58.095913 -33.527447
v 20.608599 49.377972 -26.553097
v 20.608599 48.688595 -25.349018
v -11.330974 80.180351 -73.115379
v -11.976493 81.953918 178.498581
v -11.330974 80.180374 178.498581
v -12.300225 82.843369 169.011154
v -12.300225 82.843346 -63.122353
v -12.300225 82.843346 -63.371300
v -2.304054 64.332283 -158.016220
v -2.304054 64.332291 -151.463318
v -2.304054 69.458290 -151.463318
v -2.304054 69.458282 -158.016220
v -2.304054 69.458282 -162.296951
v -2.304054 64.332283 -162.296951
v -2.304054 78.788048 -158.016220
v -2.304054 78.788048 -162.296951
v -22.462934 60.614738 -8.179410
v -21.258625 63.928650 -10.582448
v -19.570099 63.500114 -10.582448
v -20.774410 60.186203 -8.179410
v -18.751558 66.188583 -17.966673
v -20.440084 66.617111 -17.966673
v -18.581932 66.856941 -28.615988
v -20.270456 67.285477 -28.615988
v 2.821945 64.332291 -151.463318
v 2.821945 64.332283 -158.016220
v 2.821945 69.458282 -158.016220
v 2.821945 69.458290 -151.463318
v 2.821945 64.332283 -162.296951
v 2.821945 69.458282 -162.296951
v 2.821945 78.788048 -162.296951
v 2.821945 78.788048 -158.016220
v 12.799186 43.110649 20.155834
v 15.682220 41.446129 20.155834
v 15.551483 40.704681 22.965645
v 12.222442 42.626701 22.965645
v 19.337133 41.372192 22.965645
v 18.960688 42.024216 20.155834
v 11.216141 -67.820442 71.678459
v 16.968941 -10.689038 82.742943
v 11.216141 -50.454922 71.678452
v 11.216141 -88.375565 71.678459
v 11.216141 -36.955105 71.678452
v 11.216141 -23.200573 71.678452
v 11.216141 -14.795031 71.678452
v 11.216141 -10.689039 71.678452
v -20.410728 68.921120 -29.198874
v -21.117512 66.136276 -32.192013
v -20.820097 65.119804 -30.808874
v -20.820097 65.119804 -30.808874
v -20.270456 67.285477 -28.615988
v -21.233473 63.491032 -31.271788
v -21.117512 66.136276 -32.192013
v -21.773731 63.550663 -32.926876
v 21.100555 58.426216 122.294708
v 21.100555 61.755249 122.294708
v 21.808037 62.012756 125.104523
v 21.808037 58.168709 125.104523
v -20.289919 42.659512 168.176956
v -16.960875 40.737484 168.176956
v -16.960875 40.737488 221.903976
v -20.289919 42.659515 221.903976
v -13.175227 41.404999 221.903976
v -13.175227 41.404995 168.176956
v -17.836845 67.604355 -17.526648
v -17.678638 68.227722 -29.198874
v -18.808895 69.503471 -29.559111
v -18.960047 68.907906 -17.254698
v -17.836845 67.604355 -17.526648
v -10.698249 -14.795031 71.678452
v -10.698249 -10.689039 71.678452
v -11.521896 -10.689039 73.262589
v -23.646219 62.928535 -15.463109
v -23.646219 65.186584 -18.154150
v -24.456221 64.376579 -18.448965
v -24.456221 62.497551 -16.209606
v 18.960688 64.305443 122.294708
v 15.682220 64.883537 122.294708
v 15.551483 65.624977 125.104523
v 19.337133 64.957466 125.104523
v 12.222442 63.702950 125.104523
v 12.799186 63.219017 122.294708
v -23.394577 40.882000 -31.020588
v -21.990709 42.548771 -31.745365
v -23.477886 41.250927 -32.471516
v -23.890707 39.709698 -28.902004
v -23.890707 37.757576 -22.668360
v -21.990709 39.636009 -22.382908
v -20.090708 41.536018 -22.094181
v -20.090708 44.243580 -30.797115
v 24.408598 37.757576 -22.668360
v 22.508598 42.548771 -31.745365
v 22.508598 39.636009 -22.382908
v 20.608599 41.536018 -22.094181
v 20.608599 44.243580 -30.797115
v 24.408598 39.826130 -29.273800
v 24.138083 41.126728 -32.540997
v 22.508598 42.548771 -31.745365
v -20.289919 43.805412 17.981983
v -16.960875 41.883385 17.981983
v -16.960875 41.883396 139.465164
v -20.289919 43.805424 139.465164
v -13.175227 42.550915 139.465164
v -13.175227 42.550903 17.981983
v -18.011606 40.061550 142.895630
v -18.011606 40.061539 7.762971
v -22.655600 40.061539 7.762971
v -22.655600 36.176941 3.692574
v -18.011606 36.176941 3.692574
v -22.655600 40.061550 142.895630
v -18.011606 36.396618 146.644073
v -22.655600 36.396618 146.644073
v 18.529497 40.061539 7.762971
v 18.529497 40.061550 142.895630
v 23.173492 40.061550 142.895630
v 23.173492 36.396618 146.644073
v 18.529497 36.396618 146.644073
v 23.173492 40.061539 7.762971
v 18.529497 36.176941 3.692574
v 23.173492 36.176941 3.692574
v -10.698249 -36.955105 71.678452
v -10.698249 -67.820442 71.678459
v -10.698249 -50.454922 71.678452
v -2.187249 51.081852 46.444405
v -2.565678 49.669544 46.444405
v 0.258945 49.669544 46.444405
v -2.187249 48.257236 46.444405
v -1.153365 52.115734 46.444405
v -1.153365 47.223347 46.444405
v 0.258945 52.494167 46.444405
v 0.258945 46.844921 46.444405
v 1.671256 52.115734 46.444405
v 1.671256 47.223347 46.444405
v 2.705140 51.081852 46.444405
v 2.705140 48.257236 46.444405
v 3.083569 49.669544 46.444405
v 3.083569 49.669544 46.444405
v 2.705140 48.257236 46.444405
v 6.210759 46.233265 58.931664
v 7.131506 49.669544 58.931664
v 21.100555 61.755253 165.367126
v 18.960688 64.305450 165.367126
v 19.337133 64.957474 168.176956
v 21.808037 62.012760 168.176956
v -18.390511 18.533070 38.563786
v -18.390511 21.246347 36.427258
v -19.590513 20.830599 35.227261
v -19.590513 17.581377 37.785805
v -2.187249 48.257236 46.444405
v -2.565678 49.669544 46.444405
v -6.613616 49.669544 58.931664
v -5.692868 46.233265 58.931664
v 20.108402 20.830599 35.227261
v 18.908401 21.246347 36.427258
v 18.908401 18.533070 38.563786
v 20.108402 17.581377 37.785805
v -5.159890 40.283855 58.931664
v -9.126752 44.250706 58.931664
v -9.126752 44.250698 -60.365681
v -5.159890 40.283848 -60.365681
v 0.258945 38.831882 58.931664
v 0.258945 38.831875 -60.365681
v 5.677781 40.283855 58.931664
v 5.677781 40.283848 -60.365681
v 9.644643 44.250706 58.931664
v 9.644643 44.250698 -60.365681
v 8.251663 79.200363 -107.769447
v 6.902259 79.979439 -107.769447
v 5.727710 79.979439 -105.437050
v 8.143139 78.584900 -105.437050
v 10.973091 79.680222 -107.769447
v 11.285573 79.138985 -105.437050
v 3.683229 1.350314 41.135406
v -3.163254 1.350314 41.135406
v -3.163254 8.775813 37.664688
v 3.683229 8.775813 37.664688
v 3.683229 -11.118550 41.135406
v -3.163254 -11.118550 41.135406
v 3.683229 -16.073437 39.429794
v -3.163254 -16.073437 39.429794
v 3.683229 -22.657291 30.313885
v -3.163254 -22.657291 30.313885
v 3.683229 -25.870914 30.527950
v -3.163254 -25.870914 30.527950
v 13.164542 46.309284 51.007401
v 15.765041 46.309284 52.508801
v 15.647116 48.843731 53.177586
v 12.644319 48.843731 51.443924
v 15.647116 58.124241 53.177586
v 12.644319 58.124241 51.443924
v 15.765041 60.658688 52.508801
v 13.164542 60.658688 51.007401
v -23.290886 55.384499 -21.159122
v -23.454655 54.739220 -11.859829
v -21.766129 54.310677 -11.859829
v -21.059069 55.844254 -8.190129
v -22.747595 56.272804 -8.190129
v -21.602360 54.955948 -21.159122
v -22.588053 60.658474 -31.099224
v -20.899529 60.229931 -31.099224
v -2.634416 103.682144 236.736465
v -3.063099 105.282005 236.736465
v -18.390511 17.342571 40.925957
v -18.390511 18.533070 38.563786
v -19.590513 17.581377 37.785805
v -19.590513 16.142574 40.640656
v 18.908924 44.453945 49.052528
v 17.794544 44.453945 50.380596
v 16.527321 43.774830 48.185696
v 17.794544 44.453945 50.380596
v 16.087219 44.453945 50.681641
v 16.087219 44.453945 50.681641
v 14.585821 44.453945 49.814808
v -8.459040 79.200363 -107.769447
v -9.808443 79.979439 -107.769447
v -10.982993 79.979439 -105.437050
v -8.567564 78.584900 -105.437050
v -5.737613 79.680222 -107.769447
v -5.425130 79.138985 -105.437050
v 3.828111 105.282005 236.736465
v 20.108402 17.581377 37.785805
v 18.908401 18.533070 38.563786
v 18.908401 17.342571 40.925957
v 20.108402 16.142574 40.640656
v -15.626088 36.655182 81.156281
v -10.444216 36.655178 71.189857
v 16.143978 36.655170 -57.586475
v -15.626088 36.655170 -57.586475
v 10.962107 36.655178 71.189857
v 16.143978 36.655182 81.156281
v 16.143978 36.655182 109.650841
v 5.658724 36.655182 119.770447
v -15.626088 36.655193 258.438171
v 16.143978 36.655193 258.438171
v -5.140833 36.655182 119.770447
v -15.626088 36.655182 109.650841
v -3.374052 81.583389 178.498581
v -5.425130 79.139008 178.498581
v -4.013254 81.735260 180.830978
v -5.737613 79.680244 180.830978
v -3.877281 81.766541 180.497192
v 12.222442 42.626701 22.965645
v 15.551483 40.704681 22.965645
v 15.551483 40.704693 147.068359
v 12.222442 42.626713 147.068359
v 19.337133 41.372204 147.068359
v 19.337133 41.372192 22.965645
v -11.411802 45.753113 15.172173
v -11.411802 49.082153 15.172173
v -10.704320 49.339661 17.981983
v -10.704320 45.495613 17.981983
v -11.411802 58.426208 15.172172
v -11.411802 61.755241 15.172172
v -10.704320 62.012749 17.981983
v -10.704320 58.168701 17.981983
v -17.923214 64.406448 -99.641121
v -17.923214 64.406448 -116.284309
v -16.523212 63.006447 -114.884315
v -10.852223 80.582092 180.830978
v -8.459040 79.200386 180.830978
v -8.567564 78.584923 178.498581
v -11.330974 80.180374 178.498581
v 12.222442 42.659512 168.176956
v 15.551483 40.737484 168.176956
v 15.551483 40.737488 221.903976
v 12.222442 42.659515 221.903976
v 19.337133 41.404999 221.903976
v 19.337133 41.404995 168.176956
v -19.713173 56.962448 15.172172
v -16.830135 55.297928 15.172173
v -16.960875 54.556473 17.981983
v -20.289919 56.478500 17.981983
v -13.175227 55.223991 17.981983
v -13.551669 55.876015 15.172173
v 11.527946 35.457874 144.180679
v -11.010055 35.457874 144.180679
v -11.010055 35.457874 166.718674
v 11.527946 35.457874 166.718674
v -16.523212 63.006447 -114.884315
v -16.523212 63.020706 -99.441826
v -17.923214 64.406448 -99.641121
v 24.408598 37.757576 -22.668360
v 24.408598 37.736008 -1.864993
v 24.456221 37.736008 -1.864993
v 24.456221 37.757576 -22.668360
v 24.456221 38.597057 -25.349018
v 24.456221 39.597179 -28.542683
v 2.705140 51.081852 46.444405
v 3.083569 49.669544 46.444405
v 7.131506 49.669544 58.931664
v 6.210759 53.105824 58.931664
v 11.660585 60.090725 51.415379
v 12.799186 56.962452 51.415379
v 14.374881 58.284618 53.472298
v 13.717510 60.090725 53.472298
v 12.799186 63.219013 51.415379
v 14.374881 61.896839 53.472298
v 15.765041 46.309284 43.862591
v 13.164542 46.309284 45.363987
v 12.644319 48.843731 44.927471
v 15.647116 48.843731 43.193806
v 12.644319 58.124241 44.927471
v 15.647116 58.124241 43.193806
v 13.164542 60.658688 45.363987
v 15.765041 60.658688 43.862591
v 18.441103 64.406448 -116.284309
v 18.441103 64.406448 -99.641121
v 17.041103 63.020706 -99.441826
v 17.041103 63.006447 -114.884315
v -13.551669 64.305450 165.367126
v -16.830135 64.883545 165.367126
v -16.960875 65.624985 168.176956
v -13.175227 64.957474 168.176956
v -20.289919 63.702953 168.176956
v -19.713173 63.219021 165.367126
v -13.551669 43.202919 15.172174
v -11.411802 45.753113 15.172173
v -10.704320 45.495613 17.981983
v -13.175227 42.550903 17.981983
v -2.565678 49.669544 46.444405
v -2.187249 51.081852 46.444405
v -5.692868 53.105824 58.931664
v -6.613616 49.669544 58.931664
v 15.682220 55.297932 51.415379
v 18.960688 55.876019 51.415379
v 17.932228 57.657360 53.472298
v 16.039402 57.323605 53.472298
v -20.600510 69.184761 169.011154
v -20.600510 69.184738 -63.122349
v -19.200508 67.784744 -63.122349
v -19.200508 67.784744 -63.195278
v -20.600510 69.184738 -63.371296
v -19.200508 67.784767 169.011154
v -20.600510 69.184761 200.360504
v -19.200508 67.784767 200.360504
v -20.600510 69.184761 218.974182
v -19.200508 67.784767 217.574203
v 14.585821 44.453945 49.814808
v 16.087219 44.453945 50.681641
v 15.765041 46.309284 52.508801
v 13.164542 46.309284 51.007401
v 21.118399 69.184753 55.040031
v 19.718397 67.784760 55.040031
v 19.718397 67.784744 -63.122349
v 21.118399 69.184738 -63.122349
v 21.118399 69.184738 -63.371296
v 19.718397 67.784744 -63.195278
v 19.718397 67.784760 118.607208
v 21.118399 69.184753 118.607208
v 21.118399 69.184761 169.011154
v 19.718397 67.784767 169.011154
v 19.718397 67.784767 200.360504
v 21.118399 69.184761 200.360504
v 19.718397 67.784767 217.574203
v 21.118399 69.184761 218.974182
v -23.890707 37.736008 -1.864993
v -23.890707 37.757576 -22.668360
v -23.938328 37.757576 -22.668360
v -23.890707 39.709698 -28.902004
v -23.938328 37.736008 -1.864993
v -23.890707 39.709698 -28.902004
v -23.938328 38.597057 -25.349018
v -23.938328 39.597179 -28.542683
v -16.451050 47.711479 108.854645
v -16.451050 47.711479 83.075401
v -15.626088 47.711479 83.075401
v -15.626088 47.711479 81.443077
v -15.626088 47.711479 108.854645
v -15.626088 47.711479 109.650841
v 16.968941 47.711479 83.075401
v 16.968941 47.711479 108.854645
v 16.143978 47.711479 108.854645
v 16.143978 47.711479 109.650841
v 16.143978 47.711479 83.075401
v 16.143978 47.711479 81.443077
v -15.626088 47.711479 81.156281
v -15.626088 47.711479 81.443077
v -16.451050 47.711479 83.075401
v -16.451050 47.711479 82.742943
v 16.968941 47.711479 82.742943
v 16.968941 47.711479 83.075401
v 16.143978 47.711479 81.443077
v 16.143978 47.711479 81.156281
v -17.923214 69.184738 -74.498573
v -17.923214 69.184738 -83.372841
v -16.523212 67.799011 -83.173561
v -16.523212 67.784744 -74.498573
v -17.923214 69.184738 -73.850517
v -16.523212 67.784744 -73.674507
v 18.441103 69.184738 -83.372841
v 18.441103 69.184738 -74.498573
v 17.041103 67.784744 -74.498573
v 17.041103 67.799011 -83.173561
v 17.041103 67.784744 -73.674507
v 18.441103 69.184738 -73.850517
v -21.766129 54.310677 -11.859829
v -21.059069 55.844254 -8.190129
v -20.761654 54.827782 -6.806980
v -21.625858 52.675026 -11.276943
v -20.234152 60.126564 -6.524312
v -20.774410 60.186203 -8.179410
v -20.234152 60.126564 -6.524312
v 16.087219 44.453945 45.689747
v 14.585821 44.453945 46.556587
v 13.164542 46.309284 45.363987
v 15.765041 46.309284 43.862591
v -5.425130 79.138985 -105.437050
v -4.719906 79.979439 -105.437050
v -5.486538 79.979439 -107.769447
v -5.737613 79.680222 -107.769447
v 16.968941 30.185263 83.075401
v 16.968941 30.185263 82.742943
v 16.968941 5.922827 82.742943
v 10.962107 5.922826 71.189857
v 10.962107 30.185263 71.189857
v 16.968941 5.922827 83.075401
v 16.968941 30.185265 108.854645
v 16.968941 5.922829 108.854645
v -17.743736 64.827393 -12.264272
v -17.743736 68.709534 -16.890829
v -20.993826 67.036583 -17.480803
v -20.993826 63.912895 -13.758138
v -16.451050 30.185263 82.742943
v -16.451050 30.185263 83.075401
v -16.451050 5.922827 83.075401
v -16.451050 5.922829 108.854645
v -16.451050 30.185265 108.854645
v -16.451050 5.922827 82.742943
v -10.444216 30.185263 71.189857
v -10.444216 5.922826 71.189857
v 12.137526 46.309284 48.185696
v 13.164542 46.309284 51.007401
v 12.644319 48.843731 51.443924
v 11.458422 48.843731 48.185696
v 12.644319 58.124241 51.443924
v 11.458422 58.124241 48.185696
v 13.164542 60.658688 51.007401
v 12.137526 60.658688 48.185696
v 14.585821 62.514042 49.814808
v 13.992871 62.514042 48.185696
v 21.100555 47.936260 165.367126
v 18.960688 50.486446 165.367126
v 19.337133 51.138462 168.176956
v 21.808037 48.193752 168.176956
v 1.671256 52.115734 46.444405
v 2.705140 51.081852 46.444405
v 6.210759 53.105824 58.931664
v 6.210759 53.105824 58.931664
v 3.695226 55.621357 58.931664
v 1.671256 52.115734 46.444405
v 21.100555 44.607212 165.367126
v 21.100555 47.936260 165.367126
v 21.808037 48.193752 168.176956
v 21.808037 44.349705 168.176956
v 21.100555 58.426220 165.367126
v 21.100555 61.755253 165.367126
v 21.808037 62.012760 168.176956
v 21.808037 58.168713 168.176956
v -23.646219 55.225250 -19.910595
v -23.646219 56.426735 -16.609547
v -24.456221 57.087051 -17.163624
v -24.456221 56.087234 -19.910595
v -9.400711 32.884651 2.571009
v 9.941830 32.884651 2.571009
v 9.941830 33.043556 -0.502806
v -9.400711 33.043556 -0.502806
v -2.187249 51.081852 46.444405
v -1.153365 52.115734 46.444405
v -3.177336 55.621357 58.931664
v -3.177336 55.621357 58.931664
v -5.692868 53.105824 58.931664
v -2.187249 51.081852 46.444405
v -10.444216 30.185263 71.189857
v 10.962107 30.185263 71.189857
v 18.529497 30.185257 3.692575
v 16.968941 30.185263 82.742943
v -18.011606 30.185257 3.692575
v -16.451050 30.185263 82.742943
v 16.968941 30.185263 83.075401
v 16.968941 30.185265 108.854645
v 18.529497 30.185268 146.644073
v 5.658724 30.185266 119.770447
v -18.011606 30.185268 146.644073
v -5.140833 30.185266 119.770447
v -16.451050 30.185265 108.854645
v -16.451050 30.185263 83.075401
v -16.451050 30.185263 83.075401
v -16.451050 30.185263 82.742943
v -18.011606 30.185257 3.692575
v 18.529497 30.185257 3.692575
v 16.968941 30.185263 82.742943
v 16.968941 30.185263 83.075401
v 10.190213 83.377419 -117.797340
v 10.190213 84.389412 -117.797340
v 10.190213 84.389412 -145.309311
v 10.190213 83.377419 -145.309311
v 10.190213 96.061974 -145.309311
v 10.190213 96.061974 -117.797340
v 10.190213 100.532768 -141.742889
v 10.190213 100.532768 -121.363777
v 10.190213 103.619743 -136.559891
v 10.190213 103.619743 -126.546776
v 13.164542 46.309284 45.363987
v 12.137526 46.309284 48.185696
v 11.458422 48.843731 48.185696
v 12.644319 48.843731 44.927471
v 11.458422 58.124241 48.185696
v 12.644319 58.124241 44.927471
v 12.137526 60.658688 48.185696
v 13.164542 60.658688 45.363987
v 13.992871 62.514042 48.185696
v 14.585821 62.514042 46.556587
v -9.647010 83.377419 -117.797340
v -9.647010 83.377419 -145.309311
v -9.647010 84.389412 -145.309311
v -9.647010 84.389412 -117.797340
v -9.647010 96.061974 -145.309311
v -9.647010 96.061974 -117.797340
v -9.647010 100.532768 -141.742889
v -9.647010 100.532768 -121.363777
v -9.647010 103.619743 -136.559891
v -9.647010 103.619743 -126.546776
v 14.585821 44.453945 49.814808
v 13.992871 44.453945 48.185696
v 14.585821 44.453945 46.556587
v 14.585821 44.453945 49.814808
v 13.164542 46.309284 51.007401
v 12.137526 46.309284 48.185696
v 14.585821 44.453945 46.556587
v 13.164542 46.309284 45.363987
v 14.585821 44.453945 46.556587
v 16.087219 44.453945 45.689747
v 16.087219 44.453945 45.689747
v 17.794544 44.453945 45.990795
v 17.794544 44.453945 45.990795
v 18.908924 44.453945 47.318863
v 18.908924 44.453945 47.318863
v 18.908924 44.453945 49.052528
v 18.960688 64.305450 165.367126
v 15.682220 64.883545 165.367126
v 15.551483 65.624985 168.176956
v 19.337133 64.957474 168.176956
v 12.222442 63.702953 168.176956
v 12.799186 63.219021 165.367126
v 12.799186 56.962448 19.253506
v 15.682220 55.297928 19.253506
v 15.551483 54.556473 22.063316
v 12.222442 56.478500 22.063316
v 19.337133 55.223991 22.063316
v 18.960688 55.876015 19.253506
v 20.652378 60.658691 124.362976
v 18.722218 60.658691 122.062691
v 17.794544 62.514046 123.669464
v 18.908924 62.514046 124.997536
v 11.660585 60.090721 19.253506
v 12.799186 56.962448 19.253506
v 12.222442 56.478500 22.063316
v 10.907700 60.090721 22.063316
v 12.799186 63.219009 19.253504
v 12.222442 63.702942 22.063314
v 12.799186 63.219009 19.253504
v 12.222442 56.478500 22.063316
v 12.222442 56.478504 48.605568
v 10.907700 60.090725 48.605568
v 12.222442 63.702942 22.063314
v 12.222442 63.702946 48.605568
v 12.222442 56.478504 48.605568
v 12.799186 56.962452 51.415379
v 12.799186 56.962452 51.415379
v 11.660585 60.090725 51.415379
v 12.222442 63.702946 48.605568
v 12.799186 63.219013 51.415379
v 11.660585 46.238922 20.155834
v 12.799186 43.110649 20.155834
v 12.222442 42.626701 22.965645
v 10.907700 46.238922 22.965645
v 12.799186 49.367210 20.155834
v 12.222442 49.851151 22.965645
v 12.799186 49.367210 20.155834
v 12.222442 42.626701 22.965645
v 12.222442 42.626713 147.068359
v 10.907700 46.238934 147.068359
v 12.222442 49.851151 22.965645
v 12.222442 49.851162 147.068359
v 12.222442 42.626713 147.068359
v 12.799186 43.110661 149.878189
v 11.660585 46.238934 149.878189
v 12.222442 49.851162 147.068359
v 12.799186 49.367222 149.878189
v 11.660585 60.090729 122.294708
v 12.799186 56.962456 122.294708
v 12.222442 56.478508 125.104523
v 10.907700 60.090729 125.104523
v 12.799186 63.219017 122.294708
v 12.222442 63.702950 125.104523
v 12.222442 56.478508 125.104523
v 12.222442 56.478512 146.751373
v 10.907700 60.090733 146.751373
v 12.222442 63.702950 125.104523
v 12.222442 63.702953 146.751373
v 12.222442 56.478512 146.751373
v 12.799186 56.962460 149.561188
v 11.660585 60.090733 149.561188
v 12.222442 63.702953 146.751373
v 12.799186 63.219021 149.561188
v -19.590513 20.830599 35.227261
v -19.590513 25.814981 35.227257
v -22.655600 25.814981 35.227257
v -22.655600 20.830599 35.227261
v 20.108402 25.814981 35.227257
v 20.108402 20.830599 35.227261
v 23.173492 20.830599 35.227261
v 23.173492 25.814981 35.227257
v -18.794052 64.369522 -9.287595
v -20.234152 60.126564 -6.524312
v -20.774410 60.186203 -8.179410
v -1.153365 52.115734 46.444405
v 0.258945 52.494167 46.444405
v 0.258945 56.542110 58.931664
v -3.177336 55.621357 58.931664
v 0.258945 52.494167 46.444405
v 1.671256 52.115734 46.444405
v 3.695226 55.621357 58.931664
v 0.258945 56.542110 58.931664
v 12.799186 56.962452 51.415379
v 15.682220 55.297932 51.415379
v 16.039402 57.323605 53.472298
v 14.374881 58.284618 53.472298
v -13.175227 41.404995 168.176956
v -10.704320 44.349705 168.176956
v -10.704320 44.349709 221.903976
v -13.175227 41.404999 221.903976
v -10.704320 48.193756 221.903976
v -10.704320 48.193752 168.176956
v -13.175227 51.138466 221.903976
v -13.175227 51.138462 168.176956
v -20.289919 56.478512 168.176956
v -16.960875 54.556484 168.176956
v -16.960875 54.556488 221.903976
v -20.289919 56.478516 221.903976
v -13.175227 55.224007 221.903976
v -13.175227 55.224003 168.176956
v -13.175227 55.224003 168.176956
v -10.704320 58.168713 168.176956
v -10.704320 58.168716 221.903976
v -13.175227 55.224007 221.903976
v -10.704320 62.012764 221.903976
v -10.704320 62.012760 168.176956
v -13.175227 64.957474 221.903976
v -13.175227 64.957474 168.176956
v -13.175227 42.550903 17.981983
v -10.704320 45.495613 17.981983
v -10.704320 45.495625 139.465164
v -13.175227 42.550915 139.465164
v -10.704320 49.339672 139.465164
v -10.704320 49.339661 17.981983
v -13.175227 52.284382 139.465164
v -13.175227 52.284370 17.981983
v -20.289919 56.478500 17.981983
v -16.960875 54.556473 17.981983
v -16.960875 54.556484 139.465164
v -20.289919 56.478512 139.465164
v -13.175227 55.224003 139.465164
v -13.175227 55.223991 17.981983
v -13.175227 55.223991 17.981983
v -10.704320 58.168701 17.981983
v -10.704320 58.168713 139.465164
v -13.175227 55.224003 139.465164
v -10.704320 62.012760 139.465164
v -10.704320 62.012749 17.981983
v -13.175227 64.957466 139.465164
v -13.175227 64.957458 17.981981
v 12.368156 32.445133 -146.066330
v 12.368156 30.852528 -154.865555
v 12.368156 27.497578 -154.865555
v 12.368156 32.445133 -154.865555
v 12.368156 14.643429 -146.066330
v 12.368156 24.279034 -154.865555
v 12.368156 19.646580 -154.865555
v 16.968941 47.711479 83.075401
v 16.968941 47.711479 82.742943
v 16.968941 30.681890 82.742943
v 16.143978 36.655182 81.156281
v 16.143978 47.711479 81.156281
v 10.962107 36.655178 71.189857
v 10.962107 30.681890 71.189857
v 16.968941 30.681890 83.075401
v 16.968941 47.711479 108.854645
v 16.968941 30.681892 108.854645
v -23.493744 55.521172 -6.806980
v -24.357950 53.368423 -11.276943
v -23.227692 52.092690 -10.916706
v 12.672359 68.679466 -113.927803
v 12.672359 69.947838 -113.927803
v 12.672359 69.947838 -149.178864
v 12.672359 68.679466 -149.178864
v 12.672359 97.548592 -149.178864
v 12.672359 97.548592 -113.927803
v 12.672359 97.934303 -149.178864
v 12.672359 97.934303 -113.927803
v 12.672359 103.747246 -144.541779
v 12.672359 103.747246 -118.564888
v 12.672359 107.760948 -137.802856
v 12.672359 107.760948 -125.303810
v -11.850266 32.445133 -146.066330
v -11.850266 30.852528 -154.865555
v -11.850266 32.445133 -154.865555
v -11.850266 27.497578 -154.865555
v -11.850266 14.643429 -146.066330
v -11.850266 24.279034 -154.865555
v -11.850266 19.646580 -154.865555
v -16.451050 47.711479 82.742943
v -16.451050 47.711479 83.075401
v -16.451050 30.681890 83.075401
v -16.451050 30.681892 108.854645
v -16.451050 47.711479 108.854645
v -16.451050 30.681890 82.742943
v -15.626088 47.711479 81.156281
v -15.626088 36.655182 81.156281
v -10.444216 36.655178 71.189857
v -10.444216 30.681890 71.189857
v -13.551669 55.876015 15.172173
v -11.411802 58.426208 15.172172
v -10.704320 58.168701 17.981983
v -13.175227 55.223991 17.981983
v -12.129156 68.679466 -113.927803
v -12.129156 68.679466 -149.178864
v -12.129156 69.947838 -149.178864
v -12.129156 69.947838 -113.927803
v -12.129156 97.548592 -149.178864
v -12.129156 97.548592 -113.927803
v -12.129156 97.934303 -149.178864
v -12.129156 97.934303 -113.927803
v -12.129156 103.747246 -144.541779
v -12.129156 103.747246 -118.564888
v -12.129156 107.760948 -137.802856
v -12.129156 107.760948 -125.303810
v 13.336653 81.953918 178.498581
v 13.336653 81.583366 -67.981636
v 13.336653 81.583389 178.498581
v 12.833424 81.766541 180.497192
v 13.336653 81.583389 178.498581
v 13.336653 82.672180 170.837036
v 13.336653 82.600853 -64.258575
v 13.336653 82.843369 169.011154
v 13.336653 82.843346 -63.122353
v 13.336653 82.843346 -63.371300
v 11.660585 46.271732 165.367126
v 12.799186 43.143452 165.367126
v 12.222442 42.659512 168.176956
v 10.907700 46.271732 168.176956
v 12.799186 49.400005 165.367126
v 12.222442 49.883961 168.176956
v 12.222442 42.659512 168.176956
v 12.222442 42.659515 221.903976
v 12.222442 49.883961 168.176956
v 12.222442 49.883965 221.903976
v 11.660585 60.090733 165.367126
v 12.799186 56.962460 165.367126
v 12.222442 56.478512 168.176956
v 10.907700 60.090733 168.176956
v 12.799186 63.219021 165.367126
v 12.222442 63.702953 168.176956
v 12.222442 56.478512 168.176956
v 12.222442 56.478516 221.903976
v 12.222442 63.702953 168.176956
v 12.222442 63.702957 221.903976
v -21.588778 60.518257 -5.501409
v -20.002954 65.335388 -8.487332
v -21.526144 65.062920 -9.287595
v 5.379729 80.180374 178.498581
v 4.734210 81.953918 178.498581
v 5.438761 81.735260 180.830978
v 5.858480 80.582092 180.830978
v 18.960688 55.876022 122.294708
v 21.100555 58.426216 122.294708
v 21.808037 58.168709 125.104523
v 19.337133 55.223999 125.104523
v -23.227692 52.092690 -10.916706
v -22.266369 54.628105 -5.952152
v -23.493744 55.521172 -6.806980
v 14.585821 44.453953 127.493492
v 13.992871 44.453949 125.864365
v 14.585821 44.453949 124.235260
v 14.585821 44.453953 127.493492
v 13.164542 46.309292 128.686066
v 12.137526 46.309288 125.864365
v 14.585821 44.453949 124.235260
v 13.164542 46.309288 123.042671
v 14.585821 44.453949 124.235260
v 16.087219 44.453949 123.368423
v 16.087219 44.453949 123.368423
v 17.794544 44.453949 123.669472
v 17.794544 44.453949 123.669472
v 18.908924 44.453949 124.997543
v 18.908924 44.453949 124.997543
v 18.908924 44.453953 126.731201
v -11.010055 24.501936 171.377533
v 11.527946 24.501936 171.377533
v 11.527946 24.501936 166.718674
v -11.010055 24.501936 166.718674
v 9.941830 -20.854597 62.439194
v -9.400711 -20.854597 62.439194
v -9.400711 8.280377 62.439194
v 9.941830 8.280377 62.439194
v 16.143978 72.976692 -57.586475
v 16.143978 36.655170 -57.586475
v 16.143978 53.153683 55.040031
v 16.143978 72.976707 55.040031
v 16.143978 47.711479 81.156281
v 16.143978 36.655182 81.156281
v 16.143978 47.711479 81.443077
v 16.143978 47.711479 83.075401
v 16.143978 53.153687 118.607208
v 16.143978 47.711479 108.854645
v 16.143978 47.711479 109.650841
v 16.143978 36.655182 109.650841
v 16.143978 36.655193 258.438171
v 16.143978 72.976707 118.607208
v 16.143978 72.976723 258.438171
v 13.336653 81.583389 178.498581
v 11.285573 79.139008 178.498581
v 12.697451 81.735260 180.830978
v 12.833424 81.766541 180.497192
v 12.697451 81.735260 180.830978
v 10.973091 79.680244 180.830978
v -21.526144 65.062920 -9.287595
v -22.966242 60.819962 -6.524312
v -21.588778 60.518257 -5.501409
v -15.626088 47.711479 109.650841
v -15.626088 72.976723 258.438171
v -15.626088 36.655193 258.438171
v -15.626088 36.655182 109.650841
v -15.626088 72.976692 -57.586475
v -15.626088 47.711479 108.854645
v -15.626088 47.711479 83.075401
v -15.626088 47.711479 81.443077
v -15.626088 47.711479 81.156281
v -15.626088 36.655182 81.156281
v -15.626088 36.655170 -57.586475
v -21.473509 53.275307 -21.599140
v -21.625858 52.675026 -11.276943
v -23.227692 52.092690 -10.916706
v -20.774410 60.186203 -8.179410
v -19.570099 63.500114 -10.582448
v -18.794052 64.369522 -9.287595
v -18.390511 28.500443 110.345505
v -18.390511 25.391594 112.851280
v -19.590513 25.814989 114.051277
v -19.590513 29.492630 111.087067
v 16.968941 -105.643379 83.505043
v 16.968941 -10.689037 104.854889
v 16.968941 -10.689037 104.713814
v 16.968941 -105.643379 83.075409
v 16.968941 -10.689037 104.582260
v 12.222442 56.478504 48.605568
v 15.551483 54.556477 48.605568
v 15.682220 55.297932 51.415379
v 12.799186 56.962452 51.415379
v 18.960688 55.876019 51.415379
v 19.337133 55.223995 48.605568
v 18.960688 42.057018 165.367126
v 21.100555 44.607212 165.367126
v 21.808037 44.349705 168.176956
v 19.337133 41.404995 168.176956
v 16.968941 9.585522 104.854889
v 16.968941 -105.643379 108.854652
v 16.968941 9.625061 104.854889
v 16.968941 -105.643379 108.854652
v 16.968941 9.674679 104.854889
v 16.968941 9.625061 104.854889
v 20.108402 25.814989 114.051277
v 18.908401 25.391594 112.851280
v 18.908401 28.500443 110.345505
v 20.108402 29.492630 111.087067
v 17.216944 2.151671 76.394653
v 17.216944 9.674677 81.045486
v 17.216944 9.674677 76.394653
v 17.216944 9.674678 84.442551
v 17.216944 -3.842348 76.394653
v 17.216944 9.674679 104.854889
v 17.216944 -10.689037 104.854889
v 17.216944 -10.689039 76.394653
v -16.451050 -10.689038 85.703117
v -16.451050 -80.459404 85.764793
v -16.451050 -105.643379 83.505043
v -16.451050 -95.593025 85.764793
v -16.451050 -105.643379 85.764793
v -16.451050 -105.643379 83.075409
v -16.451050 -10.689038 83.075401
v -16.451050 -10.689037 104.854889
v -16.451050 -80.459404 89.167488
v -16.451050 -80.459404 107.793831
v -16.451050 -2.428711 104.854889
v -16.451050 -80.459404 107.878731
v -16.451050 2.938446 104.854889
v -16.451050 -80.459404 107.926964
v -16.451050 -80.459404 107.878731
v -16.451050 -2.428711 104.854889
v -16.451050 2.938446 104.854889
v -23.227692 52.092690 -10.916706
v -23.082399 52.665161 -21.871090
v -21.473509 53.275307 -21.599140
v -18.960047 68.907906 -17.254698
v -20.002954 65.335388 -8.487332
v -18.794052 64.369522 -9.287595
v 12.222442 56.478500 22.063316
v 15.551483 54.556473 22.063316
v 15.551483 54.556477 48.605568
v 12.222442 56.478504 48.605568
v 19.337133 55.223995 48.605568
v 19.337133 55.223991 22.063316
v 12.222442 56.478508 125.104523
v 15.551483 54.556480 125.104523
v 15.551483 54.556484 146.751373
v 12.222442 56.478512 146.751373
v 19.337133 55.224003 146.751373
v 19.337133 55.223999 125.104523
v 12.222442 56.478512 168.176956
v 15.551483 54.556484 168.176956
v 15.551483 54.556488 221.903976
v 12.222442 56.478516 221.903976
v 19.337133 55.224007 221.903976
v 19.337133 55.224003 168.176956
v -13.551669 50.486446 165.367126
v -16.830135 51.064526 165.367126
v -16.960875 51.805981 168.176956
v -13.175227 51.138462 168.176956
v -20.289919 49.883961 168.176956
v -19.713173 49.400005 165.367126
v -18.794052 64.369522 -9.287595
v -17.836845 67.604355 -17.526648
v -18.960047 68.907906 -17.254698
v -18.390511 18.145134 110.345505
v -18.390511 17.342575 108.400070
v -19.590513 16.142578 108.637878
v -19.590513 17.152962 111.087067
v 18.529497 30.185268 146.644073
v 18.529497 36.396618 146.644073
v 18.529497 36.176941 3.692574
v 18.529497 30.185257 3.692575
v 18.529497 40.061550 142.895630
v 18.529497 40.061539 7.762971
v 20.108402 16.142578 108.637878
v 18.908401 17.342575 108.400070
v 18.908401 18.145134 110.345505
v 20.108402 17.152962 111.087067
v -18.011606 30.185257 3.692575
v -18.011606 36.176941 3.692574
v -18.011606 36.396618 146.644073
v -18.011606 30.185268 146.644073
v -18.011606 40.061539 7.762971
v -18.011606 40.061550 142.895630
v -17.743736 53.649216 -14.235287
v -17.743736 51.583572 -19.910595
v -17.743736 60.412796 -19.910595
v -17.743736 53.649212 -25.585911
v -17.743736 58.879608 -11.215520
v -17.743736 64.827393 -12.264272
v -17.743736 58.879604 -28.605679
v -17.743736 68.709534 -16.890829
v -17.743736 64.827393 -27.556921
v -17.743736 68.709534 -22.930365
v -17.602541 -7.234120 93.553581
v -18.873043 -7.234120 87.292046
v -18.873043 8.234363 87.292046
v -17.602541 8.234363 93.553581
v -20.009430 -7.234121 84.814407
v -20.009430 8.234363 84.814407
v -18.873043 -7.234121 82.336777
v -18.873043 8.234363 82.336777
v -17.602541 -7.234121 73.660759
v -17.602541 8.234362 73.660759
v -20.865765 -83.683769 88.580925
v -17.469765 -80.017403 85.378754
v -19.517832 -91.960541 85.378754
v -22.913834 -92.658951 88.580925
v -17.469765 -109.524529 85.378754
v -20.865765 -83.683769 88.580925
v -19.517832 -91.960541 111.150078
v -19.517832 -91.960541 85.378754
v -17.469765 -80.017403 85.378754
v -17.469765 -80.017403 111.150078
v -17.469765 -109.524529 111.150078
v -17.469765 -109.524529 85.378754
v 16.968941 8.518138 83.075401
v 16.968941 8.518138 82.742943
v 16.968941 -107.048500 82.742950
v 12.231593 -107.048500 73.631500
v 16.968941 -107.048500 83.075409
v 12.298537 8.518137 73.760246
v 16.968941 -107.048500 108.483437
v 12.040804 -107.048500 73.264549
v 16.968941 8.518140 108.854645
v 12.040804 8.518137 73.264542
v 10.962107 8.518137 71.189857
v 10.962107 -107.048500 71.189865
v 16.968941 -107.048500 108.854652
v 5.658724 8.518140 119.770447
v 15.114344 -107.048500 110.644577
v 5.658724 -107.048500 119.770454
v -20.090708 44.243580 -30.797115
v -20.090708 52.945271 -40.746517
v -21.298651 52.288326 -41.830235
v -21.990709 42.548771 -31.745365
v -21.990709 48.961025 -39.077068
v -21.990709 42.548771 -31.745365
v -22.023203 48.804790 -38.946720
v -22.164381 48.126026 -38.380436
v -23.374262 42.309116 -33.527447
v -23.477886 41.250927 -32.471516
v 22.508598 42.548771 -31.745365
v 22.508598 48.961025 -39.077068
v 21.816540 52.288326 -41.830235
v 20.608599 44.243580 -30.797115
v 20.608599 52.945271 -40.746517
v -16.451050 -107.048500 83.075409
v -16.451050 -107.048500 82.742950
v -16.451050 8.518138 82.742943
v -11.780646 8.518137 73.760246
v -11.713702 -107.048500 73.631500
v -11.522913 8.518137 73.264542
v -11.522913 -107.048500 73.264549
v -10.444216 8.518137 71.189857
v -10.444216 -107.048500 71.189865
v -16.451050 8.518138 83.075401
v -16.451050 -107.048500 108.483437
v -16.451050 8.518140 108.854645
v -16.451050 -107.048500 108.854652
v -5.140833 8.518140 119.770447
v -14.596453 -107.048500 110.644577
v -5.140833 -107.048500 119.770454
v 23.892153 42.309116 -33.527447
v 22.508598 42.548771 -31.745365
v 24.138083 41.126728 -32.540997
v 22.682272 48.126026 -38.380436
v 22.541094 48.804790 -38.946720
v 22.508598 48.961025 -39.077068
v 12.072589 3.227628 64.257774
v -11.554698 3.227628 64.257774
v -11.554698 8.518136 64.257774
v 12.072589 8.518136 64.257774
v 12.072589 -5.589381 64.257774
v -11.554698 -5.589381 64.257774
v 12.072589 -16.120806 64.257774
v -11.554698 -16.120806 64.257774
v 12.072589 -24.203058 64.257774
v -11.554698 -24.203058 64.257774
v 12.072589 -37.428570 64.257774
v -11.554698 -37.428570 64.257774
v 12.072589 -50.409161 64.257774
v -11.554698 -50.409161 64.257774
v 12.072589 -67.106781 64.257782
v -11.554698 -67.106781 64.257782
v 12.072589 -86.871315 64.257782
v -11.554698 -86.871315 64.257782
v 12.072589 -102.887405 64.257782
v -11.554698 -102.887405 64.257782
v 12.072589 -107.048500 60.512802
v -11.554698 -107.048500 60.512802
v 11.285573 79.138985 -105.437050
v 11.990798 79.979439 -105.437050
v 11.224164 79.979439 -107.769447
v 10.973091 79.680222 -107.769447
v -17.743736 51.583572 -19.910595
v -17.743736 53.649216 -14.235287
v -20.993826 54.918602 -15.344074
v -20.993826 53.256523 -19.910595
v -17.836845 67.604355 -17.526648
v -18.794052 64.369522 -9.287595
v -19.570099 63.500114 -10.582448
v 24.456221 39.597179 -28.542683
v 24.408598 39.826130 -29.273800
v 24.408598 37.757576 -22.668360
v -22.655600 16.084810 134.653275
v -22.655600 17.130480 137.871490
v 23.173492 17.130480 137.871490
v 23.173492 16.084810 134.653275
v -22.655600 17.130480 131.435013
v 23.173492 17.130480 131.435013
v 18.960688 50.486446 165.367126
v 15.682220 51.064526 165.367126
v 15.551483 51.805981 168.176956
v 19.337133 51.138462 168.176956
v 12.222442 49.883961 168.176956
v 12.799186 49.400005 165.367126
v -19.590513 16.142578 108.637878
v -19.590513 16.142574 40.640656
v -22.655600 16.142574 40.640656
v -22.655600 16.142578 108.637878
v -19.590513 17.152962 111.087067
v -19.590513 16.142578 108.637878
v -22.655600 17.152962 111.087067
v -22.655600 20.830606 114.051277
v -19.590513 20.830606 114.051277
v -19.590513 17.152962 111.087067
v -22.655600 17.581377 37.785805
v -19.590513 16.142574 40.640656
v -19.590513 17.581377 37.785805
v -22.655600 20.830599 35.227261
v -19.590513 17.581377 37.785805
v -19.590513 20.830599 35.227261
v 20.108402 16.142574 40.640656
v 20.108402 16.142578 108.637878
v 23.173492 16.142578 108.637878
v 23.173492 16.142574 40.640656
v 20.108402 17.581377 37.785805
v 20.108402 16.142574 40.640656
v 23.173492 17.581377 37.785805
v 20.108402 20.830599 35.227261
v 20.108402 17.581377 37.785805
v 23.173492 20.830599 35.227261
v 23.173492 17.152962 111.087067
v 20.108402 16.142578 108.637878
v 20.108402 17.152962 111.087067
v 23.173492 20.830606 114.051277
v 20.108402 17.152962 111.087067
v 20.108402 20.830606 114.051277
v -19.570099 63.500114 -10.582448
v -18.751558 66.188583 -17.966673
v -17.836845 67.604355 -17.526648
v -11.411802 61.755253 165.367126
v -13.551669 64.305450 165.367126
v -13.175227 64.957474 168.176956
v -13.175227 64.957474 168.176956
v -10.704320 62.012760 168.176956
v 2.821945 64.332291 -151.463318
v -2.304054 64.332291 -151.463318
v -2.304054 64.332283 -158.016220
v 2.821945 64.332283 -158.016220
v -2.304054 64.332283 -162.296951
v 2.821945 64.332283 -162.296951
v 11.216141 -14.795031 71.678452
v 11.216141 -10.689039 71.678452
v 13.480847 -10.689039 71.678452
v 13.480847 -14.795031 71.678452
v 11.216141 -23.200573 71.678452
v 13.480847 -23.200573 71.678452
v 11.216141 -36.955105 71.678452
v 13.480847 -36.955105 71.678452
v 11.216141 -50.454922 71.678452
v 13.480847 -50.454922 71.678452
v 11.216141 -67.820442 71.678459
v 13.480847 -67.820442 71.678459
v 11.216141 -88.375565 71.678459
v 13.480847 -88.375565 71.678459
v 11.216141 -101.315849 71.678459
v 13.480847 -101.315849 71.678459
v 11.249923 -105.643379 71.743431
v 13.480847 -105.643379 71.743431
v -10.698249 -10.689039 71.678452
v -10.698249 -14.795031 71.678452
v -12.962956 -14.795031 71.678452
v -12.962956 -10.689039 71.678452
v -12.962956 -23.200573 71.678452
v -10.698249 -23.200573 71.678452
v -12.962956 -36.955105 71.678452
v -10.698249 -36.955105 71.678452
v -12.962956 -50.454922 71.678452
v -10.698249 -50.454922 71.678452
v -12.962956 -67.820442 71.678459
v -10.698249 -67.820442 71.678459
v -12.962956 -88.375565 71.678459
v -10.698249 -88.375565 71.678459
v -12.962956 -101.315849 71.678459
v -10.698249 -101.315849 71.678459
v -12.962956 -105.643379 71.743431
v -10.732032 -105.643379 71.743431
v 18.960688 55.876026 165.367126
v 21.100555 58.426220 165.367126
v 21.808037 58.168713 168.176956
v 19.337133 55.224003 168.176956
v -21.602360 54.955948 -21.159122
v -21.766129 54.310677 -11.859829
v -21.625858 52.675026 -11.276943
v -21.473509 53.275307 -21.599140
v -20.899529 60.229931 -31.099224
v -21.473509 53.275307 -21.599140
v -20.632008 59.095661 -32.394077
v -23.646219 56.426735 -16.609547
v -23.646219 59.469002 -14.853101
v -24.456221 59.618690 -15.701985
v -24.456221 62.497551 -16.209606
v -23.646219 62.928535 -15.463109
v -24.456221 59.618690 -15.701985
v -24.456221 57.087051 -17.163624
v -17.602541 -7.234121 73.660759
v -19.165583 -7.234121 73.660759
v -19.165583 8.234362 73.660759
v -17.602541 8.234362 73.660759
v 19.718397 67.784760 55.040031
v 18.005198 67.784760 55.040031
v 18.005198 67.784744 -63.122349
v 19.718397 67.784744 -63.122349
v 16.143978 67.784744 -57.586475
v 16.143978 67.784760 55.040031
v -15.594527 67.784744 -57.586475
v 18.005198 67.784744 -63.195278
v 19.718397 67.784744 -63.195278
v 17.041103 67.784744 -73.674507
v -17.153051 67.784744 -63.122349
v 15.563610 67.784744 -73.674507
v 17.041103 67.784744 -74.498573
v 15.563610 67.784744 -74.498573
v 17.041103 67.799011 -83.173561
v 15.563610 67.799011 -83.173561
v 17.041103 63.020706 -99.441826
v 15.563610 63.020706 -99.441826
v 17.041103 63.006447 -114.884315
v 15.563610 63.006447 -114.884315
v -14.757452 63.020706 -99.441826
v -14.757452 63.006447 -114.884315
v -16.523212 63.020706 -99.441826
v -16.523212 63.006447 -114.884315
v -16.523212 67.799011 -83.173561
v -14.757452 67.799011 -83.173561
v -16.523212 67.784744 -74.498573
v -14.757452 67.784744 -74.498573
v -16.523212 67.784744 -73.674507
v -14.757452 67.784744 -73.674507
v -19.200508 67.784744 -63.195278
v -17.153051 67.784744 -63.195278
v -19.200508 67.784744 -63.122349
v -19.200508 67.784767 169.011154
v -15.626088 67.784744 -57.586475
v -15.626088 67.784767 166.697556
v -17.153051 67.784767 169.011154
v -19.200508 67.784767 200.360504
v -15.626088 67.784767 169.011154
v -17.153051 67.784767 200.360504
v -19.200508 67.784767 217.574203
v -15.626088 67.784767 200.360504
v -17.153051 67.784767 217.574203
v -15.626088 67.784767 217.574203
v 18.005198 67.784760 118.607208
v 19.718397 67.784760 118.607208
v 19.718397 67.784767 169.011154
v 18.005198 67.784767 169.011154
v 19.718397 67.784767 200.360504
v 16.143978 67.784767 169.011154
v 16.143978 67.784760 118.607208
v 16.143978 67.784767 200.360504
v 18.005198 67.784767 200.360504
v 19.718397 67.784767 217.574203
v 16.143978 67.784767 217.574203
v 18.005198 67.784767 217.574203
v -12.228659 68.679466 -149.178864
v -12.228659 68.679466 -113.927803
v -15.137914 68.679466 -113.927803
v -12.129156 68.679466 -149.178864
v -12.129156 68.679466 -113.927803
v -15.137914 68.679466 -149.178864
v -15.679349 68.679466 -113.927803
v -15.679349 68.679466 -149.178864
v 12.771861 68.679466 -149.178864
v 15.681118 68.679466 -149.178864
v 15.681118 68.679466 -113.927803
v 16.222553 68.679466 -113.927803
v 16.222553 68.679466 -149.178864
v 12.771861 68.679466 -113.927803
v 12.672359 68.679466 -149.178864
v 12.672359 68.679466 -113.927803
v 12.545945 68.962402 -148.404510
v -12.028054 68.962402 -148.404510
v -12.028054 68.962395 -153.542236
v 12.545945 68.962395 -153.542236
v 12.545945 68.962402 -113.004494
v -12.028054 68.962402 -113.004494
v -22.266369 54.628105 -5.952152
v -21.588778 60.518257 -5.501409
v -22.966242 60.819962 -6.524312
v -22.966242 60.819962 -6.524312
v -23.493744 55.521172 -6.806980
v -18.751558 66.188583 -17.966673
v -18.581932 66.856941 -28.615988
v -17.678638 68.227722 -29.198874
v -17.836845 67.604355 -17.526648
v 18.908924 44.453949 124.997543
v 17.794544 44.453949 123.669472
v 18.722218 46.309288 122.062698
v 18.722218 46.309288 122.062698
v 20.652378 46.309288 124.362984
v 18.908924 44.453949 124.997543
v -11.330974 80.180374 178.498581
v -11.976493 81.953918 178.498581
v -11.271942 81.735260 180.830978
v -10.852223 80.582092 180.830978
v -19.713173 43.143452 165.367126
v -16.830135 41.478939 165.367126
v -16.960875 40.737484 168.176956
v -20.289919 42.659512 168.176956
v -13.175227 41.404995 168.176956
v -13.551669 42.057018 165.367126
v 19.167681 61.051750 120.237785
v 17.932228 62.524094 120.237785
v 18.960688 64.305443 122.294708
v 21.100555 61.755249 122.294708
v 17.216944 9.674677 81.045486
v 20.901251 9.674677 81.045486
v 17.216944 9.674677 76.394653
v 20.901251 9.674678 84.442551
v 17.216944 9.674678 84.442551
v 20.901251 9.674681 120.473763
v 17.216944 9.674679 104.854889
v 16.968941 9.674679 104.854889
v 16.968941 9.674680 108.854645
v 5.658724 9.674680 119.770447
v -5.140833 9.674680 119.770447
v -20.383358 9.674681 120.473763
v -16.451050 9.674680 108.854645
v -16.451050 9.674679 104.854889
v -20.383358 9.674679 104.854889
v -20.383358 9.674681 124.699829
v 20.901251 9.674681 124.699829
v -6.411547 9.674682 141.626694
v 6.929437 9.674682 141.626694
v -18.390511 21.254005 112.851280
v -18.390511 18.145134 110.345505
v -19.590513 17.152962 111.087067
v -19.590513 20.830606 114.051277
v 3.683229 8.775813 37.664688
v -3.163254 8.775813 37.664688
v -3.163254 8.775814 45.989998
v 3.683229 8.775814 45.989998
v 10.962107 8.518137 71.189857
v 12.040804 8.518137 73.264542
v 18.702648 8.518137 73.264542
v 12.072589 8.518136 64.257774
v -11.554698 8.518136 64.257774
v -10.444216 8.518137 71.189857
v -18.184757 8.518137 73.264542
v -11.522913 8.518137 73.264542
v -11.780646 8.518137 73.760246
v -18.184757 8.518137 73.760246
v -16.451050 8.518138 82.742943
v 18.702648 8.518137 73.760246
v 12.298537 8.518137 73.760246
v 16.968941 8.518138 82.742943
v 16.968941 8.518138 83.075401
v 16.968941 8.518140 108.854645
v 18.702648 8.518141 120.840958
v 5.658724 8.518140 119.770447
v -5.140833 8.518140 119.770447
v -18.184757 8.518141 120.840958
v -16.451050 8.518140 108.854645
v -16.451050 8.518138 83.075401
v -18.184757 8.518141 123.760391
v 18.702648 8.518141 123.760391
v -5.701076 8.518142 140.036224
v 6.218966 8.518142 140.036224
v -16.451050 8.518138 83.075401
v -16.451050 8.518138 82.742943
v -18.184757 8.518137 73.760246
v 16.968941 8.518138 83.075401
v 18.702648 8.518137 73.760246
v 16.968941 8.518138 82.742943
v 20.108402 17.152962 111.087067
v 18.908401 18.145134 110.345505
v 18.908401 21.254005 112.851280
v 20.108402 20.830606 114.051277
v 9.941830 8.280377 62.439194
v -9.400711 8.280377 62.439194
v -9.400711 8.280377 64.891518
v 9.941830 8.280377 64.891518
v -18.873043 8.234363 87.292046
v -20.436089 8.234363 87.292046
v -19.165583 8.234363 93.553581
v -17.602541 8.234363 93.553581
v -20.009430 8.234363 84.814407
v -21.572474 8.234363 84.814407
v -18.873043 8.234363 82.336777
v -20.436089 8.234363 82.336777
v -17.602541 8.234362 73.660759
v -19.165583 8.234362 73.660759
v 17.932228 62.524094 120.237785
v 16.039402 62.857857 120.237785
v 15.682220 64.883537 122.294708
v 18.960688 64.305443 122.294708
v -11.411802 47.936260 165.367126
v -13.551669 50.486446 165.367126
v -13.175227 51.138462 168.176956
v -10.704320 48.193752 168.176956
v -15.626088 72.976723 258.438171
v 16.113386 72.976707 118.607208
v 16.143978 72.976707 118.607208
v 16.143978 72.976723 258.438171
v 16.113386 72.976707 55.040031
v -15.626088 72.976692 -57.586475
v 16.143978 72.976707 55.040031
v -15.626088 72.976692 -57.586475
v 16.143978 72.976692 -57.586475
v 16.113386 72.976707 55.040031
v -17.923214 69.184738 -83.372841
v -17.923214 64.406448 -99.641121
v -16.523212 63.020706 -99.441826
v -16.523212 67.799011 -83.173561
v 18.441103 64.406448 -99.641121
v 18.441103 69.184738 -83.372841
v 17.041103 67.799011 -83.173561
v 17.041103 63.020706 -99.441826
v -18.390511 25.391594 112.851280
v -18.390511 21.254005 112.851280
v -19.590513 20.830606 114.051277
v -19.590513 25.814989 114.051277
v 20.108402 20.830606 114.051277
v 18.908401 21.254005 112.851280
v 18.908401 25.391594 112.851280
v 20.108402 25.814989 114.051277
v 20.652378 46.309288 124.362984
v 18.722218 46.309288 122.062698
v 19.061769 48.843735 121.474579
v 21.290527 48.843735 124.130707
v 19.061769 58.124245 121.474571
v 21.290527 58.124245 124.130699
v 18.722218 60.658691 122.062691
v 20.652378 60.658691 124.362976
v 12.799186 43.143452 165.367126
v 15.682220 41.478939 165.367126
v 15.551483 40.737484 168.176956
v 12.222442 42.659512 168.176956
v 19.337133 41.404995 168.176956
v 18.960688 42.057018 165.367126
v 13.164542 46.309288 123.042671
v 12.137526 46.309288 125.864365
v 11.458422 48.843735 125.864365
v 12.644319 48.843735 122.606148
v 11.458422 58.124245 125.864357
v 12.644319 58.124245 122.606140
v 12.137526 60.658691 125.864357
v 13.164542 60.658691 123.042664
v 13.992871 62.514046 125.864357
v 14.585821 62.514046 124.235252
v 19.167681 59.129715 120.237785
v 19.167681 61.051750 120.237785
v 21.100555 61.755249 122.294708
v 21.100555 58.426216 122.294708
v -23.646219 56.426735 -16.609547
v -23.646219 55.225250 -19.910595
v -20.993826 55.225250 -19.910595
v -20.993826 56.426735 -16.609547
v 12.799186 56.962456 122.294708
v 15.682220 55.297935 122.294708
v 15.551483 54.556480 125.104523
v 12.222442 56.478508 125.104523
v 19.337133 55.223999 125.104523
v 18.960688 55.876022 122.294708
v 15.765041 60.658691 121.541252
v 13.164542 60.658691 123.042664
v 14.585821 62.514046 124.235252
v 16.087219 62.514046 123.368416
v 15.765041 60.658691 121.541252
v -21.625858 52.675026 -11.276943
v -20.761654 54.827782 -6.806980
v -22.266369 54.628105 -5.952152
v -22.266369 54.628105 -5.952152
v -23.227692 52.092690 -10.916706
v -21.625858 52.675026 -11.276943
v 12.545945 80.190437 262.839874
v -12.028054 80.190437 262.839874
v -12.028054 80.190430 223.456772
v 12.545945 80.190430 223.456772
v -11.411802 44.607212 165.367126
v -11.411802 47.936260 165.367126
v -10.704320 48.193752 168.176956
v -10.704320 44.349705 168.176956
v -11.411802 58.426220 165.367126
v -11.411802 61.755253 165.367126
v -10.704320 62.012760 168.176956
v -10.704320 58.168713 168.176956
v -13.551669 42.057018 165.367126
v -11.411802 44.607212 165.367126
v -10.704320 44.349705 168.176956
v -13.175227 41.404995 168.176956
v -11.574368 80.771034 263.896667
v -13.609721 80.771034 263.896667
v -13.609721 80.771027 221.127350
v -11.574368 80.771027 221.127350
v 12.117574 80.771034 263.896667
v 12.117574 80.771027 221.127350
v 14.152925 80.771027 221.127350
v 14.152925 80.771034 263.896667
v 16.039402 62.857857 120.237785
v 14.374881 61.896843 120.237785
v 12.799186 63.219017 122.294708
v 15.682220 64.883537 122.294708
v -8.705651 81.884331 259.906372
v -11.405068 81.884331 259.906372
v -11.405068 81.884323 225.117615
v -8.705651 81.884323 225.117615
v 9.248856 81.884331 259.906372
v 9.248856 81.884323 225.117615
v 11.948273 81.884323 225.117615
v 11.948273 81.884331 259.906372
v -19.713173 56.962460 165.367126
v -16.830135 55.297939 165.367126
v -16.960875 54.556484 168.176956
v -20.289919 56.478512 168.176956
v -13.175227 55.224003 168.176956
v -13.551669 55.876026 165.367126
v -9.647010 83.377419 -117.797340
v -9.770090 83.377419 -117.797340
v -9.770090 83.377419 -145.309311
v -9.647010 83.377419 -145.309311
v -11.831986 83.377419 -117.797340
v -11.831986 83.377419 -145.309311
v -12.377509 83.377419 -117.797340
v -12.377509 83.377419 -145.309311
v 10.190213 83.377419 -117.797340
v 10.190213 83.377419 -145.309311
v 10.313294 83.377419 -145.309311
v 10.313294 83.377419 -117.797340
v 12.375190 83.377419 -117.797340
v 12.375190 83.377419 -145.309311
v 12.920713 83.377419 -117.797340
v 12.920713 83.377419 -145.309311
v -20.090708 58.095913 -41.328831
v -20.310886 57.037334 -41.964581
v -20.090708 56.978672 -41.723820
v -20.090708 52.945271 -40.746517
v -21.298651 52.288326 -41.830235
v 20.828775 57.037334 -41.964581
v 20.608599 58.095913 -41.328831
v 20.608599 56.978672 -41.723820
v 20.608599 52.945271 -40.746517
v 21.816540 52.288326 -41.830235
v 5.661143 83.801628 -124.787727
v -5.117939 83.801628 -124.787727
v -5.117939 83.801628 -133.255112
v 5.661143 83.801628 -133.255112
v 9.941830 -23.197466 2.172628
v -9.400711 -23.197466 2.172628
v -9.400711 -27.257706 4.168135
v 9.941830 32.884651 2.571009
v -9.400711 32.884651 2.571009
v 6.318227 -4.779440 118.383385
v -5.800336 -4.779440 118.383385
v -5.800336 -4.779439 132.087540
v 6.318227 -4.779439 132.087540
v -18.581932 66.856941 -28.615988
v -19.131571 64.691269 -30.808874
v -18.385420 65.442886 -32.192013
v -17.743736 53.649216 -14.235287
v -17.743736 58.879608 -11.215520
v -20.993826 59.127129 -12.914281
v -20.993826 54.918602 -15.344074
v -20.993826 63.912895 -13.758138
v -17.743736 64.827393 -12.264272
v -18.385420 65.442886 -32.192013
v -17.678638 68.227722 -29.198874
v -18.581932 66.856941 -28.615988
v -20.234152 60.126564 -6.524312
v -18.794052 64.369522 -9.287595
v -20.002954 65.335388 -8.487332
v 20.637552 44.122368 -1.836040
v 20.637552 48.620193 -1.836041
v -20.119661 48.620193 -1.836041
v 20.274967 49.476929 -1.836041
v -19.757078 49.476929 -1.836041
v -20.119661 44.122368 -1.836040
v 20.637552 43.788788 -1.836040
v -20.119661 43.788788 -1.836040
v -20.119661 41.507050 -1.836040
v 20.637552 41.507050 -1.836040
v -21.990709 39.636009 -1.836040
v 22.508598 39.636009 -1.836040
v 22.547426 39.597183 -1.836040
v -22.029537 39.597183 -1.836040
v 24.379642 37.764969 -1.836040
v -23.861752 37.764969 -1.836040
v -23.938328 30.852539 -1.836039
v -23.938328 37.764969 -1.836040
v 24.456221 37.764969 -1.836040
v 24.456221 30.852539 -1.836039
v -22.931595 24.320831 -1.836039
v 23.449486 24.320831 -1.836039
v -21.965792 18.054680 -1.836038
v 22.483683 18.054680 -1.836038
v -12.363684 9.035812 -1.836038
v 12.881574 9.035812 -1.836038
v 12.799186 56.962460 165.367126
v 15.682220 55.297939 165.367126
v 15.551483 54.556484 168.176956
v 12.222442 56.478512 168.176956
v 19.337133 55.224003 168.176956
v 18.960688 55.876026 165.367126
v 17.932228 57.657364 120.237785
v 19.167681 59.129715 120.237785
v 21.100555 58.426216 122.294708
v 18.960688 55.876022 122.294708
v -18.137476 44.465618 163.310211
v -18.794847 46.271732 163.310211
v -15.985039 46.271732 162.557312
v -18.137476 48.077839 163.310211
v -18.137476 44.465618 163.310211
v -19.713173 43.143452 165.367126
v -20.851772 46.271732 165.367126
v -18.137476 48.077839 163.310211
v -19.713173 49.400005 165.367126
v -19.713173 43.143452 165.367126
v -20.289919 42.659512 168.176956
v -19.713173 49.400005 165.367126
v -20.289919 49.883961 168.176956
v -18.137476 58.284626 163.310211
v -18.794847 60.090733 163.310211
v -15.985039 60.090733 162.557312
v -18.137476 61.896847 163.310211
v -18.137476 58.284626 163.310211
v -19.713173 56.962460 165.367126
v -20.851772 60.090733 165.367126
v -18.137476 61.896847 163.310211
v -19.713173 63.219021 165.367126
v -19.713173 56.962460 165.367126
v -20.289919 56.478512 168.176956
v -19.713173 63.219021 165.367126
v -20.289919 63.702953 168.176956
v -13.551669 55.876026 165.367126
v -11.411802 58.426220 165.367126
v -10.704320 58.168713 168.176956
v -13.175227 55.224003 168.176956
v -19.131571 64.691269 -30.808874
v -19.544947 63.062489 -31.271786
v -19.041639 62.857265 -32.926876
v -20.632008 59.095661 -32.394077
v -18.385420 65.442886 -32.192013
v -19.757078 49.476925 -25.349018
v 20.274967 49.476925 -25.349018
v 20.274967 59.699963 -33.527447
v -19.757078 59.699963 -33.527447
v -16.451050 -10.689037 104.854889
v -16.451050 -10.689038 85.703117
v -20.383358 -10.689038 83.466248
v -20.383358 -10.689037 104.854889
v -16.451050 -10.689038 83.075401
v -20.383358 -10.689039 81.045486
v -16.451050 -10.689038 82.742943
v -11.521896 -10.689039 73.262589
v -12.962956 -10.689039 71.678452
v -10.698249 -10.689039 71.678452
v 16.968941 -10.689037 104.854889
v 17.216944 -10.689037 104.854889
v 16.968941 -10.689037 104.713814
v 16.968941 -10.689037 104.713814
v 17.216944 -10.689037 104.854889
v 16.968941 -10.689037 104.582260
v 16.968941 -10.689038 83.075401
v 16.968941 -10.689037 104.582260
v 17.216944 -10.689037 104.854889
v 17.216944 -10.689039 76.394653
v 16.968941 -10.689038 82.742943
v 17.216944 -10.689039 76.394653
v 13.480847 -10.689039 71.678452
v 11.216141 -10.689039 71.678452
v 17.216944 -10.689039 76.394653
v 16.968941 -10.689038 82.742943
v 16.968941 -10.689038 83.075401
v -20.761654 54.827782 -6.806980
v -20.234152 60.126564 -6.524312
v -21.588778 60.518257 -5.501409
v -20.002954 65.335388 -8.487332
v -5.140833 30.681894 119.770447
v -16.451050 30.681892 108.854645
v -15.626088 36.655182 109.650841
v -5.140833 36.655182 119.770447
v -16.451050 47.711479 108.854645
v -15.626088 47.711479 109.650841
v 5.658724 36.655182 119.770447
v 16.143978 36.655182 109.650841
v 16.968941 30.681892 108.854645
v 5.658724 30.681894 119.770447
v 16.143978 47.711479 109.650841
v 16.968941 47.711479 108.854645
v -14.472672 -95.589348 110.764053
v -14.283713 -105.643379 110.946411
v -14.472672 -105.643379 110.764053
v -12.516347 -105.643379 112.652138
v -16.451050 -80.459404 108.854652
v -16.451050 9.674680 108.854645
v -14.757032 -80.459404 110.489601
v -14.472672 -80.459404 110.764053
v -5.140833 9.674680 119.770447
v -5.140833 9.674680 119.770447
v -14.472672 -95.589348 110.764053
v -14.472672 -80.459404 110.764053
v 14.801604 -105.643379 110.946411
v 16.968941 9.674680 108.854645
v 16.968941 -105.643379 108.854652
v 5.658724 9.674680 119.770447
v 16.087219 44.453949 123.368423
v 14.585821 44.453949 124.235260
v 13.164542 46.309288 123.042671
v 15.765041 46.309288 121.541260
v 16.087219 44.453949 123.368423
v -23.646219 62.928535 -15.463109
v -23.646219 59.469002 -14.853101
v -20.993826 59.469002 -14.853101
v -20.993826 62.928535 -15.463109
v -21.588778 60.518257 -5.501409
v -22.266369 54.628105 -5.952152
v -20.761654 54.827782 -6.806980
v 16.968941 -10.689037 104.854889
v 16.968941 9.585522 104.854889
v 17.216944 9.674679 104.854889
v 17.216944 9.674679 104.854889
v 17.216944 -10.689037 104.854889
v 16.968941 -10.689037 104.854889
v 16.968941 9.625061 104.854889
v 16.968941 9.585522 104.854889
v 16.968941 9.674679 104.854889
v -20.383358 -3.842346 104.854889
v -16.451050 -2.428711 104.854889
v -16.451050 -10.689037 104.854889
v -20.383358 -10.689037 104.854889
v -16.451050 2.938446 104.854889
v -20.383358 2.151673 104.854889
v -16.451050 9.674679 104.854889
v -20.383358 9.674679 104.854889
v -9.400711 -20.854597 62.439194
v 9.941830 -20.854597 62.439194
v 9.941830 -30.836525 48.038940
v -16.472956 62.857861 163.310211
v -18.137476 61.896847 163.310211
v -19.713173 63.219021 165.367126
v -16.830135 64.883545 165.367126
v 19.167681 61.051754 163.310211
v 17.932228 62.524097 163.310211
v 18.960688 64.305450 165.367126
v 21.100555 61.755253 165.367126
v 16.039402 57.323608 120.237785
v 17.932228 57.657364 120.237785
v 18.960688 55.876022 122.294708
v 15.682220 55.297935 122.294708
v 17.932228 62.524097 163.310211
v 16.039402 62.857861 163.310211
v 15.682220 64.883545 165.367126
v 18.960688 64.305450 165.367126
v -19.544947 63.062489 -31.271786
v -20.899529 60.229931 -31.099224
v -20.632008 59.095661 -32.394077
v 13.717510 60.090729 120.237785
v 14.374881 58.284622 120.237785
v 12.799186 56.962456 122.294708
v 11.660585 60.090729 122.294708
v 14.374881 61.896843 120.237785
v 12.799186 63.219017 122.294708
v -8.162547 80.881882 182.538422
v -6.591331 81.158936 182.538422
v -5.737613 79.680244 180.830978
v -8.459040 79.200386 180.830978
v -23.646219 59.469002 -14.853101
v -23.646219 56.426735 -16.609547
v -20.993826 56.426735 -16.609547
v -20.993826 59.469002 -14.853101
v -14.472672 -95.589348 110.764053
v -20.040520 -105.643379 110.764053
v -20.383358 -105.643379 110.764053
v -14.472672 -105.643379 110.764053
v -20.383358 -101.315849 110.764053
v -14.472672 -80.459404 110.764053
v -20.383358 -88.375565 110.764053
v -20.383358 -80.459404 110.764053
v -14.580132 62.524097 163.310211
v -16.472956 62.857861 163.310211
v -16.830135 64.883545 165.367126
v -13.551669 64.305450 165.367126
v 19.167681 47.232746 163.310211
v 17.932228 48.705097 163.310211
v 18.960688 50.486446 165.367126
v 21.100555 47.936260 165.367126
v 8.548157 80.881882 182.538422
v 8.251663 79.200386 180.830978
v 7.057846 81.588470 182.396637
v 5.858480 80.582092 180.830978
v 7.347318 81.575195 182.538422
v 8.548157 80.881882 182.538422
v 10.973091 79.680244 180.830978
v 8.251663 79.200386 180.830978
v 10.119374 81.158936 182.538422
v 19.167681 45.310719 163.310211
v 19.167681 47.232746 163.310211
v 21.100555 47.936260 165.367126
v 21.100555 44.607212 165.367126
v 19.167681 59.129719 163.310211
v 19.167681 61.051754 163.310211
v 21.100555 61.755253 165.367126
v 21.100555 58.426220 165.367126
v 14.374881 58.284622 120.237785
v 16.039402 57.323608 120.237785
v 15.682220 55.297935 122.294708
v 12.799186 56.962456 122.294708
v -19.590513 25.814989 114.051277
v -19.590513 20.830606 114.051277
v -22.655600 20.830606 114.051277
v -22.655600 25.814989 114.051277
v 20.108402 20.830606 114.051277
v 20.108402 25.814989 114.051277
v 23.173492 25.814989 114.051277
v 23.173492 20.830606 114.051277
v -9.400711 -27.257706 4.168135
v 9.941830 -27.257706 4.168135
v 9.941830 -23.197466 2.172628
v -16.472956 49.038853 163.310211
v -18.137476 48.077839 163.310211
v -19.713173 49.400005 165.367126
v -16.830135 51.064526 165.367126
v -20.270456 67.285477 -28.615988
v -20.820097 65.119804 -30.808874
v -19.131571 64.691269 -30.808874
v -18.581932 66.856941 -28.615988
v -5.140833 5.922830 119.770447
v -16.451050 5.922829 108.854645
v -16.451050 30.185265 108.854645
v -5.140833 30.185266 119.770447
v 5.658724 5.922830 119.770447
v 5.658724 30.185266 119.770447
v 16.968941 5.922829 108.854645
v 16.968941 30.185265 108.854645
v -6.591331 81.158936 182.538422
v -6.242049 81.575195 182.538422
v -4.013254 81.735260 180.830978
v -4.013254 81.735260 180.830978
v -5.737613 79.680244 180.830978
v -8.162547 80.881882 182.538422
v -8.459040 79.200386 180.830978
v -9.652858 81.588470 182.396637
v -10.852223 80.582092 180.830978
v -9.363386 81.575195 182.538422
v -8.162547 80.881882 182.538422
v 17.794544 44.453949 123.669472
v 16.087219 44.453949 123.368423
v 15.765041 46.309288 121.541260
v 18.722218 46.309288 122.062698
v 15.647116 48.843735 120.872482
v 19.061769 48.843735 121.474579
v 15.647116 58.124245 120.872475
v 19.061769 58.124245 121.474571
v 15.765041 60.658691 121.541252
v 18.722218 60.658691 122.062691
v 16.087219 62.514046 123.368416
v 17.794544 62.514046 123.669464
v 9.941830 -30.836525 48.038940
v -9.400711 -30.836525 48.038940
v -9.400711 -20.854597 62.439194
v 9.941830 -33.498749 43.148251
v -9.400711 -33.498749 43.148251
v 9.941830 -33.376068 15.349566
v -9.400711 -33.376068 15.349566
v 9.941830 -31.456350 9.025160
v -9.400711 -31.456350 9.025160
v 9.941830 -27.257706 4.168135
v -9.400711 -27.257706 4.168135
v 16.039402 62.857861 163.310211
v 14.374881 61.896847 163.310211
v 12.799186 63.219021 165.367126
v 15.682220 64.883545 165.367126
v 17.932228 48.705097 163.310211
v 16.039402 49.038853 163.310211
v 15.682220 51.064526 165.367126
v 18.960688 50.486446 165.367126
v 6.318227 -14.200377 118.383385
v -5.800336 -14.200377 118.383385
v -5.800336 -4.779440 118.383385
v 6.318227 -4.779440 118.383385
v 6.318227 -31.763704 118.383385
v -5.800336 -31.763704 118.383385
v 6.318227 -42.759914 118.383385
v -5.800336 -42.759914 118.383385
v 15.765041 46.309288 121.541260
v 13.164542 46.309288 123.042671
v 12.644319 48.843735 122.606148
v 15.647116 48.843735 120.872482
v 12.644319 58.124245 122.606140
v 15.647116 58.124245 120.872475
v 13.164542 60.658691 123.042664
v 15.765041 60.658691 121.541252
v 16.143978 72.976707 118.607208
v 18.529497 53.153687 118.607208
v 16.143978 53.153687 118.607208
v 18.529497 76.194382 118.607208
v 16.143978 72.976707 118.607208
v 16.113386 72.976707 118.607208
v 16.113386 77.939034 118.607208
v 21.118399 69.184753 118.607208
v 19.718397 67.784760 118.607208
v 18.005198 67.784760 118.607208
v 21.118399 80.640114 118.607208
v 17.319139 82.843361 118.607208
v 18.966108 82.843361 118.607208
v 16.143978 72.976707 118.607208
v 16.143978 67.784760 118.607208
v 16.113386 72.976707 118.607208
v 16.113386 82.843361 118.607208
v 17.932228 43.838367 163.310211
v 19.167681 45.310719 163.310211
v 21.100555 44.607212 165.367126
v 18.960688 42.057018 165.367126
v 5.658724 -107.048500 119.770454
v -5.140833 -107.048500 119.770454
v -5.140833 8.518140 119.770447
v 5.658724 8.518140 119.770447
v 5.658724 30.681894 119.770447
v -5.140833 30.681894 119.770447
v -5.140833 36.655182 119.770447
v 5.658724 36.655182 119.770447
v 14.374881 58.284622 120.237785
v 13.717510 60.090729 120.237785
v 16.527321 60.090729 119.484909
v 14.374881 61.896843 120.237785
v 14.374881 61.896843 120.237785
v 16.039402 62.857857 120.237785
v 16.039402 62.857857 120.237785
v 17.932228 62.524094 120.237785
v 17.932228 62.524094 120.237785
v 19.167681 61.051750 120.237785
v 19.167681 61.051750 120.237785
v 19.167681 59.129715 120.237785
v 19.167681 59.129715 120.237785
v 17.932228 57.657364 120.237785
v 17.932228 57.657364 120.237785
v 16.039402 57.323608 120.237785
v 16.039402 57.323608 120.237785
v 14.374881 58.284622 120.237785
v -14.580132 48.705097 163.310211
v -16.472956 49.038853 163.310211
v -16.830135 51.064526 165.367126
v -13.551669 50.486446 165.367126
v -18.137476 44.465618 163.310211
v -16.472956 43.504604 163.310211
v -16.830135 41.478939 165.367126
v -19.713173 43.143452 165.367126
v -8.321668 79.979439 -108.560555
v -8.459040 79.200363 -107.769447
v -5.737613 79.680222 -107.769447
v -5.910367 79.979439 -108.114952
v -21.233473 63.491032 -31.271788
v -22.588053 60.658474 -31.099224
v -20.899529 60.229931 -31.099224
v -19.544947 63.062489 -31.271786
v -13.344678 61.051754 163.310211
v -14.580132 62.524097 163.310211
v -13.551669 64.305450 165.367126
v -11.411802 61.755253 165.367126
v 5.438761 81.735260 180.830978
v 7.057846 81.588470 182.396637
v 5.858480 80.582092 180.830978
v 8.389037 79.979439 -108.560555
v 6.902259 79.979439 -107.769447
v 8.251663 79.200363 -107.769447
v 17.932228 57.657368 163.310211
v 19.167681 59.129719 163.310211
v 21.100555 58.426220 165.367126
v 18.960688 55.876026 165.367126
v 8.389037 79.979439 -108.560555
v 8.251663 79.200363 -107.769447
v 10.973091 79.680222 -107.769447
v 10.973091 79.680222 -107.769447
v 10.800338 79.979439 -108.114952
v 8.389037 79.979439 -108.560555
v 10.119374 81.158936 182.538422
v 10.468655 81.575195 182.538422
v 12.697451 81.735260 180.830978
v 10.973091 79.680244 180.830978
v 16.039402 49.038853 163.310211
v 14.374881 48.077839 163.310211
v 12.799186 49.400005 165.367126
v 15.682220 51.064526 165.367126
v -20.820097 65.119804 -30.808874
v -21.233473 63.491032 -31.271788
v -19.544947 63.062489 -31.271786
v -19.131571 64.691269 -30.808874
v 16.039402 43.504604 163.310211
v 17.932228 43.838367 163.310211
v 18.960688 42.057018 165.367126
v 15.682220 41.478939 165.367126
v -5.486538 79.979439 -107.769447
v -5.910367 79.979439 -108.114952
v -5.737613 79.680222 -107.769447
v -8.321668 79.979439 -108.560555
v -9.808443 79.979439 -107.769447
v -8.459040 79.200363 -107.769447
v -13.344678 47.232746 163.310211
v -14.580132 48.705097 163.310211
v -13.551669 50.486446 165.367126
v -11.411802 47.936260 165.367126
v -16.472956 43.504604 163.310211
v -14.580132 43.838367 163.310211
v -13.551669 42.057018 165.367126
v -16.830135 41.478939 165.367126
v -18.137476 58.284626 163.310211
v -16.472956 57.323612 163.310211
v -16.830135 55.297939 165.367126
v -19.713173 56.962460 165.367126
v 14.374881 44.465618 163.310211
v 16.039402 43.504604 163.310211
v 15.682220 41.478939 165.367126
v 12.799186 43.143452 165.367126
v -5.117939 87.019249 -124.787727
v 5.661143 87.019249 -124.787727
v 5.294766 87.385612 -125.154121
v -4.751563 87.385612 -125.154121
v -11.271942 81.735260 180.830978
v -9.652858 81.588470 182.396637
v -10.852223 80.582092 180.830978
v -13.344678 45.310719 163.310211
v -13.344678 47.232746 163.310211
v -11.411802 47.936260 165.367126
v -11.411802 44.607212 165.367126
v -13.344678 59.129719 163.310211
v -13.344678 61.051754 163.310211
v -11.411802 61.755253 165.367126
v -11.411802 61.755253 165.367126
v -11.411802 58.426220 165.367126
v -13.344678 59.129719 163.310211
v -14.580132 43.838367 163.310211
v -13.344678 45.310719 163.310211
v -11.411802 44.607212 165.367126
v -13.551669 42.057018 165.367126
v 16.039402 57.323612 163.310211
v 17.932228 57.657368 163.310211
v 18.960688 55.876026 165.367126
v 15.682220 55.297939 165.367126
v 23.173492 19.868092 139.860489
v 23.173492 17.130480 137.871490
v -22.655600 17.130480 137.871490
v -22.655600 19.868092 139.860489
v 23.173492 23.251942 139.860489
v -22.655600 23.251942 139.860489
v 23.173492 25.989542 137.871490
v -22.655600 25.989542 137.871490
v 11.224164 79.979439 -107.769447
v 10.800338 79.979439 -108.114952
v 10.973091 79.680222 -107.769447
v -16.472956 57.323612 163.310211
v -14.580132 57.657368 163.310211
v -13.551669 55.876026 165.367126
v -16.830135 55.297939 165.367126
v 14.374881 58.284626 163.310211
v 16.039402 57.323612 163.310211
v 15.682220 55.297939 165.367126
v 12.799186 56.962460 165.367126
v -14.580132 57.657368 163.310211
v -13.344678 59.129719 163.310211
v -11.411802 58.426220 165.367126
v -13.551669 55.876026 165.367126
v 11.527946 24.501934 144.180679
v -11.010055 24.501934 144.180679
v -11.010055 35.457874 144.180679
v 11.527946 35.457874 144.180679
v 11.527946 21.935513 144.180679
v -11.010055 21.935513 144.180679
v 14.374881 44.465618 163.310211
v 13.717510 46.271732 163.310211
v 16.527321 46.271732 162.557312
v 14.374881 48.077839 163.310211
v 14.374881 44.465618 163.310211
v 12.799186 43.143452 165.367126
v 11.660585 46.271732 165.367126
v 14.374881 48.077839 163.310211
v 12.799186 49.400005 165.367126
v 14.374881 58.284626 163.310211
v 13.717510 60.090733 163.310211
v 16.527321 60.090733 162.557312
v 14.374881 61.896847 163.310211
v 14.374881 58.284626 163.310211
v 12.799186 56.962460 165.367126
v 11.660585 60.090733 165.367126
v 14.374881 61.896847 163.310211
v 12.799186 63.219021 165.367126
v 16.143978 72.976692 -57.586475
v -15.626088 72.976692 -57.586475
v -15.626088 36.655170 -57.586475
v 16.143978 36.655170 -57.586475
v -15.594527 67.784744 -57.586475
v -15.626088 72.976692 -57.586475
v -15.626088 67.784744 -57.586475
v -16.472956 62.857861 163.310211
v -14.580132 62.524097 163.310211
v -15.985039 60.090733 162.557312
v -18.137476 61.896847 163.310211
v 16.039402 62.857861 163.310211
v 17.932228 62.524097 163.310211
v 16.527321 60.090733 162.557312
v 14.374881 61.896847 163.310211
v 19.167681 45.310719 163.310211
v 17.932228 43.838367 163.310211
v 16.527321 46.271732 162.557312
v 17.932228 48.705097 163.310211
v 19.167681 47.232746 163.310211
v 19.167681 47.232746 163.310211
v 19.167681 45.310719 163.310211
v 19.167681 59.129719 163.310211
v 17.932228 57.657368 163.310211
v 16.527321 60.090733 162.557312
v 17.932228 62.524097 163.310211
v 19.167681 61.051754 163.310211
v 19.167681 61.051754 163.310211
v 19.167681 59.129719 163.310211
v -16.472956 49.038853 163.310211
v -14.580132 48.705097 163.310211
v -15.985039 46.271732 162.557312
v -18.137476 48.077839 163.310211
v 16.039402 49.038853 163.310211
v 17.932228 48.705097 163.310211
v 16.527321 46.271732 162.557312
v 14.374881 48.077839 163.310211
v -16.472956 43.504604 163.310211
v -18.137476 44.465618 163.310211
v -15.985039 46.271732 162.557312
v -14.580132 43.838367 163.310211
v 16.039402 43.504604 163.310211
v 14.374881 44.465618 163.310211
v 16.527321 46.271732 162.557312
v 17.932228 43.838367 163.310211
v -16.472956 57.323612 163.310211
v -18.137476 58.284626 163.310211
v -15.985039 60.090733 162.557312
v -14.580132 57.657368 163.310211
v -13.344678 45.310719 163.310211
v -14.580132 43.838367 163.310211
v -15.985039 46.271732 162.557312
v -14.580132 48.705097 163.310211
v -13.344678 47.232746 163.310211
v -13.344678 47.232746 163.310211
v -13.344678 45.310719 163.310211
v -13.344678 59.129719 163.310211
v -14.580132 57.657368 163.310211
v -15.985039 60.090733 162.557312
v -14.580132 62.524097 163.310211
v -13.344678 61.051754 163.310211
v -13.344678 61.051754 163.310211
v -13.344678 59.129719 163.310211
v 16.039402 57.323612 163.310211
v 14.374881 58.284626 163.310211
v 16.527321 60.090733 162.557312
v 17.932228 57.657368 163.310211
v 7.347318 81.575195 182.538422
v 8.667365 81.557938 182.722351
v 8.548157 80.881882 182.538422
v 10.119374 81.158936 182.538422
v 9.885822 81.563446 182.663574
v -9.363386 81.575195 182.538422
v -8.043340 81.557938 182.722351
v -8.162547 80.881882 182.538422
v -6.591331 81.158936 182.538422
v -6.824882 81.563446 182.663574
v -6.824882 81.563446 182.663574
v -6.242049 81.575195 182.538422
v -6.591331 81.158936 182.538422
v 9.885822 81.563446 182.663574
v 10.468655 81.575195 182.538422
v 10.119374 81.158936 182.538422
v -15.137914 82.710274 -113.927803
v -15.137914 68.679466 -113.927803
v -12.228659 68.679466 -113.927803
v -15.679349 69.947838 -113.927803
v -15.679349 68.679466 -113.927803
v -15.679349 97.548592 -113.927803
v -12.228659 82.710274 -113.927803
v -12.129156 68.679466 -113.927803
v -12.129156 69.947838 -113.927803
v -15.137914 97.548592 -113.927803
v -15.679349 97.934303 -113.927803
v -12.228659 97.548592 -113.927803
v -12.129156 97.548592 -113.927803
v -15.137914 97.934303 -113.927803
v -15.679349 103.747246 -118.564888
v -15.137914 103.747246 -118.564888
v -12.228659 97.934303 -113.927803
v -12.228659 103.747246 -118.564888
v -12.129156 97.934303 -113.927803
v -12.129156 103.747246 -118.564888
v 15.681118 82.710274 -113.927803
v 12.771861 82.710274 -113.927803
v 12.771861 68.679466 -113.927803
v 12.672359 68.679466 -113.927803
v 12.672359 69.947838 -113.927803
v 15.681118 68.679466 -113.927803
v 16.222553 69.947838 -113.927803
v 16.222553 68.679466 -113.927803
v 16.222553 97.548592 -113.927803
v 15.681118 97.548592 -113.927803
v 16.222553 97.934303 -113.927803
v 12.771861 97.548592 -113.927803
v 12.672359 97.548592 -113.927803
v 15.681118 97.934303 -113.927803
v 16.222553 103.747246 -118.564888
v 15.681118 103.747246 -118.564888
v 12.771861 97.934303 -113.927803
v 12.672359 97.934303 -113.927803
v 12.771861 103.747246 -118.564888
v 12.672359 103.747246 -118.564888
v -12.028054 68.962402 -113.004494
v 12.545945 68.962402 -113.004494
v 12.545945 84.289589 -113.004494
v -12.028054 84.289589 -113.004494
v -9.647010 84.389412 -117.797340
v -9.770090 84.389412 -117.797340
v -9.770090 83.377419 -117.797340
v -9.647010 83.377419 -117.797340
v -9.647010 96.061974 -117.797340
v -11.831986 83.377419 -117.797340
v -9.770090 96.061974 -117.797340
v -11.831986 84.389412 -117.797340
v -11.831986 96.061974 -117.797340
v -12.377509 84.389412 -117.797340
v -12.377509 83.377419 -117.797340
v -12.377509 96.061974 -117.797340
v 10.190213 84.389412 -117.797340
v 10.190213 83.377419 -117.797340
v 10.313294 83.377419 -117.797340
v 10.313294 84.389412 -117.797340
v 10.190213 96.061974 -117.797340
v 12.375190 83.377419 -117.797340
v 10.313294 96.061974 -117.797340
v 12.375190 84.389412 -117.797340
v 12.375190 96.061974 -117.797340
v 12.920713 84.389412 -117.797340
v 12.920713 83.377419 -117.797340
v 12.920713 96.061974 -117.797340
v 1.761194 88.203377 -125.593758
v -1.217991 88.203377 -125.593758
v -4.751563 87.385612 -125.154121
v 5.294766 87.385612 -125.154121
v 1.145437 103.438652 -125.593758
v -0.602233 103.438652 -125.593758
v -5.117939 83.801628 -124.787727
v 5.661143 83.801628 -124.787727
v 5.661143 87.019249 -124.787727
v -5.117939 87.019249 -124.787727
v -14.280369 81.320175 218.795609
v 14.798260 81.320175 218.795609
v 14.798260 78.888680 218.795609
v -14.280369 78.888680 218.795609
v 12.545945 80.190430 223.456772
v -12.028054 80.190430 223.456772
v -16.298985 53.059025 -133.019272
v -18.860504 43.499302 -133.019272
v 0.258945 43.499302 -133.019272
v -16.298985 33.939579 -133.019272
v -9.300779 60.057232 -133.019272
v -9.300779 26.941374 -133.019272
v 0.258945 62.618755 -133.019272
v 0.258945 24.379850 -133.019272
v 9.818670 60.057232 -133.019272
v 9.818670 26.941374 -133.019272
v 16.816875 53.059025 -133.019272
v 16.816875 33.939579 -133.019272
v 19.378395 43.499302 -133.019272
v -2.304054 64.332291 -151.463318
v 2.821945 64.332291 -151.463318
v 2.821945 69.458290 -151.463318
v -2.304054 69.458290 -151.463318
v 2.821945 78.788048 -158.016220
v -2.304054 78.788048 -158.016220
v -2.304054 69.458282 -158.016220
v 2.821945 69.458282 -158.016220
v -15.626088 72.976723 258.438171
v 16.143978 72.976723 258.438171
v 16.143978 36.655193 258.438171
v -15.626088 36.655193 258.438171
vn -0.0000 -0.0000 -1.0000
vn -0.4673 -0.0000 -0.8841
vn -0.4637 -0.1242 -0.8773
vn -0.4636 0.1242 -0.8773
vn 0.4637 -0.1242 -0.8773
vn 0.4673 -0.0000 -0.8841
vn 0.4637 0.1242 -0.8772
vn -0.1242 0.4637 -0.8773
vn 0.1242 0.4637 -0.8773
vn -0.3394 0.3394 -0.8773
vn 0.3394 0.3394 -0.8773
vn 0.3394 -0.3394 -0.8773
vn -0.3394 -0.3394 -0.8773
vn 0.1242 -0.4637 -0.8773
vn -0.1242 -0.4637 -0.8773
vn -0.6947 -0.0000 -0.7193
vn -0.6830 0.1830 -0.7071
vn -0.6830 -0.1830 -0.7071
vn 0.6830 0.1830 -0.7071
vn 0.6947 -0.0000 -0.7193
vn 0.6830 -0.1830 -0.7071
vn -0.1830 0.6830 -0.7071
vn 0.1830 0.6830 -0.7071
vn -0.5000 0.5000 -0.7071
vn 0.5000 0.5000 -0.7071
vn -0.5000 -0.5000 -0.7071
vn 0.5000 -0.5000 -0.7071
vn 0.1830 -0.6830 -0.7071
vn -0.1830 -0.6830 -0.7071
vn -0.0000 -0.0000 1.0000
vn -0.0000 0.6236 -0.7817
vn 0.1873 -0.0164 0.9822
vn 0.1232 -0.0592 0.9906
vn 0.1099 -0.1056 0.9883
vn 0.0596 -0.1326 0.9894
vn 0.0002 -0.2219 0.9751
vn 0.2162 -0.0000 0.9764
vn -0.1053 -0.0970 0.9897
vn -0.0582 -0.1309 0.9897
vn -0.1483 -0.0495 0.9877
vn -0.1873 -0.0131 0.9822
vn -0.2033 -0.0545 0.9776
vn -0.0000 0.3181 -0.9481
vn -0.0000 0.4735 -0.8808
vn -0.0449 0.2549 0.9659
vn 0.0476 0.2701 0.9617
vn -0.1371 0.2375 0.9617
vn 0.2101 -0.1763 0.9617
vn 0.2101 0.1763 0.9617
vn 0.2742 -0.0000 0.9617
vn -0.0000 0.7508 0.6606
vn -0.0000 0.7507 0.6606
vn -0.0449 -0.2549 0.9659
vn -0.1371 -0.2375 0.9617
vn 0.0476 -0.2701 0.9617
vn -0.2577 -0.0938 0.9617
vn -0.2588 -0.0000 0.9659
vn -0.2577 0.0938 0.9617
vn -0.0000 0.7171 -0.6970
vn -0.0000 0.7071 -0.7071
vn -0.0000 -1.0000 -0.0000
vn -0.0000 -1.0000 -0.0001
vn -0.3644 0.6311 0.6848
vn 0.5582 0.4684 0.6848
vn 0.5583 0.4684 0.6848
vn 0.1266 0.7177 0.6848
vn 0.1265 0.7177 0.6848
vn 0.7287 -0.0000 0.6848
vn 0.5547 -0.5566 0.6185
vn 0.5582 -0.4684 0.6848
vn 0.5829 -0.5436 0.6040
vn -0.3644 -0.6311 0.6848
vn 0.1265 -0.7177 0.6848
vn -0.5956 -0.4520 0.6641
vn -0.6237 -0.4398 0.6462
vn -0.0000 -0.8693 -0.4943
vn -0.5764 -0.7104 -0.4039
vn 0.1081 -0.8642 -0.4914
vn 0.2099 -0.8499 -0.4833
vn 0.3868 -0.8017 -0.4558
vn 0.6235 -0.4399 0.6463
vn 0.6345 -0.4060 0.6577
vn 0.6638 -0.2931 0.6881
vn 0.6676 -0.2749 0.6919
vn 0.0476 0.2700 0.9617
vn -0.6815 -0.1910 0.7064
vn -0.6711 -0.2563 0.6956
vn -0.6309 -0.4176 0.6539
vn -0.5828 -0.5436 0.6040
vn -0.0000 -0.7071 0.7071
vn 0.6513 -0.4270 0.6273
vn 0.6632 -0.3900 0.6388
vn 0.6898 -0.2875 0.6644
vn 0.6935 -0.2700 0.6679
vn 0.0476 -0.2700 0.9617
vn -0.0000 -0.7071 -0.7071
vn -0.0000 -0.9444 -0.3288
vn 0.5988 -0.7564 -0.2633
vn 0.1265 -0.6848 0.7177
vn 0.1547 -0.4543 0.8773
vn 0.1724 -0.1195 0.9778
vn 0.1724 0.1195 0.9778
vn 0.1547 0.4543 0.8773
vn 0.1265 0.6848 0.7177
vn -0.0000 -0.1976 0.9803
vn -0.0000 -0.3874 0.9219
vn -0.0000 0.1265 0.9920
vn -0.0000 0.2700 0.9629
vn -0.0000 0.2447 0.9696
vn -0.0000 0.1005 0.9949
vn -0.0000 -0.1880 0.9822
vn -0.0000 -0.5274 0.8496
vn -0.0000 -0.6690 0.7433
vn -0.0000 -0.5878 0.8090
vn -0.0000 0.5878 0.8090
vn -0.0000 -0.1312 0.9914
vn -0.0000 -0.2601 0.9656
vn -0.0000 0.1132 0.9936
vn -0.0000 0.2249 0.9744
vn -0.0000 -0.1030 0.9947
vn -0.0000 -0.2049 0.9788
vn -0.0000 -0.1909 0.9816
vn -0.0000 -0.5299 0.8481
vn -0.4973 0.3516 -0.7932
vn -0.5180 0.0587 -0.8534
vn -0.5738 0.1280 -0.8089
vn -0.4298 -0.7748 0.4636
vn -0.6497 -0.2945 0.7008
vn -0.7137 0.6077 -0.3484
vn -0.0000 -0.8716 0.4903
vn -0.6741 0.6585 -0.3344
vn 0.7183 0.6116 -0.3317
vn 0.6701 0.6546 -0.3501
vn -0.4185 -0.8675 -0.2690
vn -0.7071 -0.0000 0.7071
vn -0.6848 -0.2492 0.6848
vn -0.6848 0.2492 0.6848
vn 0.6566 0.1451 0.7402
vn 0.6620 0.0697 0.7463
vn 0.6630 0.0443 0.7473
vn 0.6547 -0.1633 0.7380
vn 0.6619 -0.0715 0.7462
vn 0.6331 -0.2999 0.7136
vn 0.6563 -0.2613 0.7079
vn 0.3429 -0.8635 0.3699
vn -0.6607 -0.7089 -0.2468
vn -0.0000 0.1736 -0.9848
vn 0.6014 -0.7631 -0.2366
vn 0.4394 -0.7829 0.4404
vn 0.7429 0.6233 0.2442
vn -0.3906 0.7181 -0.5759
vn 0.1684 0.9550 0.2442
vn -0.4849 0.8398 0.2442
vn -0.0000 -0.9192 0.3938
vn -0.5116 -0.6894 0.5128
vn -0.5386 -0.7344 0.4131
vn -0.0000 0.9641 -0.2656
vn -0.6255 0.7522 -0.2072
vn 0.6255 0.7522 -0.2072
vn -0.9113 -0.3317 0.2442
vn -0.9112 -0.3317 0.2442
vn -0.9112 0.3317 0.2442
vn -0.9113 0.3317 0.2442
vn -0.4127 0.7196 -0.5584
vn -0.0000 -0.8041 0.5944
vn -0.0000 -0.8548 0.5189
vn -0.0000 -0.9744 0.2250
vn -0.0000 -0.9899 -0.1414
vn -0.0000 -0.8960 -0.4440
vn -0.0000 -0.8039 -0.5948
vn 0.6141 -0.6333 0.4710
vn -0.4483 0.1552 -0.8803
vn -0.4405 -0.4489 -0.7775
vn 0.7429 -0.2442 0.6233
vn 0.7606 -0.1195 0.6382
vn 0.7606 0.1195 0.6382
vn 0.7429 0.2442 0.6233
vn -0.4550 0.6821 -0.5724
vn -0.0000 1.0000 -0.0000
vn -0.0000 0.8592 -0.5117
vn -0.0000 0.8592 0.5117
vn -0.4849 -0.2442 0.8398
vn -0.4964 -0.1195 0.8598
vn -0.4964 0.1195 0.8598
vn -0.4849 0.2442 0.8398
vn -0.7373 0.1359 0.6618
vn -0.7577 0.0519 0.6506
vn -0.7528 0.0566 0.6559
vn -0.7321 0.1400 0.6667
vn -0.7308 0.1519 0.6655
vn -0.7536 -0.1154 0.6471
vn -0.7556 -0.0908 0.6487
vn -0.7337 -0.2547 0.6300
vn -0.7046 -0.2075 0.6786
vn -0.6935 -0.2698 0.6680
vn -0.6623 -0.3930 0.6379
vn -0.6110 -0.5296 0.5884
vn -0.6837 -0.0201 0.7295
vn -0.6891 0.0312 0.7240
vn -0.6940 0.1190 0.7101
vn -0.6709 -0.1041 0.7342
vn -0.7307 -0.0852 0.6774
vn 0.9697 -0.0000 0.2442
vn 0.5582 0.6848 0.4684
vn -0.7071 0.1228 -0.6964
vn -0.7282 -0.0823 -0.6804
vn -0.7287 -0.1189 -0.6744
vn -0.7071 -0.3536 -0.6124
vn -0.6397 -0.2662 0.7211
vn -0.6585 -0.1236 0.7423
vn -0.6617 -0.0757 0.7459
vn -0.6603 0.1005 0.7443
vn -0.6627 0.0520 0.7471
vn -0.6515 0.1904 0.7344
vn -0.7071 0.5417 -0.4545
vn -0.3644 0.6848 0.6311
vn -0.0000 0.7536 -0.6574
vn -0.0000 0.7536 0.6574
vn -0.0000 0.6236 0.7817
vn -0.7071 0.7071 -0.0000
vn -0.8660 0.5000 -0.0000
vn -0.2588 0.9659 -0.0000
vn 0.2588 0.9659 -0.0000
vn 0.6837 0.1404 0.7161
vn 0.6890 0.0673 0.7217
vn 0.6899 0.0439 0.7226
vn 0.6884 -0.0783 0.7211
vn 0.6900 -0.0371 0.7228
vn 0.6827 -0.1497 0.7152
vn 0.7019 -0.1114 0.7035
vn -0.6860 -0.1137 0.7186
vn -0.6895 -0.0549 0.7222
vn -0.6902 -0.0308 0.7230
vn -0.6987 -0.1466 0.7003
vn -0.6872 0.0974 0.7199
vn -0.6896 0.0512 0.7224
vn -0.6787 0.1843 0.7109
vn -0.8795 0.3569 -0.3149
vn 0.8795 0.3569 -0.3149
vn 0.7224 -0.1805 0.6675
vn 0.7311 -0.0959 0.6755
vn 0.7337 -0.0448 0.6780
vn 0.7329 0.0654 0.6772
vn 0.7337 0.0453 0.6779
vn 0.7275 0.1372 0.6722
vn 0.7101 0.1074 0.6959
vn 0.7073 0.1391 0.6931
vn 0.7037 0.1711 0.6896
vn 0.6988 0.2067 0.6848
vn -0.6067 -0.7795 -0.1562
vn -0.7122 0.1410 0.6877
vn -0.7334 0.0540 0.6777
vn -0.7281 0.0592 0.6829
vn -0.7066 0.1454 0.6925
vn -0.7053 0.1578 0.6912
vn -0.7293 -0.1187 0.6738
vn -0.7322 -0.0787 0.6765
vn -0.7091 -0.2603 0.6553
vn -0.6816 0.1408 0.7180
vn -0.6797 0.1589 0.7160
vn -0.6751 0.1959 0.7112
vn -0.6726 0.2139 0.7085
vn 0.6682 -0.7295 -0.1462
vn 0.7429 -0.6233 0.2442
vn -0.0000 -0.9894 -0.1455
vn 0.0006 0.0024 -1.0000
vn 0.6330 0.7614 -0.1399
vn 0.7441 -0.1953 0.6389
vn 0.7545 -0.1047 0.6479
vn 0.7575 -0.0555 0.6504
vn 0.7572 0.0627 0.6502
vn 0.7580 0.0443 0.6508
vn 0.7521 0.1318 0.6458
vn 0.7354 0.1034 0.6697
vn 0.7326 0.1347 0.6672
vn 0.7294 0.1641 0.6642
vn 0.7246 0.1992 0.6598
vn 0.7057 0.1577 0.6908
vn 0.7049 0.1647 0.6900
vn 0.7040 0.1715 0.6891
vn 0.7032 0.1784 0.6883
vn -0.5806 0.8040 -0.1283
vn 0.6048 0.0719 -0.7932
vn -0.6353 0.7641 -0.1117
vn -0.7138 0.6973 0.0654
vn 0.7138 0.6973 0.0654
vn 0.5823 0.8065 -0.1024
vn -0.6807 -0.7247 -0.1066
vn 0.6692 -0.7352 -0.1081
vn -0.7071 -0.0000 -0.7071
vn 0.7071 -0.0000 -0.7071
vn -0.0000 -0.2024 -0.9793
vn -0.0000 -0.3949 -0.9187
vn -0.0000 -0.0017 -1.0000
vn 0.4849 -0.3203 -0.8138
vn 0.6792 0.1634 0.7155
vn 0.6784 0.1704 0.7146
vn 0.6775 0.1778 0.7137
vn 0.6766 0.1848 0.7128
vn 0.2255 0.9743 -0.0000
vn -0.2255 0.9743 -0.0000
vn -0.0000 0.9899 -0.1416
vn -0.0000 0.9911 -0.1330
vn -0.0000 0.9646 -0.2636
vn -0.0000 0.9924 -0.1231
vn -0.4849 -0.8398 0.2442
vn 0.1684 -0.9550 0.2442
vn -0.8917 0.0596 -0.4487
vn -0.7080 0.1359 0.6930
vn -0.7061 0.1537 0.6912
vn -0.7018 0.1890 0.6869
vn -0.6992 0.2066 0.6844
vn 0.5582 -0.6848 0.4684
vn 0.5108 -0.3420 -0.7887
vn -0.6693 -0.7393 -0.0747
vn -0.3644 0.6311 -0.6848
vn 0.6828 -0.7269 -0.0734
vn -0.7153 0.6988 -0.0000
vn 0.9540 -0.2863 -0.0888
vn -0.0000 0.9937 -0.1120
vn -0.0000 0.9906 -0.1369
vn -0.0000 0.9989 0.0472
vn -0.0000 0.9989 0.0467
vn -0.0000 0.9956 0.0933
vn -0.0000 0.9956 0.0934
vn 0.7153 0.6988 -0.0000
vn -0.3644 -0.6848 0.6311
vn 0.7052 0.4283 -0.5650
vn 0.6892 0.4502 -0.5678
vn -0.0001 0.9956 0.0934
vn 0.5582 0.4684 -0.6848
vn 0.5000 0.8660 -0.0000
vn -0.1736 0.9848 -0.0000
vn -0.7660 0.6428 -0.0000
vn -0.7661 0.6428 -0.0000
vn -0.7661 0.6427 -0.0000
vn -0.0000 -0.5000 -0.8660
vn -0.0000 -0.9397 -0.3420
vn -0.0449 0.2549 -0.9659
vn 0.0476 0.2700 -0.9617
vn -0.1371 0.2375 -0.9617
vn 0.1265 0.7177 -0.6848
vn -0.5854 0.8107 -0.0000
vn 0.5854 0.8107 -0.0000
vn 0.6393 0.7689 -0.0000
vn -0.6393 0.7689 -0.0000
vn -0.7614 0.6483 -0.0000
vn 0.7614 0.6483 -0.0000
vn 0.7071 0.7071 -0.0000
vn 0.7429 0.6233 -0.2442
vn -0.7413 -0.5623 -0.3665
vn -0.8074 0.5772 -0.1219
vn -0.9470 0.1104 -0.3017
vn -0.9462 0.1161 -0.3022
vn -0.9458 0.1186 -0.3023
vn -0.9773 0.0110 -0.2115
vn -0.9688 0.0488 -0.2429
vn -0.9876 -0.0763 -0.1372
vn -0.9905 -0.0415 -0.1314
vn -0.7172 -0.5885 -0.3732
vn -0.0000 0.9929 -0.1194
vn -0.2571 0.9595 -0.1154
vn 0.2571 0.9595 -0.1154
vn -0.2577 -0.0938 -0.9617
vn -0.2588 -0.0000 -0.9659
vn -0.2577 0.0938 -0.9617
vn -0.6848 -0.2492 -0.6848
vn -0.6848 0.2492 -0.6848
vn -0.9113 -0.3317 -0.2442
vn -0.9112 -0.3317 -0.2442
vn -0.9113 0.3317 -0.2442
vn 0.1684 0.9550 -0.2442
vn -0.4849 0.8398 -0.2442
vn -0.0000 -0.7234 -0.6904
vn -0.0000 -0.7150 0.6991
vn 0.7287 -0.0000 -0.6848
vn -0.4577 0.8891 -0.0000
vn 0.2742 -0.0000 -0.9617
vn -0.0000 0.7070 -0.7072
vn -0.7690 0.1755 0.6147
vn 0.2101 -0.1763 -0.9617
vn 0.2101 0.1763 -0.9617
vn -0.7024 0.7024 -0.1154
vn 0.7024 0.7024 -0.1154
vn -0.0449 -0.2549 -0.9659
vn -0.1371 -0.2375 -0.9617
vn 0.0476 -0.2701 -0.9617
vn -0.8449 0.5316 -0.0593
vn -0.9929 -0.0000 -0.1194
vn -0.9595 -0.2571 -0.1154
vn -0.9595 0.2571 -0.1154
vn -0.3331 0.9420 0.0415
vn -0.3609 0.9315 0.0449
vn 0.9595 -0.2571 -0.1154
vn 0.9929 -0.0000 -0.1194
vn 0.9595 0.2571 -0.1154
vn -0.9397 -0.3420 -0.0000
vn -0.9397 0.3420 -0.0000
vn 0.0476 -0.2700 -0.9617
vn 0.5582 -0.4684 -0.6848
vn 0.1736 0.9848 -0.0000
vn -0.5000 0.8660 -0.0000
vn -0.0000 -0.9929 -0.1194
vn 0.2571 -0.9595 -0.1154
vn -0.2571 -0.9595 -0.1154
vn -0.7024 -0.7024 -0.1154
vn 0.5583 0.6848 0.4684
vn -0.8415 0.5398 0.0222
vn -0.8309 0.5561 0.0201
vn -0.8320 0.5544 0.0203
vn -0.8429 0.5376 0.0225
vn 0.7024 -0.7024 -0.1154
vn 0.9697 -0.0000 -0.2442
vn -0.3644 -0.6311 -0.6848
vn 0.5582 0.6848 -0.4684
vn 0.5583 0.6848 -0.4684
vn -1.0000 -0.0000 -0.0000
vn -0.0000 0.7660 0.6428
vn -0.0000 0.7660 -0.6428
vn -0.9266 0.3761 -0.0000
vn -0.9615 0.2748 -0.0000
vn -0.9963 0.0855 -0.0000
vn -0.9894 -0.1452 -0.0000
vn -0.2577 0.9617 0.0938
vn -0.2577 0.9617 -0.0938
vn -0.1371 0.9617 -0.2375
vn 0.0476 0.9617 -0.2700
vn 0.2101 0.9617 -0.1763
vn 0.2742 0.9617 -0.0000
vn 0.2101 0.9617 0.1763
vn 0.0476 0.9617 0.2700
vn -0.1371 0.9617 0.2375
vn -0.7071 -0.6645 -0.2418
vn 1.0000 -0.0000 -0.0000
vn -0.9964 0.0849 -0.0000
vn -0.9966 -0.0820 -0.0024
vn -0.9970 -0.0774 -0.0010
vn -0.9971 -0.0764 -0.0000
vn -0.9970 -0.0768 -0.0000
vn -0.9578 -0.2874 -0.0000
vn -0.9824 -0.1870 -0.0000
vn -0.9826 -0.1838 -0.0277
vn -0.9569 -0.2871 -0.0433
vn -0.9820 -0.1804 -0.0559
vn -0.9840 -0.1775 -0.0179
vn -0.9871 -0.1600 -0.0111
vn -0.9826 -0.1849 -0.0187
vn -0.9873 -0.1560 -0.0313
vn -0.9882 -0.1532 -0.0053
vn -0.9878 -0.1552 -0.0127
vn -0.9882 -0.1523 -0.0154
vn -0.9883 -0.1523 -0.0000
vn -0.6846 -0.7289 -0.0000
vn -0.9947 0.1024 -0.0000
vn -0.9790 0.2036 -0.0000
vn -0.9791 0.2036 -0.0000
vn -0.9950 0.1001 -0.0000
vn -0.9209 0.3898 -0.0000
vn -0.9209 0.3897 -0.0000
vn -0.9992 0.0406 -0.0000
vn 0.9209 0.3897 -0.0000
vn 0.9266 0.3761 -0.0000
vn 0.9615 0.2748 -0.0000
vn 0.9963 0.0855 -0.0000
vn 0.9959 -0.0908 -0.0031
vn 0.9993 -0.0379 -0.0000
vn 0.9824 -0.1870 -0.0000
vn 0.9969 -0.0789 -0.0011
vn 0.9871 -0.1599 -0.0110
vn 0.9648 0.2630 -0.0000
vn 0.9961 0.0886 -0.0000
vn 0.9971 -0.0764 -0.0000
vn 0.9882 -0.1532 -0.0036
vn 0.9883 -0.1523 -0.0089
vn 0.9883 -0.1523 -0.0000
vn 0.9873 -0.1579 -0.0159
vn 0.9840 -0.1775 -0.0179
vn 0.9807 -0.1926 -0.0322
vn 0.9624 -0.2687 -0.0405
vn 0.9569 -0.2871 -0.0433
vn 0.9825 -0.1832 -0.0329
vn 0.9825 -0.1827 -0.0366
vn 0.6846 -0.7289 -0.0000
vn 0.9947 0.1024 -0.0000
vn 0.9998 0.0201 -0.0000
vn 0.9790 0.2036 -0.0000
vn -0.7072 0.7070 -0.0000
vn -0.7073 0.7069 -0.0000
vn -0.7072 0.7071 -0.0000
vn -0.7031 0.7111 0.0007
vn -0.7336 -0.6795 -0.0000
vn -0.9882 -0.1533 -0.0000
vn -0.9994 0.0352 -0.0000
vn -0.8644 0.5028 -0.0000
vn -0.7336 0.6795 -0.0000
vn 0.7073 0.7069 -0.0000
vn 0.7072 0.7070 -0.0000
vn 0.7031 0.7111 0.0007
vn 0.9922 -0.0000 -0.1247
vn 0.9935 -0.0000 -0.1135
vn 0.9910 -0.0000 -0.1342
vn -0.9508 -0.0000 0.3099
vn -0.9800 -0.0000 0.1989
vn -0.9090 -0.0000 0.4169
vn -0.9090 -0.0000 -0.4169
vn -0.9589 -0.0000 -0.2838
vn -0.9894 -0.0000 -0.1449
vn 0.7660 -0.6428 -0.0000
vn 0.7660 0.6428 -0.0000
vn -0.9935 -0.0000 -0.1135
vn -0.9922 -0.0000 -0.1247
vn -0.9909 -0.0000 -0.1342
vn 0.7287 -0.6848 -0.0000
vn 0.8909 -0.4543 -0.0000
vn 0.9928 -0.1195 -0.0000
vn 0.9928 0.1195 -0.0000
vn 0.8909 0.4543 -0.0000
vn 0.7287 0.6848 -0.0000
vn 0.9928 -0.1194 -0.0000
vn 0.9928 0.1194 -0.0000
vn -0.9971 -0.0733 -0.0201
vn -0.9956 -0.0919 -0.0184
vn -0.9957 -0.0903 -0.0186
vn -0.9973 -0.0711 -0.0203
vn -0.7071 -0.7071 -0.0000
vn 0.1265 -0.7177 -0.6848
vn 0.7429 -0.6233 -0.2442
vn -0.9781 0.2034 0.0440
vn 0.7071 -0.7071 -0.0000
vn -0.4354 -0.8459 -0.3079
vn 0.9781 0.2034 0.0440
vn -0.7071 -0.6314 0.3182
vn 0.9397 0.3420 -0.0000
vn 0.7071 -0.6314 0.3182
vn 0.7606 -0.1194 0.6382
vn 0.7606 0.1194 0.6382
vn -0.9941 -0.0000 -0.1085
vn -0.9741 -0.0000 0.2259
vn -0.9741 -0.0000 0.2260
vn -0.8979 -0.0000 0.4402
vn -0.0000 0.7348 0.6783
vn -0.9113 -0.2442 0.3317
vn -0.9112 -0.2442 0.3317
vn -0.9330 -0.1194 0.3396
vn -0.9330 -0.1195 0.3396
vn -0.9330 0.1195 0.3396
vn -0.9330 0.1194 0.3396
vn -0.8371 0.4543 0.3047
vn -0.6848 0.6848 0.2492
vn 0.9941 -0.0000 -0.1085
vn 0.9741 -0.0000 0.2259
vn 0.9741 -0.0000 0.2260
vn 0.8979 -0.0000 0.4402
vn -0.0000 -0.6036 0.7973
vn -0.0000 -0.7381 0.6747
vn -0.0000 -0.8482 0.5297
vn -0.9801 0.1849 0.0724
vn -0.9825 0.1734 0.0679
vn -0.9832 0.1699 0.0666
vn -0.9759 0.2030 0.0795
vn 0.7429 -0.2442 -0.6233
vn 0.7606 -0.1194 -0.6382
vn 0.7606 -0.1195 -0.6382
vn 0.7606 0.1195 -0.6382
vn 0.7606 0.1194 -0.6382
vn 0.7429 0.2442 -0.6233
vn -0.8660 -0.5000 -0.0000
vn 0.8660 0.5000 -0.0000
vn 0.8660 -0.5000 -0.0000
vn 0.2101 -0.9617 0.1763
vn 0.0476 -0.9617 0.2701
vn -0.1371 -0.9617 0.2375
vn -0.9734 0.2025 0.1074
vn -0.8503 0.4881 0.1969
vn -0.8571 0.4778 0.1929
vn 0.9759 0.2030 0.0795
vn 0.7838 -0.0000 -0.6210
vn 0.7712 -0.0000 0.6366
vn 0.5282 -0.7287 0.4360
vn 0.7838 -0.0046 -0.6209
vn 0.7830 -0.0010 -0.6220
vn 0.7834 -0.0073 -0.6215
vn 0.7817 -0.0000 -0.6236
vn -0.7838 -0.0000 -0.6210
vn -0.7712 -0.0000 0.6366
vn -0.4306 -0.8296 0.3554
vn -0.7834 -0.0073 -0.6215
vn -0.7817 -0.0000 -0.6236
vn -0.7830 -0.0010 -0.6220
vn -0.7838 -0.0046 -0.6209
vn 0.2588 -0.9659 -0.0000
vn -0.2588 -0.9659 -0.0000
vn -0.7071 -0.4375 0.5555
vn 0.7071 -0.4375 0.5555
vn -0.0000 -0.9511 -0.3090
vn -0.0000 -0.9511 0.3090
vn -0.6851 -0.7071 -0.1750
vn 0.6851 -0.7071 -0.1750
vn -0.3825 0.8707 0.3093
vn -0.8053 -0.0000 -0.5928
vn -0.7935 -0.0000 0.6086
vn -0.7732 0.2796 -0.5692
vn -0.8027 0.0812 -0.5909
vn -0.7105 0.4707 -0.5230
vn -0.7595 -0.6487 -0.0484
vn -0.7414 -0.6695 -0.0448
vn -0.7433 -0.6675 -0.0452
vn -0.7617 -0.6461 -0.0488
vn 0.8053 -0.0000 -0.5928
vn 0.7935 -0.0000 0.6086
vn 0.7732 0.2796 -0.5692
vn 0.8027 0.0812 -0.5909
vn 0.7105 0.4707 -0.5230
vn -0.3241 0.8928 0.3129
vn -0.9201 0.3734 0.1183
vn -0.9659 0.2588 -0.0000
vn -0.9659 -0.2588 -0.0000
vn -0.3644 0.6848 -0.6311
vn 0.9659 -0.2588 -0.0000
vn 0.9659 0.2588 -0.0000
vn -0.0000 -0.8930 0.4501
vn -0.0000 -0.6187 0.7857
vn -0.0000 -0.9244 -0.3814
vn -0.0000 -0.6275 -0.7786
vn 0.3692 -0.8288 -0.4205
vn -0.8778 0.4069 0.2529
vn 0.1724 -0.1194 0.9778
vn 0.1724 0.1194 0.9778
vn 0.3831 -0.8252 -0.4151
vn -0.4849 -0.8398 -0.2442
vn 0.1684 -0.9550 -0.2442
vn -0.0000 0.9657 -0.2595
vn -0.0000 0.8835 -0.4685
vn 0.9167 0.3720 0.1457
vn 0.5582 -0.6848 -0.4684
vn -0.2470 0.9218 0.2988
vn 0.2470 0.9218 0.2988
vn -0.1684 0.9550 -0.2442
vn 0.7071 -0.0000 0.7071
vn 0.1265 -0.6848 -0.7177
vn 0.1547 -0.4543 -0.8773
vn 0.1724 -0.1194 -0.9778
vn 0.1724 -0.1195 -0.9778
vn 0.1724 0.1195 -0.9778
vn 0.1724 0.1194 -0.9778
vn 0.1547 0.4543 -0.8773
vn 0.1265 0.6848 -0.7177
vn -0.8550 0.4268 0.2945
vn -0.7446 -0.1155 -0.6574
vn -0.8872 -0.0000 -0.4613
vn -0.6748 0.6748 0.2988
vn 0.8872 -0.0000 -0.4613
vn 0.6748 0.6748 0.2988
vn 0.5000 -0.8660 -0.0000
vn -0.5000 -0.8660 -0.0000
vn -0.9697 -0.0000 -0.2442
vn 0.4849 0.8398 -0.2442
vn -0.7071 -0.6537 -0.2697
vn -0.9992 0.0404 -0.0000
vn 0.7071 -0.6537 -0.2697
vn 0.9992 0.0404 -0.0000
vn -0.9488 0.1973 0.2467
vn -0.9402 0.2409 0.2407
vn -0.9239 0.3052 0.2309
vn -0.8988 0.3804 0.2178
vn 0.9488 0.1973 0.2467
vn 0.9239 0.3052 0.2309
vn 0.9402 0.2409 0.2407
vn 0.8988 0.3804 0.2178
vn -0.1390 -0.5477 -0.8250
vn -0.2404 -0.9473 -0.2116
vn -0.2299 -0.9060 -0.3554
vn -0.2403 -0.9470 -0.2131
vn -0.2455 -0.9672 -0.0646
vn -0.8872 -0.0000 0.4613
vn -0.9757 0.0124 0.2189
vn -0.9706 0.0026 0.2407
vn -0.9383 0.1496 0.3117
vn 0.1736 -0.9848 -0.0000
vn 0.7413 0.6697 0.0458
vn 0.7611 0.6473 0.0407
vn 0.8872 -0.0000 0.4613
vn -0.7071 0.5417 0.4545
vn -0.6995 0.6820 0.2136
vn -0.7032 0.6787 0.2118
vn -0.7024 0.6796 0.2117
vn -0.7049 0.6772 0.2107
vn -0.7071 0.6752 0.2101
vn 0.7031 0.6790 0.2113
vn 0.7065 0.6758 0.2102
vn 0.7049 0.6772 0.2107
vn 0.7071 0.6752 0.2101
vn 0.6995 0.6820 0.2136
vn -0.0000 0.7234 -0.6904
vn -0.0000 0.7150 0.6991
vn -0.9218 0.2470 0.2988
vn -0.7071 0.4375 0.5555
vn 0.9218 0.2470 0.2988
vn 0.7071 0.4375 0.5555
vn 0.4849 0.8398 0.2442
vn -0.1684 0.9550 0.2442
vn -0.0000 -0.2169 -0.9762
vn -0.0000 -0.4234 -0.9059
vn -0.0000 0.1650 -0.9863
vn -0.0000 0.3255 -0.9455
vn -0.0000 0.8107 -0.5855
vn -0.0000 -0.0665 -0.9978
vn 0.2362 0.9305 0.2799
vn 0.2424 0.9552 -0.1696
vn 0.2419 0.9531 -0.1817
vn 0.2241 0.8831 -0.4122
vn 0.2367 0.9325 0.2728
vn 0.2172 0.8558 0.4694
vn -0.7071 0.6314 0.3182
vn 0.7071 0.6314 0.3182
vn -0.7429 0.6233 -0.2442
vn -0.7428 0.6233 -0.2442
vn -0.7428 0.6234 -0.2442
vn -0.7035 -0.7107 0.0007
vn -0.0000 0.9885 0.1513
vn -0.0000 1.0000 0.0010
vn -0.0000 0.9884 0.1517
vn -0.0003 0.9543 0.2989
vn -0.9218 -0.2470 0.2988
vn -0.4849 -0.2442 -0.8398
vn -0.4964 -0.1194 -0.8598
vn -0.4964 -0.1195 -0.8598
vn -0.4964 0.1195 -0.8598
vn -0.4964 0.1194 -0.8598
vn -0.4849 0.2442 -0.8398
vn 0.7070 -0.7073 0.0006
vn 0.7035 -0.7107 -0.0000
vn 0.7038 -0.7104 0.0001
vn 0.7074 -0.7068 0.0007
vn 0.9218 -0.2470 0.2988
vn -0.0000 0.9543 0.2989
vn 0.0001 0.9543 0.2988
vn 0.0005 0.9543 0.2989
vn -0.7068 -0.7074 -0.0005
vn -0.7035 -0.7107 -0.0000
vn -0.7040 -0.7102 -0.0002
vn -0.7071 -0.7071 -0.0006
vn 0.7039 -0.7103 -0.0010
vn 0.7068 -0.7074 -0.0001
vn 0.7034 -0.7108 -0.0012
vn 0.9804 0.0150 -0.1964
vn 0.9730 -0.0270 -0.2291
vn 0.9724 -0.0311 -0.2312
vn 0.9804 0.0141 -0.1963
vn 0.9604 -0.0814 -0.2663
vn 0.9482 -0.0614 -0.3117
vn -0.3644 -0.6848 -0.6311
vn -0.7429 0.6233 0.2442
vn -0.9714 -0.0000 0.2374
vn -0.4550 0.6821 0.5724
vn 0.9714 -0.0000 0.2374
vn -0.6748 -0.6748 0.2988
vn -0.7071 -0.6645 0.2418
vn -0.0000 0.9987 0.0516
vn 0.6748 -0.6748 0.2988
vn -0.9113 -0.2442 -0.3317
vn -0.9330 -0.1194 -0.3396
vn -0.9330 -0.1195 -0.3396
vn -0.9330 0.1195 -0.3396
vn -0.9330 0.1194 -0.3396
vn -0.8371 0.4543 -0.3047
vn -0.6848 0.6848 -0.2492
vn -0.2577 -0.9617 0.0938
vn -0.2577 -0.9617 -0.0938
vn -0.6848 -0.6848 0.2492
vn -0.6848 -0.6848 -0.2492
vn -0.1371 -0.9617 -0.2375
vn 0.0476 -0.9617 -0.2701
vn 0.2101 -0.9617 -0.1763
vn 0.2742 -0.9617 -0.0000
vn 0.8334 -0.4711 -0.2890
vn 0.2470 -0.9218 0.2988
vn -0.2470 -0.9218 0.2988
vn 0.1737 -0.9848 -0.0000
vn -0.7385 -0.5405 0.4031
vn -0.9112 0.3317 -0.2442
vn -0.4593 0.5723 0.6794
vn 0.9113 0.3317 -0.2442
vn -0.7072 -0.5648 0.4254
vn -0.7428 0.6235 -0.2441
vn -0.3930 0.5918 0.7038
vn 0.3313 -0.9422 -0.0499
vn 0.8622 -0.4627 -0.2060
vn -0.7071 -0.4437 -0.5505
vn 0.7071 -0.4437 -0.5505
vn 0.3607 -0.9316 -0.0439
vn 0.7135 0.6151 0.3355
vn 0.7505 0.5809 0.3153
vn -0.7071 0.6537 -0.2697
vn 0.7071 0.6537 -0.2697
vn 0.9800 -0.0000 -0.1989
vn 0.9508 -0.0000 -0.3099
vn 0.9090 -0.0000 -0.4169
vn 0.9090 -0.0000 0.4169
vn 0.9589 -0.0000 0.2838
vn 0.9894 -0.0000 0.1449
vn -0.7503 0.1287 -0.6484
vn -0.6894 0.0352 -0.7235
vn -0.6893 0.0338 -0.7237
vn -0.6753 -0.0787 -0.7333
vn -0.6944 0.1585 -0.7019
vn 0.9996 -0.0269 -0.0000
vn 0.9856 -0.1690 -0.0000
vn 0.9933 0.1158 -0.0000
vn -0.6944 -0.0000 -0.7195
vn -0.7071 0.5323 0.4655
vn -0.6993 0.5381 0.4706
vn -0.6993 0.5380 0.4706
vn 0.7071 0.5323 0.4655
vn 0.8876 -0.0000 0.4606
vn 0.6944 -0.0000 -0.7195
vn 0.6993 0.5381 0.4706
vn 0.6993 0.5380 0.4706
vn -0.0000 0.6690 -0.7433
vn -0.4354 -0.8459 0.3079
vn 0.8237 -0.5539 -0.1218
vn -0.0001 0.9543 0.2988
vn -0.0000 0.9511 -0.3090
vn -0.0000 0.9511 0.3090
vn -0.0000 0.9244 -0.3814
vn -0.0000 0.6275 -0.7786
vn -0.0000 0.8930 0.4501
vn -0.0000 0.6187 0.7857
vn 0.8493 -0.5192 -0.0949
vn -0.0000 -0.0075 -1.0000
vn -0.0000 -0.0150 -0.9999
vn 0.9963 0.0621 0.0587
vn 0.9953 0.0939 0.0240
vn 0.9956 0.0907 0.0233
vn 0.9965 0.0619 0.0555
vn 0.9940 0.0508 0.0972
vn 0.9880 0.0898 0.1254
vn -0.7071 -0.3536 0.6124
vn -0.7287 -0.1189 0.6744
vn -0.7285 -0.0935 0.6786
vn -0.7071 0.1228 0.6964
vn -0.0000 -1.0000 -0.0008
vn -0.0000 -0.9899 0.1415
vn -0.0000 -0.9897 0.1428
vn -0.0000 -0.9954 0.0954
vn -0.0000 -1.0000 0.0009
vn -0.5952 0.0070 0.8036
vn -0.5654 0.0123 0.8247
vn 0.8413 -0.5402 -0.0177
vn 0.8305 -0.5565 -0.0217
vn 0.8321 -0.5543 -0.0211
vn 0.8423 -0.5388 -0.0174
vn -0.7071 0.4437 -0.5505
vn 0.7071 0.4437 -0.5505
vn -0.0000 -0.9987 0.0518
vn -0.0000 -0.9946 0.1034
vn -0.7035 -0.6819 0.2003
vn 0.7035 -0.6819 0.2003
vn -0.0000 -0.9397 0.3420
vn 0.3207 -0.8761 0.3599
vn 0.3891 -0.8487 0.3581
vn -0.7459 -0.2220 0.6280
vn -0.7389 -0.0078 0.6738
vn -0.7395 -0.0130 0.6731
vn -0.7071 0.1665 0.6872
vn 0.7389 -0.0078 0.6738
vn 0.7459 -0.2220 0.6280
vn 0.7395 -0.0130 0.6731
vn 0.7071 0.1665 0.6872
vn -0.0000 0.0507 0.9987
vn -0.0000 0.2230 0.9748
vn -0.0000 0.4411 0.8975
vn -0.0000 -0.0071 1.0000
vn 0.8660 -0.4469 0.2243
vn -0.4405 -0.4489 0.7775
vn -0.4483 0.1552 0.8803
vn 0.8547 -0.4650 0.2308
vn 0.6614 0.2386 0.7111
vn 0.8961 -0.3160 0.3117
vn 0.8937 -0.3226 0.3118
vn 0.8930 -0.3246 0.3118
vn 0.8902 -0.3322 0.3119
vn -0.0000 0.6247 0.7809
vn 0.5808 -0.1009 0.8078
vn 0.6136 0.0677 0.7867
vn 0.6162 0.0866 0.7828
vn 0.6285 0.2497 0.7367
vn 0.6945 -0.0000 -0.7195
vn -0.6945 -0.0000 -0.7195
vn 0.6944 -0.0000 -0.7196
vn -0.0000 0.1736 0.9848
vn 0.5025 -0.1233 0.8557
vn -0.0001 -0.0000 -1.0000
vn -0.0000 0.8219 -0.5697
vn 0.8037 -0.3553 0.4773
vn -0.1265 0.7177 -0.6848
vn -0.0000 -0.5000 0.8660
vn 0.3644 0.6311 -0.6848
vn -0.1723 -0.6789 0.7137
vn -0.5582 0.4684 -0.6848
vn -0.0000 0.8614 -0.5080
vn -0.0000 0.8513 -0.5247
vn -0.0000 0.9696 -0.2445
vn -0.0000 0.9888 0.1490
vn -0.0000 0.8758 0.4827
vn -0.0000 0.7565 0.6540
vn -0.0000 0.7567 -0.6538
vn -0.1265 0.7177 0.6848
vn 0.0138 0.0542 0.9984
vn 0.6848 0.2492 -0.6848
vn 0.3644 0.6311 0.6848
vn 0.5583 -0.4684 -0.6848
vn -0.0653 -0.2574 0.9641
vn -0.5583 0.4684 0.6848
vn -0.0000 0.7071 0.7071
vn -0.0000 0.5878 -0.8090
vn -0.0000 -0.5878 -0.8090
vn 0.0476 0.2701 -0.9617
vn 0.1371 0.2375 -0.9617
vn 0.0345 0.2567 -0.9659
vn 0.0449 0.2549 -0.9659
vn -0.0476 0.2700 -0.9617
vn -0.2101 0.1763 -0.9617
vn -0.0001 -0.0000 1.0000
vn 0.0001 -0.0000 1.0000
vn 0.0005 -0.0000 1.0000
vn -0.0000 0.3181 0.9481
vn -0.0000 0.4735 0.8808
vn 0.0125 -0.2539 -0.9672
vn 0.1675 -0.6253 -0.7622
vn 0.0386 -0.1874 -0.9815
vn -0.1387 -0.0441 -0.9894
vn -0.0582 -0.1309 -0.9897
vn -0.0419 -0.1566 -0.9868
vn -0.1483 -0.0495 -0.9877
vn 0.1030 -0.0992 -0.9897
vn 0.1567 -0.0503 -0.9864
vn -0.1873 -0.0131 -0.9822
vn -0.2033 -0.0545 -0.9776
vn 0.1986 -0.0146 -0.9800
vn 0.2162 -0.0579 -0.9746
vn 0.0061 1.0000 -0.0000
vn 0.0148 0.9998 -0.0095
vt 0.986736 0.389980
vt 0.982367 0.397548
vt 0.982367 0.388810
vt 0.977998 0.389980
vt 0.989934 0.393179
vt 0.974799 0.393179
vt 0.991105 0.397548
vt 0.973629 0.397548
vt 0.989934 0.401917
vt 0.974799 0.401917
vt 0.986736 0.405115
vt 0.977998 0.405115
vt 0.982367 0.406286
vt 0.707607 0.419241
vt 0.705641 0.411906
vt 0.707121 0.411052
vt 0.709315 0.419241
vt 0.705641 0.426575
vt 0.707121 0.427430
vt 0.680234 0.411906
vt 0.678269 0.419241
vt 0.676560 0.419241
vt 0.678754 0.411052
vt 0.678754 0.427430
vt 0.680234 0.426575
vt 0.692937 0.433910
vt 0.700272 0.431944
vt 0.701126 0.433424
vt 0.692937 0.435619
vt 0.685603 0.431944
vt 0.684749 0.433424
vt 0.685603 0.406537
vt 0.684749 0.405057
vt 0.700272 0.406537
vt 0.701126 0.405057
vt 0.692937 0.404572
vt 0.692937 0.402863
vt 0.685864 0.376915
vt 0.684774 0.380985
vt 0.680823 0.380985
vt 0.682443 0.387031
vt 0.682443 0.374940
vt 0.685864 0.385056
vt 0.688844 0.373935
vt 0.686869 0.391457
vt 0.686869 0.370514
vt 0.688844 0.388036
vt 0.692914 0.372844
vt 0.692914 0.393077
vt 0.692914 0.368894
vt 0.692914 0.389126
vt 0.696985 0.373935
vt 0.698960 0.391457
vt 0.698960 0.370514
vt 0.696985 0.388036
vt 0.699965 0.376915
vt 0.703386 0.387031
vt 0.703386 0.374940
vt 0.699965 0.385056
vt 0.701055 0.380985
vt 0.705006 0.380985
vt 0.673570 0.419241
vt 0.676165 0.409557
vt 0.676165 0.428925
vt 0.709711 0.409557
vt 0.712305 0.419241
vt 0.709711 0.428925
vt 0.683254 0.402468
vt 0.692937 0.399873
vt 0.702621 0.402468
vt 0.683254 0.436014
vt 0.702621 0.436014
vt 0.692937 0.438609
vt 0.951279 0.955821
vt 0.951279 0.991560
vt 0.906764 0.991560
vt 0.906764 0.955821
vt 0.904129 0.987911
vt 0.904129 0.959470
vt 0.901751 0.987911
vt 0.901751 0.959470
vt 0.551381 0.693480
vt 0.513470 0.693480
vt 0.513470 0.683641
vt 0.551381 0.683641
vt 0.683358 0.735323
vt 0.706010 0.735323
vt 0.706010 0.757646
vt 0.683358 0.757646
vt 0.640012 0.363449
vt 0.621091 0.363449
vt 0.621091 0.344528
vt 0.640012 0.344528
vt 0.621091 0.310090
vt 0.640012 0.310090
vt 0.666894 0.540282
vt 0.747976 0.540282
vt 0.738211 0.564343
vt 0.676659 0.564343
vt 0.666286 0.538783
vt 0.748584 0.538783
vt 0.663030 0.519948
vt 0.751840 0.519948
vt 0.685213 0.506823
vt 0.685213 0.503900
vt 0.729657 0.506823
vt 0.663030 0.503900
vt 0.751840 0.503900
vt 0.685213 0.497744
vt 0.729657 0.503900
vt 0.664878 0.497744
vt 0.749992 0.497744
vt 0.685213 0.491838
vt 0.729657 0.497744
vt 0.666650 0.491838
vt 0.685213 0.483336
vt 0.684271 0.483336
vt 0.748220 0.491838
vt 0.729657 0.491838
vt 0.730599 0.483336
vt 0.729657 0.483336
vt 0.687633 0.449076
vt 0.727721 0.449076
vt 0.727721 0.494946
vt 0.687633 0.494946
vt 0.723627 0.498350
vt 0.691726 0.498350
vt 0.749445 0.847295
vt 0.694974 0.847295
vt 0.694974 0.833705
vt 0.749445 0.833705
vt 0.553601 0.390690
vt 0.553601 0.365529
vt 0.564182 0.365529
vt 0.564182 0.390690
vt 0.393298 0.330519
vt 0.393298 0.329260
vt 0.396187 0.329260
vt 0.393199 0.330519
vt 0.393199 0.329260
vt 0.393199 0.357920
vt 0.396187 0.330519
vt 0.396724 0.329260
vt 0.396724 0.330519
vt 0.393298 0.357920
vt 0.393199 0.358303
vt 0.396187 0.357920
vt 0.396724 0.357920
vt 0.393298 0.358303
vt 0.393199 0.364074
vt 0.393298 0.364074
vt 0.396187 0.358303
vt 0.396187 0.364074
vt 0.396724 0.358303
vt 0.396724 0.364074
vt 0.381680 0.330881
vt 0.378791 0.330881
vt 0.378791 0.329622
vt 0.378254 0.329622
vt 0.378254 0.330881
vt 0.381680 0.329622
vt 0.381778 0.330881
vt 0.381778 0.329622
vt 0.381778 0.358283
vt 0.381680 0.358283
vt 0.381778 0.358665
vt 0.378791 0.358283
vt 0.378254 0.358283
vt 0.381680 0.358665
vt 0.381778 0.364437
vt 0.381680 0.364437
vt 0.378791 0.358665
vt 0.378254 0.358665
vt 0.378791 0.364437
vt 0.378254 0.364437
vt 0.733826 0.880726
vt 0.732435 0.875536
vt 0.749445 0.856459
vt 0.728298 0.871399
vt 0.722648 0.869885
vt 0.749445 0.880726
vt 0.694974 0.856459
vt 0.716997 0.871399
vt 0.712861 0.875536
vt 0.694974 0.880726
vt 0.711470 0.880726
vt 0.807589 0.262218
vt 0.740107 0.262218
vt 0.740107 0.212615
vt 0.807589 0.212615
vt 0.386116 0.426011
vt 0.385961 0.426011
vt 0.385961 0.424734
vt 0.386116 0.424734
vt 0.383358 0.426011
vt 0.385961 0.409998
vt 0.386116 0.409998
vt 0.383358 0.409998
vt 0.383358 0.424734
vt 0.382669 0.409998
vt 0.382669 0.424734
vt 0.382669 0.426011
vt 0.388759 0.425655
vt 0.388759 0.424378
vt 0.388914 0.424378
vt 0.388914 0.425655
vt 0.388759 0.409642
vt 0.388914 0.409642
vt 0.391517 0.425655
vt 0.391517 0.409642
vt 0.391517 0.424378
vt 0.392206 0.409642
vt 0.392206 0.424378
vt 0.392206 0.425655
vt 0.484730 0.411534
vt 0.495049 0.411534
vt 0.507289 0.414367
vt 0.472490 0.414367
vt 0.486863 0.358760
vt 0.492916 0.358760
vt 0.684624 0.366627
vt 0.692914 0.364405
vt 0.098474 0.321959
vt 0.099468 0.322603
vt 0.098474 0.324457
vt 0.098474 0.319762
vt 0.676334 0.380985
vt 0.678556 0.372695
vt 0.678556 0.389275
vt 0.701204 0.366627
vt 0.012582 0.356877
vt 0.011588 0.356233
vt 0.012582 0.354377
vt 0.707273 0.372695
vt 0.709495 0.380985
vt 0.707273 0.389275
vt 0.508559 0.426782
vt 0.471221 0.426782
vt 0.471221 0.415636
vt 0.508559 0.415636
vt 0.106446 0.344911
vt 0.105452 0.346181
vt 0.106446 0.342967
vt 0.106446 0.349395
vt 0.106446 0.347450
vt 0.012512 0.343608
vt 0.011518 0.344877
vt 0.012512 0.341663
vt 0.012512 0.348091
vt 0.012512 0.346146
vt 0.098389 0.288657
vt 0.099383 0.289301
vt 0.098389 0.291155
vt 0.098389 0.286460
vt 0.009250 0.303075
vt 0.008256 0.300232
vt 0.009250 0.300876
vt 0.684624 0.395344
vt 0.701204 0.395344
vt 0.692914 0.397565
vt 0.106516 0.357727
vt 0.105522 0.357083
vt 0.106516 0.355227
vt 0.106516 0.359926
vt 0.098918 0.264857
vt 0.099912 0.264213
vt 0.098918 0.267054
vt 0.098918 0.262359
vt 0.466043 0.441411
vt 0.458007 0.441411
vt 0.458007 0.439678
vt 0.458007 0.444372
vt 0.466043 0.439678
vt 0.468122 0.441709
vt 0.468122 0.443264
vt 0.461585 0.444372
vt 0.468122 0.475158
vt 0.466043 0.476975
vt 0.468122 0.477015
vt 0.461585 0.474352
vt 0.466043 0.479047
vt 0.458007 0.476975
vt 0.458007 0.474352
vt 0.458007 0.479047
vt 0.106516 0.333954
vt 0.105522 0.334598
vt 0.106516 0.331755
vt 0.106516 0.336454
vt 0.007317 0.286070
vt 0.006323 0.287339
vt 0.007317 0.284127
vt 0.007317 0.290551
vt 0.007317 0.288607
vt 0.008091 0.319901
vt 0.007097 0.321170
vt 0.008091 0.317958
vt 0.008091 0.324382
vt 0.008091 0.322438
vt 0.193701 0.334271
vt 0.194695 0.336657
vt 0.193701 0.336657
vt 0.193701 0.339042
vt 0.098708 0.328886
vt 0.099703 0.331271
vt 0.098708 0.331271
vt 0.098708 0.333657
vt 0.098156 0.300434
vt 0.099150 0.299790
vt 0.098156 0.302631
vt 0.098156 0.297935
vt 0.012356 0.332650
vt 0.011361 0.333294
vt 0.012356 0.330451
vt 0.012356 0.335150
vt 0.569294 0.390690
vt 0.569294 0.365529
vt 0.574555 0.365529
vt 0.574555 0.390690
vt 0.636886 0.469774
vt 0.636886 0.468263
vt 0.649502 0.468263
vt 0.649502 0.469774
vt 0.651581 0.468003
vt 0.636886 0.437263
vt 0.651581 0.466648
vt 0.649502 0.437263
vt 0.636886 0.435458
vt 0.651581 0.438847
vt 0.649502 0.435458
vt 0.651581 0.437228
vt 0.796341 0.924452
vt 0.797466 0.913635
vt 0.819152 0.913635
vt 0.820277 0.924452
vt 0.789624 0.911533
vt 0.826994 0.911533
vt 0.796373 0.911533
vt 0.820245 0.911533
vt 0.796180 0.911161
vt 0.789624 0.911161
vt 0.791381 0.901931
vt 0.791381 0.901594
vt 0.789624 0.875854
vt 0.791381 0.875854
vt 0.791381 0.875478
vt 0.789624 0.873664
vt 0.793260 0.873664
vt 0.802271 0.861459
vt 0.802839 0.864419
vt 0.814347 0.861459
vt 0.813779 0.864419
vt 0.823359 0.873664
vt 0.826994 0.873664
vt 0.825238 0.875478
vt 0.825238 0.875854
vt 0.826994 0.875854
vt 0.826994 0.911161
vt 0.825238 0.901594
vt 0.825238 0.901931
vt 0.820438 0.911161
vt 0.797116 0.862538
vt 0.794588 0.862538
vt 0.786180 0.851997
vt 0.791636 0.851997
vt 0.790636 0.850074
vt 0.790636 0.849697
vt 0.786180 0.849210
vt 0.790636 0.849210
vt 0.786180 0.818114
vt 0.790636 0.820485
vt 0.793092 0.818114
vt 0.795094 0.816181
vt 0.786180 0.816181
vt 0.803452 0.808115
vt 0.802012 0.801982
vt 0.817130 0.801982
vt 0.815690 0.808115
vt 0.832963 0.816181
vt 0.824048 0.816181
vt 0.826051 0.818114
vt 0.832963 0.818114
vt 0.826265 0.818321
vt 0.832574 0.818321
vt 0.832963 0.818321
vt 0.827507 0.851997
vt 0.832963 0.851997
vt 0.824554 0.862538
vt 0.822026 0.862538
vt 0.828507 0.850074
vt 0.828507 0.849697
vt 0.832963 0.849210
vt 0.828507 0.849210
vt 0.828507 0.846650
vt 0.832963 0.846650
vt 0.095759 0.321487
vt 0.095759 0.317682
vt 0.015229 0.347075
vt 0.015229 0.350443
vt 0.015299 0.353019
vt 0.015299 0.357349
vt 0.095759 0.325815
vt 0.109163 0.348379
vt 0.109163 0.351747
vt 0.109163 0.343982
vt 0.015229 0.342678
vt 0.095674 0.288185
vt 0.095674 0.284380
vt 0.329346 0.817241
vt 0.335410 0.810503
vt 0.354920 0.810503
vt 0.015299 0.361156
vt 0.012582 0.359075
vt 0.109233 0.353869
vt 0.109233 0.358199
vt 0.109163 0.340614
vt 0.162371 0.214380
vt 0.162371 0.214327
vt 0.162531 0.214327
vt 0.095674 0.292513
vt 0.096203 0.269134
vt 0.096203 0.265328
vt 0.010806 0.323367
vt 0.010806 0.326733
vt 0.332415 0.237586
vt 0.372294 0.237586
vt 0.372294 0.242127
vt 0.332415 0.242127
vt 0.015229 0.339310
vt 0.109233 0.362007
vt 0.109233 0.333482
vt 0.109233 0.337812
vt 0.490980 0.816605
vt 0.486394 0.809867
vt 0.505903 0.809867
vt 0.172938 0.212874
vt 0.172887 0.213152
vt 0.172887 0.212912
vt 0.172938 0.213195
vt 0.172887 0.213195
vt 0.172865 0.212877
vt 0.172862 0.212874
vt 0.172887 0.212898
vt 0.172887 0.212910
vt 0.172887 0.212911
vt 0.372294 0.261513
vt 0.332415 0.261513
vt 0.010032 0.289536
vt 0.010032 0.292902
vt 0.096203 0.261001
vt 0.095441 0.304711
vt 0.095441 0.300905
vt 0.249286 0.821858
vt 0.245022 0.815593
vt 0.263162 0.815593
vt 0.279350 0.466902
vt 0.264715 0.466902
vt 0.260466 0.466048
vt 0.279350 0.466048
vt 0.259035 0.450078
vt 0.264715 0.507181
vt 0.260466 0.508035
vt 0.279350 0.507181
vt 0.279350 0.508035
vt 0.279350 0.524005
vt 0.109233 0.329674
vt 0.010032 0.281776
vt 0.010032 0.285142
vt 0.161623 0.212498
vt 0.161623 0.212541
vt 0.161597 0.212532
vt 0.161597 0.212507
vt 0.170683 0.212334
vt 0.170683 0.212377
vt 0.170657 0.212368
vt 0.170657 0.212343
vt 0.015072 0.332178
vt 0.015072 0.336508
vt 0.095441 0.296578
vt 0.172233 0.212158
vt 0.172303 0.212139
vt 0.172372 0.212158
vt 0.172442 0.212279
vt 0.172423 0.212209
vt 0.172423 0.212348
vt 0.172372 0.212399
vt 0.172233 0.212399
vt 0.172303 0.212418
vt 0.172182 0.212209
vt 0.172164 0.212279
vt 0.172182 0.212348
vt 0.105540 0.315678
vt 0.105026 0.316334
vt 0.105540 0.314674
vt 0.105540 0.317993
vt 0.105540 0.316989
vt 0.015072 0.328370
vt 0.010806 0.315607
vt 0.010806 0.318973
vt 0.350334 0.817241
vt 0.321342 0.837389
vt 0.186396 0.291836
vt 0.190048 0.294900
vt 0.185280 0.294900
vt 0.186396 0.297965
vt 0.189220 0.299595
vt 0.192431 0.299029
vt 0.194528 0.296531
vt 0.194528 0.293270
vt 0.192431 0.290772
vt 0.189220 0.290205
vt 0.105497 0.322239
vt 0.104983 0.321906
vt 0.105497 0.320948
vt 0.105497 0.323374
vt 0.496429 0.836754
vt 0.511968 0.816605
vt 0.483571 0.457273
vt 0.483571 0.455540
vt 0.484892 0.454335
vt 0.484892 0.455952
vt 0.483571 0.452579
vt 0.484892 0.452579
vt 0.319196 0.435003
vt 0.320517 0.436185
vt 0.320517 0.437626
vt 0.319196 0.437626
vt 0.319196 0.432932
vt 0.320517 0.434253
vt 0.710827 0.246562
vt 0.711124 0.246754
vt 0.710827 0.247309
vt 0.710827 0.245905
vt 0.437293 0.792937
vt 0.462352 0.798587
vt 0.429736 0.798587
vt 0.429736 0.792937
vt 0.437293 0.748480
vt 0.462352 0.742830
vt 0.429736 0.748480
vt 0.429736 0.742830
vt 0.051345 0.816420
vt 0.047081 0.822685
vt 0.027566 0.822685
vt 0.017818 0.846799
vt 0.105595 0.310046
vt 0.105082 0.310379
vt 0.105595 0.308911
vt 0.105595 0.311337
vt 0.634243 0.467058
vt 0.635564 0.468263
vt 0.635564 0.469774
vt 0.634243 0.468452
vt 0.634243 0.438445
vt 0.635564 0.437263
vt 0.634243 0.436779
vt 0.635564 0.435458
vt 0.539410 0.986288
vt 0.560182 0.986288
vt 0.560182 0.998002
vt 0.539410 0.998002
vt 0.734280 0.309667
vt 0.734577 0.309474
vt 0.734280 0.310323
vt 0.734280 0.308920
vt 0.166665 0.211220
vt 0.166818 0.211220
vt 0.166818 0.211288
vt 0.166665 0.211288
vt 0.129708 0.286363
vt 0.129708 0.290690
vt 0.126218 0.287667
vt 0.126218 0.285169
vt 0.158297 0.220622
vt 0.158199 0.220747
vt 0.158297 0.220431
vt 0.158297 0.221063
vt 0.158297 0.220872
vt 0.175966 0.215044
vt 0.175473 0.215674
vt 0.175966 0.214080
vt 0.175966 0.217267
vt 0.175966 0.216303
vt 0.130452 0.293234
vt 0.130452 0.298797
vt 0.126962 0.298191
vt 0.126962 0.294979
vt 0.710015 0.246421
vt 0.710015 0.245284
vt 0.245586 0.508035
vt 0.245586 0.466048
vt 0.259035 0.524005
vt 0.106942 0.317469
vt 0.106942 0.319208
vt 0.106942 0.315199
vt 0.129708 0.280715
vt 0.126218 0.281908
vt 0.241037 0.267671
vt 0.244838 0.267671
vt 0.246903 0.271801
vt 0.240320 0.271801
vt 0.247659 0.277443
vt 0.240058 0.277443
vt 0.247659 0.298103
vt 0.240058 0.298103
vt 0.246903 0.303745
vt 0.240320 0.303745
vt 0.244838 0.307876
vt 0.241037 0.307876
vt 0.539183 0.945143
vt 0.559955 0.945143
vt 0.559955 0.962196
vt 0.539183 0.962196
vt 0.539183 0.932055
vt 0.559955 0.932055
vt 0.539183 0.910639
vt 0.559955 0.910639
vt 0.539183 0.889620
vt 0.559955 0.889620
vt 0.539183 0.862582
vt 0.559955 0.862582
vt 0.539183 0.830577
vt 0.559955 0.830577
vt 0.539183 0.810429
vt 0.559955 0.810429
vt 0.539183 0.803691
vt 0.559955 0.803691
vt 0.059237 0.619614
vt 0.061931 0.619614
vt 0.061931 0.664725
vt 0.059237 0.664725
vt 0.065262 0.664725
vt 0.065262 0.619614
vt 0.067957 0.664725
vt 0.067957 0.619614
vt 0.290572 0.938135
vt 0.304230 0.938135
vt 0.304230 0.948753
vt 0.290572 0.948753
vt 0.290572 0.918341
vt 0.304230 0.918341
vt 0.290572 0.905948
vt 0.304230 0.905948
vt 0.162218 0.215497
vt 0.162371 0.215497
vt 0.162371 0.215633
vt 0.162218 0.215633
vt 0.162218 0.215393
vt 0.162371 0.215393
vt 0.162218 0.215223
vt 0.162371 0.215223
vt 0.162218 0.215056
vt 0.162371 0.215056
vt 0.162218 0.214841
vt 0.162371 0.214841
vt 0.162218 0.214586
vt 0.162371 0.214586
vt 0.162218 0.214380
vt 0.162218 0.214327
vt 0.290475 0.890210
vt 0.304292 0.890210
vt 0.304292 0.905834
vt 0.290475 0.905834
vt 0.824202 0.545361
vt 0.826313 0.552789
vt 0.823921 0.551873
vt 0.822203 0.545827
vt 0.710015 0.247714
vt 0.106899 0.320247
vt 0.106899 0.322483
vt 0.130452 0.303689
vt 0.126962 0.301015
vt 0.824547 0.562928
vt 0.822676 0.560669
vt 0.106942 0.313460
vt 0.505152 0.977705
vt 0.489553 0.968373
vt 0.509722 0.968373
vt 0.502556 0.951319
vt 0.367815 0.504173
vt 0.367815 0.502299
vt 0.378279 0.499626
vt 0.162840 0.213293
vt 0.162687 0.213293
vt 0.162687 0.213091
vt 0.162840 0.213091
vt 0.378279 0.501775
vt 0.367815 0.538611
vt 0.367815 0.536738
vt 0.378279 0.539136
vt 0.378279 0.541285
vt 0.279350 0.450078
vt 0.199050 0.309985
vt 0.199050 0.307852
vt 0.200452 0.308753
vt 0.200452 0.309985
vt 0.199050 0.312118
vt 0.200452 0.311216
vt 0.200966 0.309985
vt 0.353857 0.917452
vt 0.358056 0.938867
vt 0.338757 0.938867
vt 0.338757 0.951955
vt 0.358056 0.951955
vt 0.331592 0.969008
vt 0.351760 0.969008
vt 0.309806 0.978341
vt 0.039705 0.374651
vt 0.054584 0.369471
vt 0.056300 0.383756
vt 0.753430 0.518959
vt 0.753430 0.517108
vt 0.761478 0.517108
vt 0.761478 0.518959
vt 0.129708 0.276387
vt 0.126218 0.279410
vt 0.162527 0.213454
vt 0.018940 0.347415
vt 0.018940 0.351305
vt 0.815204 0.539316
vt 0.816046 0.537954
vt 0.106899 0.324448
vt 0.092050 0.326311
vt 0.092050 0.321315
vt 0.092050 0.316920
vt 0.560133 0.985190
vt 0.539361 0.985190
vt 0.539361 0.963404
vt 0.560133 0.963404
vt 0.163000 0.213301
vt 0.163000 0.213454
vt 0.106998 0.309802
vt 0.106998 0.312038
vt 0.351394 0.597211
vt 0.351394 0.580467
vt 0.373537 0.580467
vt 0.351394 0.578318
vt 0.373537 0.578318
vt 0.373537 0.597211
vt 0.373537 0.599360
vt 0.351394 0.599360
vt 0.166934 0.212158
vt 0.166934 0.212111
vt 0.166970 0.212118
vt 0.166970 0.212158
vt 0.166934 0.212204
vt 0.166970 0.212198
vt 0.166996 0.212135
vt 0.166996 0.212158
vt 0.166996 0.212181
vt 0.168866 0.212158
vt 0.168866 0.212111
vt 0.168902 0.212118
vt 0.168902 0.212158
vt 0.168866 0.212204
vt 0.168902 0.212198
vt 0.168929 0.212135
vt 0.168929 0.212158
vt 0.168929 0.212181
vt 0.755234 0.881589
vt 0.772092 0.881589
vt 0.772092 0.883726
vt 0.755234 0.883726
vt 0.772092 0.894170
vt 0.755234 0.894170
vt 0.772092 0.900114
vt 0.755234 0.900114
vt 0.772092 0.924788
vt 0.755234 0.924788
vt 0.772092 0.931457
vt 0.755234 0.931457
vt 0.772092 0.936403
vt 0.755234 0.936403
vt 0.162527 0.213301
vt 0.733468 0.310945
vt 0.733468 0.309808
vt 0.821698 0.487527
vt 0.825208 0.507436
vt 0.819522 0.506608
vt 0.816697 0.490588
vt 0.811388 0.520696
vt 0.815100 0.524945
vt 0.177314 0.216764
vt 0.177314 0.218434
vt 0.200225 0.271937
vt 0.205346 0.271937
vt 0.204829 0.277579
vt 0.198916 0.277579
vt 0.204829 0.298239
vt 0.198916 0.298239
vt 0.205346 0.303881
vt 0.200225 0.303881
vt 0.806210 0.474531
vt 0.804235 0.480131
vt 0.019010 0.352521
vt 0.019010 0.357521
vt 0.019010 0.361918
vt 0.393268 0.383872
vt 0.393268 0.371463
vt 0.396156 0.371463
vt 0.396156 0.364773
vt 0.396694 0.364773
vt 0.393268 0.364773
vt 0.396694 0.371463
vt 0.393169 0.371463
vt 0.393169 0.364773
vt 0.393169 0.383872
vt 0.393169 0.390563
vt 0.393268 0.390563
vt 0.396156 0.383872
vt 0.396694 0.383872
vt 0.396156 0.390563
vt 0.396694 0.390563
vt 0.381611 0.383766
vt 0.378723 0.383766
vt 0.378723 0.371357
vt 0.378185 0.371357
vt 0.378185 0.364667
vt 0.378185 0.383766
vt 0.378723 0.364667
vt 0.378723 0.390456
vt 0.378185 0.390456
vt 0.381611 0.390456
vt 0.381710 0.390456
vt 0.381710 0.383766
vt 0.381611 0.371357
vt 0.381611 0.364667
vt 0.381710 0.371357
vt 0.381710 0.364667
vt 0.234531 0.271801
vt 0.233373 0.277443
vt 0.233373 0.298103
vt 0.234531 0.303745
vt 0.181520 0.299310
vt 0.181520 0.294002
vt 0.185010 0.296246
vt 0.185010 0.299310
vt 0.181520 0.304618
vt 0.185010 0.302375
vt 0.252778 0.900869
vt 0.256658 0.875729
vt 0.278549 0.875729
vt 0.273418 0.900869
vt 0.248316 0.920413
vt 0.278549 0.845972
vt 0.256658 0.845972
vt 0.268801 0.821858
vt 0.106998 0.307837
vt 0.891405 0.477330
vt 0.897748 0.478713
vt 0.897748 0.502369
vt 0.891405 0.451186
vt 0.897748 0.443924
vt 0.112874 0.348719
vt 0.112874 0.352608
vt 0.112874 0.343642
vt 0.018940 0.342338
vt 0.492916 0.355968
vt 0.486863 0.355968
vt 0.486863 0.332222
vt 0.492916 0.332222
vt 0.161380 0.216233
vt 0.161355 0.216203
vt 0.161378 0.216195
vt 0.161392 0.216212
vt 0.158565 0.220963
vt 0.158565 0.221295
vt 0.810091 0.446712
vt 0.811545 0.454956
vt 0.809522 0.454600
vt 0.808312 0.447738
vt 0.806038 0.460633
vt 0.807359 0.462207
vt 0.483258 0.951319
vt 0.502556 0.938232
vt 0.483258 0.938232
vt 0.508108 0.916816
vt 0.803678 0.441330
vt 0.802975 0.443260
vt 0.161451 0.216220
vt 0.161418 0.216240
vt 0.161414 0.216216
vt 0.161433 0.216205
vt 0.129751 0.268280
vt 0.129751 0.273843
vt 0.126261 0.272098
vt 0.126261 0.268886
vt 0.733468 0.308514
vt 0.385983 0.398612
vt 0.385828 0.398612
vt 0.385828 0.385971
vt 0.385983 0.385971
vt 0.385828 0.405155
vt 0.385983 0.405155
vt 0.385828 0.409657
vt 0.385983 0.409657
vt 0.383225 0.409657
vt 0.383225 0.405155
vt 0.382536 0.409657
vt 0.382536 0.405155
vt 0.383225 0.398612
vt 0.382536 0.398612
vt 0.383225 0.385971
vt 0.382536 0.385971
vt 0.385828 0.379428
vt 0.385983 0.379428
vt 0.385828 0.374925
vt 0.385983 0.374925
vt 0.383225 0.379428
vt 0.383225 0.374925
vt 0.382536 0.379428
vt 0.382536 0.374925
vt 0.388626 0.398256
vt 0.388626 0.385615
vt 0.388781 0.385615
vt 0.388781 0.379072
vt 0.388626 0.379072
vt 0.388781 0.374570
vt 0.388626 0.374570
vt 0.391384 0.379072
vt 0.391384 0.374570
vt 0.392073 0.379072
vt 0.392073 0.374570
vt 0.392073 0.385615
vt 0.391384 0.385615
vt 0.392073 0.398256
vt 0.391384 0.398256
vt 0.392073 0.404799
vt 0.388781 0.398256
vt 0.391384 0.404799
vt 0.392073 0.409302
vt 0.391384 0.409302
vt 0.388781 0.404799
vt 0.388626 0.404799
vt 0.388781 0.409302
vt 0.388626 0.409302
vt 0.604249 0.868334
vt 0.604249 0.864115
vt 0.631501 0.864115
vt 0.631501 0.868334
vt 0.604249 0.874098
vt 0.631501 0.874098
vt 0.604249 0.879862
vt 0.631501 0.879862
vt 0.162531 0.215223
vt 0.162531 0.215393
vt 0.162531 0.215497
vt 0.162531 0.215633
vt 0.162058 0.215633
vt 0.162058 0.215497
vt 0.162058 0.215393
vt 0.171617 0.452004
vt 0.164250 0.458805
vt 0.164250 0.436998
vt 0.132434 0.588148
vt 0.132434 0.609954
vt 0.125067 0.603153
vt 0.091965 0.293010
vt 0.091965 0.288013
vt 0.091965 0.283619
vt 0.344885 0.837389
vt 0.321342 0.869394
vt 0.344885 0.869394
vt 0.326860 0.896432
vt 0.349058 0.896432
vt 0.333205 0.917452
vt 0.243870 0.450078
vt 0.492256 0.895796
vt 0.496429 0.868758
vt 0.519972 0.868758
vt 0.514454 0.895796
vt 0.487457 0.916816
vt 0.519972 0.836754
vt 0.710580 0.267938
vt 0.710580 0.266625
vt 0.711391 0.266903
vt 0.711391 0.267661
vt 0.710580 0.262939
vt 0.710580 0.261626
vt 0.711391 0.261903
vt 0.711391 0.262662
vt 0.255549 0.537944
vt 0.240383 0.534905
vt 0.242100 0.520621
vt 0.158565 0.220199
vt 0.158565 0.220531
vt 0.112874 0.339753
vt 0.233821 0.508035
vt 0.233821 0.466048
vt 0.129751 0.263389
vt 0.126261 0.266062
vt 0.828036 0.603314
vt 0.828872 0.590562
vt 0.833831 0.591820
vt 0.832995 0.604573
vt 0.386622 0.600953
vt 0.379412 0.599360
vt 0.379412 0.597211
vt 0.134475 0.286800
vt 0.134475 0.291796
vt 0.039709 0.846799
vt 0.017818 0.876556
vt 0.039709 0.876556
vt 0.022949 0.901696
vt 0.043589 0.901696
vt 0.028849 0.921240
vt 0.048050 0.921240
vt 0.034011 0.941152
vt 0.379412 0.578318
vt 0.386622 0.576725
vt 0.386622 0.579199
vt 0.112944 0.353372
vt 0.112944 0.358372
vt 0.112944 0.362769
vt 0.708478 0.776325
vt 0.736174 0.776325
vt 0.749039 0.802566
vt 0.695613 0.802566
vt 0.749039 0.831129
vt 0.695613 0.831129
vt 0.759311 0.590154
vt 0.757593 0.596200
vt 0.755201 0.595495
vt 0.757313 0.588066
vt 0.379412 0.580467
vt 0.641632 0.499626
vt 0.641632 0.501775
vt 0.610328 0.501775
vt 0.610328 0.499626
vt 0.641632 0.539136
vt 0.641632 0.541285
vt 0.610328 0.541285
vt 0.610328 0.539136
vt 0.386622 0.598479
vt 0.708907 0.247863
vt 0.708907 0.246369
vt 0.708907 0.245056
vt 0.177314 0.212913
vt 0.177314 0.214583
vt 0.066349 0.367741
vt 0.066349 0.382741
vt 0.230335 0.518891
vt 0.275333 0.425541
vt 0.275284 0.421794
vt 0.275333 0.421746
vt 0.275284 0.433690
vt 0.275333 0.426096
vt 0.275333 0.433576
vt 0.162710 0.217211
vt 0.162710 0.217148
vt 0.162710 0.217119
vt 0.162710 0.217152
vt 0.772169 0.941649
vt 0.755311 0.941649
vt 0.755311 0.936774
vt 0.772169 0.936774
vt 0.772169 0.991248
vt 0.755311 0.991248
vt 0.170719 0.212380
vt 0.170719 0.212418
vt 0.170683 0.212410
vt 0.758839 0.604996
vt 0.756968 0.605633
vt 0.495049 0.355968
vt 0.495049 0.332222
vt 0.507289 0.330699
vt 0.507289 0.357491
vt 0.484730 0.332222
vt 0.484730 0.355968
vt 0.472490 0.357491
vt 0.472490 0.330699
vt 0.550482 0.734350
vt 0.550482 0.737950
vt 0.536063 0.740875
vt 0.536063 0.737276
vt 0.530357 0.743492
vt 0.530357 0.739893
vt 0.524651 0.740875
vt 0.524651 0.737276
vt 0.504672 0.737950
vt 0.504672 0.734350
vt 0.135219 0.292596
vt 0.135219 0.299019
vt 0.135219 0.304667
vt 0.367815 0.535304
vt 0.378279 0.537491
vt 0.377393 0.533514
vt 0.373676 0.533514
vt 0.367815 0.532170
vt 0.367168 0.536738
vt 0.367168 0.532170
vt 0.367168 0.535304
vt 0.358307 0.536738
vt 0.358307 0.532170
vt 0.358307 0.535304
vt 0.342062 0.536738
vt 0.342062 0.532170
vt 0.342062 0.535304
vt 0.325443 0.536738
vt 0.325443 0.535304
vt 0.018940 0.338449
vt 0.545027 0.746382
vt 0.550559 0.746382
vt 0.550559 0.801129
vt 0.545027 0.801129
vt 0.092494 0.269895
vt 0.092494 0.265501
vt 0.092494 0.260504
vt 0.513331 0.622460
vt 0.551242 0.622460
vt 0.551242 0.683217
vt 0.513331 0.683217
vt 0.766054 0.558738
vt 0.766079 0.568891
vt 0.762845 0.570649
vt 0.244412 0.940325
vt 0.267518 0.920413
vt 0.108858 0.317644
vt 0.108858 0.319652
vt 0.108858 0.315023
vt 0.134475 0.280277
vt 0.167033 0.211247
vt 0.167019 0.211264
vt 0.166996 0.211256
vt 0.167021 0.211227
vt 0.610801 0.365529
vt 0.610801 0.390690
vt 0.659064 0.246562
vt 0.659064 0.245905
vt 0.659875 0.245284
vt 0.659875 0.246421
vt 0.230335 0.533891
vt 0.378528 0.501775
vt 0.378528 0.499626
vt 0.275863 0.544243
vt 0.275863 0.549596
vt 0.358307 0.504173
vt 0.367168 0.504173
vt 0.367168 0.505886
vt 0.367815 0.509229
vt 0.367168 0.509229
vt 0.367815 0.505886
vt 0.368549 0.508882
vt 0.378279 0.503740
vt 0.378279 0.507914
vt 0.378528 0.507914
vt 0.378528 0.503740
vt 0.610328 0.507914
vt 0.610328 0.503740
vt 0.641632 0.503740
vt 0.619802 0.508237
vt 0.622131 0.508941
vt 0.623694 0.510557
vt 0.623836 0.510847
vt 0.624019 0.512165
vt 0.623961 0.513381
vt 0.641632 0.537491
vt 0.623836 0.513964
vt 0.622131 0.516189
vt 0.621797 0.516325
vt 0.619802 0.516827
vt 0.496520 0.539136
vt 0.496520 0.541285
vt 0.378528 0.541285
vt 0.378528 0.539136
vt 0.559996 0.541285
vt 0.559996 0.539136
vt 0.255352 0.748572
vt 0.248063 0.748572
vt 0.223270 0.742922
vt 0.255352 0.742922
vt 0.248063 0.793029
vt 0.223270 0.798679
vt 0.255352 0.793029
vt 0.255352 0.798679
vt 0.167074 0.211255
vt 0.167055 0.211243
vt 0.167059 0.211220
vt 0.167092 0.211239
vt 0.766310 0.583642
vt 0.765468 0.580659
vt 0.496520 0.537491
vt 0.378528 0.537491
vt 0.496520 0.536287
vt 0.378528 0.533514
vt 0.378279 0.533514
vt 0.610328 0.533514
vt 0.559996 0.536287
vt 0.610328 0.537491
vt 0.559996 0.537491
vt 0.612151 0.533514
vt 0.619802 0.533514
vt 0.660219 0.539136
vt 0.621797 0.533011
vt 0.622131 0.532876
vt 0.623836 0.530650
vt 0.623961 0.530068
vt 0.624019 0.528852
vt 0.623836 0.527533
vt 0.623694 0.527244
vt 0.660219 0.537491
vt 0.622131 0.525627
vt 0.660219 0.503740
vt 0.660219 0.501775
vt 0.619802 0.524924
vt 0.616147 0.524799
vt 0.610328 0.524601
vt 0.610328 0.516827
vt 0.378528 0.516827
vt 0.378528 0.524601
vt 0.378279 0.516827
vt 0.378279 0.524601
vt 0.373676 0.516827
vt 0.375470 0.524880
vt 0.368549 0.525568
vt 0.367815 0.515483
vt 0.367815 0.525916
vt 0.367168 0.515483
vt 0.367168 0.525916
vt 0.358307 0.515483
vt 0.358307 0.525916
vt 0.342062 0.515483
vt 0.342062 0.525916
vt 0.336274 0.525916
vt 0.333945 0.527089
vt 0.336274 0.515483
vt 0.333945 0.514718
vt 0.333155 0.528574
vt 0.333600 0.530981
vt 0.333945 0.531405
vt 0.336274 0.532170
vt 0.333600 0.514295
vt 0.325443 0.505886
vt 0.333155 0.511887
vt 0.333945 0.510402
vt 0.336274 0.509229
vt 0.342062 0.505886
vt 0.325443 0.504173
vt 0.342062 0.509229
vt 0.342062 0.504173
vt 0.358307 0.509229
vt 0.358307 0.505886
vt 0.752240 0.625139
vt 0.814098 0.625139
vt 0.814098 0.661948
vt 0.752240 0.661948
vt 0.660219 0.499626
vt 0.112944 0.328912
vt 0.112944 0.333309
vt 0.112944 0.338309
vt 0.660219 0.541285
vt 0.278382 0.340310
vt 0.278382 0.343357
vt 0.274125 0.347045
vt 0.274125 0.341766
vt 0.619802 0.508882
vt 0.619802 0.511641
vt 0.336274 0.511641
vt 0.336274 0.514779
vt 0.619802 0.514779
vt 0.161659 0.212545
vt 0.161659 0.212582
vt 0.161623 0.212574
vt 0.753430 0.525715
vt 0.753430 0.520385
vt 0.761478 0.520385
vt 0.761478 0.525715
vt 0.753430 0.535731
vt 0.173085 0.223606
vt 0.173034 0.223532
vt 0.173034 0.223477
vt 0.173085 0.223801
vt 0.173034 0.223699
vt 0.173034 0.223801
vt 0.621091 0.294289
vt 0.640012 0.294289
vt 0.659064 0.247309
vt 0.658767 0.246754
vt 0.278375 0.352676
vt 0.278375 0.356594
vt 0.274117 0.357334
vt 0.274117 0.350548
vt 0.387334 0.579199
vt 0.387334 0.576725
vt 0.573395 0.576725
vt 0.573395 0.579199
vt 0.605796 0.579199
vt 0.605796 0.576725
vt 0.387334 0.598479
vt 0.573395 0.598479
vt 0.387334 0.600953
vt 0.464817 0.600953
vt 0.464817 0.599351
vt 0.506966 0.599351
vt 0.506966 0.600953
vt 0.573395 0.600953
vt 0.605796 0.600953
vt 0.605796 0.598479
vt 0.378615 0.599360
vt 0.378615 0.597211
vt 0.378615 0.580467
vt 0.378615 0.578318
vt 0.358307 0.502299
vt 0.367168 0.502299
vt 0.342062 0.502299
vt 0.325443 0.502299
vt 0.358307 0.538611
vt 0.342062 0.538611
vt 0.367168 0.538611
vt 0.325443 0.538611
vt 0.108858 0.313015
vt 0.619802 0.525568
vt 0.619802 0.528328
vt 0.336274 0.528328
vt 0.336274 0.531466
vt 0.619802 0.531466
vt 0.659875 0.247714
vt 0.441890 0.415636
vt 0.443159 0.414367
vt 0.469952 0.414367
vt 0.537889 0.415636
vt 0.509828 0.414367
vt 0.536620 0.414367
vt 0.268309 0.348394
vt 0.268309 0.342299
vt 0.798070 0.577327
vt 0.797434 0.574279
vt 0.773297 0.575683
vt 0.762184 0.558258
vt 0.771673 0.550990
vt 0.768645 0.548337
vt 0.788940 0.544703
vt 0.787911 0.540773
vt 0.795305 0.441330
vt 0.796008 0.443260
vt 0.938036 0.432859
vt 0.938036 0.428490
vt 0.971277 0.426492
vt 0.971277 0.432859
vt 0.938036 0.437228
vt 0.971277 0.439226
vt 0.108815 0.319990
vt 0.108815 0.322572
vt 0.108815 0.324842
vt 0.711011 0.258039
vt 0.711011 0.257326
vt 0.711308 0.257326
vt 0.711011 0.256614
vt 0.710200 0.258560
vt 0.710200 0.257326
vt 0.710200 0.256092
vt 0.709091 0.258751
vt 0.709091 0.257326
vt 0.709091 0.255901
vt 0.711011 0.253039
vt 0.711011 0.252327
vt 0.711308 0.252327
vt 0.711011 0.251614
vt 0.710200 0.253561
vt 0.710200 0.252327
vt 0.710200 0.251093
vt 0.709091 0.253752
vt 0.709091 0.252327
vt 0.709091 0.250902
vt 0.660984 0.246369
vt 0.660984 0.247863
vt 0.660984 0.245056
vt 0.139896 0.783822
vt 0.139896 0.757779
vt 0.217063 0.742922
vt 0.125840 0.750471
vt 0.125435 0.750471
vt 0.094071 0.750471
vt 0.217063 0.798679
vt 0.125840 0.791131
vt 0.222015 0.742922
vt 0.222015 0.798679
vt 0.125435 0.791131
vt 0.052656 0.798679
vt 0.094071 0.791131
vt 0.080791 0.777370
vt 0.052656 0.742922
vt 0.080791 0.764231
vt 0.048095 0.798679
vt 0.048095 0.742922
vt 0.278382 0.336332
vt 0.274125 0.334875
vt 0.091733 0.305472
vt 0.091733 0.301078
vt 0.091733 0.296081
vt 0.785993 0.474531
vt 0.787968 0.480131
vt 0.279941 0.338321
vt 0.196800 0.316989
vt 0.196800 0.317993
vt 0.195397 0.319208
vt 0.195397 0.317469
vt 0.196800 0.315678
vt 0.195397 0.315199
vt 0.163373 0.213919
vt 0.152400 0.217943
vt 0.152421 0.217921
vt 0.152456 0.217921
vt 0.173398 0.213592
vt 0.173399 0.213592
vt 0.891405 0.495107
vt 0.196800 0.314674
vt 0.197313 0.316334
vt 0.938223 0.422297
vt 0.938223 0.419099
vt 0.971464 0.421097
vt 0.971464 0.425758
vt 0.938364 0.374337
vt 0.938364 0.371139
vt 0.971605 0.367678
vt 0.971605 0.372339
vt 0.161659 0.212457
vt 0.161659 0.212495
vt 0.161623 0.212466
vt 0.170719 0.212331
vt 0.682517 0.309667
vt 0.682517 0.310323
vt 0.682220 0.309474
vt 0.682517 0.308920
vt 0.774660 0.572477
vt 0.938223 0.414730
vt 0.938223 0.410361
vt 0.971464 0.408363
vt 0.971464 0.414730
vt 0.765665 0.491075
vt 0.765779 0.500388
vt 0.764567 0.500115
vt 0.787275 0.539347
vt 0.135921 0.508035
vt 0.135921 0.466048
vt 0.128553 0.508035
vt 0.128553 0.466048
vt 0.077546 0.508035
vt 0.077546 0.466048
vt 0.063943 0.508035
vt 0.063943 0.466048
vt 0.024838 0.508035
vt 0.024838 0.466048
vt 0.938364 0.383075
vt 0.938364 0.378706
vt 0.971605 0.378706
vt 0.971605 0.385073
vt 0.213370 0.342299
vt 0.213370 0.348394
vt 0.207554 0.347045
vt 0.207554 0.341766
vt 0.662946 0.394558
vt 0.644025 0.394558
vt 0.644025 0.370370
vt 0.662946 0.370370
vt 0.326386 0.597211
vt 0.326386 0.580467
vt 0.326386 0.578318
vt 0.326386 0.599360
vt 0.659628 0.267661
vt 0.659628 0.268242
vt 0.659331 0.267282
vt 0.659628 0.266322
vt 0.659628 0.266903
vt 0.176928 0.221527
vt 0.176928 0.220563
vt 0.177421 0.222156
vt 0.176928 0.223750
vt 0.176928 0.222786
vt 0.288977 0.334582
vt 0.290338 0.338321
vt 0.284522 0.338321
vt 0.288977 0.342059
vt 0.285532 0.344048
vt 0.281614 0.343357
vt 0.279057 0.340310
vt 0.279057 0.336332
vt 0.281614 0.333284
vt 0.285532 0.332593
vt 0.278375 0.360039
vt 0.274117 0.363301
vt 0.196757 0.322239
vt 0.196757 0.320948
vt 0.197270 0.321906
vt 0.196757 0.323374
vt 0.134475 0.275281
vt 0.020885 0.277021
vt 0.020885 0.272254
vt 0.091802 0.272254
vt 0.091802 0.277021
vt 0.020885 0.281789
vt 0.091802 0.281789
vt 0.095511 0.272892
vt 0.095511 0.277021
vt 0.095511 0.281151
vt 0.098226 0.274637
vt 0.098226 0.277021
vt 0.098226 0.279405
vt 0.099220 0.277021
vt 0.020600 0.311117
vt 0.020600 0.306349
vt 0.091516 0.306349
vt 0.091516 0.311117
vt 0.020600 0.315885
vt 0.091516 0.315885
vt 0.095225 0.306988
vt 0.095225 0.311117
vt 0.095225 0.315246
vt 0.097940 0.308733
vt 0.097940 0.311117
vt 0.097940 0.313501
vt 0.098934 0.311117
vt 0.018783 0.327609
vt 0.018783 0.332005
vt 0.018783 0.337005
vt 0.195354 0.322483
vt 0.195354 0.320247
vt 0.709471 0.261524
vt 0.709471 0.260363
vt 0.710580 0.260620
vt 0.268301 0.357604
vt 0.268301 0.349768
vt 0.268301 0.364495
vt 0.195397 0.313460
vt 0.021133 0.326311
vt 0.021133 0.321315
vt 0.021133 0.316920
vt 0.938505 0.396976
vt 0.938505 0.392607
vt 0.971746 0.390609
vt 0.971746 0.396976
vt 0.938505 0.401345
vt 0.971746 0.403343
vt 0.938223 0.407163
vt 0.971464 0.403702
vt 0.171448 0.212107
vt 0.171423 0.212077
vt 0.171445 0.212069
vt 0.171460 0.212086
vt 0.796405 0.570968
vt 0.938364 0.386273
vt 0.971605 0.389734
vt 0.268309 0.334342
vt 0.193481 0.319652
vt 0.193481 0.317644
vt 0.193481 0.315023
vt 0.683328 0.309808
vt 0.683328 0.310945
vt 0.196855 0.310046
vt 0.196855 0.308911
vt 0.197369 0.310379
vt 0.196855 0.311337
vt 0.171423 0.212038
vt 0.171448 0.212009
vt 0.171460 0.212029
vt 0.171445 0.212047
vt 0.175580 0.224917
vt 0.175580 0.223247
vt 0.203296 0.343357
vt 0.203296 0.340310
vt 0.792944 0.460633
vt 0.799491 0.452831
vt 0.799491 0.463016
vt 0.789461 0.454600
vt 0.790671 0.447738
vt 0.172323 0.213597
vt 0.172048 0.213597
vt 0.172048 0.213285
vt 0.172323 0.213285
vt 0.841806 0.726830
vt 0.829973 0.726830
vt 0.829973 0.662948
vt 0.841806 0.662948
vt 0.162864 0.212911
vt 0.162589 0.212911
vt 0.162589 0.212834
vt 0.162864 0.212834
vt 0.732360 0.311172
vt 0.732360 0.309859
vt 0.732360 0.308366
vt 0.753430 0.498283
vt 0.753430 0.490118
vt 0.761478 0.490118
vt 0.761478 0.498283
vt 0.753430 0.508943
vt 0.761478 0.508943
vt 0.020820 0.436998
vt 0.043165 0.436998
vt 0.043165 0.458805
vt 0.020820 0.458805
vt 0.020820 0.435640
vt 0.058736 0.458805
vt 0.043165 0.435640
vt 0.058736 0.436998
vt 0.020820 0.418570
vt 0.066349 0.458805
vt 0.043165 0.418570
vt 0.020820 0.404026
vt 0.058736 0.435640
vt 0.066349 0.436998
vt 0.436154 0.692167
vt 0.432052 0.690475
vt 0.489427 0.673359
vt 0.441118 0.698327
vt 0.318170 0.690475
vt 0.441118 0.706675
vt 0.263106 0.673359
vt 0.313389 0.692885
vt 0.309104 0.698327
vt 0.309104 0.706675
vt 0.313389 0.712116
vt 0.263106 0.730535
vt 0.318170 0.714526
vt 0.256289 0.724029
vt 0.256289 0.679865
vt 0.489427 0.730535
vt 0.432052 0.714526
vt 0.436154 0.712834
vt 0.495705 0.679497
vt 0.495705 0.724397
vt 0.481012 0.692130
vt 0.475622 0.690378
vt 0.470232 0.692130
vt 0.484343 0.696715
vt 0.466901 0.696715
vt 0.466901 0.702382
vt 0.470232 0.706967
vt 0.484343 0.702382
vt 0.475622 0.708718
vt 0.481012 0.706967
vt 0.207546 0.350548
vt 0.207546 0.357334
vt 0.203289 0.356594
vt 0.203289 0.352676
vt 0.170719 0.212293
vt 0.170683 0.212301
vt 0.171501 0.212079
vt 0.171476 0.212058
vt 0.171508 0.212058
vt 0.171501 0.212037
vt 0.171482 0.212026
vt 0.171482 0.212090
vt 0.161408 0.216184
vt 0.161441 0.216184
vt 0.161433 0.216163
vt 0.161414 0.216152
vt 0.161392 0.216156
vt 0.161378 0.216173
vt 0.799491 0.465070
vt 0.191557 0.693738
vt 0.186776 0.691328
vt 0.241839 0.674212
vt 0.072894 0.691328
vt 0.195842 0.699180
vt 0.241839 0.731388
vt 0.195842 0.707528
vt 0.191557 0.712970
vt 0.248656 0.680718
vt 0.248656 0.724882
vt 0.186776 0.715379
vt 0.015519 0.731388
vt 0.072894 0.715379
vt 0.068792 0.713687
vt 0.063827 0.707528
vt 0.015519 0.674212
vt 0.068792 0.693021
vt 0.063827 0.699180
vt 0.009241 0.725250
vt 0.009241 0.680350
vt 0.023933 0.707820
vt 0.029323 0.709572
vt 0.020602 0.703235
vt 0.034713 0.707820
vt 0.020602 0.697568
vt 0.023933 0.692983
vt 0.029323 0.691232
vt 0.038044 0.703235
vt 0.034713 0.692983
vt 0.038044 0.697568
vt 0.066349 0.435640
vt 0.164250 0.435640
vt 0.058736 0.418570
vt 0.066349 0.418570
vt 0.164250 0.418570
vt 0.058736 0.404026
vt 0.066349 0.404026
vt 0.164250 0.404026
vt 0.043165 0.404026
vt 0.020820 0.398446
vt 0.042129 0.395231
vt 0.020820 0.393093
vt 0.041135 0.386794
vt 0.057493 0.393681
vt 0.066349 0.393163
vt 0.164250 0.393163
vt 0.171617 0.404026
vt 0.164250 0.382741
vt 0.164250 0.367741
vt 0.171617 0.393163
vt 0.171617 0.382741
vt 0.171617 0.367741
vt 0.171617 0.418570
vt 0.171617 0.432754
vt 0.222625 0.404026
vt 0.214554 0.432754
vt 0.171617 0.433883
vt 0.222625 0.423080
vt 0.213612 0.433883
vt 0.213395 0.434143
vt 0.222625 0.418570
vt 0.208816 0.439677
vt 0.208593 0.447575
vt 0.209650 0.449336
vt 0.214609 0.449336
vt 0.222625 0.449336
vt 0.222625 0.452004
vt 0.230318 0.418757
vt 0.226794 0.420707
vt 0.230915 0.418570
vt 0.236227 0.416906
vt 0.236227 0.404026
vt 0.240685 0.415510
vt 0.222625 0.393163
vt 0.275333 0.404026
vt 0.275284 0.415474
vt 0.275333 0.415522
vt 0.236227 0.393163
vt 0.275333 0.393163
vt 0.222625 0.382741
vt 0.222625 0.367741
vt 0.236227 0.382741
vt 0.275333 0.382741
vt 0.236227 0.367741
vt 0.275333 0.367741
vt 0.236227 0.435001
vt 0.236227 0.433690
vt 0.241451 0.433690
vt 0.275333 0.435001
vt 0.213362 0.357604
vt 0.213362 0.349768
vt 0.213362 0.364495
vt 0.108914 0.307443
vt 0.108914 0.309713
vt 0.108914 0.312295
vt 0.171948 0.292596
vt 0.171948 0.299019
vt 0.171948 0.304667
vt 0.089970 0.352521
vt 0.089970 0.357521
vt 0.089970 0.361918
vt 0.661168 0.258751
vt 0.661168 0.257326
vt 0.661168 0.255901
vt 0.660059 0.258560
vt 0.660059 0.257326
vt 0.660059 0.256092
vt 0.659248 0.258039
vt 0.659248 0.257326
vt 0.659248 0.256614
vt 0.658951 0.257326
vt 0.661168 0.253752
vt 0.661168 0.252327
vt 0.661168 0.250902
vt 0.660059 0.253561
vt 0.660059 0.252327
vt 0.660059 0.251093
vt 0.659248 0.253039
vt 0.659248 0.252327
vt 0.659248 0.251614
vt 0.658951 0.252327
vt 0.021351 0.586151
vt 0.055232 0.584840
vt 0.060457 0.584840
vt 0.060457 0.586151
vt 0.021399 0.584840
vt 0.021351 0.584726
vt 0.207546 0.363301
vt 0.253519 0.588148
vt 0.275863 0.588148
vt 0.275863 0.609954
vt 0.253519 0.609954
vt 0.237948 0.609954
vt 0.253519 0.586789
vt 0.275863 0.586789
vt 0.237948 0.588148
vt 0.230335 0.609954
vt 0.237948 0.586789
vt 0.253519 0.569719
vt 0.275863 0.569719
vt 0.237948 0.569719
vt 0.253519 0.555175
vt 0.275863 0.555175
vt 0.254555 0.546381
vt 0.230335 0.586789
vt 0.230335 0.569719
vt 0.237948 0.555175
vt 0.239191 0.544830
vt 0.230335 0.588148
vt 0.132434 0.586789
vt 0.132434 0.569719
vt 0.125067 0.569719
vt 0.230335 0.555175
vt 0.132434 0.555175
vt 0.230335 0.544312
vt 0.132434 0.544312
vt 0.132434 0.533891
vt 0.132434 0.518891
vt 0.125067 0.518891
vt 0.125067 0.533891
vt 0.074059 0.518891
vt 0.125067 0.544312
vt 0.074059 0.533891
vt 0.060457 0.518891
vt 0.125067 0.555175
vt 0.060457 0.533891
vt 0.021351 0.518891
vt 0.021351 0.533891
vt 0.074059 0.544312
vt 0.060457 0.544312
vt 0.021351 0.544312
vt 0.074059 0.555175
vt 0.060457 0.555175
vt 0.021351 0.555175
vt 0.074059 0.569719
vt 0.060457 0.568056
vt 0.055999 0.566660
vt 0.065769 0.569719
vt 0.021399 0.566624
vt 0.021351 0.566672
vt 0.066985 0.570100
vt 0.072418 0.572263
vt 0.074059 0.574230
vt 0.082130 0.583904
vt 0.125067 0.583904
vt 0.083072 0.585033
vt 0.125067 0.585033
vt 0.083289 0.585293
vt 0.087868 0.590826
vt 0.088091 0.598725
vt 0.087034 0.600485
vt 0.082075 0.600485
vt 0.074059 0.603153
vt 0.074059 0.600485
vt 0.241640 0.421794
vt 0.241160 0.418634
vt 0.227166 0.426297
vt 0.275333 0.418634
vt 0.275333 0.418570
vt 0.234224 0.434837
vt 0.229891 0.440254
vt 0.210618 0.440769
vt 0.208993 0.447478
vt 0.764051 0.381705
vt 0.764051 0.390675
vt 0.713931 0.390675
vt 0.713931 0.381705
vt 0.713931 0.399645
vt 0.764051 0.399645
vt 0.278382 0.333284
vt 0.274125 0.329597
vt 0.853045 0.451186
vt 0.846702 0.443924
vt 0.853045 0.477330
vt 0.853045 0.495107
vt 0.846702 0.502369
vt 0.763318 0.468468
vt 0.769729 0.470801
vt 0.769729 0.474624
vt 0.778598 0.471396
vt 0.760861 0.471396
vt 0.776141 0.468468
vt 0.759908 0.462559
vt 0.783317 0.463223
vt 0.756142 0.463223
vt 0.779552 0.462559
vt 0.761092 0.455841
vt 0.781678 0.453929
vt 0.757781 0.453929
vt 0.778367 0.455841
vt 0.766318 0.451455
vt 0.774449 0.447862
vt 0.765011 0.447862
vt 0.773141 0.451455
vt 0.021399 0.572944
vt 0.055044 0.572944
vt 0.021351 0.577245
vt 0.021351 0.572896
vt 0.069518 0.577447
vt 0.055524 0.569784
vt 0.062460 0.585986
vt 0.066793 0.591403
vt 0.086066 0.591919
vt 0.087691 0.598627
vt 0.021351 0.569784
vt 0.021351 0.569719
vt 0.213370 0.334342
vt 0.207554 0.334875
vt 0.457443 0.558177
vt 0.457443 0.546739
vt 0.575436 0.546739
vt 0.575436 0.558177
vt 0.575685 0.546739
vt 0.575685 0.558177
vt 0.586149 0.546739
vt 0.586149 0.555318
vt 0.586796 0.546739
vt 0.586796 0.555318
vt 0.595657 0.546739
vt 0.595657 0.555318
vt 0.611902 0.541967
vt 0.611902 0.555318
vt 0.628521 0.541967
vt 0.628521 0.555318
vt 0.514348 0.801129
vt 0.514348 0.746382
vt 0.536509 0.746382
vt 0.536509 0.801129
vt 0.505579 0.801129
vt 0.505579 0.746382
vt 0.496810 0.801129
vt 0.496810 0.746382
vt 0.466103 0.801129
vt 0.466103 0.746382
vt 0.268309 0.328247
vt 0.213370 0.328247
vt 0.193481 0.313015
vt 0.171204 0.275281
vt 0.171204 0.280277
vt 0.171204 0.286800
vt 0.171204 0.291796
vt 0.610078 0.481770
vt 0.610078 0.493209
vt 0.378278 0.493209
vt 0.610327 0.481770
vt 0.378278 0.481770
vt 0.610327 0.493209
vt 0.346974 0.493209
vt 0.620791 0.484630
vt 0.346974 0.484705
vt 0.328387 0.493209
vt 0.328387 0.484705
vt 0.620791 0.493209
vt 0.621438 0.484630
vt 0.621438 0.493209
vt 0.630300 0.484630
vt 0.630300 0.493209
vt 0.646545 0.484630
vt 0.646545 0.497980
vt 0.663164 0.484630
vt 0.663164 0.497980
vt 0.311550 0.610296
vt 0.293901 0.610296
vt 0.293901 0.532640
vt 0.311550 0.532640
vt 0.298429 0.484342
vt 0.311550 0.484342
vt 0.298429 0.455664
vt 0.311550 0.455664
vt 0.183833 0.339753
vt 0.183833 0.343642
vt 0.183833 0.348719
vt 0.183833 0.352608
vt 0.089899 0.338449
vt 0.089899 0.342338
vt 0.089899 0.347415
vt 0.089899 0.351305
vt 0.257054 0.268358
vt 0.260727 0.268358
vt 0.262071 0.272289
vt 0.255709 0.272289
vt 0.262563 0.277658
vt 0.255217 0.277658
vt 0.262563 0.297321
vt 0.255217 0.297321
vt 0.262071 0.302691
vt 0.255709 0.302691
vt 0.260727 0.306622
vt 0.257054 0.306622
vt 0.206759 0.267806
vt 0.210618 0.267806
vt 0.212031 0.271937
vt 0.212548 0.277579
vt 0.212548 0.298239
vt 0.212031 0.303881
vt 0.210618 0.308011
vt 0.206759 0.308011
vt 0.709471 0.266524
vt 0.709471 0.265362
vt 0.710580 0.265619
vt 0.813841 0.543140
vt 0.195354 0.324448
vt 0.660439 0.265619
vt 0.660439 0.266625
vt 0.228853 0.651316
vt 0.103322 0.651316
vt 0.103322 0.629064
vt 0.229296 0.653548
vt 0.102791 0.653548
vt 0.098928 0.649101
vt 0.098928 0.631279
vt 0.094953 0.644053
vt 0.094953 0.636327
vt 0.228853 0.629064
vt 0.102791 0.626832
vt 0.229296 0.626832
vt 0.232473 0.630557
vt 0.232473 0.649823
vt 0.237135 0.636341
vt 0.237135 0.644039
vt 0.195453 0.312038
vt 0.195453 0.309802
vt 0.376428 0.629461
vt 0.376428 0.651712
vt 0.250897 0.651712
vt 0.250455 0.653945
vt 0.376959 0.653945
vt 0.380823 0.649497
vt 0.380823 0.631675
vt 0.384798 0.644449
vt 0.384798 0.636723
vt 0.250897 0.629461
vt 0.376959 0.627228
vt 0.250455 0.627228
vt 0.247278 0.630954
vt 0.247278 0.650219
vt 0.242616 0.636737
vt 0.242616 0.644435
vt 0.787113 0.317463
vt 0.787113 0.311417
vt 0.968931 0.311417
vt 0.968931 0.317463
vt 0.968931 0.303159
vt 0.787113 0.303159
vt 0.968931 0.294900
vt 0.787113 0.294900
vt 0.968931 0.288854
vt 0.787113 0.288854
vt 0.796102 0.531859
vt 0.796102 0.526259
vt 0.097480 0.650871
vt 0.171897 0.216387
vt 0.172145 0.216387
vt 0.172145 0.216762
vt 0.171897 0.216762
vt 0.171897 0.216350
vt 0.172145 0.216350
vt 0.203296 0.336332
vt 0.585414 0.557718
vt 0.334162 0.559489
vt 0.334162 0.557718
vt 0.337817 0.559832
vt 0.578494 0.559610
vt 0.343636 0.560378
vt 0.575436 0.560378
vt 0.575685 0.560378
vt 0.382270 0.651268
vt 0.244415 0.197708
vt 0.284294 0.197708
vt 0.284294 0.237586
vt 0.244415 0.237586
vt 0.244415 0.189465
vt 0.284294 0.189465
vt 0.250836 0.272289
vt 0.249589 0.277658
vt 0.249589 0.297321
vt 0.250836 0.302691
vt 0.952688 0.600106
vt 0.952688 0.601245
vt 0.904426 0.601245
vt 0.952688 0.898812
vt 0.904426 0.600106
vt 0.904426 0.898812
vt 0.952688 0.950630
vt 0.904426 0.950630
vt 0.904426 0.588574
vt 0.952688 0.588574
vt 0.904426 0.587300
vt 0.952688 0.587300
vt 0.904426 0.579179
vt 0.952688 0.579179
vt 0.914182 0.543766
vt 0.952688 0.543766
vt 0.914182 0.503770
vt 0.952688 0.503770
vt 0.567956 0.728073
vt 0.637720 0.735323
vt 0.637720 0.757646
vt 0.661081 0.735323
vt 0.567956 0.757646
vt 0.661081 0.757646
vt 0.682543 0.735323
vt 0.682543 0.757646
vt 0.637720 0.768547
vt 0.580573 0.768547
vt 0.629364 0.775899
vt 0.607932 0.775899
vt 0.629364 0.795366
vt 0.607932 0.795366
vt 0.653518 0.225195
vt 0.653518 0.286070
vt 0.629134 0.286070
vt 0.629134 0.225195
vt 0.612141 0.286070
vt 0.612141 0.225195
vt 0.603833 0.286070
vt 0.603833 0.225195
vt 0.496996 0.286070
vt 0.496996 0.225195
vt 0.488956 0.291961
vt 0.488956 0.219304
vt 0.433292 0.291961
vt 0.433292 0.219304
vt 0.165185 0.211366
vt 0.165221 0.211366
vt 0.165227 0.211398
vt 0.165185 0.211398
vt 0.165227 0.211518
vt 0.165185 0.211518
vt 0.165221 0.211551
vt 0.165185 0.211551
vt 0.165206 0.211574
vt 0.165185 0.211574
vt 0.846034 0.853751
vt 0.894295 0.853751
vt 0.894295 0.854890
vt 0.846034 0.854890
vt 0.894295 0.866423
vt 0.870466 0.729832
vt 0.846034 0.729832
vt 0.846034 0.866423
vt 0.894295 0.867697
vt 0.846034 0.867697
vt 0.894295 0.875818
vt 0.846034 0.875818
vt 0.894295 0.911230
vt 0.855790 0.911230
vt 0.894295 0.951226
vt 0.855790 0.951226
vt 0.894295 0.556185
vt 0.870466 0.662425
vt 0.846034 0.662425
vt 0.846034 0.556185
vt 0.846034 0.504366
vt 0.894295 0.504366
vt 0.683328 0.308514
vt 0.751888 0.758007
vt 0.751888 0.735685
vt 0.821652 0.728435
vt 0.821652 0.758007
vt 0.809035 0.768909
vt 0.728526 0.758007
vt 0.751888 0.768909
vt 0.728526 0.735685
vt 0.707065 0.758007
vt 0.707065 0.735685
vt 0.781676 0.776261
vt 0.760244 0.776261
vt 0.781676 0.795728
vt 0.760244 0.795728
vt 0.670839 0.976304
vt 0.688897 0.976304
vt 0.688897 0.995889
vt 0.670839 0.995889
vt 0.670839 0.939008
vt 0.688897 0.939008
vt 0.670839 0.921870
vt 0.688897 0.921870
vt 0.670839 0.904504
vt 0.688897 0.904504
vt 0.266945 0.272289
vt 0.268191 0.277658
vt 0.268191 0.297321
vt 0.266945 0.302691
vt 0.337351 0.424971
vt 0.302354 0.424971
vt 0.302354 0.423712
vt 0.337351 0.423712
vt 0.302354 0.396310
vt 0.337351 0.396310
vt 0.302354 0.395927
vt 0.337351 0.395927
vt 0.306958 0.390156
vt 0.332747 0.390156
vt 0.313648 0.386171
vt 0.326057 0.386171
vt 0.764335 0.364955
vt 0.764335 0.373925
vt 0.714215 0.373925
vt 0.714215 0.380491
vt 0.764335 0.380491
vt 0.714215 0.364955
vt 0.764335 0.355985
vt 0.714215 0.355985
vt 0.764335 0.349418
vt 0.714215 0.349418
vt 0.453618 0.472061
vt 0.329312 0.472061
vt 0.329312 0.452766
vt 0.453618 0.452766
vt 0.339422 0.424971
vt 0.339422 0.423712
vt 0.374418 0.423712
vt 0.374418 0.424971
vt 0.374418 0.396310
vt 0.339422 0.396310
vt 0.374418 0.395927
vt 0.339422 0.395927
vt 0.369815 0.390156
vt 0.344025 0.390156
vt 0.363124 0.386171
vt 0.350716 0.386171
vt 0.764199 0.400054
vt 0.764199 0.406621
vt 0.714078 0.406621
vt 0.714078 0.400054
vt 0.714078 0.415590
vt 0.764199 0.415590
vt 0.714078 0.424560
vt 0.764199 0.424560
vt 0.714078 0.431127
vt 0.764199 0.431127
vt 0.167049 0.211276
vt 0.224381 0.421320
vt 0.752240 0.563280
vt 0.749162 0.625139
vt 0.749162 0.563280
vt 0.819648 0.558636
vt 0.411373 0.978341
vt 0.411373 0.990054
vt 0.404132 0.990054
vt 0.404132 0.978341
vt 0.398843 0.990054
vt 0.411373 0.969008
vt 0.398843 0.978341
vt 0.342741 0.990054
vt 0.404132 0.969008
vt 0.404132 0.951955
vt 0.411373 0.958348
vt 0.418716 0.958348
vt 0.418716 0.951955
vt 0.418716 0.938867
vt 0.400056 0.969008
vt 0.342742 0.978341
vt 0.336161 0.990054
vt 0.336162 0.978341
vt 0.355077 0.969008
vt 0.400546 0.951955
vt 0.360056 0.951955
vt 0.309806 0.990054
vt 0.360056 0.938867
vt 0.400546 0.938867
vt 0.356735 0.917452
vt 0.400220 0.917452
vt 0.404132 0.938867
vt 0.418716 0.917452
vt 0.404132 0.917452
vt 0.418716 0.896432
vt 0.404132 0.896432
vt 0.418716 0.869394
vt 0.399846 0.896432
vt 0.404132 0.869394
vt 0.418716 0.837389
vt 0.352940 0.896432
vt 0.399521 0.869394
vt 0.349640 0.869394
vt 0.404132 0.837389
vt 0.418716 0.817241
vt 0.349640 0.837389
vt 0.399521 0.837389
vt 0.404132 0.817241
vt 0.418615 0.810503
vt 0.404132 0.810503
vt 0.399945 0.817241
vt 0.400302 0.810503
vt 0.353949 0.817241
vt 0.357576 0.810503
vt 0.437182 0.957712
vt 0.422597 0.957712
vt 0.422597 0.951319
vt 0.437182 0.951319
vt 0.422597 0.938232
vt 0.440767 0.951319
vt 0.440951 0.957712
vt 0.437182 0.938232
vt 0.481258 0.951319
vt 0.422597 0.916816
vt 0.474253 0.957712
vt 0.440767 0.938232
vt 0.437182 0.916816
vt 0.422597 0.895796
vt 0.441094 0.916816
vt 0.481258 0.938232
vt 0.484579 0.916816
vt 0.488373 0.895796
vt 0.486236 0.968373
vt 0.474253 0.968373
vt 0.474253 0.977705
vt 0.498572 0.977705
vt 0.474253 0.989419
vt 0.498572 0.989419
vt 0.505152 0.989419
vt 0.531507 0.977705
vt 0.531507 0.989419
vt 0.491673 0.868758
vt 0.441468 0.895796
vt 0.491673 0.836754
vt 0.483454 0.849079
vt 0.441792 0.868758
vt 0.483454 0.836754
vt 0.444530 0.849079
vt 0.487365 0.816605
vt 0.483454 0.816605
vt 0.483738 0.809867
vt 0.483454 0.809867
vt 0.441792 0.836754
vt 0.444530 0.836754
vt 0.444530 0.816605
vt 0.441368 0.816605
vt 0.444530 0.809867
vt 0.441011 0.809867
vt 0.437182 0.816605
vt 0.437182 0.809867
vt 0.422698 0.809867
vt 0.422597 0.816605
vt 0.437182 0.836754
vt 0.422597 0.836754
vt 0.437182 0.868758
vt 0.422597 0.868758
vt 0.437182 0.895796
vt 0.764404 0.330461
vt 0.764404 0.339431
vt 0.714284 0.339431
vt 0.714284 0.330461
vt 0.714284 0.348401
vt 0.764404 0.348401
vt 0.198662 0.314838
vt 0.198662 0.316069
vt 0.198148 0.316069
vt 0.198662 0.317301
vt 0.200064 0.313936
vt 0.200064 0.316069
vt 0.200064 0.318202
vt 0.193438 0.322572
vt 0.193438 0.319990
vt 0.193438 0.324842
vt 0.752240 0.723807
vt 0.749162 0.723807
vt 0.749162 0.661948
vt 0.092720 0.644827
vt 0.021048 0.293010
vt 0.021048 0.288013
vt 0.021048 0.283619
vt 0.387030 0.645223
vt 0.052343 0.619677
vt 0.055510 0.619677
vt 0.055510 0.664788
vt 0.052343 0.664788
vt 0.058678 0.664788
vt 0.058678 0.619677
vt 0.203289 0.360039
vt 0.288996 0.473096
vt 0.288996 0.348790
vt 0.293661 0.348790
vt 0.293661 0.473096
vt 0.585633 0.432932
vt 0.595521 0.435458
vt 0.595356 0.436779
vt 0.585467 0.434253
vt 0.595521 0.469774
vt 0.585633 0.472300
vt 0.585467 0.470979
vt 0.595356 0.468452
vt 0.660439 0.267938
vt 0.766774 0.547700
vt 0.659628 0.262662
vt 0.659628 0.261903
vt 0.660439 0.261626
vt 0.660439 0.262939
vt 0.171792 0.217496
vt 0.172145 0.217496
vt 0.172145 0.217509
vt 0.171792 0.217509
vt 0.172145 0.217660
vt 0.171792 0.217660
vt 0.172099 0.217717
vt 0.171838 0.217717
vt 0.172032 0.217757
vt 0.171904 0.217757
vt 0.175182 0.981625
vt 0.188743 0.981625
vt 0.188743 0.989590
vt 0.175182 0.989590
vt 0.175182 0.968350
vt 0.189489 0.981625
vt 0.189489 0.989590
vt 0.188743 0.968350
vt 0.175182 0.952494
vt 0.189314 0.968350
vt 0.260374 0.981625
vt 0.260374 0.989590
vt 0.264769 0.981625
vt 0.264769 0.989590
vt 0.246922 0.968350
vt 0.289274 0.981625
vt 0.289274 0.989590
vt 0.243558 0.968350
vt 0.244412 0.952494
vt 0.241194 0.952494
vt 0.189289 0.952494
vt 0.241194 0.940325
vt 0.188743 0.952494
vt 0.175182 0.940325
vt 0.189289 0.940325
vt 0.188743 0.940325
vt 0.175182 0.920413
vt 0.244872 0.920413
vt 0.189328 0.920413
vt 0.188743 0.920413
vt 0.175182 0.900869
vt 0.249076 0.900869
vt 0.252732 0.875729
vt 0.189371 0.900869
vt 0.188743 0.900869
vt 0.175182 0.875729
vt 0.189409 0.875729
vt 0.188743 0.875729
vt 0.175182 0.845972
vt 0.189409 0.845972
vt 0.252732 0.845972
vt 0.188743 0.845972
vt 0.175182 0.821858
vt 0.188743 0.821858
vt 0.169544 0.815593
vt 0.245786 0.821858
vt 0.241768 0.815593
vt 0.189337 0.821858
vt 0.189295 0.815593
vt 0.188743 0.815593
vt 0.772455 0.578666
vt 0.553601 0.360268
vt 0.569294 0.360268
vt 0.553601 0.324022
vt 0.569294 0.324022
vt 0.163806 0.211850
vt 0.164311 0.211850
vt 0.164311 0.211932
vt 0.163806 0.211932
vt 0.660439 0.260620
vt 0.661548 0.260363
vt 0.661548 0.261524
vt 0.172249 0.215071
vt 0.172249 0.215084
vt 0.171897 0.215084
vt 0.171897 0.215071
vt 0.171897 0.215234
vt 0.172249 0.215234
vt 0.171942 0.215292
vt 0.172204 0.215292
vt 0.172009 0.215331
vt 0.172137 0.215331
vt 0.107624 0.990417
vt 0.107624 0.982452
vt 0.121185 0.982452
vt 0.121185 0.990417
vt 0.106878 0.990417
vt 0.121185 0.969177
vt 0.106878 0.982452
vt 0.107624 0.969177
vt 0.035993 0.990417
vt 0.121185 0.953321
vt 0.035993 0.982452
vt 0.031597 0.990417
vt 0.031597 0.982452
vt 0.007092 0.990417
vt 0.007092 0.982452
vt 0.052808 0.969177
vt 0.107053 0.969177
vt 0.049445 0.969177
vt 0.107624 0.953321
vt 0.121185 0.941152
vt 0.055173 0.953321
vt 0.107078 0.953321
vt 0.051954 0.953321
vt 0.107624 0.941152
vt 0.121185 0.921240
vt 0.055173 0.941152
vt 0.107078 0.941152
vt 0.051954 0.941152
vt 0.107624 0.921240
vt 0.121185 0.901696
vt 0.051495 0.921240
vt 0.107039 0.921240
vt 0.107624 0.901696
vt 0.121185 0.876556
vt 0.047291 0.901696
vt 0.106995 0.901696
vt 0.107624 0.876556
vt 0.121185 0.846799
vt 0.043635 0.876556
vt 0.106957 0.876556
vt 0.107624 0.846799
vt 0.121185 0.822685
vt 0.107624 0.822685
vt 0.126823 0.816420
vt 0.106957 0.846799
vt 0.043635 0.846799
vt 0.107030 0.822685
vt 0.107624 0.816420
vt 0.107072 0.816420
vt 0.050581 0.822685
vt 0.054598 0.816420
vt 0.952104 0.325858
vt 0.946867 0.327261
vt 0.943845 0.322027
vt 0.937799 0.328073
vt 0.952104 0.319815
vt 0.943033 0.331095
vt 0.957341 0.327261
vt 0.935586 0.336332
vt 0.960362 0.322027
vt 0.941629 0.336332
vt 0.961175 0.331095
vt 0.937799 0.344591
vt 0.966408 0.328073
vt 0.943033 0.341569
vt 0.962578 0.336332
vt 0.943845 0.350636
vt 0.968621 0.336332
vt 0.946867 0.345403
vt 0.961175 0.341569
vt 0.952104 0.352849
vt 0.966408 0.344591
vt 0.952104 0.346806
vt 0.957341 0.345403
vt 0.960362 0.350636
vt 0.768033 0.399611
vt 0.768033 0.389296
vt 0.932482 0.389296
vt 0.932482 0.399611
vt 0.768033 0.409927
vt 0.932482 0.409927
vt 0.171519 0.212094
vt 0.171486 0.212113
vt 0.660439 0.268944
vt 0.709471 0.268040
vt 0.569294 0.395951
vt 0.553601 0.395951
vt 0.569294 0.432197
vt 0.553601 0.432197
vt 0.163123 0.211850
vt 0.163628 0.211850
vt 0.163628 0.211932
vt 0.163123 0.211932
vt 0.709471 0.263041
vt 0.201738 0.338321
vt 0.195453 0.307837
vt 0.284294 0.242127
vt 0.324172 0.242127
vt 0.324172 0.261513
vt 0.284294 0.261513
vt 0.324172 0.237586
vt 0.204537 0.242127
vt 0.244415 0.242127
vt 0.244415 0.261513
vt 0.204537 0.261513
vt 0.204537 0.237586
vt 0.196294 0.242127
vt 0.196294 0.237586
vt 0.282243 0.322861
vt 0.282243 0.319122
vt 0.286500 0.316386
vt 0.286500 0.322861
vt 0.282243 0.326599
vt 0.286500 0.329336
vt 0.709471 0.269202
vt 0.710580 0.268944
vt 0.175971 0.286363
vt 0.175971 0.290690
vt 0.163168 0.213848
vt 0.163168 0.213917
vt 0.161638 0.213917
vt 0.161638 0.213848
vt 0.163168 0.213778
vt 0.161638 0.213778
vt 0.171486 0.212002
vt 0.171519 0.212021
vt 0.827026 0.944273
vt 0.829164 0.944273
vt 0.829164 0.969665
vt 0.827026 0.969665
vt 0.827026 0.941782
vt 0.829164 0.941782
vt 0.814476 0.935573
vt 0.816583 0.934062
vt 0.810213 0.933253
vt 0.810639 0.931157
vt 0.785985 0.933360
vt 0.785966 0.931174
vt 0.780473 0.935033
vt 0.779296 0.933115
vt 0.776240 0.938692
vt 0.774350 0.936774
vt 0.774501 0.942231
vt 0.772254 0.941649
vt 0.774848 0.991109
vt 0.786991 0.278972
vt 0.786991 0.270713
vt 0.968809 0.270713
vt 0.968809 0.278972
vt 0.786991 0.287230
vt 0.968809 0.287230
vt 0.261620 0.619641
vt 0.388124 0.619641
vt 0.388124 0.625343
vt 0.261620 0.625343
vt 0.256308 0.619641
vt 0.256308 0.625343
vt 0.251548 0.619641
vt 0.251548 0.625343
vt 0.392680 0.625343
vt 0.392680 0.619641
vt 0.398195 0.625343
vt 0.398195 0.619641
vt 0.388818 0.661423
vt 0.262314 0.661423
vt 0.262314 0.655721
vt 0.388818 0.655721
vt 0.393375 0.661423
vt 0.393375 0.655721
vt 0.398889 0.655721
vt 0.398889 0.661423
vt 0.257003 0.655721
vt 0.257003 0.661423
vt 0.252243 0.655721
vt 0.252243 0.661423
vt 0.278639 0.320047
vt 0.278639 0.323965
vt 0.274381 0.326094
vt 0.274381 0.319308
vt 0.783445 0.620032
vt 0.375773 0.291961
vt 0.375773 0.219304
vt 0.418448 0.219304
vt 0.418448 0.291961
vt 0.698317 0.944273
vt 0.700454 0.944273
vt 0.700454 0.969665
vt 0.698317 0.969665
vt 0.698317 0.941782
vt 0.700454 0.941782
vt 0.710897 0.934062
vt 0.713005 0.935573
vt 0.716842 0.931157
vt 0.717267 0.933253
vt 0.741515 0.931174
vt 0.741495 0.933360
vt 0.748185 0.933115
vt 0.747007 0.935033
vt 0.753131 0.936774
vt 0.751240 0.938692
vt 0.755226 0.941649
vt 0.752979 0.942231
vt 0.752632 0.991109
vt 0.768033 0.380704
vt 0.768033 0.370388
vt 0.932482 0.370388
vt 0.932482 0.360072
vt 0.768033 0.360072
vt 0.932482 0.380704
vt 0.768033 0.388255
vt 0.932482 0.388255
vt 0.991899 0.668481
vt 0.956116 0.668481
vt 0.956116 0.667429
vt 0.991899 0.667429
vt 0.958470 0.656779
vt 0.989546 0.656779
vt 0.958470 0.655603
vt 0.989546 0.655603
vt 0.958470 0.648103
vt 0.989546 0.648103
vt 0.958470 0.615401
vt 0.989546 0.615401
vt 0.958470 0.578466
vt 0.989546 0.578466
vt 0.990371 0.810044
vt 0.984489 0.798731
vt 0.963527 0.798731
vt 0.957644 0.810044
vt 0.957644 0.810370
vt 0.957644 0.835614
vt 0.956116 0.943274
vt 0.991899 0.991127
vt 0.956116 0.991127
vt 0.991899 0.943274
vt 0.968720 0.846304
vt 0.979295 0.846304
vt 0.990371 0.835614
vt 0.990371 0.810370
vt 0.768377 0.418535
vt 0.768377 0.410984
vt 0.932826 0.410984
vt 0.932826 0.418535
vt 0.768377 0.428851
vt 0.932826 0.428851
vt 0.768377 0.439167
vt 0.932826 0.439167
vt 0.296090 0.268358
vt 0.299707 0.268358
vt 0.301673 0.272289
vt 0.295407 0.272289
vt 0.302392 0.277658
vt 0.295157 0.277658
vt 0.302392 0.297321
vt 0.295157 0.297321
vt 0.301673 0.302691
vt 0.295407 0.302691
vt 0.299707 0.306622
vt 0.296090 0.306622
vt 0.134518 0.262410
vt 0.134518 0.268058
vt 0.134518 0.274482
vt 0.784081 0.618605
vt 0.958733 0.555646
vt 0.958733 0.533916
vt 0.958867 0.533916
vt 0.969314 0.548006
vt 0.969314 0.447108
vt 0.958867 0.447108
vt 0.986425 0.570723
vt 0.979213 0.570723
vt 0.995851 0.510910
vt 0.995851 0.561075
vt 0.982217 0.504780
vt 0.989720 0.504780
vt 0.973933 0.570723
vt 0.974066 0.527516
vt 0.973933 0.527516
vt 0.183904 0.353372
vt 0.183904 0.358372
vt 0.183904 0.362769
vt 0.761478 0.526115
vt 0.761478 0.536131
vt 0.753430 0.536131
vt 0.163843 0.211244
vt 0.163829 0.211261
vt 0.163806 0.211253
vt 0.163831 0.211223
vt 0.684436 0.309859
vt 0.684436 0.311172
vt 0.684436 0.308366
vt 0.689347 0.856290
vt 0.635730 0.856290
vt 0.635730 0.822720
vt 0.689347 0.822720
vt 0.170657 0.211706
vt 0.170967 0.211706
vt 0.170967 0.211820
vt 0.170657 0.211820
vt 0.163829 0.211284
vt 0.163843 0.211301
vt 0.163831 0.211321
vt 0.163806 0.211292
vt 0.889821 0.229007
vt 0.893338 0.229007
vt 0.893338 0.260099
vt 0.884782 0.260099
vt 0.163782 0.226168
vt 0.165340 0.227476
vt 0.163306 0.227476
vt 0.163782 0.228783
vt 0.164987 0.229479
vt 0.166358 0.229237
vt 0.167252 0.228171
vt 0.167252 0.226780
vt 0.166358 0.225714
vt 0.164987 0.225472
vt 0.092720 0.635553
vt 0.896854 0.229007
vt 0.901893 0.260099
vt 0.207554 0.329597
vt 0.203296 0.333284
vt 0.622131 0.511750
vt 0.622131 0.514467
vt 0.175580 0.221066
vt 0.175580 0.219396
vt 0.304292 0.938396
vt 0.317023 0.938396
vt 0.319917 0.949137
vt 0.304292 0.949137
vt 0.304292 0.918372
vt 0.317023 0.918372
vt 0.319917 0.905834
vt 0.387030 0.635950
vt 0.277744 0.938396
vt 0.290475 0.938396
vt 0.290475 0.949137
vt 0.274850 0.949137
vt 0.277744 0.918372
vt 0.290475 0.918372
vt 0.274850 0.905834
vt 0.276873 0.268358
vt 0.280491 0.268358
vt 0.281173 0.272289
vt 0.274908 0.272289
vt 0.281423 0.277658
vt 0.274188 0.277658
vt 0.281423 0.297321
vt 0.274188 0.297321
vt 0.281173 0.302691
vt 0.274908 0.302691
vt 0.280491 0.306622
vt 0.276873 0.306622
vt 0.820051 0.552013
vt 0.441890 0.426782
vt 0.537889 0.426782
vt 0.661548 0.265362
vt 0.661548 0.266524
vt 0.921777 0.229866
vt 0.924351 0.229866
vt 0.933080 0.260958
vt 0.926816 0.260958
vt 0.943968 0.229866
vt 0.946542 0.229866
vt 0.941503 0.260958
vt 0.935240 0.260958
vt 0.768033 0.330816
vt 0.768033 0.323264
vt 0.932482 0.323264
vt 0.932482 0.330816
vt 0.768033 0.341131
vt 0.932482 0.341131
vt 0.768033 0.351447
vt 0.932482 0.351447
vt 0.768033 0.358999
vt 0.932482 0.358999
vt 0.571349 0.567512
vt 0.325223 0.567142
vt 0.571349 0.567142
vt 0.573344 0.567325
vt 0.561875 0.568400
vt 0.330075 0.568400
vt 0.329827 0.568400
vt 0.622131 0.526047
vt 0.622131 0.528437
vt 0.233852 0.651669
vt 0.658034 0.976304
vt 0.648880 0.995889
vt 0.658034 0.943416
vt 0.653535 0.930346
vt 0.657864 0.921870
vt 0.629491 0.912981
vt 0.630056 0.904504
vt 0.278639 0.316602
vt 0.274381 0.313341
vt 0.444682 0.358760
vt 0.468429 0.358760
vt 0.468429 0.411534
vt 0.444682 0.411534
vt 0.245898 0.652065
vt 0.570085 0.976304
vt 0.582890 0.976304
vt 0.592044 0.995889
vt 0.570085 0.995889
vt 0.570085 0.939008
vt 0.582890 0.943416
vt 0.583060 0.921870
vt 0.587389 0.930346
vt 0.610868 0.904504
vt 0.611433 0.912981
vt 0.622131 0.531154
vt 0.511351 0.358760
vt 0.535097 0.358760
vt 0.535097 0.411534
vt 0.511351 0.411534
vt 0.709471 0.264202
vt 0.710580 0.263945
vt 0.605290 0.363449
vt 0.581102 0.363449
vt 0.581102 0.344528
vt 0.605290 0.344528
vt 0.605290 0.310090
vt 0.828837 0.590041
vt 0.832374 0.582983
vt 0.837333 0.582983
vt 0.833796 0.590041
vt 0.839737 0.561296
vt 0.834778 0.561296
vt 0.840236 0.530018
vt 0.835276 0.530018
vt 0.680001 0.363449
vt 0.655813 0.363449
vt 0.655813 0.344528
vt 0.680001 0.344528
vt 0.655813 0.310090
vt 0.193537 0.309713
vt 0.193537 0.307443
vt 0.193537 0.312295
vt 0.169317 0.222966
vt 0.169459 0.223702
vt 0.169317 0.223190
vt 0.169317 0.222702
vt 0.169317 0.223364
vt 0.169317 0.223541
vt 0.169317 0.223649
vt 0.169317 0.223702
vt 0.818969 0.548204
vt 0.175971 0.280715
vt 0.021577 0.269895
vt 0.021577 0.265501
vt 0.021577 0.260504
vt 0.793604 0.585100
vt 0.794240 0.582052
vt 0.167754 0.215952
vt 0.167754 0.216004
vt 0.167734 0.216004
vt 0.788892 0.446712
vt 0.176715 0.293234
vt 0.176715 0.298797
vt 0.176715 0.303689
vt 0.225589 0.423478
vt 0.071095 0.574628
vt 0.424868 0.748572
vt 0.260461 0.748572
vt 0.260461 0.742922
vt 0.255509 0.742922
vt 0.255509 0.748572
vt 0.424868 0.742922
vt 0.429428 0.748572
vt 0.429428 0.742922
vt 0.260461 0.793029
vt 0.424868 0.793029
vt 0.424868 0.798679
vt 0.429428 0.798679
vt 0.429428 0.793029
vt 0.260461 0.798679
vt 0.255509 0.793029
vt 0.255509 0.798679
vt 0.173596 0.215285
vt 0.173596 0.214887
vt 0.173596 0.215111
vt 0.842554 0.233306
vt 0.846070 0.232363
vt 0.846070 0.239396
vt 0.849587 0.233306
vt 0.839979 0.235880
vt 0.852161 0.235880
vt 0.839037 0.239396
vt 0.853103 0.239396
vt 0.839979 0.242913
vt 0.852161 0.242913
vt 0.842554 0.245487
vt 0.849587 0.245487
vt 0.846070 0.246429
vt 0.918261 0.229866
vt 0.918261 0.260958
vt 0.093610 0.347075
vt 0.093610 0.350443
vt 0.097480 0.629508
vt 0.950059 0.229866
vt 0.950059 0.260958
vt 0.382270 0.629905
vt 0.170162 0.222428
vt 0.170213 0.222428
vt 0.170213 0.223964
vt 0.170162 0.223964
vt 0.170093 0.222428
vt 0.170093 0.223964
vt 0.170023 0.222428
vt 0.170023 0.223964
vt 0.169973 0.222428
vt 0.169973 0.223964
vt 0.333945 0.528437
vt 0.333945 0.531154
vt 0.611433 0.976304
vt 0.629491 0.976304
vt 0.629491 0.995889
vt 0.611433 0.995889
vt 0.611433 0.943416
vt 0.629491 0.943416
vt 0.611433 0.930346
vt 0.629491 0.930346
vt 0.611433 0.904504
vt 0.629491 0.904504
vt 0.289898 0.272289
vt 0.288795 0.277658
vt 0.288795 0.297321
vt 0.289898 0.302691
vt 0.825849 0.479151
vt 0.825368 0.451839
vt 0.830327 0.451839
vt 0.832404 0.441061
vt 0.827445 0.441061
vt 0.830808 0.479151
vt 0.827913 0.508346
vt 0.832873 0.508346
vt 0.631397 0.814213
vt 0.631397 0.818433
vt 0.604145 0.818433
vt 0.604145 0.814213
vt 0.631397 0.823727
vt 0.604145 0.823727
vt 0.163859 0.211272
vt 0.163865 0.211240
vt 0.163884 0.211251
vt 0.333945 0.511750
vt 0.333945 0.514467
vt 0.604044 0.857399
vt 0.631296 0.857869
vt 0.631296 0.863163
vt 0.604044 0.857869
vt 0.604044 0.863163
vt 0.169358 0.218852
vt 0.169291 0.218723
vt 0.168950 0.217065
vt 0.169358 0.217065
vt 0.169017 0.218723
vt 0.168950 0.218852
vt 0.168625 0.220307
vt 0.168759 0.220437
vt 0.169032 0.222222
vt 0.168625 0.222222
vt 0.168898 0.220437
vt 0.169032 0.220307
vt 0.661548 0.268040
vt 0.661548 0.263041
vt 0.616026 0.478381
vt 0.565989 0.478381
vt 0.570198 0.474172
vt 0.622131 0.509360
vt 0.183904 0.328912
vt 0.183904 0.333309
vt 0.183904 0.338309
vt 0.172052 0.220298
vt 0.172341 0.220298
vt 0.172341 0.220588
vt 0.172052 0.220588
vt 0.619671 0.436779
vt 0.619859 0.435458
vt 0.152482 0.213673
vt 0.152482 0.223341
vt 0.152460 0.223341
vt 0.152460 0.213673
vt 0.152460 0.212427
vt 0.152460 0.210943
vt 0.914744 0.229866
vt 0.909705 0.260958
vt 0.159783 0.227476
vt 0.159783 0.225211
vt 0.161272 0.226168
vt 0.161272 0.227476
vt 0.159783 0.229740
vt 0.161272 0.228783
vt 0.286683 0.272289
vt 0.287785 0.277658
vt 0.287785 0.297321
vt 0.286683 0.302691
vt 0.571628 0.427084
vt 0.621665 0.427084
vt 0.622264 0.431293
vt 0.575837 0.431293
vt 0.017424 0.325815
vt 0.017424 0.321487
vt 0.017424 0.317682
vt 0.661548 0.269202
vt 0.953575 0.229866
vt 0.958615 0.260958
vt 0.207811 0.319308
vt 0.207811 0.326094
vt 0.203553 0.323965
vt 0.203553 0.320047
vt 0.366344 0.432932
vt 0.585398 0.432932
vt 0.585398 0.434253
vt 0.366344 0.434253
vt 0.336761 0.432932
vt 0.336761 0.434253
vt 0.163869 0.211217
vt 0.163902 0.211236
vt 0.473893 0.472300
vt 0.473893 0.470979
vt 0.585398 0.470979
vt 0.585398 0.472300
vt 0.578282 0.455952
vt 0.578282 0.457273
vt 0.530719 0.457273
vt 0.530719 0.455952
vt 0.501135 0.455952
vt 0.501135 0.457273
vt 0.174928 0.223341
vt 0.174928 0.213673
vt 0.174950 0.213673
vt 0.174928 0.210776
vt 0.174950 0.223341
vt 0.174950 0.212427
vt 0.174950 0.210943
vt 0.173577 0.211701
vt 0.173577 0.212033
vt 0.173567 0.212033
vt 0.173567 0.212054
vt 0.173567 0.211701
vt 0.173567 0.211691
vt 0.173567 0.211486
vt 0.173567 0.211154
vt 0.173577 0.211154
vt 0.173577 0.211144
vt 0.173577 0.211486
vt 0.173577 0.211507
vt 0.173567 0.212057
vt 0.173577 0.212037
vt 0.173567 0.211491
vt 0.173577 0.211511
vt 0.596133 0.435458
vt 0.604508 0.435458
vt 0.604320 0.436779
vt 0.596133 0.436779
vt 0.604508 0.469774
vt 0.596133 0.469774
vt 0.596133 0.468452
vt 0.604320 0.468452
vt 0.806854 0.616184
vt 0.815435 0.612598
vt 0.818670 0.614975
vt 0.808217 0.620009
vt 0.819331 0.602585
vt 0.815460 0.602446
vt 0.163865 0.211305
vt 0.163884 0.211293
vt 0.163902 0.211309
vt 0.163869 0.211328
vt 0.161862 0.213089
vt 0.161857 0.213089
vt 0.161857 0.212777
vt 0.161709 0.212777
vt 0.161709 0.213089
vt 0.161862 0.212777
vt 0.162192 0.213089
vt 0.162192 0.212777
vt 0.770506 0.487527
vt 0.775507 0.490588
vt 0.163623 0.213146
vt 0.163618 0.213146
vt 0.163618 0.212834
vt 0.163288 0.212834
vt 0.163288 0.213146
vt 0.163623 0.212834
vt 0.163771 0.213146
vt 0.163771 0.212834
vt 0.162696 0.211402
vt 0.162733 0.211402
vt 0.162738 0.211435
vt 0.162696 0.211435
vt 0.162738 0.211555
vt 0.162696 0.211555
vt 0.162733 0.211587
vt 0.162696 0.211587
vt 0.162717 0.211611
vt 0.162696 0.211611
vt 0.187544 0.348379
vt 0.187544 0.351747
vt 0.869659 0.228024
vt 0.872233 0.228024
vt 0.880962 0.259116
vt 0.903441 0.260958
vt 0.912170 0.229866
vt 0.187544 0.343982
vt 0.093610 0.342678
vt 0.791624 0.462207
vt 0.772169 0.993927
vt 0.755311 0.993927
vt 0.860052 0.228024
vt 0.862626 0.228024
vt 0.857587 0.259116
vt 0.964878 0.260958
vt 0.160942 0.216984
vt 0.160668 0.216984
vt 0.160571 0.216115
vt 0.160591 0.217132
vt 0.161039 0.216115
vt 0.161019 0.217132
vt 0.160591 0.217137
vt 0.160591 0.217469
vt 0.160571 0.217955
vt 0.160736 0.217609
vt 0.161039 0.217955
vt 0.160874 0.217609
vt 0.161019 0.217469
vt 0.161019 0.217137
vt 0.510618 0.350754
vt 0.510618 0.349329
vt 0.549356 0.349329
vt 0.549356 0.350754
vt 0.549356 0.332894
vt 0.510618 0.332894
vt 0.544334 0.326599
vt 0.515640 0.326599
vt 0.537036 0.322252
vt 0.522938 0.322252
vt 0.162660 0.211402
vt 0.162655 0.211435
vt 0.162655 0.211555
vt 0.162660 0.211587
vt 0.162676 0.211611
vt 0.458509 0.349509
vt 0.419772 0.349509
vt 0.419772 0.348084
vt 0.458509 0.348084
vt 0.419772 0.331649
vt 0.458509 0.331649
vt 0.424793 0.325354
vt 0.453488 0.325354
vt 0.432091 0.321008
vt 0.446190 0.321008
vt 0.163892 0.211272
vt 0.163916 0.211272
vt 0.093681 0.353019
vt 0.093681 0.357349
vt 0.093681 0.361156
vt 0.268566 0.319037
vt 0.268566 0.312147
vt 0.268566 0.326873
vt 0.161355 0.216165
vt 0.161380 0.216135
vt 0.168465 0.211864
vt 0.168465 0.211823
vt 0.168501 0.211817
vt 0.168501 0.211864
vt 0.168465 0.211904
vt 0.168501 0.211910
vt 0.168841 0.211817
vt 0.168841 0.211864
vt 0.168841 0.211910
vt 0.168877 0.211823
vt 0.168877 0.211864
vt 0.168877 0.211904
vt 0.168415 0.213383
vt 0.168415 0.213342
vt 0.168451 0.213336
vt 0.168451 0.213383
vt 0.168415 0.213423
vt 0.168451 0.213429
vt 0.170043 0.213336
vt 0.170043 0.213383
vt 0.170043 0.213429
vt 0.170079 0.213342
vt 0.170079 0.213383
vt 0.170079 0.213423
vt 0.171146 0.211773
vt 0.171146 0.211733
vt 0.171182 0.211727
vt 0.171182 0.211773
vt 0.171146 0.211813
vt 0.171182 0.211820
vt 0.171460 0.211727
vt 0.171460 0.211773
vt 0.171460 0.211820
vt 0.171496 0.211733
vt 0.171496 0.211773
vt 0.171496 0.211813
vt 0.241957 0.619653
vt 0.251231 0.619653
vt 0.251231 0.625356
vt 0.241957 0.625356
vt 0.251840 0.661341
vt 0.242567 0.661341
vt 0.242567 0.655639
vt 0.251840 0.655639
vt 0.812869 0.592664
vt 0.866143 0.228024
vt 0.866143 0.259116
vt 0.874698 0.259116
vt 0.207811 0.313341
vt 0.203553 0.316602
vt 0.162348 0.212457
vt 0.162348 0.212495
vt 0.162348 0.212545
vt 0.162348 0.212582
vt 0.020816 0.305472
vt 0.020816 0.301078
vt 0.020816 0.296081
vt 0.171408 0.212293
vt 0.171408 0.212331
vt 0.171408 0.212380
vt 0.171408 0.212418
vt 0.661548 0.264202
vt 0.832107 0.262218
vt 0.807589 0.257780
vt 0.807589 0.248431
vt 0.832107 0.212615
vt 0.807589 0.239463
vt 0.807589 0.226556
vt 0.163088 0.222107
vt 0.163084 0.222107
vt 0.163084 0.221888
vt 0.163064 0.221965
vt 0.163064 0.222107
vt 0.162936 0.221965
vt 0.162936 0.221888
vt 0.163088 0.221888
vt 0.163419 0.222107
vt 0.163419 0.221888
vt 0.318261 0.382997
vt 0.318261 0.382037
vt 0.344951 0.382037
vt 0.344951 0.382997
vt 0.344951 0.361139
vt 0.318261 0.361139
vt 0.344951 0.360847
vt 0.318261 0.360847
vt 0.341440 0.356446
vt 0.321772 0.356446
vt 0.336338 0.353407
vt 0.326874 0.353407
vt 0.715589 0.262218
vt 0.740107 0.257780
vt 0.740107 0.248431
vt 0.715589 0.212615
vt 0.740107 0.239463
vt 0.740107 0.226556
vt 0.712207 0.284686
vt 0.712338 0.284686
vt 0.712338 0.291404
vt 0.722508 0.291404
vt 0.722508 0.284686
vt 0.712207 0.291404
vt 0.711581 0.284686
vt 0.711581 0.289047
vt 0.707649 0.289047
vt 0.707649 0.291404
vt 0.660439 0.263945
vt 0.373085 0.383797
vt 0.346395 0.383797
vt 0.346395 0.382837
vt 0.373085 0.382837
vt 0.346395 0.361939
vt 0.373085 0.361939
vt 0.346395 0.361647
vt 0.373085 0.361647
vt 0.349906 0.357246
vt 0.369574 0.357246
vt 0.355008 0.354207
vt 0.364472 0.354207
vt 0.563698 0.568229
vt 0.328941 0.568158
vt 0.166209 0.212158
vt 0.166209 0.212118
vt 0.166245 0.212111
vt 0.166245 0.212158
vt 0.166209 0.212198
vt 0.166245 0.212204
vt 0.168141 0.212158
vt 0.168141 0.212118
vt 0.168177 0.212111
vt 0.168177 0.212158
vt 0.168141 0.212198
vt 0.168177 0.212204
vt 0.759792 0.558964
vt 0.331833 0.559271
vt 0.331833 0.558120
vt 0.175971 0.276387
vt 0.760846 0.572737
vt 0.167082 0.211276
vt 0.167074 0.211297
vt 0.167106 0.211276
vt 0.167092 0.211312
vt 0.167055 0.211308
vt 0.167033 0.211304
vt 0.167019 0.211287
vt 0.242336 0.233322
vt 0.202458 0.233322
vt 0.202458 0.225078
vt 0.242336 0.225078
vt 0.574692 0.879841
vt 0.591550 0.879841
vt 0.591550 0.905234
vt 0.574692 0.905234
vt 0.161285 0.222433
vt 0.161285 0.221965
vt 0.162729 0.222178
vt 0.162729 0.222433
vt 0.163067 0.222107
vt 0.163544 0.222178
vt 0.163429 0.222107
vt 0.163429 0.221965
vt 0.165337 0.221965
vt 0.163544 0.222433
vt 0.165337 0.222433
vt 0.722822 0.284686
vt 0.781516 0.274719
vt 0.781516 0.289047
vt 0.722822 0.289047
vt 0.656849 0.274719
vt 0.711694 0.284686
vt 0.656849 0.289047
vt 0.809060 0.621371
vt 0.809841 0.594697
vt 0.239367 0.644827
vt 0.169469 0.222479
vt 0.169742 0.223702
vt 0.169741 0.223702
vt 0.169463 0.222479
vt 0.169739 0.223702
vt 0.213627 0.312147
vt 0.213627 0.319037
vt 0.213627 0.326873
vt 0.187544 0.340614
vt 0.169742 0.223963
vt 0.169794 0.222479
vt 0.169742 0.223964
vt 0.240383 0.645223
vt 0.162710 0.217556
vt 0.162769 0.217653
vt 0.162710 0.217653
vt 0.162813 0.217653
vt 0.162710 0.217479
vt 0.163075 0.217653
vt 0.163075 0.217391
vt 0.162710 0.217391
vt 0.167574 0.216004
vt 0.167573 0.215106
vt 0.167602 0.214782
vt 0.167573 0.214911
vt 0.167573 0.214782
vt 0.167608 0.214782
vt 0.167608 0.216004
vt 0.167329 0.216004
vt 0.167530 0.215106
vt 0.167291 0.215106
vt 0.167329 0.216111
vt 0.167290 0.215106
vt 0.167329 0.216180
vt 0.167289 0.215106
vt 0.814740 0.590405
vt 0.171247 0.262410
vt 0.171247 0.268058
vt 0.171247 0.274482
vt 0.089743 0.327609
vt 0.089743 0.332005
vt 0.089743 0.337005
vt 0.017339 0.292513
vt 0.017339 0.288185
vt 0.017339 0.284380
vt 0.233852 0.628711
vt 0.169662 0.213973
vt 0.169662 0.214053
vt 0.167829 0.214050
vt 0.167829 0.213973
vt 0.169614 0.214100
vt 0.167881 0.214100
vt 0.245898 0.629108
vt 0.164748 0.217065
vt 0.164748 0.217142
vt 0.162915 0.217145
vt 0.162915 0.217065
vt 0.164696 0.217193
vt 0.162963 0.217193
vt 0.168848 0.219097
vt 0.168921 0.219070
vt 0.168921 0.219184
vt 0.168994 0.219097
vt 0.168809 0.219164
vt 0.168823 0.219241
vt 0.169032 0.219164
vt 0.168882 0.219290
vt 0.169019 0.219241
vt 0.168959 0.219290
vt 0.167635 0.211733
vt 0.167715 0.211733
vt 0.167715 0.211932
vt 0.167635 0.211932
vt 0.167747 0.211733
vt 0.167747 0.211932
vt 0.167779 0.211733
vt 0.167779 0.211932
vt 0.167890 0.211733
vt 0.167890 0.211932
vt 0.846702 0.478713
vt 0.170967 0.221086
vt 0.171297 0.221086
vt 0.171297 0.221240
vt 0.170967 0.221240
vt 0.170967 0.220860
vt 0.171297 0.220860
vt 0.806369 0.726830
vt 0.806185 0.726830
vt 0.806185 0.662948
vt 0.801149 0.662948
vt 0.806369 0.662948
vt 0.801220 0.726830
vt 0.820414 0.662948
vt 0.800946 0.662948
vt 0.820619 0.726830
vt 0.800946 0.726830
vt 0.799799 0.726830
vt 0.799799 0.662948
vt 0.820619 0.662948
vt 0.826653 0.726830
vt 0.821608 0.662948
vt 0.826653 0.662948
vt 0.774756 0.662948
vt 0.774939 0.662948
vt 0.774939 0.726830
vt 0.779905 0.726830
vt 0.779976 0.662948
vt 0.780179 0.726830
vt 0.780179 0.662948
vt 0.781326 0.726830
vt 0.781326 0.662948
vt 0.774756 0.726830
vt 0.760711 0.662948
vt 0.760506 0.726830
vt 0.760506 0.662948
vt 0.754472 0.726830
vt 0.759516 0.662948
vt 0.754472 0.662948
vt 0.130680 0.981123
vt 0.165882 0.981123
vt 0.165882 0.989006
vt 0.130680 0.989006
vt 0.130680 0.967987
vt 0.165882 0.967987
vt 0.130680 0.952296
vt 0.165882 0.952296
vt 0.130680 0.940255
vt 0.165882 0.940255
vt 0.130680 0.920550
vt 0.165882 0.920550
vt 0.130680 0.901211
vt 0.165882 0.901211
vt 0.130680 0.876333
vt 0.165882 0.876333
vt 0.130680 0.846886
vt 0.165882 0.846886
vt 0.130680 0.823024
vt 0.165882 0.823024
vt 0.130680 0.816825
vt 0.165882 0.816825
vt 0.777104 0.524945
vt 0.780815 0.520696
vt 0.152482 0.210603
vt 0.071683 0.619677
vt 0.074851 0.619677
vt 0.074851 0.664788
vt 0.071683 0.664788
vt 0.068516 0.619677
vt 0.068516 0.664788
vt 0.187615 0.353869
vt 0.187615 0.358199
vt 0.187615 0.362007
vt 0.105137 0.619641
vt 0.231641 0.619641
vt 0.231641 0.625343
vt 0.105137 0.625343
vt 0.100580 0.619641
vt 0.100580 0.625343
vt 0.095065 0.625343
vt 0.095065 0.619641
vt 0.236952 0.625343
vt 0.236952 0.619641
vt 0.241712 0.625343
vt 0.241712 0.619641
vt 0.231988 0.661316
vt 0.105483 0.661316
vt 0.105483 0.655614
vt 0.231988 0.655614
vt 0.237299 0.661316
vt 0.237299 0.655614
vt 0.242059 0.661316
vt 0.242059 0.655614
vt 0.100927 0.655614
vt 0.100927 0.661316
vt 0.095412 0.655614
vt 0.095412 0.661316
vt 0.792575 0.588410
vt 0.171444 0.212377
vt 0.171444 0.212410
vt 0.640012 0.403438
vt 0.621091 0.403438
vt 0.621091 0.379250
vt 0.640012 0.379250
vt 0.172855 0.222346
vt 0.172855 0.222399
vt 0.172826 0.222399
vt 0.172826 0.222346
vt 0.172855 0.222238
vt 0.172826 0.222238
vt 0.172855 0.222061
vt 0.172826 0.222061
vt 0.172855 0.221887
vt 0.172826 0.221887
vt 0.172855 0.221663
vt 0.172826 0.221663
vt 0.172855 0.221399
vt 0.172826 0.221399
vt 0.172855 0.221232
vt 0.172826 0.221232
vt 0.172855 0.221176
vt 0.172826 0.221176
vt 0.172826 0.223801
vt 0.172826 0.223748
vt 0.172855 0.223748
vt 0.172855 0.223801
vt 0.172855 0.223640
vt 0.172826 0.223640
vt 0.172855 0.223463
vt 0.172826 0.223463
vt 0.172855 0.223289
vt 0.172826 0.223289
vt 0.172855 0.223065
vt 0.172826 0.223065
vt 0.172855 0.222801
vt 0.172826 0.222801
vt 0.172855 0.222634
vt 0.172826 0.222634
vt 0.172855 0.222578
vt 0.172827 0.222578
vt 0.093610 0.339310
vt 0.785110 0.614676
vt 0.761867 0.602343
vt 0.787438 0.454956
vt 0.469050 0.737950
vt 0.469050 0.734350
vt 0.473893 0.469362
vt 0.585398 0.469362
vt 0.580174 0.467606
vt 0.473893 0.467606
vt 0.580174 0.437655
vt 0.585467 0.469362
vt 0.585398 0.436185
vt 0.595356 0.467058
vt 0.596133 0.467058
vt 0.604320 0.467058
vt 0.619671 0.468452
vt 0.619671 0.467058
vt 0.619671 0.438445
vt 0.604320 0.438445
vt 0.596133 0.438445
vt 0.595356 0.438445
vt 0.585467 0.436185
vt 0.580174 0.437626
vt 0.368527 0.437626
vt 0.366344 0.436185
vt 0.366344 0.437626
vt 0.336761 0.436185
vt 0.336761 0.437626
vt 0.578282 0.454335
vt 0.530719 0.454335
vt 0.530719 0.452579
vt 0.578282 0.452579
vt 0.501135 0.452579
vt 0.501135 0.454335
vt 0.171403 0.216762
vt 0.171403 0.216308
vt 0.171441 0.216308
vt 0.171402 0.216762
vt 0.171402 0.216308
vt 0.171441 0.216762
vt 0.171448 0.216308
vt 0.171448 0.216762
vt 0.171230 0.223091
vt 0.171192 0.223091
vt 0.171192 0.222637
vt 0.171186 0.222637
vt 0.171186 0.223091
vt 0.171230 0.222637
vt 0.171231 0.223091
vt 0.171231 0.222637
vt 0.171133 0.214140
vt 0.171448 0.214140
vt 0.171448 0.214206
vt 0.171133 0.214206
vt 0.171133 0.213685
vt 0.171448 0.213685
vt 0.767673 0.586847
vt 0.167021 0.211324
vt 0.166996 0.211295
vt 0.017869 0.269134
vt 0.017869 0.265328
vt 0.017869 0.261001
vt 0.179461 0.285169
vt 0.179461 0.287667
vt 0.164241 0.214842
vt 0.164193 0.214842
vt 0.164241 0.214782
vt 0.164193 0.214886
vt 0.164241 0.214886
vt 0.164193 0.215350
vt 0.164241 0.215148
vt 0.164244 0.215148
vt 0.164244 0.215200
vt 0.164389 0.215340
vt 0.164527 0.215340
vt 0.164723 0.215350
vt 0.164672 0.215200
vt 0.164672 0.215148
vt 0.164723 0.215148
vt 0.164723 0.215404
vt 0.164193 0.215404
vt 0.164544 0.215622
vt 0.164373 0.215622
vt 0.239367 0.635553
vt 0.171186 0.222350
vt 0.171273 0.222350
vt 0.171273 0.222457
vt 0.171186 0.222457
vt 0.169711 0.214509
vt 0.169697 0.214536
vt 0.169612 0.214536
vt 0.169697 0.214420
vt 0.170000 0.214420
vt 0.169986 0.214509
vt 0.170085 0.214536
vt 0.170000 0.214536
vt 0.170003 0.214542
vt 0.170085 0.214542
vt 0.170063 0.214658
vt 0.169612 0.214542
vt 0.169694 0.214542
vt 0.169634 0.214658
vt 0.169634 0.214662
vt 0.169634 0.214994
vt 0.169612 0.215148
vt 0.169779 0.215135
vt 0.169918 0.215135
vt 0.170085 0.215148
vt 0.170063 0.214994
vt 0.170063 0.214662
vt 0.170085 0.215186
vt 0.169612 0.215186
vt 0.169925 0.215396
vt 0.169772 0.215396
vt 0.240383 0.635950
vt 0.165650 0.211155
vt 0.165898 0.211155
vt 0.165898 0.211186
vt 0.165650 0.211186
vt 0.173159 0.215878
vt 0.173179 0.215878
vt 0.173163 0.215959
vt 0.173143 0.215959
vt 0.173174 0.215846
vt 0.173194 0.215846
vt 0.173159 0.215814
vt 0.173179 0.215814
vt 0.173143 0.215703
vt 0.173163 0.215703
vt 0.180205 0.294979
vt 0.180205 0.298191
vt 0.162384 0.212541
vt 0.162384 0.212574
vt 0.172164 0.212780
vt 0.172340 0.212780
vt 0.172340 0.213063
vt 0.172164 0.213063
vt 0.172164 0.212685
vt 0.172340 0.212685
vt 0.172206 0.212598
vt 0.172298 0.212598
vt 0.779293 0.309333
vt 0.724132 0.296812
vt 0.724132 0.296800
vt 0.779293 0.296800
vt 0.699055 0.296812
vt 0.654626 0.309333
vt 0.164340 0.219535
vt 0.164748 0.220984
vt 0.164340 0.220984
vt 0.164341 0.219535
vt 0.664935 0.478381
vt 0.616624 0.474172
vt 0.665534 0.474172
vt 0.670575 0.427084
vt 0.671173 0.431293
vt 0.217152 0.271937
vt 0.218461 0.277579
vt 0.218461 0.298239
vt 0.217152 0.303881
vt 0.187615 0.329674
vt 0.187615 0.333482
vt 0.187615 0.337812
vt 0.165149 0.211366
vt 0.165143 0.211398
vt 0.165143 0.211518
vt 0.165149 0.211551
vt 0.165164 0.211574
vt 0.179461 0.281908
vt 0.753430 0.545747
vt 0.761478 0.535731
vt 0.761478 0.545747
vt 0.176014 0.263389
vt 0.176014 0.268280
vt 0.176014 0.273843
vt 0.161418 0.216128
vt 0.161451 0.216148
vt 0.820668 0.615442
vt 0.171133 0.214386
vt 0.171448 0.214386
vt 0.171448 0.214893
vt 0.171133 0.214893
vt 0.162384 0.212498
vt 0.171444 0.212334
vt 0.162384 0.212466
vt 0.173043 0.221682
vt 0.173069 0.221682
vt 0.173069 0.222233
vt 0.173043 0.222233
vt 0.173169 0.217350
vt 0.173169 0.217901
vt 0.173143 0.217901
vt 0.173143 0.217350
vt 0.180205 0.301015
vt 0.173034 0.222412
vt 0.173069 0.222412
vt 0.173069 0.222860
vt 0.173034 0.222860
vt 0.173000 0.214329
vt 0.173000 0.214777
vt 0.172965 0.214777
vt 0.172965 0.214329
vt 0.017107 0.304711
vt 0.017107 0.300905
vt 0.017107 0.296578
vt 0.173248 0.221972
vt 0.173249 0.221972
vt 0.173249 0.222327
vt 0.173248 0.222327
vt 0.173276 0.221972
vt 0.173276 0.222327
vt 0.173283 0.221972
vt 0.173283 0.222327
vt 0.173283 0.222506
vt 0.173283 0.222860
vt 0.173281 0.222860
vt 0.173281 0.222506
vt 0.173255 0.222506
vt 0.173255 0.222860
vt 0.173248 0.222506
vt 0.173248 0.222860
vt 0.172481 0.211462
vt 0.172619 0.211462
vt 0.172619 0.211571
vt 0.172481 0.211571
vt 0.574104 0.824398
vt 0.590963 0.824398
vt 0.590963 0.827937
vt 0.574104 0.775520
vt 0.590963 0.775520
vt 0.304292 0.964762
vt 0.290475 0.964762
vt 0.762546 0.591911
vt 0.766995 0.507436
vt 0.772682 0.506608
vt 0.372676 0.336604
vt 0.372676 0.343770
vt 0.307748 0.343770
vt 0.372099 0.345134
vt 0.308326 0.345134
vt 0.307748 0.336604
vt 0.372676 0.336073
vt 0.307748 0.336073
vt 0.307748 0.332438
vt 0.372676 0.332438
vt 0.304768 0.329457
vt 0.375657 0.329457
vt 0.375719 0.329396
vt 0.304706 0.329396
vt 0.378638 0.326477
vt 0.301787 0.326477
vt 0.301665 0.315465
vt 0.301665 0.326477
vt 0.378760 0.326477
vt 0.378760 0.315465
vt 0.303269 0.305060
vt 0.377156 0.305060
vt 0.304807 0.295078
vt 0.375617 0.295078
vt 0.320104 0.280710
vt 0.360321 0.280710
vt 0.093454 0.328370
vt 0.093454 0.332178
vt 0.093454 0.336508
vt 0.179461 0.279410
vt 0.014461 0.274637
vt 0.014461 0.277021
vt 0.013468 0.277021
vt 0.014461 0.279405
vt 0.017176 0.272892
vt 0.017176 0.277021
vt 0.017176 0.281151
vt 0.014176 0.308733
vt 0.014176 0.311117
vt 0.013182 0.311117
vt 0.014176 0.313501
vt 0.016891 0.306988
vt 0.016891 0.311117
vt 0.016891 0.315246
vt 0.171444 0.212301
vt 0.761463 0.595720
vt 0.005016 0.241784
vt 0.068809 0.241784
vt 0.076260 0.254882
vt 0.005016 0.254882
vt 0.077562 0.241784
vt 0.084323 0.254882
vt 0.078669 0.241784
vt 0.110247 0.225366
vt 0.115524 0.230166
vt 0.115524 0.222622
vt 0.172702 0.214149
vt 0.172698 0.214149
vt 0.172702 0.214148
vt 0.172702 0.214146
vt 0.172702 0.213869
vt 0.172698 0.213783
vt 0.172702 0.213865
vt 0.172746 0.213722
vt 0.172775 0.213722
vt 0.821722 0.601669
vt 0.172180 0.215951
vt 0.172325 0.215951
vt 0.172315 0.216028
vt 0.172180 0.216028
vt 0.172325 0.216171
vt 0.172315 0.216171
vt 0.172042 0.216028
vt 0.171907 0.216028
vt 0.171897 0.215951
vt 0.172042 0.215951
vt 0.171907 0.216171
vt 0.171897 0.216171
vt 0.169614 0.219200
vt 0.169612 0.219070
vt 0.169614 0.219070
vt 0.169589 0.219070
vt 0.169640 0.219394
vt 0.169640 0.220555
vt 0.169618 0.219394
vt 0.169614 0.219394
vt 0.169495 0.220555
vt 0.169239 0.219070
vt 0.169211 0.220555
vt 0.169211 0.219070
vt 0.169356 0.220555
vt 0.167059 0.211331
vt 0.753430 0.488267
vt 0.761478 0.488267
vt 0.170772 0.217608
vt 0.170772 0.217869
vt 0.170769 0.217870
vt 0.170769 0.217608
vt 0.170772 0.217870
vt 0.160548 0.254882
vt 0.155839 0.241784
vt 0.183354 0.241784
vt 0.183354 0.254882
vt 0.137962 0.241784
vt 0.140582 0.254882
vt 0.115524 0.241784
vt 0.115524 0.254882
vt 0.591181 0.879103
vt 0.574323 0.879103
vt 0.574323 0.866552
vt 0.014709 0.321959
vt 0.014709 0.319762
vt 0.096327 0.346146
vt 0.096327 0.348091
vt 0.179504 0.268886
vt 0.179504 0.272098
vt 0.096398 0.354377
vt 0.096398 0.356877
vt 0.180249 0.268643
vt 0.180249 0.265579
vt 0.183739 0.263336
vt 0.183739 0.268643
vt 0.180249 0.271708
vt 0.183739 0.273951
vt 0.623836 0.512045
vt 0.623836 0.513615
vt 0.753430 0.551077
vt 0.761478 0.551077
vt 0.169686 0.219070
vt 0.169690 0.219070
vt 0.169690 0.219126
vt 0.169690 0.219292
vt 0.169690 0.219394
vt 0.014709 0.324457
vt 0.190261 0.347450
vt 0.190261 0.349395
vt 0.623836 0.528732
vt 0.623836 0.530301
vt 0.190261 0.344911
vt 0.096327 0.343608
vt 0.179504 0.266062
vt 0.398386 0.619619
vt 0.407659 0.619619
vt 0.407659 0.625322
vt 0.398386 0.625322
vt 0.408893 0.661583
vt 0.399620 0.661583
vt 0.399620 0.655881
vt 0.408893 0.655881
vt 0.590826 0.827974
vt 0.573968 0.827974
vt 0.573968 0.824435
vt 0.014624 0.288657
vt 0.014624 0.286460
vt 0.833662 0.523578
vt 0.838621 0.523578
vt 0.171897 0.223651
vt 0.172042 0.223651
vt 0.172042 0.223964
vt 0.171897 0.223964
vt 0.171758 0.223651
vt 0.171758 0.223964
vt 0.171613 0.223651
vt 0.171613 0.223964
vt 0.220947 0.267671
vt 0.224748 0.267671
vt 0.225465 0.271801
vt 0.218882 0.271801
vt 0.225728 0.277443
vt 0.218126 0.277443
vt 0.225728 0.298103
vt 0.218126 0.298103
vt 0.225465 0.303745
vt 0.218882 0.303745
vt 0.224748 0.307876
vt 0.220947 0.307876
vt 0.574187 0.866589
vt 0.591045 0.866589
vt 0.591045 0.879140
vt 0.574187 0.862327
vt 0.591045 0.862327
vt 0.574187 0.838099
vt 0.591045 0.838099
vt 0.574187 0.832587
vt 0.591045 0.832587
vt 0.574187 0.828354
vt 0.591045 0.828354
vt 0.096398 0.359075
vt 0.190332 0.355227
vt 0.190332 0.357727
vt 0.172259 0.223621
vt 0.172414 0.223621
vt 0.172414 0.223742
vt 0.172259 0.223742
vt 0.172259 0.223395
vt 0.172414 0.223395
vt 0.172259 0.223253
vt 0.172414 0.223253
vt 0.231254 0.271801
vt 0.232413 0.277443
vt 0.232413 0.298103
vt 0.231254 0.303745
vt 0.280818 0.433510
vt 0.285483 0.472274
vt 0.280818 0.472274
vt 0.285483 0.427217
vt 0.173416 0.215584
vt 0.173417 0.215584
vt 0.173417 0.215648
vt 0.325490 0.474510
vt 0.322752 0.477247
vt 0.319402 0.477247
vt 0.325490 0.452109
vt 0.318060 0.447800
vt 0.321281 0.447800
vt 0.315763 0.467094
vt 0.315763 0.477247
vt 0.315703 0.467094
vt 0.315703 0.447800
vt 0.190261 0.342967
vt 0.787578 0.662948
vt 0.793547 0.662948
vt 0.793547 0.726830
vt 0.787578 0.726830
vt 0.188386 0.280620
vt 0.189501 0.283685
vt 0.184733 0.283685
vt 0.188386 0.286749
vt 0.185561 0.288380
vt 0.182350 0.287813
vt 0.180253 0.285315
vt 0.180253 0.282054
vt 0.182350 0.279556
vt 0.185561 0.278990
vt 0.014624 0.291155
vt 0.015154 0.267054
vt 0.015154 0.264857
vt 0.689621 0.821925
vt 0.636004 0.821925
vt 0.636004 0.808549
vt 0.689621 0.808549
vt 0.831740 0.518119
vt 0.827762 0.509800
vt 0.832721 0.508542
vt 0.836700 0.516861
vt 0.010110 0.311063
vt 0.010110 0.313006
vt 0.007395 0.315357
vt 0.007395 0.311991
vt 0.330270 0.559125
vt 0.096327 0.341663
vt 0.190332 0.359926
vt 0.832955 0.522903
vt 0.837914 0.521645
vt 0.190332 0.333954
vt 0.190332 0.336454
vt 0.009602 0.276438
vt 0.009602 0.278382
vt 0.006887 0.280733
vt 0.006887 0.277367
vt 0.015154 0.262359
vt 0.014392 0.302631
vt 0.014392 0.300434
vt 0.190332 0.331755
vt 0.404552 0.415636
vt 0.405821 0.414367
vt 0.440621 0.414367
vt 0.162410 0.212507
vt 0.162410 0.212532
vt 0.171470 0.212343
vt 0.171470 0.212368
vt 0.009602 0.271958
vt 0.009602 0.273901
vt 0.006887 0.272973
vt 0.006887 0.269606
vt 0.096171 0.332650
vt 0.096171 0.335150
vt 0.045861 0.664788
vt 0.043166 0.664788
vt 0.043166 0.619677
vt 0.045861 0.619677
vt 0.049192 0.664788
vt 0.049192 0.619677
vt 0.051886 0.664788
vt 0.051886 0.619677
vt 0.014392 0.297935
vt 0.096171 0.330451
vt 0.010110 0.306582
vt 0.010110 0.308526
vt 0.007395 0.307597
vt 0.007395 0.304231
vt 0.169605 0.213653
vt 0.169894 0.213653
vt 0.169894 0.213794
vt 0.169605 0.213794
vt 0.169605 0.213620
vt 0.169894 0.213620
vt 0.194314 0.344022
vt 0.194314 0.346407
vt 0.193320 0.346407
vt 0.194314 0.348793
vt 0.197031 0.342276
vt 0.197031 0.346407
vt 0.197031 0.350539
vt 0.099247 0.342265
vt 0.099247 0.344650
vt 0.098252 0.344650
vt 0.099247 0.347035
vt 0.101963 0.340518
vt 0.101963 0.344650
vt 0.101963 0.348782
vt 0.168236 0.213794
vt 0.167829 0.213794
vt 0.167829 0.213326
vt 0.168236 0.213326
vt 0.161356 0.216419
vt 0.161355 0.216486
vt 0.161355 0.216419
vt 0.013715 0.322603
vt 0.097392 0.356233
vt 0.191256 0.346181
vt 0.097322 0.344877
vt 0.013631 0.289301
vt 0.191326 0.357083
vt 0.014160 0.264213
vt 0.191326 0.334598
vt 0.013398 0.299790
vt 0.010595 0.275170
vt 0.011103 0.309794
vt 0.097165 0.333294
vt 0.396219 0.411708
vt 0.396219 0.425638
vt 0.393331 0.425638
vt 0.396756 0.424379
vt 0.396756 0.425638
vt 0.396756 0.396977
vt 0.393331 0.411708
vt 0.393232 0.425638
vt 0.393232 0.424379
vt 0.396219 0.396977
vt 0.396756 0.396594
vt 0.393331 0.396977
vt 0.393232 0.396977
vt 0.396219 0.396594
vt 0.396756 0.390823
vt 0.396219 0.390823
vt 0.393331 0.396594
vt 0.393331 0.390823
vt 0.393232 0.396594
vt 0.393232 0.390823
vt 0.378778 0.411708
vt 0.381666 0.411708
vt 0.381666 0.425638
vt 0.381765 0.425638
vt 0.381765 0.424379
vt 0.378778 0.425638
vt 0.378240 0.424379
vt 0.378240 0.425638
vt 0.378240 0.396977
vt 0.378778 0.396977
vt 0.378240 0.396594
vt 0.381666 0.396977
vt 0.381765 0.396977
vt 0.378778 0.396594
vt 0.378240 0.390823
vt 0.378778 0.390823
vt 0.381666 0.396594
vt 0.381765 0.396594
vt 0.381666 0.390823
vt 0.381765 0.390823
vt 0.553601 0.298860
vt 0.569294 0.298860
vt 0.385872 0.359992
vt 0.385716 0.359992
vt 0.385716 0.358714
vt 0.385872 0.358714
vt 0.385872 0.374727
vt 0.383113 0.358714
vt 0.385716 0.374727
vt 0.383113 0.359992
vt 0.383113 0.374727
vt 0.382424 0.359992
vt 0.382424 0.358714
vt 0.382424 0.374727
vt 0.388668 0.359630
vt 0.388668 0.358352
vt 0.388824 0.358352
vt 0.388824 0.359630
vt 0.388668 0.374365
vt 0.391427 0.358352
vt 0.388824 0.374365
vt 0.391427 0.359630
vt 0.391427 0.374365
vt 0.392115 0.359630
vt 0.392115 0.358352
vt 0.392115 0.374365
vt 0.418061 0.411534
vt 0.428381 0.411534
vt 0.420194 0.358760
vt 0.426248 0.358760
vt 0.404552 0.426782
vt 0.513331 0.612621
vt 0.551242 0.612621
vt 0.636004 0.772263
vt 0.689621 0.772263
vt 0.160604 0.214745
vt 0.160571 0.214622
vt 0.160816 0.214622
vt 0.160604 0.214499
vt 0.160693 0.214835
vt 0.160693 0.214408
vt 0.160816 0.214868
vt 0.160816 0.214375
vt 0.160939 0.214835
vt 0.160939 0.214408
vt 0.161028 0.214745
vt 0.161028 0.214499
vt 0.161061 0.214622
vt 0.689210 0.857228
vt 0.661970 0.870444
vt 0.656408 0.871934
vt 0.667532 0.871934
vt 0.671604 0.876006
vt 0.635593 0.857228
vt 0.652336 0.876006
vt 0.689210 0.881114
vt 0.672973 0.881114
vt 0.635593 0.881114
vt 0.650968 0.881114
vt 0.163317 0.210971
vt 0.163382 0.210971
vt 0.163382 0.211037
vt 0.163317 0.211037
vt 0.583382 0.307690
vt 0.602303 0.307690
vt 0.602303 0.342128
vt 0.583382 0.342128
vt 0.167650 0.213794
vt 0.167243 0.213794
vt 0.167243 0.213326
vt 0.167650 0.213326
s 1
f 1/1/1 2/2/1 3/3/1
f 3/3/1 2/2/1 4/4/1
f 5/5/1 2/2/1 1/1/1
f 4/4/1 2/2/1 6/6/1
f 7/7/1 2/2/1 5/5/1
f 6/6/1 2/2/1 8/8/1
f 9/9/1 2/2/1 7/7/1
f 8/8/1 2/2/1 10/10/1
f 11/11/1 2/2/1 9/9/1
f 10/10/1 2/2/1 12/12/1
f 13/13/1 2/2/1 11/11/1
f 12/12/1 2/2/1 13/13/1
f 14/14/2 15/15/3 16/16/3
f 16/16/3 17/17/2 14/14/2
f 18/18/4 14/14/2 17/17/2
f 17/17/2 19/19/4 18/18/4
f 20/20/5 21/21/6 22/22/6
f 22/22/6 23/23/5 20/20/5
f 24/24/7 22/22/6 21/21/6
f 21/21/6 25/25/7 24/24/7
f 26/26/8 27/27/8 28/28/8
f 28/28/8 29/29/8 26/26/8
f 30/30/9 31/26/9 32/29/9
f 32/29/9 33/31/9 30/30/9
f 34/27/10 35/18/10 36/19/10
f 36/19/10 37/28/10 34/27/10
f 38/25/11 39/30/11 40/31/11
f 40/31/11 41/24/11 38/25/11
f 42/32/12 43/20/12 44/23/12
f 44/23/12 45/33/12 42/32/12
f 46/15/13 47/34/13 48/35/13
f 48/35/13 49/16/13 46/15/13
f 50/36/14 51/32/14 52/33/14
f 52/33/14 53/37/14 50/36/14
f 54/34/15 55/36/15 56/37/15
f 56/37/15 57/35/15 54/34/15
f 58/38/1 59/39/1 60/40/1
f 61/41/1 60/40/1 59/39/1
f 60/40/1 62/42/1 58/38/1
f 59/39/1 63/43/1 61/41/1
f 64/44/1 58/38/1 62/42/1
f 65/45/1 61/41/1 63/43/1
f 62/42/1 66/46/1 64/44/1
f 63/43/1 67/47/1 65/45/1
f 68/48/1 64/44/1 66/46/1
f 69/49/1 65/45/1 67/47/1
f 66/46/1 70/50/1 68/48/1
f 67/47/1 71/51/1 69/49/1
f 72/52/1 68/48/1 70/50/1
f 73/53/1 69/49/1 71/51/1
f 70/50/1 74/54/1 72/52/1
f 71/51/1 75/55/1 73/53/1
f 76/56/1 72/52/1 74/54/1
f 77/57/1 73/53/1 75/55/1
f 74/54/1 78/58/1 76/56/1
f 75/55/1 79/59/1 77/57/1
f 80/60/1 76/56/1 78/58/1
f 81/61/1 77/57/1 79/59/1
f 79/59/1 80/60/1 81/61/1
f 78/58/1 81/61/1 80/60/1
f 82/62/16 83/63/17 84/23/17
f 84/23/17 85/22/16 82/62/16
f 86/64/18 82/62/16 85/22/16
f 85/22/16 87/24/18 86/64/18
f 88/65/19 89/66/20 90/17/20
f 90/17/20 91/16/19 88/65/19
f 92/19/21 90/17/20 89/66/20
f 89/66/20 93/67/21 92/19/21
f 94/68/22 95/69/22 96/37/22
f 96/37/22 97/33/22 94/68/22
f 98/69/23 99/70/23 100/35/23
f 100/35/23 101/37/23 98/69/23
f 102/63/24 103/68/24 104/33/24
f 104/33/24 105/23/24 102/63/24
f 106/70/25 107/65/25 108/16/25
f 108/16/25 109/35/25 106/70/25
f 110/71/26 111/64/26 112/24/26
f 112/24/26 113/31/26 110/71/26
f 114/67/27 115/72/27 116/28/27
f 116/28/27 117/19/27 114/67/27
f 118/72/28 119/73/28 120/29/28
f 120/29/28 121/28/28 118/72/28
f 122/73/29 123/71/29 124/31/29
f 124/31/29 125/29/29 122/73/29
f 126/74/30 127/75/30 128/76/30
f 128/76/30 129/77/30 126/74/30
f 129/77/30 128/76/30 130/78/30
f 130/78/30 131/79/30 129/77/30
f 131/79/30 130/78/30 132/80/30
f 132/80/30 133/81/30 131/79/30
f 134/82/30 135/83/30 136/84/30
f 136/84/30 137/85/30 134/82/30
f 138/86/30 139/87/30 140/88/30
f 140/88/30 141/89/30 138/86/30
f 142/90/1 143/91/1 144/92/1
f 144/92/1 145/93/1 142/90/1
f 145/93/1 144/92/1 146/94/1
f 146/94/1 147/95/1 145/93/1
f 148/96/1 149/97/1 150/98/1
f 150/98/1 151/99/1 148/96/1
f 149/97/1 148/96/1 152/100/1
f 152/100/1 153/101/1 149/97/1
f 153/101/1 152/100/1 154/102/1
f 154/102/1 155/103/1 153/101/1
f 155/103/1 154/102/1 156/104/1
f 157/105/1 156/104/1 154/102/1
f 156/104/1 158/106/1 155/103/1
f 154/102/1 159/107/1 157/105/1
f 160/108/1 155/103/1 158/106/1
f 161/109/1 157/105/1 159/107/1
f 158/106/1 162/110/1 160/108/1
f 159/107/1 163/111/1 161/109/1
f 164/112/1 160/108/1 162/110/1
f 165/113/1 161/109/1 163/111/1
f 162/110/1 166/114/1 164/112/1
f 163/111/1 167/115/1 165/113/1
f 168/116/1 165/113/1 167/115/1
f 167/115/1 169/117/1 168/116/1
f 170/118/1 164/112/1 166/114/1
f 166/114/1 171/119/1 170/118/1
f 172/120/1 170/118/1 171/119/1
f 171/119/1 173/121/1 172/120/1
f 174/122/1 175/123/1 176/124/1
f 176/124/1 177/125/1 174/122/1
f 177/125/1 176/124/1 178/126/1
f 178/126/1 179/127/1 177/125/1
f 180/128/30 181/129/30 182/130/30
f 182/130/30 183/131/30 180/128/30
f 184/132/1 185/133/1 186/134/1
f 186/134/1 187/135/1 184/132/1
f 188/136/1 189/137/1 190/138/1
f 191/139/1 192/140/1 189/137/1
f 189/137/1 188/136/1 191/139/1
f 193/141/1 191/139/1 188/136/1
f 190/138/1 194/142/1 188/136/1
f 194/142/1 190/138/1 195/143/1
f 195/143/1 196/144/1 194/142/1
f 188/136/1 197/145/1 193/141/1
f 197/145/1 188/136/1 194/142/1
f 198/146/1 193/141/1 197/145/1
f 199/147/1 194/142/1 196/144/1
f 194/142/1 199/147/1 197/145/1
f 196/144/1 200/148/1 199/147/1
f 197/145/1 201/149/1 198/146/1
f 201/149/1 197/145/1 199/147/1
f 202/150/31 198/146/31 201/149/31
f 201/149/31 203/151/31 202/150/31
f 199/147/1 204/152/1 201/149/1
f 203/151/31 201/149/31 204/152/31
f 204/152/1 199/147/1 200/148/1
f 204/152/31 205/153/31 203/151/31
f 200/148/1 206/154/1 204/152/1
f 205/153/31 204/152/31 206/154/31
f 206/154/31 207/155/31 205/153/31
f 208/156/1 209/157/1 210/158/1
f 211/159/1 210/158/1 209/157/1
f 209/157/1 212/160/1 211/159/1
f 210/158/1 213/161/1 208/156/1
f 214/162/1 208/156/1 213/161/1
f 213/161/1 215/163/1 214/162/1
f 208/156/1 214/162/1 216/164/1
f 216/164/1 217/165/1 208/156/1
f 209/157/1 208/156/1 217/165/1
f 217/165/1 216/164/1 218/166/1
f 212/160/1 209/157/1 219/167/1
f 217/165/1 219/167/1 209/157/1
f 219/167/1 220/168/1 212/160/1
f 218/166/1 221/169/1 217/165/1
f 219/167/1 217/165/1 221/169/1
f 221/169/31 218/166/31 222/170/31
f 222/170/31 223/171/31 221/169/31
f 221/169/1 224/172/1 219/167/1
f 220/168/1 219/167/1 224/172/1
f 224/172/31 221/169/31 223/171/31
f 224/172/1 225/173/1 220/168/1
f 223/171/31 226/174/31 224/172/31
f 225/173/31 224/172/31 226/174/31
f 226/174/31 227/175/31 225/173/31
f 228/176/32 229/177/33 230/178/34
f 230/178/34 229/177/33 231/179/35
f 230/178/34 231/179/35 232/180/36
f 230/178/34 233/181/37 228/176/32
f 232/180/36 235/182/38 230/178/34
f 232/180/36 236/183/39 235/182/38
f 236/183/39 237/184/40 235/182/38
f 238/185/41 235/182/38 237/184/40
f 237/184/40 239/186/42 238/185/41
f 240/187/1 241/188/1 242/189/1
f 242/189/1 243/190/1 240/187/1
f 244/191/1 245/192/1 246/193/1
f 246/193/1 247/194/1 244/191/1
f 246/193/1 245/192/1 248/195/1
f 247/194/1 246/193/1 249/196/1
f 249/196/1 250/197/1 247/194/1
f 251/198/1 249/196/1 246/193/1
f 246/193/1 252/199/1 251/198/1
f 248/195/1 252/199/1 246/193/1
f 253/200/1 251/198/1 252/199/1
f 252/199/1 254/201/1 253/200/1
f 254/201/1 252/199/1 248/195/1
f 248/195/1 255/202/1 254/201/1
f 256/203/1 257/204/1 258/205/1
f 258/205/1 259/206/1 256/203/1
f 257/204/1 260/207/1 261/208/1
f 261/208/1 258/205/1 257/204/1
f 262/209/1 259/206/1 258/205/1
f 258/205/1 261/208/1 263/210/1
f 263/210/1 264/211/1 258/205/1
f 258/205/1 264/211/1 262/209/1
f 264/211/1 263/210/1 265/212/1
f 265/212/1 266/213/1 264/211/1
f 262/209/1 264/211/1 266/213/1
f 266/213/1 267/214/1 262/209/1
f 268/215/43 269/216/43 270/217/44
f 270/217/44 271/218/44 268/215/43
f 269/216/43 268/215/43 272/219/1
f 272/219/1 273/220/1 269/216/43
f 274/221/22 275/222/22 276/50/22
f 276/50/22 277/46/22 274/221/22
f 278/223/45 279/224/45 280/225/46
f 281/226/47 279/224/45 278/223/45
f 282/227/16 283/228/17 284/42/17
f 284/42/17 285/40/16 282/227/16
f 286/229/18 282/227/16 285/40/16
f 285/40/16 287/41/18 286/229/18
f 288/222/23 289/230/23 290/54/23
f 290/54/23 291/50/23 288/222/23
f 292/231/46 293/232/46 294/233/46
f 295/234/19 296/235/20 297/61/20
f 297/61/20 298/58/19 295/234/19
f 299/57/21 297/61/20 296/235/20
f 296/235/20 300/236/21 299/57/21
f 301/237/1 302/238/1 303/239/1
f 303/239/1 304/240/1 301/237/1
f 305/228/24 306/221/24 307/46/24
f 307/46/24 308/42/24 305/228/24
f 309/230/25 310/234/25 311/58/25
f 311/58/25 312/54/25 309/230/25
f 313/241/48 314/242/48 315/243/48
f 316/244/49 314/242/49 317/245/49
f 318/245/50 314/242/50 319/241/50
f 320/246/48 321/247/48 322/248/48
f 323/249/49 321/247/49 324/250/49
f 325/250/50 321/247/50 326/246/50
f 327/251/45 328/252/45 329/253/46
f 330/254/47 328/252/45 327/251/45
f 331/255/47 332/256/47 333/257/47
f 334/258/26 335/229/26 336/41/26
f 336/41/26 337/45/26 334/258/26
f 338/236/27 339/259/27 340/53/27
f 340/53/27 341/57/27 338/236/27
f 342/260/29 343/258/29 344/45/29
f 344/45/29 345/49/29 342/260/29
f 346/261/45 347/262/45 348/263/46
f 349/264/47 347/262/45 346/261/45
f 350/259/28 351/260/28 352/49/28
f 352/49/28 353/53/28 350/259/28
f 230/178/51 235/182/52 181/129/52
f 181/129/52 180/128/51 230/178/51
f 354/265/53 355/266/53 356/267/54
f 357/268/55 355/266/53 354/265/53
f 358/269/30 359/270/30 360/271/30
f 361/272/30 359/270/30 358/269/30
f 360/271/30 362/273/30 358/269/30
f 358/269/30 362/273/30 363/274/30
f 363/274/30 364/275/30 358/269/30
f 358/269/30 365/276/30 361/272/30
f 358/269/30 364/275/30 366/277/30
f 365/276/30 358/269/30 367/278/30
f 366/277/30 367/278/30 358/269/30
f 367/278/30 366/277/30 368/279/30
f 367/278/30 369/280/30 365/276/30
f 368/279/30 370/281/30 367/278/30
f 369/280/30 367/278/30 371/282/30
f 371/282/30 367/278/30 370/281/30
f 371/282/30 372/283/30 369/280/30
f 370/281/30 373/284/30 371/282/30
f 374/285/53 375/286/53 376/287/54
f 377/288/55 375/286/53 374/285/53
f 378/289/48 379/290/48 380/291/48
f 381/292/49 379/290/49 382/293/49
f 383/293/50 379/290/50 384/289/50
f 385/294/48 386/295/48 387/296/48
f 388/297/49 386/295/49 389/298/49
f 390/298/50 386/295/50 391/294/50
f 392/299/56 393/300/57 394/301/57
f 394/301/57 393/300/57 395/302/58
f 396/303/56 397/304/57 398/305/57
f 398/305/57 397/304/57 399/306/58
f 400/307/53 401/308/53 402/309/54
f 403/310/55 401/308/53 400/307/53
f 404/311/53 405/312/53 406/313/54
f 407/314/55 405/312/53 404/311/53
f 408/315/59 409/316/59 410/317/59
f 410/317/59 411/318/59 408/315/59
f 412/319/1 413/320/1 414/321/1
f 414/321/1 415/322/1 412/319/1
f 416/323/1 415/322/1 414/321/1
f 414/321/1 413/320/1 417/324/1
f 414/321/1 418/325/1 416/323/1
f 417/324/1 419/326/1 414/321/1
f 418/325/1 414/321/1 419/326/1
f 419/326/1 417/324/1 420/327/1
f 419/326/1 421/328/1 418/325/1
f 420/327/1 422/329/1 419/326/1
f 421/328/1 419/326/1 422/329/1
f 422/329/1 423/330/1 421/328/1
f 424/240/60 425/239/60 426/218/60
f 426/218/60 427/217/60 424/240/60
f 428/331/61 429/332/61 430/333/61
f 430/333/61 431/334/61 428/331/61
f 429/332/61 428/331/61 432/335/61
f 433/336/61 431/334/61 430/333/61
f 432/335/61 434/337/61 429/332/61
f 430/333/61 435/338/61 433/336/61
f 436/339/61 434/337/61 432/335/61
f 432/335/61 437/340/61 436/339/61
f 438/341/61 436/339/61 437/340/61
f 439/342/61 438/341/61 437/340/61
f 439/342/61 437/340/61 440/343/61
f 440/343/61 441/344/61 439/342/61
f 442/345/61 441/344/61 440/343/61
f 440/343/61 443/346/61 442/345/61
f 442/345/61 443/346/61 444/347/61
f 444/347/61 443/346/61 445/348/61
f 445/348/61 446/349/61 444/347/61
f 446/349/61 445/348/61 447/350/61
f 447/350/61 448/351/61 446/349/61
f 449/352/61 448/351/61 447/350/61
f 447/350/61 450/353/61 449/352/61
f 451/354/61 449/352/61 450/353/61
f 452/355/61 451/354/61 450/353/61
f 450/353/61 453/356/61 452/355/61
f 452/355/61 453/356/61 454/357/61
f 454/357/61 455/358/61 452/355/61
f 456/359/61 455/358/61 454/357/61
f 454/357/61 457/360/61 456/359/61
f 435/338/61 457/360/61 454/357/61
f 454/357/61 433/336/61 435/338/61
f 458/361/61 459/362/61 460/363/61
f 460/363/61 461/364/61 458/361/61
f 461/364/61 460/363/61 462/365/61
f 460/363/61 463/366/61 462/365/61
f 463/366/61 460/363/61 464/367/61
f 464/367/61 465/368/61 463/366/61
f 465/368/61 464/367/61 466/369/61
f 466/369/61 467/370/61 465/368/61
f 466/369/61 468/371/61 467/370/61
f 469/372/61 468/371/61 466/369/61
f 466/369/61 470/373/61 469/372/61
f 471/374/61 469/372/61 470/373/61
f 470/373/61 472/375/61 471/374/61
f 471/374/61 472/375/61 473/376/61
f 473/376/61 474/377/61 471/374/61
f 474/377/61 473/376/61 475/378/61
f 475/378/61 476/379/61 474/377/61
f 477/380/61 476/379/61 475/378/61
f 475/378/61 478/381/61 477/380/61
f 479/382/61 477/380/61 478/381/61
f 478/381/61 480/383/62 479/382/61
f 480/383/62 478/381/61 481/384/61
f 482/385/61 483/386/61 484/387/61
f 484/387/61 485/388/61 482/385/61
f 486/389/61 483/386/61 482/385/61
f 483/386/61 486/389/61 487/390/61
f 487/390/61 488/391/61 483/386/61
f 487/390/61 489/392/61 488/391/61
f 488/391/61 489/392/61 490/393/61
f 490/393/61 491/394/61 488/391/61
f 492/395/63 493/396/63 494/226/63
f 494/226/63 495/223/63 492/395/63
f 496/397/64 497/398/64 498/249/65
f 498/249/65 499/250/65 496/397/64
f 500/399/66 501/400/67 502/231/66
f 502/231/66 503/233/66 500/399/66
f 504/401/66 505/395/67 506/223/66
f 506/223/66 507/225/66 504/401/66
f 508/402/64 509/403/64 510/244/64
f 510/244/64 511/245/64 508/402/64
f 512/404/68 513/402/68 514/245/68
f 514/245/68 515/241/68 512/404/68
f 516/405/68 517/397/68 518/250/68
f 518/250/68 519/246/68 516/405/68
f 520/406/63 521/407/63 522/254/63
f 522/254/63 523/251/63 520/406/63
f 524/408/69 525/409/69 526/410/69
f 527/400/63 528/411/63 529/412/63
f 529/412/63 530/231/63 527/400/63
f 531/413/67 532/414/67 533/261/67
f 533/261/67 534/263/67 531/413/67
f 535/415/70 536/404/70 537/241/70
f 537/241/70 538/243/70 535/415/70
f 539/416/71 540/417/71 541/418/71
f 542/419/67 543/406/67 544/251/67
f 544/251/67 545/253/67 542/419/67
f 546/420/72 547/421/72 548/265/72
f 548/265/72 549/267/72 546/420/72
f 550/422/64 551/423/64 552/297/64
f 552/297/64 553/298/65 550/422/64
f 554/424/30 555/425/30 556/426/30
f 556/426/30 557/427/30 554/424/30
f 558/428/70 559/405/70 560/246/70
f 560/246/70 561/248/70 558/428/70
f 562/414/63 563/429/63 564/264/63
f 564/264/63 565/261/63 562/414/63
f 566/430/73 567/431/73 568/288/73
f 568/288/73 569/285/73 566/430/73
f 570/432/74 571/433/74 572/434/74
f 573/435/61 574/436/61 575/437/61
f 573/435/61 576/438/61 577/439/61
f 573/435/61 578/440/61 579/441/61
f 573/435/61 580/442/61 578/440/61
f 573/435/61 581/443/61 580/442/61
f 582/435/61 583/444/61 584/443/61
f 585/435/61 586/437/61 587/444/61
f 588/439/61 589/436/61 590/435/61
f 591/427/30 592/426/30 593/445/30
f 593/445/30 594/446/30 591/427/30
f 595/447/64 596/448/64 597/292/64
f 597/292/64 598/293/64 595/447/64
f 599/421/73 600/449/73 601/268/73
f 601/268/73 602/265/73 599/421/73
f 603/450/72 604/451/72 605/307/72
f 605/307/72 606/309/72 603/450/72
f 607/452/75 608/453/75 609/454/75
f 610/455/76 611/456/76 612/457/76
f 612/457/76 613/458/76 610/455/76
f 613/458/77 612/457/77 614/459/77
f 612/457/76 611/456/76 615/460/76
f 615/460/76 616/461/78 612/457/76
f 616/461/78 615/460/76 617/462/76
f 617/462/76 618/463/79 616/461/78
f 616/461/78 618/463/79 619/464/80
f 620/465/72 621/430/72 622/285/72
f 622/285/72 623/287/72 620/465/72
f 624/466/70 625/467/70 626/289/70
f 626/289/70 627/291/70 624/466/70
f 628/468/68 629/469/68 630/470/68
f 630/470/68 631/471/68 628/468/68
f 632/472/68 633/473/68 634/474/68
f 634/474/68 635/475/68 632/472/68
f 636/476/73 637/477/73 638/314/73
f 638/314/73 639/311/73 636/476/73
f 640/451/73 641/478/73 642/310/73
f 642/310/73 643/307/73 640/451/73
f 644/479/1 645/480/1 646/481/1
f 647/482/1 646/481/1 648/483/1
f 646/481/1 647/482/1 649/484/1
f 649/484/1 650/485/1 646/481/1
f 651/486/1 644/479/1 646/481/1
f 646/481/1 650/485/1 651/486/1
f 650/485/1 652/487/1 651/486/1
f 653/488/1 644/479/1 651/486/1
f 651/486/1 654/489/1 653/488/1
f 651/486/1 655/490/1 654/489/1
f 656/491/48 657/492/48 658/493/48
f 659/494/49 657/492/49 660/495/49
f 661/495/50 657/492/50 662/491/50
f 663/496/72 664/476/72 665/311/72
f 665/311/72 666/313/72 663/496/72
f 667/497/70 668/498/70 669/294/70
f 669/294/70 670/296/70 667/497/70
f 671/410/81 672/499/82 673/408/83
f 674/500/84 673/408/83 672/499/82
f 675/501/56 676/502/57 677/503/57
f 677/503/57 676/502/57 678/504/58
f 679/504/47 676/502/47 680/505/47
f 681/505/46 676/502/46 682/506/46
f 683/506/49 676/502/49 684/507/49
f 685/507/50 676/502/50 686/508/50
f 687/508/48 676/502/48 688/509/48
f 689/509/55 676/502/55 690/510/55
f 691/510/54 676/502/54 692/501/54
f 693/511/45 694/512/45 695/513/85
f 696/514/47 694/512/45 693/511/45
f 697/515/86 698/432/87 699/516/88
f 700/434/89 699/516/88 698/432/87
f 701/517/90 702/518/90 703/519/90
f 703/519/90 704/520/90 701/517/90
f 703/519/90 702/518/90 705/521/90
f 705/521/90 706/522/90 703/519/90
f 707/523/90 708/524/90 709/525/90
f 709/525/90 710/526/90 707/523/90
f 708/524/90 707/523/90 711/527/90
f 711/527/90 712/528/90 708/524/90
f 713/529/45 714/530/45 715/531/85
f 716/532/47 714/530/45 713/529/45
f 717/533/30 718/534/30 719/535/30
f 719/535/30 720/536/30 717/533/30
f 718/534/30 717/533/30 721/537/30
f 721/537/30 722/538/30 718/534/30
f 722/538/30 721/537/30 723/539/30
f 723/539/30 724/540/30 722/538/30
f 725/541/91 726/542/92 727/543/93
f 728/544/94 727/543/93 726/542/92
f 729/545/53 730/546/53 731/547/54
f 732/548/95 730/546/53 729/545/53
f 733/549/96 734/550/96 735/551/96
f 735/551/96 736/552/96 733/549/96
f 734/550/96 733/549/96 737/553/96
f 737/553/96 738/554/96 734/550/96
f 738/554/96 737/553/96 739/555/96
f 739/555/96 740/556/96 738/554/96
f 741/529/45 742/530/45 743/531/85
f 744/532/47 742/530/45 741/529/45
f 745/557/30 746/558/30 747/559/30
f 747/559/30 748/560/30 745/557/30
f 749/561/53 750/562/53 751/563/54
f 752/564/95 750/562/53 749/561/53
f 753/565/30 754/566/30 755/567/30
f 755/567/30 756/568/30 753/565/30
f 757/569/64 758/570/64 759/571/64
f 759/571/64 760/572/64 757/569/64
f 761/573/48 762/574/48 763/575/48
f 764/576/49 762/574/49 765/577/49
f 766/577/50 762/574/50 767/573/50
f 768/578/48 769/579/48 770/580/48
f 771/581/49 769/579/49 772/582/49
f 773/582/50 769/579/50 774/578/50
f 775/561/53 776/562/53 777/563/54
f 778/564/95 776/562/53 775/561/53
f 779/583/67 780/584/67 781/585/67
f 781/585/67 782/586/67 779/583/67
f 783/587/63 784/588/63 785/532/63
f 785/532/63 786/529/63 783/587/63
f 787/589/97 788/590/97 789/457/97
f 789/457/97 790/461/97 787/589/97
f 787/589/98 790/461/98 791/591/98
f 792/592/64 793/593/64 794/494/64
f 794/494/64 795/495/64 792/592/64
f 796/594/68 797/592/68 798/495/68
f 798/495/68 799/491/68 796/594/68
f 800/595/68 801/569/68 802/572/68
f 802/572/68 803/596/68 800/595/68
f 804/597/99 805/598/99 806/599/100
f 806/599/100 807/600/100 804/597/99
f 807/600/100 806/599/100 808/601/101
f 808/601/101 809/602/101 807/600/100
f 809/602/101 808/601/101 810/603/102
f 810/603/102 811/604/102 809/602/101
f 811/604/102 810/603/102 812/605/103
f 812/605/103 813/606/103 811/604/102
f 813/606/103 812/605/103 814/607/104
f 814/607/104 815/608/104 813/606/103
f 816/609/105 817/610/105 818/611/106
f 818/611/106 819/612/106 816/609/105
f 817/610/105 816/609/105 820/613/107
f 820/613/107 821/614/107 817/610/105
f 821/614/107 820/613/107 822/615/108
f 822/615/108 823/616/108 821/614/107
f 823/616/108 822/615/108 824/617/109
f 824/617/109 825/618/109 823/616/108
f 825/618/109 824/617/109 826/619/110
f 826/619/110 827/620/110 825/618/109
f 827/620/110 826/619/110 828/621/111
f 828/621/111 829/622/111 827/620/110
f 829/622/111 828/621/111 830/623/112
f 830/623/112 831/624/112 829/622/111
f 831/624/112 830/623/112 832/625/113
f 832/625/113 833/626/113 831/624/112
f 834/627/114 835/628/114 836/629/114
f 836/629/114 837/630/114 834/627/114
f 838/631/30 836/629/30 835/628/30
f 835/628/30 839/632/30 838/631/30
f 840/633/115 838/631/115 839/632/115
f 839/632/115 841/634/115 840/633/115
f 842/635/116 843/636/116 844/637/117
f 844/637/117 845/638/117 842/635/116
f 843/636/116 842/635/116 846/639/118
f 846/639/118 847/640/118 843/636/116
f 847/640/118 846/639/118 848/641/119
f 848/641/119 849/642/119 847/640/118
f 850/643/120 851/644/120 852/645/121
f 852/645/121 853/646/121 850/643/120
f 851/644/120 850/643/120 854/647/107
f 854/647/107 855/648/107 851/644/120
f 855/648/107 854/647/107 856/649/108
f 856/649/108 857/650/108 855/648/107
f 857/650/108 856/649/108 858/651/109
f 858/651/109 859/652/109 857/650/108
f 859/652/109 858/651/109 860/653/110
f 860/653/110 861/654/110 859/652/109
f 861/654/110 860/653/110 862/655/122
f 862/655/122 863/656/122 861/654/110
f 863/656/122 862/655/122 864/657/123
f 864/657/123 865/416/123 863/656/122
f 865/416/123 864/657/123 866/658/113
f 866/658/113 867/417/113 865/416/123
f 868/659/61 869/660/61 870/661/61
f 870/661/61 871/662/61 868/659/61
f 872/663/124 873/664/124 874/665/124
f 874/665/124 875/666/124 872/663/124
f 876/667/67 877/587/67 878/529/67
f 878/529/67 879/531/66 876/667/67
f 880/668/67 881/669/67 882/511/67
f 882/511/67 883/513/67 880/668/67
f 884/584/63 885/670/63 886/671/63
f 886/671/63 887/585/63 884/584/63
f 888/664/125 889/672/125 890/673/125
f 890/673/126 891/665/126 892/664/126
f 893/674/70 894/594/70 895/491/70
f 895/491/70 896/493/70 893/674/70
f 897/587/63 898/588/63 899/532/63
f 899/532/63 900/529/63 897/587/63
f 901/675/127 902/676/127 903/677/127
f 904/678/128 903/677/128 902/676/128
f 905/679/129 906/680/129 907/681/129
f 908/682/130 909/683/130 910/684/130
f 910/684/130 911/685/130 908/682/130
f 912/681/131 913/686/131 914/679/131
f 915/687/132 916/688/132 917/689/132
f 918/689/133 919/690/133 915/687/133
f 920/459/134 921/691/134 922/458/134
f 923/692/135 924/693/136 925/694/136
f 925/694/136 926/695/135 923/692/135
f 927/696/137 923/692/135 926/695/135
f 926/695/135 928/697/137 927/696/137
f 926/695/57 929/698/57 930/697/58
f 931/694/56 929/698/57 926/695/57
f 932/699/138 933/700/139 934/701/140
f 935/702/141 934/701/140 933/700/139
f 933/700/139 936/703/142 935/702/141
f 937/704/143 935/702/141 936/703/142
f 936/703/144 938/705/144 939/704/144
f 940/706/145 939/704/145 938/705/145
f 941/707/146 942/708/146 943/709/146
f 944/710/147 945/711/147 946/712/147
f 946/712/147 947/713/147 944/710/147
f 948/714/70 949/595/70 950/596/70
f 950/596/70 951/715/70 948/714/70
f 952/464/148 953/591/148 954/461/148
f 955/684/149 956/683/149 957/716/149
f 958/717/150 959/718/150 960/398/150
f 960/398/150 961/397/150 958/717/150
f 962/666/151 963/719/151 964/720/151
f 965/669/63 966/721/63 967/514/63
f 967/514/63 968/511/63 965/669/63
f 969/722/152 970/723/152 971/395/152
f 971/395/152 972/401/152 969/722/152
f 973/396/153 971/395/153 970/723/153
f 970/723/153 974/724/153 973/396/153
f 975/667/67 976/587/67 977/529/67
f 977/529/67 978/531/67 975/667/67
f 979/725/154 980/726/154 981/727/154
f 981/727/154 982/728/154 979/725/154
f 983/729/155 984/730/155 985/682/155
f 986/682/156 987/685/156 983/729/156
f 988/731/73 989/732/73 990/548/73
f 990/548/73 991/545/73 988/731/73
f 992/733/157 993/734/157 994/735/157
f 994/735/158 993/734/158 995/736/158
f 995/736/158 996/737/158 994/735/158
f 994/735/157 997/738/157 992/733/157
f 992/733/159 997/738/159 998/739/159
f 998/739/159 999/740/159 992/733/159
f 1000/741/160 1001/742/160 1002/743/160
f 1002/743/160 1003/744/161 1000/741/160
f 1004/745/162 1000/741/163 1003/744/162
f 1003/744/162 1005/746/162 1004/745/162
f 1003/744/135 1006/743/136 1007/747/136
f 1007/747/136 1008/748/135 1003/744/135
f 1009/746/137 1003/744/135 1008/748/135
f 1008/748/135 1010/749/137 1009/746/137
f 1011/750/160 1012/751/160 1013/752/160
f 1013/752/160 1014/753/161 1011/750/160
f 1015/754/163 1011/750/163 1014/753/163
f 1014/753/163 1016/755/163 1015/754/163
f 1014/753/135 1017/752/136 1018/756/136
f 1018/756/136 1019/757/135 1014/753/135
f 1020/755/137 1014/753/135 1019/757/135
f 1019/757/135 1021/758/137 1020/755/137
f 1022/720/164 1023/663/164 1024/666/164
f 1025/759/61 1026/760/61 1027/761/61
f 1027/761/61 1028/762/61 1025/759/61
f 1028/762/165 1027/761/165 1029/763/166
f 1029/763/166 1030/764/166 1028/762/165
f 1030/764/166 1029/763/166 1031/765/167
f 1031/765/167 1032/766/167 1030/764/166
f 1032/766/167 1031/765/167 1033/767/168
f 1033/767/168 1034/768/168 1032/766/167
f 1034/768/168 1033/767/168 1035/769/169
f 1035/769/169 1036/770/169 1034/768/168
f 1036/770/169 1035/769/169 1037/771/170
f 1037/771/170 1038/772/170 1036/770/169
f 1039/716/171 1040/773/171 1041/684/171
f 1042/774/72 1043/775/72 1044/561/72
f 1044/561/72 1045/563/72 1042/774/72
f 1046/776/172 1047/777/172 1048/778/172
f 1048/778/172 1049/779/172 1046/776/172
f 1050/780/173 1048/778/173 1047/777/173
f 1047/777/173 1051/781/173 1050/780/173
f 1052/782/64 1053/783/64 1054/581/64
f 1054/581/64 1055/582/64 1052/782/64
f 1056/784/174 1057/785/174 1058/786/175
f 1058/786/175 1059/787/175 1056/784/174
f 1059/787/175 1058/786/175 1060/788/176
f 1060/788/176 1061/789/176 1059/787/175
f 1061/789/176 1060/788/176 1062/790/177
f 1062/790/177 1063/791/177 1061/789/176
f 1064/792/178 1065/776/178 1066/779/178
f 1066/779/178 1067/793/178 1064/792/178
f 1068/794/152 1069/795/152 1070/400/152
f 1070/400/152 1071/399/152 1068/794/152
f 1072/411/153 1070/400/153 1069/795/153
f 1069/795/153 1073/796/153 1072/411/153
f 1074/797/179 1075/798/179 1076/799/179
f 1077/800/180 1076/799/180 1075/798/180
f 1076/799/180 1077/800/180 1078/801/180
f 1075/798/180 1079/802/180 1077/800/180
f 1078/801/180 1080/803/180 1076/799/180
f 1079/802/180 1075/798/180 1081/804/180
f 1081/804/180 1082/805/180 1079/802/180
f 1083/806/179 1081/804/179 1075/798/179
f 1075/798/179 1074/797/179 1083/806/179
f 1084/807/181 1083/806/181 1074/797/181
f 1074/797/181 1085/808/181 1084/807/181
f 1086/809/179 1076/799/179 1080/803/179
f 1076/799/179 1086/809/179 1074/797/179
f 1085/808/181 1074/797/181 1086/809/181
f 1080/803/179 1087/810/179 1086/809/179
f 1086/809/181 1088/811/181 1085/808/181
f 1088/811/181 1086/809/181 1087/810/181
f 1087/810/181 1089/812/181 1088/811/181
f 1090/813/179 1091/814/179 1092/815/179
f 1093/816/179 1092/815/179 1091/814/179
f 1092/815/180 1093/816/180 1094/817/180
f 1091/814/179 1095/818/179 1093/816/179
f 1094/817/180 1096/819/180 1092/815/180
f 1095/818/181 1091/814/181 1097/820/181
f 1097/820/181 1098/821/181 1095/818/181
f 1099/822/181 1097/820/181 1091/814/181
f 1091/814/181 1090/813/181 1099/822/181
f 1100/823/181 1099/822/181 1090/813/181
f 1090/813/181 1101/824/181 1100/823/181
f 1102/825/180 1092/815/180 1096/819/180
f 1092/815/179 1102/825/179 1090/813/179
f 1101/824/179 1090/813/179 1102/825/179
f 1096/819/180 1103/826/180 1102/825/180
f 1102/825/179 1104/827/179 1101/824/179
f 1104/827/180 1102/825/180 1103/826/180
f 1103/826/180 1105/828/180 1104/827/180
f 1106/829/182 1107/600/182 1108/602/183
f 1108/602/183 1109/830/183 1106/829/182
f 1109/830/183 1108/602/183 1110/604/184
f 1110/604/184 1111/831/184 1109/830/183
f 1111/831/184 1110/604/184 1112/606/185
f 1112/606/185 1113/832/185 1111/831/184
f 1114/833/135 1115/834/136 1116/835/136
f 1116/835/136 1117/836/135 1114/833/135
f 1118/837/137 1114/833/135 1117/836/135
f 1117/836/135 1119/838/137 1118/837/137
f 1120/839/186 1121/840/187 1122/841/188
f 1122/841/188 1123/842/189 1120/839/186
f 1124/843/190 1120/839/186 1123/842/189
f 1125/844/191 1122/841/188 1121/840/187
f 1121/840/187 1126/845/192 1125/844/191
f 1127/846/193 1125/844/191 1126/845/192
f 1126/845/194 1128/452/195 1129/846/196
f 1130/454/197 1129/846/196 1128/452/195
f 1131/847/72 1132/731/72 1133/545/72
f 1133/545/72 1134/547/72 1131/847/72
f 1135/848/198 1136/849/199 1137/850/200
f 1136/849/199 1135/848/198 1138/851/201
f 1139/851/202 1140/852/202 1136/849/202
f 1141/853/150 1142/854/150 1143/403/150
f 1143/403/150 1144/402/150 1141/853/150
f 1145/855/203 1146/853/203 1147/402/203
f 1147/402/203 1148/404/203 1145/855/203
f 1149/856/203 1150/717/203 1151/397/203
f 1151/397/203 1152/405/203 1149/856/203
f 1153/857/179 1154/858/179 1155/859/179
f 1155/859/179 1156/860/179 1153/857/179
f 1157/861/204 1158/862/204 1159/863/204
f 1159/863/204 1160/864/204 1161/861/204
f 1162/865/64 1163/866/65 1164/576/64
f 1164/576/64 1165/577/64 1162/865/64
f 1166/867/205 1167/868/206 1168/869/207
f 1168/869/207 1169/870/205 1166/867/205
f 1170/871/208 1168/869/207 1167/868/206
f 1171/868/208 1172/872/208 1170/871/208
f 1173/676/209 1174/873/210 1175/678/211
f 1176/874/212 1175/678/211 1174/873/210
f 1174/873/210 1177/875/213 1176/874/212
f 1178/876/214 1176/874/212 1177/875/213
f 1179/774/72 1180/775/72 1181/561/72
f 1181/561/72 1182/563/72 1179/774/72
f 1183/877/215 1184/867/215 1185/870/215
f 1185/870/215 1186/878/215 1183/877/215
f 1187/879/216 1188/880/216 1189/881/216
f 1189/881/216 1190/882/216 1187/879/216
f 1191/883/73 1192/884/73 1193/885/73
f 1193/885/73 1194/886/73 1191/883/73
f 1195/775/73 1196/887/73 1197/564/73
f 1197/564/73 1198/561/73 1195/775/73
f 1199/888/179 1200/889/179 1201/890/179
f 1201/890/179 1202/891/179 1199/888/179
f 1203/892/217 1200/889/180 1199/888/180
f 1199/888/180 1204/893/217 1203/892/217
f 1205/894/31 1203/892/217 1204/893/217
f 1204/893/217 1206/895/31 1205/894/31
f 1203/892/217 1205/894/31 1207/896/31
f 1207/896/31 1208/897/217 1203/892/217
f 1200/889/180 1203/892/217 1208/897/217
f 1208/897/217 1207/896/31 1209/898/31
f 1209/898/31 1210/899/217 1208/897/217
f 1208/897/217 1211/900/180 1200/889/180
f 1211/900/180 1208/897/217 1210/899/217
f 1201/890/179 1200/889/179 1211/900/179
f 1210/899/217 1212/901/180 1211/900/180
f 1213/902/179 1211/900/179 1212/901/179
f 1211/900/179 1213/902/179 1201/890/179
f 1212/901/179 1214/903/179 1213/902/179
f 1215/904/218 1201/890/181 1213/902/181
f 1202/891/181 1201/890/181 1215/904/218
f 1215/904/218 1216/905/218 1202/891/181
f 1216/905/218 1215/904/218 1217/906/219
f 1217/906/219 1218/907/219 1216/905/218
f 1213/902/181 1219/908/218 1215/904/218
f 1217/906/219 1215/904/218 1219/908/218
f 1219/908/218 1213/902/181 1214/903/181
f 1219/908/218 1220/909/219 1217/906/219
f 1214/903/181 1221/910/218 1219/908/218
f 1220/909/219 1219/908/218 1221/910/218
f 1221/910/218 1222/911/219 1220/909/219
f 1223/912/179 1224/913/179 1225/914/179
f 1226/915/218 1225/914/181 1224/913/181
f 1224/913/181 1227/916/218 1226/915/218
f 1228/917/219 1226/915/218 1227/916/218
f 1227/916/218 1229/918/219 1228/917/219
f 1230/919/218 1226/915/218 1228/917/219
f 1228/917/219 1231/920/219 1230/919/218
f 1232/921/218 1230/919/218 1231/920/219
f 1231/920/219 1233/922/219 1232/921/218
f 1230/919/218 1232/921/218 1234/923/181
f 1226/915/218 1230/919/218 1235/924/181
f 1234/923/181 1235/924/181 1230/919/218
f 1235/924/181 1225/914/181 1226/915/218
f 1235/924/179 1234/923/179 1236/925/179
f 1236/925/179 1237/926/179 1235/924/179
f 1225/914/179 1235/924/179 1237/926/179
f 1237/926/180 1236/925/180 1238/927/217
f 1237/926/179 1239/928/179 1225/914/179
f 1225/914/179 1239/928/179 1223/912/179
f 1238/927/217 1240/929/217 1237/926/180
f 1239/928/180 1237/926/180 1240/929/217
f 1240/929/217 1238/927/217 1241/930/31
f 1241/930/31 1242/931/31 1240/929/217
f 1240/929/217 1243/932/217 1239/928/180
f 1223/912/180 1239/928/180 1243/932/217
f 1243/932/217 1240/929/217 1242/931/31
f 1243/932/217 1244/933/217 1223/912/180
f 1242/931/31 1245/934/31 1243/932/217
f 1244/933/217 1243/932/217 1245/934/31
f 1245/934/31 1246/935/31 1244/933/217
f 231/936/220 229/937/221 1247/938/221
f 1247/938/221 1248/939/220 231/936/220
f 232/940/179 231/936/222 1248/939/222
f 1248/939/222 1249/941/179 232/940/179
f 236/942/223 232/940/179 1249/941/179
f 1249/941/179 1250/943/223 236/942/223
f 1251/944/224 1252/945/225 1253/648/226
f 1254/644/227 1253/648/226 1252/945/225
f 1252/945/225 1255/946/228 1254/644/227
f 1256/645/229 1254/644/227 1255/946/228
f 1255/946/230 1257/947/230 1258/645/230
f 1259/948/231 1260/949/232 1261/643/233
f 1261/643/234 1262/646/234 1263/948/234
f 1264/647/235 1261/643/233 1260/949/232
f 1260/949/232 1265/950/236 1264/647/235
f 1266/649/237 1264/647/235 1265/950/236
f 1267/951/238 1268/952/238 1269/953/238
f 1270/954/239 1271/955/239 1272/956/239
f 1273/957/152 1274/958/152 1275/406/152
f 1275/406/152 1276/419/152 1273/957/152
f 1277/407/153 1275/406/153 1274/958/153
f 1274/958/153 1278/959/153 1277/407/153
f 1279/499/240 1280/960/241 1281/500/242
f 1282/961/243 1281/500/242 1280/960/241
f 1280/960/241 1283/962/244 1282/961/243
f 1284/963/245 1282/961/243 1283/962/244
f 1283/962/246 1285/964/247 1286/963/248
f 1287/965/249 1286/963/248 1285/964/247
f 1288/966/250 1289/459/250 1290/457/250
f 1291/967/251 1292/968/252 1293/969/253
f 1293/969/253 1294/970/254 1291/967/251
f 1295/971/255 1291/967/251 1294/970/254
f 1296/972/256 1293/969/253 1292/968/252
f 1292/968/252 1297/515/257 1296/972/256
f 1298/516/258 1296/972/256 1297/515/257
f 1299/875/259 1295/971/260 1300/876/261
f 1301/970/262 1300/876/261 1295/971/260
f 1302/973/68 1303/974/68 1304/975/68
f 1304/975/68 1305/976/68 1302/973/68
f 1306/977/68 1307/978/68 1308/979/68
f 1308/979/68 1309/980/68 1306/977/68
f 1310/981/263 1311/982/263 1312/983/263
f 1313/984/70 1314/985/70 1315/573/70
f 1315/573/70 1316/575/70 1317/984/70
f 1318/986/264 1319/855/264 1320/404/264
f 1320/404/264 1321/415/264 1318/986/264
f 1322/987/265 1323/988/265 1324/590/265
f 1324/590/265 1325/589/265 1322/987/265
f 1326/989/72 1327/883/72 1328/886/72
f 1328/886/72 1329/990/72 1326/989/72
f 1330/991/266 1331/992/266 1332/993/266
f 1332/993/266 1333/994/266 1330/991/266
f 1334/995/267 1335/996/267 1336/997/267
f 1337/998/150 1338/999/150 1339/570/150
f 1339/570/150 1340/569/150 1337/998/150
f 1341/542/268 1342/1000/269 1343/544/270
f 1344/1001/271 1343/544/270 1342/1000/269
f 1342/1000/269 1345/1002/272 1344/1001/271
f 1346/1003/273 1344/1001/271 1345/1002/272
f 1347/1002/274 1348/1004/275 1346/1003/276
f 1349/1005/277 1346/1003/276 1348/1004/275
f 1348/1004/278 1350/1006/279 1351/1005/280
f 1352/1007/281 1351/1005/280 1350/1006/279
f 1353/1008/282 1354/1009/282 1355/1010/282
f 1356/1011/152 1357/1012/152 1358/414/152
f 1358/414/152 1359/413/152 1356/1011/152
f 1360/429/153 1358/414/153 1357/1012/153
f 1357/1012/153 1361/1013/153 1360/429/153
f 141/1014/179 140/1015/179 1362/1016/179
f 1362/1016/179 1363/1017/179 141/1014/179
f 1363/1017/179 1362/1016/179 183/1018/179
f 183/1018/179 182/1019/179 1363/1017/179
f 1364/1020/283 1365/1021/283 1366/1022/283
f 1366/1022/283 1367/1023/283 1364/1020/283
f 1368/775/73 1369/887/73 1370/564/73
f 1370/564/73 1371/561/73 1368/775/73
f 1372/1010/284 1373/1024/284 1374/1008/284
f 1375/1025/285 1376/1026/285 1377/1027/285
f 1377/1027/285 1378/1028/285 1375/1025/285
f 1379/1029/286 1380/1030/286 1381/1031/286
f 1381/1031/286 1382/1032/286 1379/1029/286
f 1383/997/287 1384/1033/287 1385/995/287
f 1386/1034/152 1387/1035/152 1388/587/152
f 1388/587/152 1389/667/152 1386/1034/152
f 1390/588/153 1388/587/153 1387/1035/153
f 1387/1035/153 1391/1036/153 1390/588/153
f 1392/1037/70 1393/1038/70 1394/578/70
f 1394/578/70 1395/580/70 1392/1037/70
f 1396/708/288 1397/1039/288 1398/1040/288
f 1399/1041/289 1400/983/289 1401/982/289
f 1402/1042/290 1403/1043/290 1404/1044/290
f 1405/1045/290 1403/1043/290 1402/1042/290
f 1402/1042/290 1406/1046/290 1405/1045/290
f 1406/1046/290 1407/1047/290 1405/1045/290
f 1408/1048/291 1409/1049/291 1410/1050/291
f 1411/1050/291 1412/1050/291 1413/1048/291
f 1414/1051/291 1415/1049/291 1416/1048/291
f 1417/1052/292 1418/1053/292 1419/1054/293
f 1419/1054/293 1420/1055/293 1417/1052/292
f 1418/1053/292 1417/1052/292 1421/1056/294
f 1421/1056/294 1422/1057/294 1418/1053/292
f 1423/1058/150 1424/1059/150 1425/1060/150
f 1425/1060/150 1426/473/150 1423/1058/150
f 1427/1021/295 1428/1061/295 1429/1062/295
f 1431/964/296 1432/699/297 1433/965/298
f 1434/701/299 1433/965/298 1432/699/297
f 1436/1063/300 1437/1064/300 1438/1065/300
f 1438/1065/300 1439/1066/300 1436/1063/300
f 1440/1067/301 1441/1068/301 1442/1069/301
f 1442/1069/301 1443/1070/301 1440/1067/301
f 1444/1071/61 1445/1072/61 1446/1073/61
f 1446/1073/61 1447/1074/61 1444/1071/61
f 1447/1074/61 1446/1073/61 1448/1075/61
f 1448/1075/61 1449/1076/61 1447/1074/61
f 1449/1076/61 1448/1075/61 1450/1077/61
f 1450/1077/61 1451/1078/61 1449/1076/61
f 1451/1078/61 1450/1077/61 1452/1079/61
f 1452/1079/61 1453/1080/61 1451/1078/61
f 1454/1081/152 1455/1082/152 1456/584/152
f 1456/584/152 1457/583/152 1454/1081/152
f 1458/670/153 1456/584/153 1455/1082/153
f 1455/1082/153 1459/1083/153 1458/670/153
f 1460/688/302 1461/1084/303 1462/1085/303
f 1463/1086/304 1462/1085/303 1461/1084/303
f 1461/1084/303 1464/1087/304 1463/1086/304
f 1464/1087/304 1461/1084/303 1465/1088/305
f 1461/1084/303 1460/688/302 1466/1089/179
f 1467/1090/179 1465/1088/305 1461/1084/303
f 1466/1089/179 1468/1091/179 1461/1084/303
f 1461/1084/303 1468/1091/179 1467/1090/179
f 1468/1091/179 1466/1089/179 1469/1092/179
f 1470/1093/179 1467/1090/179 1468/1091/179
f 1469/1092/179 1471/1094/179 1468/1091/179
f 1468/1091/179 1471/1094/179 1470/1093/179
f 1471/1094/179 1469/1092/179 1472/1095/179
f 1473/1096/179 1470/1093/179 1471/1094/179
f 1472/1095/179 1474/1097/179 1471/1094/179
f 1471/1094/179 1474/1097/179 1473/1096/179
f 1474/1097/179 1472/1095/179 1475/1098/179
f 1473/1096/179 1474/1097/179 1476/1099/179
f 1475/1098/179 1476/1099/179 1474/1097/179
f 1477/1100/264 1478/856/264 1479/405/264
f 1479/405/264 1480/428/264 1477/1100/264
f 1481/1101/30 1482/1102/30 1483/1103/30
f 1483/1103/30 1484/1104/30 1481/1101/30
f 1485/1105/306 1486/1106/306 1487/421/306
f 1487/421/306 1488/420/306 1485/1105/306
f 1489/449/307 1487/421/307 1486/1106/307
f 1486/1106/307 1490/1107/307 1489/449/307
f 1491/1108/179 1492/1109/179 137/1110/179
f 137/1110/179 136/1111/179 1491/1108/179
f 1493/1112/308 1494/1113/308 1495/1114/308
f 1496/1115/309 1497/843/310 1498/1116/311
f 1499/842/312 1498/1116/311 1497/843/310
f 1500/1117/150 1501/1118/150 1502/593/150
f 1502/593/150 1503/592/150 1500/1117/150
f 1504/1119/203 1505/1117/203 1506/592/203
f 1506/592/203 1507/594/203 1504/1119/203
f 1508/1120/203 1509/998/203 1510/569/203
f 1510/569/203 1511/595/203 1508/1120/203
f 1512/1121/313 1513/1122/313 1514/1123/313
f 1514/1123/313 1515/1124/313 1512/1121/313
f 1516/1062/314 1517/1022/314 1518/1021/314
f 1519/318/179 1520/317/179 1521/1125/179
f 1521/1125/179 1522/1126/179 1519/318/179
f 1523/1040/315 1524/709/315 1525/708/315
f 1526/1127/316 1527/1128/316 1528/1129/316
f 1528/1129/316 1529/1130/316 1526/1127/316
f 1530/982/317 1531/1131/317 1532/1041/317
f 1533/1027/318 1534/1132/318 1535/1133/318
f 1535/1133/318 1536/1028/318 1533/1027/318
f 1535/1133/318 1534/1132/318 1537/686/318
f 1537/686/318 1538/681/318 1535/1133/318
f 1539/981/319 1540/1134/319 1541/1135/319
f 1542/1136/179 1543/1137/179 1544/1138/179
f 1545/1139/320 1546/1140/179 1544/1138/179
f 1547/1141/303 1544/1138/179 1543/1137/179
f 1544/1138/179 1547/1141/303 1545/1139/320
f 1543/1137/179 1548/679/302 1547/1141/303
f 1549/1142/304 1545/1139/320 1547/1141/303
f 1550/1143/303 1547/1141/303 1548/679/302
f 1547/1141/303 1550/1143/303 1549/1142/304
f 1550/1143/303 1551/1144/321 1549/1142/304
f 1548/679/302 1552/686/305 1550/1143/303
f 1553/1145/179 1551/1144/321 1550/1143/303
f 1554/1146/179 1550/1143/303 1552/686/305
f 1550/1143/303 1554/1146/179 1553/1145/179
f 1552/686/305 1555/1132/179 1554/1146/179
f 1556/1147/322 1553/1145/179 1554/1146/179
f 1557/1148/323 1554/1146/179 1555/1132/179
f 1554/1146/179 1557/1148/323 1556/1147/322
f 1555/1132/179 1558/1027/323 1557/1148/323
f 1559/1149/323 1557/1148/323 1558/1027/323
f 1556/1147/322 1557/1148/323 1559/1149/323
f 1559/1149/323 1560/1150/324 1556/1147/322
f 1561/1151/324 1560/1150/324 1559/1149/323
f 1562/1152/324 1561/1151/324 1559/1149/323
f 1563/1153/324 1562/1152/324 1559/1149/323
f 1564/1154/324 1563/1153/324 1559/1149/323
f 1559/1149/323 1565/1155/324 1564/1154/324
f 1565/1155/324 1559/1149/323 1566/1156/323
f 1566/1156/323 1567/1157/325 1565/1155/324
f 1567/1157/325 1566/1156/323 1568/1158/324
f 1566/1156/323 1569/1159/324 1568/1158/324
f 1570/1160/324 1569/1159/324 1566/1156/323
f 1571/1161/326 1572/1162/326 1573/1163/326
f 1573/1163/326 1574/1164/326 1571/1161/326
f 1574/1164/326 1573/1163/326 1575/690/326
f 1575/690/326 1576/689/326 1574/1164/326
f 1577/1165/326 1578/1166/326 1579/1032/326
f 1579/1032/326 1580/1031/326 1577/1165/326
f 1581/1167/1 1582/1168/1 1583/1169/1
f 1583/1169/1 1584/1170/1 1581/1167/1
f 1583/1169/1 1582/1168/1 1585/1171/1
f 1585/1171/1 1586/1172/1 1583/1169/1
f 1586/1172/1 1585/1171/1 1587/1173/1
f 1587/1173/1 1588/1174/1 1586/1172/1
f 1589/1175/327 1590/1176/327 1591/1177/327
f 1592/1177/327 1593/1178/327 1589/1175/327
f 1594/1179/328 1595/1020/328 1596/1023/328
f 1596/1023/329 1597/1180/329 1598/1179/329
f 1599/1181/179 1600/1161/179 1601/1164/179
f 1601/1164/179 1602/1182/179 1599/1181/179
f 1603/1183/179 1599/1181/179 1602/1182/179
f 1462/1085/303 1602/1182/179 1601/1164/179
f 1601/1164/179 1604/689/305 1462/1085/303
f 1602/1182/179 1605/1184/179 1603/1183/179
f 1606/1185/303 1605/1184/179 1602/1182/179
f 1602/1182/179 1462/1085/303 1606/1185/303
f 1603/1183/179 1605/1184/179 1607/1186/323
f 1462/1085/303 1604/689/305 1460/688/302
f 1607/1186/323 1608/1187/179 1603/1183/179
f 1606/1185/303 1462/1085/303 1463/1086/304
f 1608/1187/179 1607/1186/323 1609/1188/323
f 1609/1188/323 1610/1189/179 1608/1187/179
f 1611/1166/179 1610/1189/179 1609/1188/323
f 1609/1188/323 1612/1032/323 1611/1166/179
f 1613/1190/324 1609/1188/323 1607/1186/323
f 1614/1029/323 1612/1032/323 1609/1188/323
f 1566/1156/323 1609/1188/323 1613/1190/324
f 1609/1188/323 1566/1156/323 1614/1029/323
f 1613/1190/324 1615/1191/324 1566/1156/323
f 1616/1192/179 1614/1029/323 1566/1156/323
f 1566/1156/323 1615/1191/324 1617/1193/324
f 1566/1156/323 1617/1193/324 1618/1194/324
f 1566/1156/323 1618/1194/324 1619/1195/324
f 1566/1156/323 1619/1195/324 1620/1196/324
f 1620/1196/324 1621/1197/324 1566/1156/323
f 1621/1197/324 1622/1198/330 1566/1156/323
f 1622/1198/330 1623/1199/324 1566/1156/323
f 1566/1156/323 1624/1200/179 1616/1192/179
f 1566/1156/323 1623/1199/324 1625/1201/324
f 1624/1200/179 1566/1156/323 1559/1149/323
f 1559/1149/323 1626/1202/179 1624/1200/179
f 1627/1026/323 1628/1203/179 1626/1202/179
f 1626/1202/179 1559/1149/323 1627/1026/323
f 1558/1027/323 1627/1026/323 1559/1149/323
f 1625/1201/324 1570/1160/324 1566/1156/323
f 1625/1201/324 1629/1204/324 1570/1160/324
f 1629/1204/324 1630/1205/324 1570/1160/324
f 1570/1160/324 1630/1205/324 1631/1206/322
f 1631/1206/322 1632/1207/323 1570/1160/324
f 1633/1208/179 1632/1207/323 1631/1206/322
f 1631/1206/322 1634/1209/179 1633/1208/179
f 1635/1210/303 1633/1208/179 1634/1209/179
f 1634/1209/179 1636/1211/321 1635/1210/303
f 1637/1212/304 1635/1210/303 1636/1211/321
f 1636/1211/321 1638/1213/304 1637/1212/304
f 1637/1212/304 1638/1213/304 1639/1214/304
f 1639/1214/304 1640/1215/305 1637/1212/304
f 1641/1216/320 1640/1215/305 1639/1214/304
f 1642/1217/179 1640/1215/305 1641/1216/320
f 1641/1216/320 1643/1218/179 1642/1217/179
f 1644/1219/179 1642/1217/179 1643/1218/179
f 1643/1218/179 1645/1220/179 1644/1219/179
f 1646/1221/179 1644/1219/179 1645/1220/179
f 1645/1220/179 1647/1222/179 1646/1221/179
f 1646/1221/179 1647/1222/179 1648/1223/179
f 1646/1221/179 1648/1223/179 1649/1224/179
f 1649/1224/179 1650/1225/179 1646/1221/179
f 1476/1099/179 1650/1225/179 1649/1224/179
f 1476/1099/179 1651/1226/179 1650/1225/179
f 1649/1224/179 1652/1227/179 1476/1099/179
f 1653/1228/179 1476/1099/179 1652/1227/179
f 1653/1228/179 1654/1229/179 1476/1099/179
f 1654/1229/179 1655/1230/179 1476/1099/179
f 1656/1231/179 1651/1226/179 1476/1099/179
f 1476/1099/179 1655/1230/179 1473/1096/179
f 1656/1231/179 1476/1099/179 1657/1232/179
f 1657/1232/179 1658/1233/179 1656/1231/179
f 1657/1232/179 1659/1234/179 1658/1233/179
f 1657/1232/179 1660/1235/179 1659/1234/179
f 1660/1235/179 1657/1232/179 1661/1236/179
f 1661/1236/179 1657/1232/179 1662/1237/179
f 1661/1236/179 1663/1238/179 1660/1235/179
f 1662/1237/179 1664/1239/179 1661/1236/179
f 1665/1240/179 1663/1238/179 1661/1236/179
f 1666/1241/179 1661/1236/179 1664/1239/179
f 1661/1236/179 1666/1241/179 1665/1240/179
f 1664/1239/179 1542/1136/179 1666/1241/179
f 1546/1140/179 1665/1240/179 1666/1241/179
f 1544/1138/179 1666/1241/179 1542/1136/179
f 1666/1241/179 1544/1138/179 1546/1140/179
f 1667/1242/179 1668/1243/179 1669/1244/179
f 1669/1244/179 1670/1245/179 1667/1242/179
f 1671/1246/318 1672/1203/318 1673/1026/318
f 1673/1026/318 1674/1025/318 1671/1246/318
f 1675/1247/306 1676/1248/306 1677/430/306
f 1677/430/306 1678/465/306 1675/1247/306
f 1679/431/307 1677/430/307 1676/1248/307
f 1676/1248/307 1680/1249/307 1679/431/307
f 1681/1192/326 1682/1250/326 1683/1030/326
f 1683/1030/326 1684/1029/326 1681/1192/326
f 1685/1251/331 1686/1252/331 1687/1253/331
f 1687/1253/331 1688/1254/331 1685/1251/331
f 1689/1255/332 1690/1256/332 1691/1139/332
f 1691/1139/332 1692/1142/332 1689/1255/332
f 1693/1140/332 1691/1139/332 1690/1256/332
f 1690/1256/332 1694/1240/332 1693/1140/332
f 1694/1240/332 1690/1256/332 1695/1238/332
f 1695/1238/332 1690/1256/332 1696/1257/332
f 1696/1257/332 1697/1235/332 1695/1238/332
f 1698/1258/333 1696/1257/333 1690/1256/333
f 1690/1256/333 1699/1259/333 1698/1258/333
f 1700/1225/334 1698/1258/334 1699/1259/334
f 1699/1259/334 1701/1221/335 1700/1225/334
f 1699/1259/334 1702/1219/334 1701/1221/335
f 1702/1219/334 1699/1259/334 1703/1217/334
f 1699/1259/334 1704/1215/336 1703/1217/334
f 1704/1215/336 1699/1259/334 1705/1160/334
f 1705/1160/334 1706/1212/334 1704/1215/336
f 1707/1260/150 1708/1261/150 1709/1262/150
f 1709/1262/150 1710/469/150 1707/1260/150
f 1711/1263/337 1712/1264/337 1713/1265/337
f 1713/1265/337 1714/1266/337 1711/1263/337
f 1715/1267/338 1711/1263/338 1714/1266/338
f 1716/1268/30 1717/1269/30 1718/1270/30
f 1717/1269/30 1716/1268/30 1719/1271/30
f 1719/1271/30 1720/1272/30 1717/1269/30
f 1720/1272/30 1719/1271/30 1721/1273/30
f 1722/1034/152 1723/1035/152 1724/587/152
f 1724/587/152 1725/667/152 1722/1034/152
f 1726/588/153 1724/587/153 1723/1035/153
f 1723/1035/153 1727/1036/153 1726/588/153
f 1728/95/179 1729/94/179 1730/1274/179
f 1730/1274/179 1731/1275/179 1728/95/179
f 1732/1127/339 1733/1276/340 1734/1277/339
f 1735/1128/341 1732/1127/339 1734/1277/339
f 1736/1278/342 1737/1279/342 1738/1280/342
f 1738/1280/342 1739/1281/342 1736/1278/342
f 1740/1033/179 1741/1010/179 1742/1282/179
f 1741/1010/343 1743/1009/343 1744/1283/343
f 1744/1283/343 1742/1282/343 1741/1010/343
f 1742/1282/343 1744/1283/343 1745/1284/343
f 1741/1010/179 1740/1033/179 1746/997/179
f 1745/1284/343 1747/1285/343 1742/1282/343
f 1748/1286/343 1747/1285/343 1745/1284/343
f 1745/1284/343 1749/1287/343 1748/1286/343
f 1750/1288/179 1742/1282/179 1747/1285/179
f 1742/1282/179 1750/1288/179 1740/1033/179
f 1746/997/179 1751/1024/179 1741/1010/179
f 1747/1285/179 1752/1289/179 1750/1288/179
f 1740/1033/344 1750/1288/344 1753/1290/344
f 1753/1290/344 1754/995/344 1740/1033/344
f 1755/1291/344 1753/1290/344 1750/1288/344
f 1750/1288/344 1756/1292/344 1755/1291/344
f 1756/1292/344 1750/1288/344 1752/1289/344
f 1752/1289/344 1757/1293/344 1756/1292/344
f 1758/1294/344 1757/1293/344 1752/1289/344
f 1752/1289/344 1759/1295/344 1758/1294/344
f 1760/1296/344 1759/1295/344 1752/1289/344
f 1752/1289/344 1761/1297/344 1760/1296/344
f 1746/997/345 1762/996/345 1763/1298/345
f 1763/1298/345 1764/1299/345 1746/997/345
f 1764/1299/345 1763/1298/345 1765/739/345
f 1751/1024/179 1746/997/179 1764/1299/179
f 1765/739/345 1766/738/345 1764/1299/345
f 1767/1300/179 1764/1299/179 1766/738/179
f 1764/1299/179 1767/1300/179 1751/1024/179
f 1766/738/179 1768/735/179 1767/1300/179
f 1751/1024/346 1767/1300/346 1769/1301/346
f 1769/1301/346 1767/1300/346 1768/735/346
f 1769/1301/346 1770/1008/346 1751/1024/346
f 1768/735/346 1771/737/346 1769/1301/346
f 1772/1136/347 1773/1302/347 1774/1303/347
f 1773/1302/347 1772/1136/347 1775/1239/347
f 1774/1303/347 1776/1137/347 1772/1136/347
f 1776/1137/347 1774/1303/347 1777/680/347
f 1777/680/347 1778/679/347 1776/1137/347
f 1775/1239/347 1779/1304/347 1773/1302/347
f 1779/1304/347 1775/1239/347 1780/1237/347
f 1780/1237/347 1781/1305/347 1779/1304/347
f 1782/1306/348 1783/1092/348 1784/1089/348
f 1783/1092/348 1782/1306/348 1785/1307/348
f 1784/1089/348 1786/1308/348 1782/1306/348
f 1786/1308/348 1784/1089/348 1787/688/348
f 1787/688/348 1788/687/348 1786/1308/348
f 1785/1307/348 1789/1095/348 1783/1092/348
f 1789/1095/348 1785/1307/348 1790/1309/348
f 1790/1309/348 1791/1098/348 1789/1095/348
f 1792/1310/264 1793/1119/264 1794/594/264
f 1794/594/264 1795/674/264 1792/1310/264
f 1796/1311/332 1797/1312/332 1798/1216/332
f 1798/1216/332 1799/1214/332 1796/1311/332
f 1797/1312/332 1800/1218/332 1798/1216/332
f 1800/1218/332 1797/1312/332 1801/1220/332
f 1801/1220/332 1797/1312/332 1802/1222/332
f 1802/1222/332 1797/1312/332 1803/1313/332
f 1803/1313/332 1804/1223/332 1802/1222/332
f 1805/1314/333 1803/1313/333 1797/1312/333
f 1797/1312/333 1806/1315/333 1805/1314/333
f 1807/1096/334 1808/1230/334 1805/1314/334
f 1805/1314/334 1806/1315/334 1807/1096/334
f 1806/1315/334 1809/1093/335 1807/1096/334
f 1809/1093/335 1806/1315/334 1810/1090/334
f 1810/1090/334 1806/1315/334 1811/1088/334
f 1811/1088/334 1806/1315/334 1812/1191/334
f 1812/1191/334 1813/1087/334 1811/1088/334
f 1814/1276/342 1815/1127/342 1816/1130/342
f 1816/1130/342 1817/1316/342 1814/1276/342
f 1818/239/220 1819/1317/220 1820/1318/220
f 1820/1318/220 1821/1319/220 1818/239/220
f 1822/1320/349 1823/240/349 1824/1321/349
f 1824/1321/349 1825/1322/349 1822/1320/349
f 1826/1254/350 1827/1253/350 1828/1323/350
f 1828/1323/350 1829/1324/350 1826/1254/350
f 1830/1127/339 1831/1276/340 1832/1277/339
f 1833/1128/341 1830/1127/339 1832/1277/339
f 1834/1127/316 1835/1128/316 1836/1129/316
f 1836/1129/316 1837/1130/316 1834/1127/316
f 1838/672/351 1839/1325/351 1840/1326/351
f 1841/1327/352 1842/1114/352 1843/1113/352
f 1844/1114/353 1845/1328/354 1846/1112/355
f 1847/1329/356 1846/1112/355 1845/1328/354
f 1845/1328/354 1848/1330/357 1847/1329/356
f 1849/1331/358 1847/1329/356 1848/1330/357
f 1848/1330/359 1850/1332/359 1851/1331/359
f 1852/1326/360 1853/673/360 1854/672/360
f 1855/1333/220 1856/877/220 1857/878/220
f 1857/878/220 1858/1334/220 1855/1333/220
f 1859/1335/361 1860/1336/362 1861/1337/362
f 1861/1337/362 1862/1338/361 1859/1335/361
f 1863/1339/363 1859/1335/361 1862/1338/361
f 1862/1338/361 1864/1340/363 1863/1339/363
f 1865/1341/152 1866/1342/152 1867/669/152
f 1867/669/152 1868/668/152 1865/1341/152
f 1869/721/153 1867/669/153 1866/1342/153
f 1866/1342/153 1870/1343/153 1869/721/153
f 1871/1344/364 1872/1345/365 1873/1346/365
f 1872/1345/365 1874/1347/366 1873/1346/365
f 1872/1345/290 1875/1344/367 1876/1348/367
f 1876/1348/367 1877/1349/290 1872/1345/290
f 1878/1347/368 1872/1345/290 1877/1349/290
f 1877/1349/290 1879/1350/368 1878/1347/368
f 1877/1349/369 1880/1348/370 1881/1351/369
f 1881/1351/369 1882/1352/369 1877/1349/369
f 1883/1350/371 1877/1349/371 1882/1352/371
f 1882/1352/371 1884/1353/371 1883/1350/371
f 1885/1354/364 1886/1355/365 1887/1356/365
f 1886/1355/365 1888/1357/366 1887/1356/365
f 1886/1355/290 1889/1354/367 1890/1358/367
f 1890/1358/367 1891/1359/290 1886/1355/290
f 1892/1357/368 1886/1355/290 1891/1359/290
f 1891/1359/290 1893/1360/368 1892/1357/368
f 1891/1359/369 1894/1358/370 1895/1361/369
f 1895/1361/369 1896/1362/369 1891/1359/369
f 1897/1360/371 1891/1359/371 1896/1362/371
f 1896/1362/371 1898/1363/371 1897/1360/371
f 1899/1316/372 1900/1130/372 1901/1364/372
f 1901/1364/372 1902/1365/372 1899/1316/372
f 1903/1366/373 1901/1364/373 1900/1130/373
f 1900/1130/373 1904/1129/373 1903/1366/373
f 1905/1367/61 1906/1368/61 1907/1369/61
f 1907/1369/61 1906/1368/61 1908/1370/61
f 1907/1369/61 1908/1370/61 1909/1371/61
f 1907/1369/61 1909/1371/61 1910/1372/61
f 1907/1369/61 1911/1373/61 1905/1367/61
f 1912/1374/61 1905/1367/61 1911/1373/61
f 1911/1373/374 1907/1369/374 1913/1375/374
f 1913/1375/374 1914/1376/374 1911/1373/374
f 1915/1377/61 1912/1374/61 1911/1373/61
f 1915/1377/61 1911/1373/61 1916/1378/61
f 1916/1378/61 1917/1379/61 1915/1377/61
f 1918/1380/61 1917/1379/61 1916/1378/61
f 1910/1372/61 1919/1381/61 1907/1369/61
f 1918/1380/61 1916/1378/61 1919/1381/61
f 1919/1381/61 1910/1372/61 1920/1382/61
f 1919/1381/61 1920/1382/61 1918/1380/61
f 1919/1381/375 1916/1378/375 1921/1383/375
f 1921/1383/375 1922/1384/375 1919/1381/375
f 1923/1385/376 1924/1251/376 1925/1254/376
f 1925/1254/376 1926/1386/376 1923/1385/376
f 1927/1387/306 1928/1388/306 1929/451/306
f 1929/451/306 1930/450/306 1927/1387/306
f 1931/478/307 1929/451/307 1928/1388/307
f 1928/1388/307 1932/1389/307 1931/478/307
f 1933/1390/377 1934/792/377 1935/793/377
f 1935/793/377 1936/1391/377 1933/1390/377
f 1937/1251/378 1938/1385/378 1939/1392/378
f 1940/1393/331 1941/1394/331 1942/1395/331
f 1942/1395/331 1943/1396/331 1940/1393/331
f 1944/1397/376 1945/1393/376 1946/1396/376
f 1946/1396/376 1947/1398/376 1944/1397/376
f 1948/1399/379 1949/1399/379 1950/1399/379
f 1951/1400/379 1952/1401/379 1953/1402/379
f 1954/1403/379 1955/1403/379 1956/1403/379
f 1956/1403/379 1957/1404/379 1954/1403/379
f 1958/850/380 1959/1405/380 1960/848/380
f 1961/1397/381 1962/1406/381 1963/1407/381
f 1964/1394/382 1965/1393/382 1963/1407/382
f 1966/1393/378 1967/1397/378 1963/1407/378
f 1968/1408/383 1969/1409/383 1970/1410/383
f 1970/1410/383 1971/1411/383 1968/1408/383
f 1972/1412/384 1973/1413/384 1974/1414/384
f 1974/1414/384 1975/1415/384 1972/1412/384
f 1976/1416/264 1977/1417/264 1978/468/264
f 1978/468/264 1979/1418/264 1976/1416/264
f 1980/1417/203 1981/1260/203 1982/469/203
f 1982/469/203 1983/468/203 1980/1417/203
f 1984/1419/203 1985/1058/203 1986/473/203
f 1987/473/203 1988/472/203 1989/1419/203
f 1990/1420/385 1991/1421/386 1992/1422/385
f 1993/1423/387 1990/1420/385 1992/1422/385
f 1994/1113/388 1995/1424/388 1996/1327/388
f 1997/1425/389 1998/1426/390 1999/1427/390
f 1999/1427/390 2000/1428/389 1997/1425/389
f 2001/1409/391 1997/1425/389 2000/1428/389
f 2000/1428/389 2002/1410/391 2001/1409/391
f 2003/1429/392 2004/1430/392 2005/1431/392
f 2006/719/393 2007/1332/393 2008/1432/393
f 2009/1433/61 2010/1434/61 2011/988/61
f 2011/988/61 2012/987/61 2009/1433/61
f 2010/1434/61 2009/1433/61 2013/1435/61
f 2013/1435/61 2014/1436/61 2010/1434/61
f 2014/1436/61 2013/1435/61 2015/1437/61
f 2015/1437/61 2016/1438/61 2014/1436/61
f 2016/1438/61 2015/1437/61 2017/1439/61
f 2017/1439/61 2018/1440/61 2016/1438/61
f 2018/1440/61 2017/1439/61 2019/1441/61
f 2019/1441/61 2020/1442/61 2018/1440/61
f 2021/1443/394 2022/1444/395 2023/1445/395
f 2023/1445/395 2024/1446/394 2021/1443/394
f 2025/1415/396 2023/1445/395 2022/1444/395
f 2022/1444/395 2026/1412/396 2025/1415/396
f 2027/1447/150 2028/1448/150 2029/1449/150
f 2029/1449/150 2030/1450/150 2027/1447/150
f 2031/1451/179 2032/1452/179 2033/1453/179
f 2033/1453/179 2034/1454/179 2031/1451/179
f 2035/1455/179 2036/1456/179 2037/734/179
f 2037/734/346 2036/1456/346 2038/1457/346
f 2038/1457/346 2039/736/346 2037/734/346
f 2037/734/179 2040/733/179 2035/1455/179
f 2035/1455/345 2040/733/345 2041/740/345
f 2041/740/345 2042/1458/345 2035/1455/345
f 2043/1459/381 2044/1460/381 2045/1461/381
f 2046/1462/382 2047/1463/382 2045/1461/382
f 2048/1463/378 2049/1459/378 2045/1461/378
f 2050/1464/381 2051/1465/381 2052/1466/381
f 2053/1467/382 2054/1468/382 2052/1466/382
f 2055/1468/378 2056/1464/378 2052/1466/378
f 2057/1469/364 2058/1470/365 2059/1471/365
f 2058/1470/365 2060/1472/366 2059/1471/365
f 2061/1472/341 2062/1473/341 2059/1471/341
f 2063/1473/340 2064/1474/340 2059/1471/340
f 2065/1474/382 2066/1475/382 2059/1471/382
f 2067/1476/381 2068/1477/381 2059/1471/381
f 2069/1477/387 2070/1478/387 2059/1471/387
f 2071/1478/386 2072/1469/386 2059/1471/386
f 2073/1279/316 2074/1479/316 2075/1480/316
f 2075/1480/316 2076/1280/316 2073/1279/316
f 2077/1481/339 2078/1482/340 2079/1483/339
f 2080/1484/341 2077/1481/339 2079/1483/339
f 2081/1485/264 2082/1120/264 2083/595/264
f 2083/595/264 2084/714/264 2081/1485/264
f 2085/1486/397 2086/1487/397 2087/1488/397
f 2087/1488/397 2088/1489/397 2085/1486/397
f 2089/1490/398 2085/1486/398 2088/1489/398
f 2088/1489/398 2090/1491/398 2089/1490/398
f 2088/1489/160 2091/1488/160 2092/1492/160
f 2092/1492/160 2093/1493/161 2088/1489/160
f 2094/1491/162 2088/1489/163 2093/1493/163
f 2093/1493/163 2095/1494/162 2094/1491/162
f 2093/1493/135 2096/1492/136 2097/1495/136
f 2097/1495/136 2098/1496/135 2093/1493/135
f 2099/1494/137 2093/1493/135 2098/1496/135
f 2098/1496/135 2100/1497/137 2099/1494/137
f 2098/1496/57 2101/1498/57 2102/1497/58
f 2103/1495/56 2101/1498/57 2098/1496/57
f 2104/1499/397 2105/1500/397 2106/1501/397
f 2106/1501/397 2107/1502/397 2104/1499/397
f 2108/1503/398 2104/1499/398 2107/1502/398
f 2107/1502/398 2109/1504/398 2108/1503/398
f 2107/1502/160 2110/1501/160 2111/1505/160
f 2111/1505/160 2112/1506/161 2107/1502/160
f 2113/1504/163 2107/1502/163 2112/1506/163
f 2112/1506/163 2114/1507/163 2113/1504/163
f 2112/1506/135 2115/1505/136 2116/1508/136
f 2116/1508/136 2117/1509/135 2112/1506/135
f 2118/1507/137 2112/1506/135 2117/1509/135
f 2117/1509/135 2119/1510/137 2118/1507/137
f 2117/1509/57 2120/1511/57 2121/1510/58
f 2122/1508/56 2120/1511/57 2117/1509/57
f 2123/1420/385 2124/1421/386 2125/1422/385
f 2126/1423/399 2123/1420/385 2125/1422/385
f 2127/1512/306 2128/1513/306 2129/476/306
f 2129/476/306 2130/496/306 2127/1512/306
f 2131/477/307 2129/476/307 2128/1513/307
f 2128/1513/307 2132/1514/307 2131/477/307
f 2133/1482/342 2134/1481/342 2135/1515/342
f 2135/1515/342 2136/1516/342 2133/1482/342
f 2137/1276/342 2138/1127/342 2139/1130/342
f 2139/1130/342 2140/1316/342 2137/1276/342
f 2141/1517/150 2142/1518/150 2143/1519/150
f 2143/1519/150 2144/978/150 2141/1517/150
f 2145/1281/372 2146/1280/372 2147/1520/372
f 2147/1520/372 2148/1521/372 2145/1281/372
f 2149/1522/373 2147/1520/373 2146/1280/373
f 2146/1280/373 2150/1480/373 2149/1522/373
f 2151/1406/400 2152/1397/400 2153/1398/400
f 2153/1398/400 2154/1523/400 2151/1406/400
f 2155/1524/401 2156/1525/401 2157/723/401
f 2157/723/401 2158/722/401 2155/1524/401
f 2159/724/402 2157/723/402 2156/1525/402
f 2156/1525/402 2160/1526/402 2159/724/402
f 2161/1365/401 2162/1364/401 2163/1035/401
f 2163/1035/401 2164/1034/401 2161/1365/401
f 2165/1036/402 2163/1035/402 2162/1364/402
f 2162/1364/402 2166/1366/402 2165/1036/402
f 2167/1527/403 2168/1528/404 2169/1529/404
f 2169/1529/404 2170/1530/403 2167/1527/403
f 2171/1531/405 2167/1527/403 2170/1530/403
f 2170/1530/403 2172/1532/405 2171/1531/405
f 2173/1426/406 2174/1533/406 2175/1534/406
f 2175/1534/406 2176/1427/406 2173/1426/406
f 2177/1535/204 2178/1536/204 2179/1537/204
f 2180/1537/407 2181/1538/407 2182/1535/407
f 2183/1326/408 2184/1327/409 2185/1424/410
f 2185/1424/410 2186/1539/411 2183/1326/408
f 2187/1540/412 2188/1443/412 2189/1446/412
f 2189/1446/412 2190/1541/412 2187/1540/412
f 2191/1386/413 2192/1254/413 2193/1324/413
f 2193/1324/413 2194/1542/413 2191/1386/413
f 2195/1396/350 2196/1395/350 2197/1543/350
f 2197/1543/350 2198/1544/350 2195/1396/350
f 2199/1398/413 2200/1396/413 2201/1544/413
f 2201/1544/413 2202/1545/413 2199/1398/413
f 2203/1421/414 2204/1420/414 2205/1546/414
f 2205/1546/414 2206/1547/414 2203/1421/414
f 2207/1548/385 2208/1549/386 2209/1550/385
f 2210/1551/387 2207/1548/385 2209/1550/385
f 2211/1552/415 2212/1553/415 2213/1554/415
f 2213/1554/415 2214/1555/416 2211/1552/415
f 2215/1468/331 2216/1467/331 2217/1556/331
f 2217/1556/331 2218/1557/331 2215/1468/331
f 2219/1450/64 2220/1449/64 2221/1558/64
f 2221/1558/64 2222/1559/64 2219/1450/64
f 2223/1560/417 2224/1561/417 2225/1562/417
f 2225/1562/417 2224/1561/417 2226/871/417
f 2227/1563/417 2224/1561/417 2223/1560/417
f 2228/1564/417 2224/1561/417 2227/1563/417
f 2226/871/417 2224/1561/417 2229/869/417
f 2230/1334/417 2224/1561/417 2228/1564/417
f 2229/869/417 2224/1561/417 2231/870/417
f 2232/878/417 2224/1561/417 2230/1334/417
f 2231/870/417 2224/1561/417 2232/878/417
f 2233/1565/30 2234/1566/30 2235/1567/30
f 2235/1567/30 2236/1568/30 2233/1565/30
f 2237/1569/30 2238/1570/30 2239/1571/30
f 2239/1571/30 2240/1572/30 2237/1569/30
f 2241/1573/30 2242/1574/30 2243/1575/30
f 2243/1575/30 2244/1576/30 2241/1573/30
f 2245/1577/306 2246/1578/306 2247/775/306
f 2247/775/306 2248/774/306 2245/1577/306
f 2249/887/307 2247/775/307 2246/1578/307
f 2246/1578/307 2250/1579/307 2249/887/307
f 2251/1580/418 2252/1581/418 2253/1582/418
f 2253/1582/418 2254/1583/418 2251/1580/418
f 2255/1584/179 2251/1580/179 2254/1583/179
f 2254/1583/179 2256/1585/179 2255/1584/179
f 2257/711/419 2255/1584/419 2256/1585/419
f 2256/1585/419 2258/712/419 2257/711/419
f 2259/1586/420 2260/1587/420 2261/1588/420
f 2261/1588/420 2262/1589/420 2259/1586/420
f 2260/1587/420 2259/1586/420 2263/1590/421
f 2264/1591/420 2261/1588/420 2260/1587/420
f 2263/1590/421 2265/1592/421 2260/1587/420
f 2260/1587/420 2266/1593/420 2264/1591/420
f 2266/1593/420 2260/1587/420 2265/1592/421
f 2265/1592/421 2263/1590/421 2267/1594/422
f 2268/1595/420 2264/1591/420 2266/1593/420
f 2267/1594/422 2269/1596/422 2265/1592/421
f 2269/1596/422 2267/1594/422 2270/1597/423
f 2265/1592/421 2271/1598/421 2266/1593/420
f 2271/1598/421 2265/1592/421 2269/1596/422
f 2266/1593/420 2272/1599/420 2268/1595/420
f 2272/1599/420 2266/1593/420 2271/1598/421
f 2273/1600/417 2274/1601/417 2275/1602/417
f 2276/1603/417 2273/1600/417 2275/1602/417
f 2275/1602/417 2274/1601/417 2277/1604/417
f 2278/1605/417 2276/1603/417 2275/1602/417
f 2277/1604/417 2279/1606/417 2275/1602/417
f 2279/1606/417 2277/1604/417 2280/1607/417
f 2279/1606/417 2280/1607/417 2281/1608/417
f 2279/1606/417 2281/1608/417 2282/1609/417
f 2279/1606/417 2282/1609/417 2283/1610/417
f 2283/1610/417 2284/1611/417 2279/1606/417
f 2284/1611/417 2283/1610/417 2285/1612/417
f 2279/1606/417 2284/1611/417 2286/1613/417
f 2286/1613/417 2287/1614/417 2279/1606/417
f 2288/1615/417 2284/1611/417 2285/1612/417
f 2285/1612/417 2289/1616/417 2288/1615/417
f 2289/1616/417 2290/1617/417 2288/1615/417
f 2288/1615/417 2290/1617/417 2278/1605/417
f 2291/1618/417 2292/1619/417 2288/1615/417
f 2288/1615/417 2275/1602/417 2291/1618/417
f 2293/1620/417 2294/1621/417 2275/1602/417
f 2275/1602/417 2294/1621/417 2295/1622/417
f 2278/1605/417 2275/1602/417 2295/1622/417
f 2296/1623/417 2293/1620/417 2275/1602/417
f 2296/1623/417 2275/1602/417 2288/1615/417
f 2278/1605/417 2295/1622/417 2297/1624/417
f 2278/1605/417 2297/1624/417 2298/1625/417
f 2278/1605/417 2298/1625/417 2299/1626/417
f 2288/1615/417 2278/1605/417 2299/1626/417
f 2288/1615/417 2300/1627/417 2296/1623/417
f 2299/1626/417 2301/1628/417 2288/1615/417
f 2302/1629/417 2300/1627/417 2288/1615/417
f 2301/1628/417 2302/1629/417 2288/1615/417
f 2303/1630/67 2304/1631/67 2305/1632/67
f 2305/1632/67 2306/1633/67 2303/1630/67
f 2307/1634/264 2308/1419/264 2309/472/264
f 2309/472/264 2310/1635/264 2307/1634/264
f 2311/1636/424 2312/1637/222 2313/1638/222
f 2313/1638/222 2312/1637/222 2314/1639/425
f 2315/1639/426 2312/1637/426 2316/1640/426
f 2317/1640/427 2312/1637/427 2318/1554/427
f 2319/1554/428 2312/1637/428 2320/1555/428
f 2321/1555/429 2312/1637/429 2322/1537/429
f 2323/1537/430 2312/1637/430 2324/1538/430
f 2325/1538/431 2312/1637/431 2326/1641/431
f 2327/1641/432 2312/1637/432 2328/1636/432
f 2329/882/424 2330/1642/222 2331/1643/222
f 2331/1643/222 2330/1642/222 2332/1644/425
f 2333/1644/426 2330/1642/426 2334/1645/426
f 2335/1645/427 2330/1642/427 2336/1646/427
f 2337/1646/428 2330/1642/428 2338/1647/428
f 2339/1647/429 2330/1642/429 2340/863/429
f 2341/863/430 2330/1642/430 2342/864/430
f 2343/864/431 2330/1642/431 2344/881/431
f 2345/881/432 2330/1642/432 2346/882/432
f 2347/872/433 2348/1648/433 2349/1562/433
f 2349/1562/433 2350/871/433 2347/872/433
f 2351/1649/434 2352/1650/434 2353/1651/434
f 2353/1651/434 2352/1650/434 2354/1652/434
f 2355/1653/434 2351/1649/434 2353/1651/434
f 2353/1651/434 2356/1654/434 2355/1653/434
f 2357/1655/434 2355/1653/434 2356/1654/434
f 2358/1656/434 2357/1655/434 2356/1654/434
f 2356/1654/434 2353/1651/434 2359/1657/434
f 2359/1657/434 2360/1658/434 2356/1654/434
f 2361/1659/434 2358/1656/434 2356/1654/434
f 2361/1659/434 2356/1654/434 2362/1660/434
f 2362/1660/434 2363/1661/434 2361/1659/434
f 2362/1660/434 2364/1662/434 2363/1661/434
f 2362/1660/434 2365/1663/434 2364/1662/434
f 2354/1652/434 2366/1664/434 2353/1651/434
f 2366/1664/434 2354/1652/434 2367/1665/434
f 2362/1660/434 2368/1666/434 2365/1663/434
f 2366/1664/434 2367/1665/434 2368/1666/434
f 2369/1667/434 2370/1668/434 2366/1664/434
f 2366/1664/434 2362/1660/434 2369/1667/434
f 2362/1660/434 2371/1669/434 2372/1670/434
f 2362/1660/434 2373/1671/434 2371/1669/434
f 2373/1671/434 2362/1660/434 2366/1664/434
f 2372/1670/434 2374/1672/434 2362/1660/434
f 2374/1672/434 2368/1666/434 2362/1660/434
f 2366/1664/434 2375/1673/434 2373/1671/434
f 2366/1664/434 2376/1674/434 2375/1673/434
f 2366/1664/434 2377/1675/434 2376/1674/434
f 2377/1675/434 2366/1664/434 2368/1666/434
f 2374/1672/434 2378/1676/434 2368/1666/434
f 2368/1666/434 2379/1677/434 2377/1675/434
f 2378/1676/434 2380/1678/434 2368/1666/434
f 2380/1678/434 2379/1677/434 2368/1666/434
f 2381/952/420 2268/1595/420 2272/1599/420
f 2272/1599/420 2382/953/420 2381/952/420
f 2382/953/420 2272/1599/420 2383/1679/421
f 2271/1598/421 2383/1679/421 2272/1599/420
f 2383/1679/421 2384/1680/421 2382/953/420
f 2269/1596/422 2385/1681/422 2271/1598/421
f 2383/1679/421 2271/1598/421 2385/1681/422
f 2384/1680/421 2383/1679/421 2386/1682/422
f 2385/1681/422 2386/1682/422 2383/1679/421
f 2386/1682/422 2387/1683/435 2384/1680/421
f 2388/1684/436 2385/1681/422 2269/1596/422
f 2389/1685/437 2386/1682/422 2385/1681/422
f 2385/1681/422 2388/1684/436 2389/1685/437
f 2386/1682/422 2389/1685/437 2390/1686/438
f 2390/1686/438 2387/1683/435 2386/1682/422
f 2269/1596/422 2391/1687/439 2388/1684/436
f 2270/1597/423 2391/1687/439 2269/1596/422
f 2391/1687/439 2270/1597/423 2392/1688/440
f 2388/1684/436 2391/1687/439 2393/1689/441
f 2394/1688/442 2395/1689/442 2391/1687/442
f 2396/1689/443 2394/1688/443 2397/1690/443
f 2398/1690/444 2399/1691/444 2396/1689/444
f 2395/1689/445 2400/1692/446 2388/1684/436
f 2400/1692/446 2395/1689/445 2401/1691/447
f 2389/1685/437 2388/1684/436 2400/1692/446
f 2402/1691/448 2403/709/448 2400/1692/448
f 2400/1692/446 2404/1693/449 2389/1685/437
f 2404/1693/449 2400/1692/446 2405/709/450
f 2405/709/450 2406/1040/451 2404/1693/449
f 2390/1686/438 2389/1685/437 2404/1693/449
f 2404/1693/449 2407/1694/452 2390/1686/438
f 2407/1694/452 2404/1693/449 2408/1040/452
f 2409/1695/438 2390/1686/438 2407/1694/452
f 2387/1683/435 2390/1686/438 2409/1695/438
f 2408/1040/452 2410/1696/452 2407/1694/452
f 2410/1696/453 2408/1040/453 2411/1039/453
f 2411/1039/453 2412/1697/453 2410/1696/453
f 2413/1698/452 2407/1694/452 2410/1696/452
f 2407/1694/452 2413/1698/452 2409/1695/438
f 2414/1699/453 2410/1696/453 2412/1697/453
f 2410/1696/452 2414/1699/452 2413/1698/452
f 2412/1697/453 2415/1700/453 2414/1699/453
f 2409/1695/438 2416/1701/454 2387/1683/435
f 2387/1683/435 2416/1701/454 2417/1702/455
f 2418/1703/438 2409/1695/438 2413/1698/452
f 2416/1701/454 2409/1695/438 2418/1703/438
f 2419/1704/455 2417/1702/455 2416/1701/454
f 2420/1705/455 2417/1702/455 2419/1704/455
f 2416/1701/454 2421/1706/455 2419/1704/455
f 2419/1704/455 2422/1707/455 2420/1705/455
f 2423/1708/456 2420/1705/455 2422/1707/455
f 2416/1701/454 2424/1709/457 2421/1706/455
f 2418/1703/438 2424/1709/457 2416/1701/454
f 2425/951/455 2420/1705/455 2423/1708/456
f 2423/1708/456 2426/1710/455 2425/951/455
f 2425/951/455 2426/1710/455 2427/1711/455
f 2427/1711/455 2428/1712/455 2425/951/455
f 2428/1712/455 2429/1713/455 2425/951/455
f 2425/951/455 2429/1713/455 2430/1714/455
f 2430/1714/455 2431/1715/455 2425/951/455
f 2432/1716/458 2433/1717/459 2424/1709/457
f 2432/1716/458 2424/1709/457 2434/1718/460
f 2434/1718/460 2424/1709/457 2418/1703/438
f 2418/1703/438 2435/1719/417 2434/1718/460
f 2418/1703/438 2436/1720/438 2435/1719/417
f 2437/1721/417 2435/1719/417 2436/1720/438
f 2436/1720/438 2418/1703/438 2438/1722/452
f 2413/1698/452 2438/1722/452 2418/1703/438
f 2438/1722/452 2413/1698/452 2414/1699/452
f 2437/1721/417 2436/1720/438 2439/1723/438
f 2439/1723/438 2440/1724/417 2437/1721/417
f 2439/1723/438 2441/1725/417 2440/1724/417
f 2439/1723/438 2436/1720/438 2442/1726/452
f 2438/1722/452 2442/1726/452 2436/1720/438
f 2442/1726/452 2443/1727/452 2439/1723/438
f 2414/1699/452 2444/1728/452 2438/1722/452
f 2442/1726/452 2438/1722/452 2444/1728/452
f 2444/1728/453 2414/1699/453 2415/1700/453
f 2415/1700/453 2445/1729/453 2444/1728/453
f 2444/1728/452 2446/1730/452 2442/1726/452
f 2443/1727/452 2442/1726/452 2446/1730/452
f 2446/1730/453 2444/1728/453 2445/1729/453
f 2446/1730/452 2447/1731/452 2443/1727/452
f 2445/1729/453 2448/1732/453 2446/1730/453
f 2447/1731/453 2446/1730/453 2448/1732/453
f 2448/1732/453 2449/1733/453 2447/1731/453
f 2450/1734/459 2451/1735/459 2452/1736/459
f 2450/1734/459 2452/1736/459 2453/1045/459
f 2453/1045/459 2454/1737/459 2450/1734/459
f 2453/1045/459 2455/1047/459 2454/1737/459
f 2456/1521/401 2457/1520/401 2458/1738/401
f 2458/1738/401 2459/1739/401 2456/1521/401
f 2460/1740/402 2458/1738/402 2457/1520/402
f 2457/1520/402 2461/1522/402 2460/1740/402
f 2462/1741/306 2463/1742/306 2464/731/306
f 2464/731/306 2465/847/306 2462/1741/306
f 2466/732/307 2464/731/307 2463/1742/307
f 2463/1742/307 2467/1743/307 2466/732/307
f 2468/1744/401 2469/1745/401 2470/1082/401
f 2470/1082/401 2471/1081/401 2468/1744/401
f 2472/1083/402 2470/1082/402 2469/1745/402
f 2469/1745/402 2473/1746/402 2472/1083/402
f 2474/1747/401 2475/1748/401 2476/795/401
f 2476/795/401 2477/794/401 2474/1747/401
f 2478/796/402 2476/795/402 2475/1748/402
f 2475/1748/402 2479/1749/402 2478/796/402
f 1882/1352/397 2480/1351/397 2481/1750/397
f 2481/1750/397 2482/1751/397 1882/1352/397
f 2483/1353/398 1882/1352/398 2482/1751/398
f 2482/1751/398 2484/1752/398 2483/1353/398
f 2482/1751/160 2485/1750/161 2486/1753/160
f 2486/1753/160 2487/1754/160 2482/1751/160
f 2488/1752/163 2482/1751/162 2487/1754/163
f 2487/1754/163 2489/1755/163 2488/1752/163
f 2487/1754/135 2490/1753/136 2491/1756/136
f 2491/1756/136 2492/1757/135 2487/1754/135
f 2493/1755/137 2487/1754/135 2492/1757/135
f 2492/1757/135 2494/1758/137 2493/1755/137
f 2492/1757/57 2495/1759/57 2496/1758/58
f 2497/1756/56 2495/1759/57 2492/1757/57
f 2498/1316/372 2499/1130/372 2500/1364/372
f 2500/1364/372 2501/1365/372 2498/1316/372
f 2502/1366/373 2500/1364/373 2499/1130/373
f 2499/1130/373 2503/1129/373 2502/1366/373
f 1896/1362/397 2504/1361/397 2505/1760/397
f 2505/1760/397 2506/1761/397 1896/1362/397
f 2507/1363/398 1896/1362/398 2506/1761/398
f 2506/1761/398 2508/1762/398 2507/1363/398
f 2506/1761/160 2509/1760/161 2510/1763/160
f 2510/1763/160 2511/1764/160 2506/1761/160
f 2512/1762/163 2506/1761/163 2511/1764/163
f 2511/1764/163 2513/1765/163 2512/1762/163
f 2511/1764/135 2514/1763/136 2515/1766/136
f 2515/1766/136 2516/1767/135 2511/1764/135
f 2517/1765/137 2511/1764/135 2516/1767/135
f 2516/1767/135 2518/1768/137 2517/1765/137
f 2516/1767/57 2519/1769/57 2520/1768/58
f 2521/1766/56 2519/1769/57 2516/1767/57
f 2522/1770/461 2523/1771/461 2524/1772/461
f 2524/1772/461 2525/1773/461 2522/1770/461
f 2522/1770/461 2526/1774/461 2523/1771/461
f 2522/1770/461 2527/1775/461 2526/1774/461
f 2528/1739/152 2529/1738/152 2530/1631/152
f 2530/1631/152 2531/1630/152 2528/1739/152
f 2532/1776/153 2530/1631/153 2529/1738/153
f 2529/1738/153 2533/1740/153 2532/1776/153
f 2534/1777/462 2535/1778/462 2536/1779/462
f 2536/1779/462 2537/1780/462 2534/1777/462
f 2534/1777/462 2537/1780/462 2538/1781/462
f 2535/1778/462 2534/1777/462 2539/1782/463
f 2539/1782/463 2540/1783/463 2535/1778/462
f 2538/1781/462 2541/1784/462 2534/1777/462
f 2541/1784/462 2538/1781/462 2542/1785/462
f 2543/1786/463 2539/1782/463 2534/1777/462
f 2534/1777/462 2541/1784/462 2543/1786/463
f 2540/1783/463 2539/1782/463 2544/1787/464
f 2544/1787/464 2545/1788/464 2540/1783/463
f 2539/1782/463 2543/1786/463 2546/1789/464
f 2546/1789/464 2544/1787/464 2539/1782/463
f 2545/1788/464 2544/1787/464 2547/1790/465
f 2547/1790/465 2544/1787/464 2546/1789/464
f 2547/1790/465 2548/1791/466 2545/1788/464
f 2548/1791/466 2547/1790/465 2549/1792/467
f 2550/1793/463 2543/1786/463 2541/1784/462
f 2551/1794/464 2546/1789/464 2543/1786/463
f 2543/1786/463 2550/1793/463 2551/1794/464
f 2546/1789/464 2552/1795/468 2547/1790/465
f 2552/1795/468 2546/1789/464 2551/1794/464
f 2547/1790/465 2552/1795/468 2553/1796/469
f 2541/1784/462 2554/1797/462 2550/1793/463
f 2542/1785/462 2554/1797/462 2541/1784/462
f 2554/1797/462 2542/1785/462 2555/955/462
f 2555/955/462 2556/954/462 2554/1797/462
f 2554/1797/462 2556/954/462 2557/1798/470
f 2557/1798/470 2550/1793/463 2554/1797/462
f 2550/1793/463 2557/1798/470 2558/1799/464
f 2558/1799/464 2551/1794/464 2550/1793/463
f 2559/1800/471 2558/1799/464 2557/1798/470
f 2560/1801/472 2551/1794/464 2558/1799/464
f 2551/1794/464 2560/1801/472 2552/1795/468
f 2558/1799/464 2561/1802/472 2560/1801/472
f 2561/1802/472 2558/1799/464 2559/1800/471
f 2552/1795/468 2560/1801/472 2562/1803/473
f 2562/1803/473 2553/1796/469 2552/1795/468
f 2553/1796/469 2562/1803/473 2563/1131/474
f 2564/1804/475 2562/1803/473 2560/1801/472
f 2560/1801/472 2561/1802/472 2564/1804/475
f 2565/1131/476 2566/982/476 2553/1796/469
f 2567/1792/477 2553/1796/469 2566/982/476
f 2553/1796/469 2567/1792/477 2547/1790/465
f 2567/1792/478 2568/1135/479 2569/1791/480
f 2568/1135/479 2567/1792/478 2570/981/481
f 2571/982/482 2570/981/481 2567/1792/478
f 2562/1803/473 2564/1804/475 2572/1805/475
f 2572/1805/475 2573/1131/475 2562/1803/473
f 2573/1131/483 2572/1805/483 2574/1806/483
f 2574/1806/483 2575/1041/483 2573/1131/483
f 2576/1807/483 2574/1806/483 2572/1805/483
f 2572/1805/483 2577/1808/483 2576/1807/483
f 2577/1808/475 2572/1805/475 2564/1804/475
f 2578/1809/483 2576/1807/483 2577/1808/483
f 2564/1804/475 2579/1810/475 2577/1808/475
f 2577/1808/483 2580/1811/483 2578/1809/483
f 2580/1811/475 2577/1808/475 2579/1810/475
f 2579/1810/475 2564/1804/475 2561/1802/472
f 2581/1812/483 2578/1809/483 2580/1811/483
f 2561/1802/472 2582/1813/472 2579/1810/475
f 2580/1811/483 2583/1814/483 2581/1812/483
f 2584/1815/483 2581/1812/483 2583/1814/483
f 2583/1814/483 2585/1816/483 2584/1815/483
f 2579/1810/475 2586/1817/475 2580/1811/475
f 2583/1814/475 2580/1811/475 2586/1817/475
f 2586/1817/475 2579/1810/475 2582/1813/472
f 2585/1816/475 2583/1814/475 2587/1818/475
f 2586/1817/475 2587/1818/475 2583/1814/475
f 2587/1818/475 2588/1819/475 2585/1816/475
f 2559/1800/471 2582/1813/472 2561/1802/472
f 2587/1818/475 2586/1817/475 2589/1820/472
f 2582/1813/472 2589/1820/472 2586/1817/475
f 2588/1819/475 2587/1818/475 2590/1821/472
f 2589/1820/472 2590/1821/472 2587/1818/475
f 2590/1821/472 2591/1822/472 2588/1819/475
f 2592/1823/484 2589/1820/472 2582/1813/472
f 2582/1813/472 2559/1800/471 2592/1823/484
f 2593/1824/434 2590/1821/472 2589/1820/472
f 2594/1825/434 2590/1821/472 2593/1824/434
f 2591/1822/472 2590/1821/472 2594/1825/434
f 2595/1826/485 2593/1824/434 2589/1820/472
f 2589/1820/472 2592/1823/484 2595/1826/485
f 2594/1825/434 2596/1827/434 2591/1822/472
f 2596/1827/434 2597/1828/434 2591/1822/472
f 2598/1829/486 2595/1826/485 2592/1823/484
f 2592/1823/484 2599/1830/486 2598/1829/486
f 2592/1823/484 2600/1831/486 2599/1830/486
f 2600/1831/486 2592/1823/484 2559/1800/471
f 2601/1832/486 2600/1831/486 2559/1800/471
f 2559/1800/471 2602/1833/486 2601/1832/486
f 2603/1834/486 2601/1832/486 2602/1833/486
f 2602/1833/486 2604/1835/486 2603/1834/486
f 2605/1836/486 2603/1834/486 2604/1835/486
f 2606/1837/486 2605/1836/486 2604/1835/486
f 2607/1838/486 2606/1837/486 2604/1835/486
f 2607/1838/486 2604/1835/486 2608/956/486
f 2608/956/486 2609/1839/486 2607/1838/486
f 2608/956/486 2610/1840/486 2609/1839/486
f 2610/1840/486 2608/956/486 2611/1841/486
f 2611/1841/486 2612/1842/486 2610/1840/486
f 2613/1043/417 1405/1045/417 2614/1736/417
f 2614/1736/417 2615/1843/417 2613/1043/417
f 2616/1044/487 2613/1043/488 2615/1843/220
f 2617/1735/417 2615/1843/417 2614/1736/417
f 2615/1843/220 2618/1844/220 2616/1044/487
f 2619/1845/417 2615/1843/417 2617/1735/417
f 2616/1044/487 2618/1844/220 2620/1846/220
f 2618/1844/220 2621/1847/220 2620/1846/220
f 2622/1725/489 2621/1847/220 2618/1844/220
f 2622/1725/489 2618/1844/220 2623/1724/487
f 2624/1724/490 2618/1844/490 2625/1721/490
f 2617/1735/417 2626/1848/417 2619/1845/417
f 2626/1848/417 2627/1849/417 2619/1845/417
f 2619/1845/417 2627/1849/417 2628/1714/417
f 2628/1714/417 2629/1713/417 2619/1845/417
f 2619/1845/417 2629/1713/417 2630/1850/417
f 2630/1850/417 2629/1713/417 2631/1712/417
f 2631/1712/417 2632/1851/417 2630/1850/417
f 2633/1852/222 2634/1853/222 2635/1854/222
f 2635/1854/222 2636/1855/222 2633/1852/222
f 2637/1856/223 2635/1854/223 2634/1853/223
f 2634/1853/223 2638/1857/223 2637/1856/223
f 2639/1858/400 2640/1385/400 2641/1386/400
f 2641/1386/400 2642/1859/400 2639/1858/400
f 2643/1860/491 2644/1861/491 2645/852/491
f 2645/852/491 2646/851/491 2643/1860/491
f 2643/1860/492 2646/851/492 2647/848/493
f 2647/848/493 2648/1862/493 2643/1860/492
f 2648/1862/493 2647/848/493 2649/1405/494
f 2649/1405/494 2650/1863/494 2648/1862/493
f 2651/1864/495 2650/1863/494 2649/1405/494
f 2649/1405/494 2652/850/495 2651/1864/495
f 2653/1865/417 2654/1866/417 2655/1867/417
f 2656/1868/417 2655/1867/417 2654/1866/417
f 2655/1867/417 2657/1869/417 2653/1865/417
f 2654/1866/417 2658/1870/417 2656/1868/417
f 2659/1871/417 2653/1865/417 2657/1869/417
f 2660/1872/417 2656/1868/417 2658/1870/417
f 2657/1869/417 2661/1873/417 2659/1871/417
f 2658/1870/417 2662/1874/417 2660/1872/417
f 2663/1875/417 2659/1871/417 2661/1873/417
f 2664/1876/417 2660/1872/417 2662/1874/417
f 2661/1873/417 2665/1877/417 2663/1875/417
f 2662/1874/417 2666/1878/417 2664/1876/417
f 2667/1879/417 2663/1875/417 2665/1877/417
f 2668/1880/417 2664/1876/417 2666/1878/417
f 2665/1877/417 2669/1881/417 2667/1879/417
f 2666/1878/417 2670/1882/417 2668/1880/417
f 2669/1881/417 2668/1880/417 2670/1882/417
f 2670/1882/417 2667/1879/417 2669/1881/417
f 2671/1883/434 2672/1884/434 2673/1771/434
f 2673/1771/434 2674/1774/434 2671/1883/434
f 2674/1774/291 2675/1775/291 2676/1885/291
f 2672/1884/434 2677/1772/434 2673/1771/434
f 2672/1884/349 2671/1883/496 2678/1886/497
f 2677/1772/434 2672/1884/434 2679/1887/434
f 2678/1886/497 2680/1888/349 2672/1884/349
f 2679/1887/434 2681/1889/434 2677/1772/434
f 2681/1889/434 2679/1887/434 2682/1890/434
f 2683/1842/434 2682/1890/434 2679/1887/434
f 2679/1887/434 2684/1840/434 2683/1842/434
f 2684/1840/434 2679/1887/434 2685/1891/434
f 2686/1839/434 2684/1840/434 2685/1891/434
f 2685/1891/434 2687/1892/434 2686/1839/434
f 2680/1888/349 2678/1886/497 2688/1893/349
f 2689/1894/349 2680/1888/349 2688/1893/349
f 2689/1894/349 2690/1828/349 2680/1888/349
f 2680/1888/349 2690/1828/349 2691/1827/497
f 2680/1888/498 2692/1827/498 2693/1825/498
f 2694/1895/203 2695/1447/203 2696/1450/203
f 2696/1450/203 2697/1896/203 2694/1895/203
f 2698/1897/434 2699/1898/434 2700/1899/434
f 2700/1899/434 2701/1900/434 2698/1897/434
f 2701/1900/434 2700/1899/434 2702/1901/499
f 2702/1901/499 2703/1902/500 2701/1900/434
f 2703/1902/500 2702/1901/499 2704/1903/499
f 2704/1903/499 2705/1904/501 2703/1902/500
f 2705/1904/501 2704/1903/499 2706/1905/434
f 2706/1905/434 2707/1906/434 2705/1904/501
f 2707/1906/434 2706/1905/434 2708/1907/434
f 2708/1907/434 2709/1908/434 2707/1906/434
f 2709/1908/434 2708/1907/434 2710/1909/434
f 2710/1909/434 2711/1910/434 2709/1908/434
f 2711/1910/434 2710/1909/434 2712/1911/434
f 2712/1911/434 2713/1912/434 2711/1910/434
f 2714/1913/502 2715/1914/502 2716/1915/503
f 2716/1915/503 2717/1916/503 2714/1913/502
f 2715/1914/502 2714/1913/502 2718/1917/504
f 2718/1917/504 2719/1918/504 2715/1914/502
f 2719/1918/505 2718/1917/505 2720/1919/506
f 2720/1919/506 2721/1920/506 2719/1918/505
f 2721/1920/506 2720/1919/506 2722/1921/507
f 2722/1921/507 2723/1922/507 2721/1920/506
f 2724/1923/508 2725/1542/508 2726/1895/508
f 2726/1895/508 2727/1924/508 2724/1923/508
f 2728/1447/434 2726/1895/434 2725/1542/434
f 2725/1542/434 2729/1324/434 2728/1447/434
f 2730/1448/509 2728/1447/509 2729/1324/509
f 2729/1324/509 2731/1323/509 2730/1448/509
f 2732/1925/508 2733/1545/508 2734/1119/508
f 2734/1119/508 2735/1310/508 2732/1925/508
f 2736/1117/434 2734/1119/434 2733/1545/434
f 2733/1545/434 2737/1544/434 2736/1117/434
f 2738/1118/509 2736/1117/509 2737/1544/509
f 2737/1544/509 2739/1543/509 2738/1118/509
f 2740/1926/508 2741/1927/508 2742/1120/508
f 2742/1120/508 2743/1485/508 2740/1926/508
f 2744/998/434 2742/1120/434 2741/1927/434
f 2741/1927/434 2745/1928/434 2744/998/434
f 2746/999/509 2744/998/509 2745/1928/509
f 2745/1928/509 2747/1929/509 2746/999/509
f 2748/1930/417 2749/1931/417 2750/1932/417
f 2749/1931/417 2748/1930/417 2751/1933/510
f 2750/1932/417 2752/1934/417 2748/1930/417
f 2751/1933/510 2753/1935/511 2749/1931/417
f 2752/1934/417 2750/1932/417 2754/1936/417
f 2753/1935/511 2751/1933/510 2755/1937/512
f 2754/1936/417 2756/1938/417 2752/1934/417
f 2756/1938/417 2754/1936/417 2757/1939/417
f 2757/1939/417 2758/1940/417 2756/1938/417
f 2755/1937/512 2759/1941/511 2753/1935/511
f 2759/1941/511 2755/1937/512 2760/1942/417
f 2760/1942/417 2761/1943/417 2759/1941/511
f 2761/1943/417 2760/1942/417 2762/1944/417
f 2762/1944/417 2763/1945/417 2761/1943/417
f 2763/1945/417 2762/1944/417 2764/1946/417
f 2764/1946/417 2765/1947/417 2763/1945/417
f 2765/1947/417 2764/1946/417 2766/1948/417
f 2766/1948/417 2767/1949/417 2765/1947/417
f 2768/1950/434 2769/1951/434 2770/1952/434
f 2770/1952/434 2771/1953/434 2768/1950/434
f 2771/1953/434 2770/1952/434 2772/1954/434
f 2772/1954/434 2773/1955/434 2771/1953/434
f 2773/1955/434 2772/1954/434 2774/1956/434
f 2774/1956/434 2775/1957/434 2773/1955/434
f 2776/1958/508 2777/1959/508 2778/855/508
f 2778/855/508 2779/986/508 2776/1958/508
f 2780/853/434 2778/855/434 2777/1959/434
f 2777/1959/434 2781/1960/434 2780/853/434
f 2782/854/509 2780/853/509 2781/1960/509
f 2781/1960/509 2783/1961/509 2782/854/509
f 2784/1962/508 2785/1963/508 2786/856/508
f 2786/856/508 2787/1100/508 2784/1962/508
f 2788/717/434 2786/856/434 2785/1963/434
f 2785/1963/434 2789/1964/434 2788/717/434
f 2790/718/509 2788/717/509 2789/1964/509
f 2789/1964/509 2791/1965/509 2790/718/509
f 2792/1966/513 2793/1967/513 2794/1968/514
f 2794/1968/514 2795/1969/514 2792/1966/513
f 2795/1969/514 2794/1968/514 2796/1970/515
f 2796/1970/515 2797/1971/515 2795/1969/514
f 2797/1971/515 2796/1970/515 2798/1972/516
f 2798/1972/516 2799/1973/516 2797/1971/515
f 2799/1973/516 2798/1972/516 2800/1974/517
f 2800/1974/517 2801/1975/517 2799/1973/516
f 2801/1975/517 2800/1974/517 2802/1976/518
f 2802/1976/518 2803/1977/518 2801/1975/517
f 2804/1978/513 2805/1979/513 2806/1980/514
f 2806/1980/514 2807/785/514 2804/1978/513
f 2807/785/514 2806/1980/514 2808/1981/519
f 2808/1981/519 2809/786/515 2807/785/514
f 2809/786/515 2808/1981/519 2810/1982/516
f 2810/1982/516 2811/788/520 2809/786/515
f 2811/788/520 2810/1982/516 2812/1983/517
f 2812/1983/517 2813/790/517 2811/788/520
f 2813/790/517 2812/1983/517 2814/1984/518
f 2814/1984/518 2815/1985/518 2813/790/517
f 2816/1986/150 2817/1987/150 2818/1988/150
f 2818/1988/150 2819/974/150 2816/1986/150
f 2820/1332/521 2821/719/522 2822/1989/523
f 2822/1989/523 2823/1331/524 2820/1332/521
f 2824/1481/316 2825/1484/316 2826/1990/316
f 2826/1990/316 2827/1515/316 2824/1481/316
f 2828/1463/331 2829/1462/331 2830/1991/331
f 2830/1991/331 2831/1992/331 2828/1463/331
f 2832/1993/417 2833/1994/417 2834/1995/417
f 2833/1994/525 2832/1993/525 2835/1996/525
f 2835/1996/525 2836/1997/525 2833/1994/525
f 2834/1995/417 2833/1994/417 2837/1998/417
f 2837/1998/417 2838/1999/417 2834/1995/417
f 2838/1999/417 2837/1998/417 2839/2000/417
f 2839/2000/417 2840/2001/417 2838/1999/417
f 2834/1995/417 2841/2002/417 2832/1993/417
f 2841/2002/220 2834/1995/220 2842/2003/220
f 2842/2003/220 2843/2004/220 2841/2002/220
f 2832/1993/417 2841/2002/417 2844/2005/417
f 2844/2005/417 2845/2006/417 2832/1993/417
f 2845/2006/417 2844/2005/417 2846/2007/417
f 2846/2007/417 2847/2008/417 2845/2006/417
f 2848/1548/526 2849/1551/526 2850/2009/526
f 2850/2009/526 2851/2010/526 2848/1548/526
f 2852/1523/527 2853/1398/527 2854/1545/527
f 2854/1545/527 2855/1925/527 2852/1523/527
f 2856/953/528 2857/1705/528 2858/951/528
f 2859/2011/434 2860/2012/434 2861/2013/434
f 2862/2014/529 2861/2013/529 2860/2012/529
f 2860/2012/529 2863/2015/529 2862/2014/529
f 2864/2016/434 2860/2012/434 2859/2011/434
f 2859/2011/434 2865/2017/434 2864/2016/434
f 2866/2018/434 2864/2016/434 2865/2017/434
f 2865/2017/434 2867/2019/434 2866/2018/434
f 2861/2013/434 2868/2020/434 2859/2011/434
f 2869/2021/349 2859/2011/349 2868/2020/349
f 2868/2020/349 2870/2022/349 2869/2021/349
f 2871/2023/434 2868/2020/434 2861/2013/434
f 2861/2013/434 2872/2024/434 2871/2023/434
f 2873/2025/434 2871/2023/434 2872/2024/434
f 2872/2024/434 2874/2026/434 2873/2025/434
f 2875/2027/220 2876/2028/402 2877/2029/402
f 2877/2029/402 2878/2030/220 2875/2027/220
f 2879/2031/222 2877/2029/402 2876/2028/402
f 2876/2028/402 2880/2032/222 2879/2031/222
f 2881/2033/332 2879/2031/223 2880/2032/223
f 2880/2032/223 2882/2034/332 2881/2033/332
f 2883/2035/349 2881/2033/332 2882/2034/332
f 2882/2034/332 2884/2036/349 2883/2035/349
f 2885/781/530 2886/2037/530 2887/2038/530
f 2887/2038/530 2888/780/530 2885/781/530
f 2889/956/531 2890/1835/531 2891/954/531
f 2891/954/531 2890/1835/531 2892/1833/531
f 2893/1998/532 2894/1994/532 2895/1997/532
f 2895/1997/532 2896/2039/532 2893/1998/532
f 2897/2040/30 2898/2041/30 2899/2042/30
f 2899/2042/30 2900/2043/30 2897/2040/30
f 2898/2041/30 2897/2040/30 2901/2044/30
f 2901/2044/30 2902/2045/30 2898/2041/30
f 2903/1896/68 2904/1450/68 2905/1559/68
f 2905/1559/68 2906/2046/68 2903/1896/68
f 2907/2047/533 2908/2048/533 2909/2049/533
f 2910/2050/533 2908/2048/533 2907/2047/533
f 2907/2047/533 2911/2051/533 2910/2050/533
f 2912/2052/533 2910/2050/533 2911/2051/533
f 2911/2051/533 2913/2053/533 2912/2052/533
f 2913/2053/533 2911/2051/533 2914/2054/533
f 2915/2015/534 2916/2012/534 2917/2016/534
f 2917/2016/534 2918/2055/534 2915/2015/534
f 2919/2056/61 2920/2057/61 2921/2058/61
f 2921/2058/61 2922/2059/61 2919/2056/61
f 2920/2057/61 2919/2056/61 2923/2060/61
f 2923/2060/61 2924/2061/61 2920/2057/61
f 2925/2062/174 2926/1969/174 2927/1971/535
f 2927/1971/535 2928/2063/175 2925/2062/174
f 2928/2063/175 2927/1971/535 2929/1973/176
f 2929/1973/176 2930/2064/536 2928/2063/175
f 2930/2064/536 2929/1973/176 2931/1975/177
f 2931/1975/177 2932/2065/177 2930/2064/536
f 2933/2066/537 2934/2067/417 2935/2068/417
f 2935/2068/417 2934/2067/417 2936/2069/417
f 2935/2068/417 2937/2070/537 2933/2066/537
f 2936/2069/417 2938/2071/417 2935/2068/417
f 2938/2071/417 2936/2069/417 2939/2072/417
f 2939/2072/417 2940/2073/417 2938/2071/417
f 2933/2066/537 2937/2070/537 2941/2074/537
f 2941/2074/537 2942/2075/537 2933/2066/537
f 2942/2075/537 2941/2074/537 2943/2076/417
f 2943/2076/417 2944/2077/417 2942/2075/537
f 2944/2077/417 2943/2076/417 2945/2078/417
f 2945/2078/417 2946/2079/417 2944/2077/417
f 2946/2079/417 2945/2078/417 2947/2080/417
f 2947/2080/417 2948/2081/417 2946/2079/417
f 2948/2081/417 2947/2080/417 2949/2082/417
f 2949/2082/417 2950/2083/417 2948/2081/417
f 2951/1421/414 2952/1420/414 2953/1546/414
f 2953/1546/414 2954/1547/414 2951/1421/414
f 2955/2084/417 2956/2085/417 182/2086/417
f 182/2086/417 2956/2085/417 2957/2087/538
f 182/2086/417 2958/2088/417 2955/2084/417
f 2957/2087/538 1363/2089/539 182/2086/417
f 1363/2089/539 2957/2087/538 138/2090/540
f 138/2090/540 141/2091/540 1363/2089/539
f 2958/2088/417 182/2086/417 181/2092/417
f 181/2092/417 2959/2093/417 2958/2088/417
f 2959/2093/417 181/2092/417 235/2094/417
f 235/2094/417 2960/2095/417 2959/2093/417
f 2960/2095/417 235/2094/417 238/2096/417
f 238/2096/417 1430/2097/417 2960/2095/417
f 2961/2098/179 2962/2099/179 2963/2100/179
f 2963/2100/179 2964/2101/179 2961/2098/179
f 2964/2101/179 2963/2100/179 2965/2102/179
f 2965/2102/179 2966/2103/179 2964/2101/179
f 2966/2103/179 2965/2102/179 2967/2104/179
f 2967/2104/179 2968/2105/179 2966/2103/179
f 2968/2105/179 2967/2104/179 2969/2106/179
f 2969/2106/179 2970/2107/179 2968/2105/179
f 2970/2107/541 2969/2106/541 2971/2108/541
f 2971/2108/541 2972/2109/541 2970/2107/541
f 2972/2109/179 2971/2108/179 2973/2110/179
f 2973/2110/179 2974/2111/179 2972/2109/179
f 2975/2112/542 2976/2113/543 2977/2114/544
f 2977/2114/544 2978/2115/545 2975/2112/542
f 2978/2115/545 2977/2114/544 2979/2116/546
f 2979/2116/546 2980/2117/547 2978/2115/545
f 2980/2117/547 2979/2116/546 2981/2118/548
f 2981/2118/548 2982/2119/548 2980/2117/547
f 2982/2119/548 2981/2118/548 2983/2120/549
f 2983/2120/549 2984/2121/549 2982/2119/548
f 2985/2122/434 2986/2123/434 2987/2124/550
f 2987/2124/550 2988/2125/550 2985/2122/434
f 2988/2125/550 2987/2124/550 2989/2126/550
f 2990/2127/434 2986/2123/434 2985/2122/434
f 2985/2122/434 2991/2128/434 2990/2127/434
f 2989/2126/550 2992/2129/550 2988/2125/550
f 2992/2129/550 2989/2126/550 2993/2130/434
f 2993/2130/434 2994/2131/434 2992/2129/550
f 2994/2131/434 2993/2130/434 2995/2132/434
f 2995/2132/434 2996/2133/434 2994/2131/434
f 2996/2133/434 2995/2132/434 2997/2134/434
f 2997/2134/434 2998/2135/434 2996/2133/434
f 2998/2135/434 2997/2134/434 2999/2136/434
f 2999/2136/434 3000/2137/434 2998/2135/434
f 3001/2138/434 2986/2123/434 2990/2127/434
f 2990/2127/434 3002/2139/434 3001/2138/434
f 3001/2138/434 3002/2139/434 3003/2140/434
f 3003/2140/434 3004/2141/434 3001/2138/434
f 3001/2138/434 3004/2141/434 3005/2142/434
f 3005/2142/434 3006/2143/434 3001/2138/434
f 3007/1420/526 3008/1423/526 3009/2144/526
f 3009/2144/526 3010/1546/526 3007/1420/526
f 183/2145/434 3011/2146/434 3012/2147/434
f 3012/2147/434 3013/2148/434 183/2145/434
f 183/2145/434 3013/2148/434 3014/2149/434
f 3011/2146/434 183/2145/434 1362/2150/551
f 3014/2149/434 180/2151/434 183/2145/434
f 1362/2150/551 3015/2152/552 3011/2146/434
f 3015/2152/552 1362/2150/551 140/2153/553
f 140/2153/553 139/2154/553 3015/2152/552
f 180/2151/434 3014/2149/434 3016/2155/434
f 3016/2155/434 230/2156/434 180/2151/434
f 230/2156/434 3016/2155/434 1435/2157/434
f 1435/2157/434 233/2158/434 230/2156/434
f 3017/2159/30 3018/2160/30 3019/2161/30
f 3019/2161/30 3020/2162/30 3017/2159/30
f 3018/2160/30 3017/2159/30 3021/2163/30
f 3021/2163/30 3022/2164/30 3018/2160/30
f 3022/2164/554 3021/2163/554 3023/2165/555
f 3023/2165/555 3024/2166/555 3022/2164/554
f 3024/2166/555 3023/2165/555 3025/2167/556
f 3025/2167/556 3026/2168/556 3024/2166/555
f 3027/1702/557 3028/1680/558 3029/1683/559
f 3028/1680/558 3027/1702/557 3030/1705/560
f 3031/1968/561 3032/2169/561 3033/2170/562
f 3033/2170/562 3034/1970/563 3031/1968/561
f 3034/1970/563 3033/2170/562 3035/2171/564
f 3035/2171/564 3036/1972/565 3034/1970/563
f 3036/1972/565 3035/2171/564 3037/2172/566
f 3037/2172/566 3038/1974/566 3036/1972/565
f 3039/2173/417 3040/2174/417 3041/2175/417
f 3041/2175/417 3042/2176/417 3039/2173/417
f 3042/2176/417 3041/2175/417 3043/2177/417
f 3043/2177/417 3044/2178/417 3042/2176/417
f 3044/2178/417 3043/2177/417 3045/2179/417
f 3045/2179/417 3046/2180/417 3044/2178/417
f 3046/2180/417 3045/2179/417 3047/2181/417
f 3047/2181/417 3048/2182/417 3046/2180/417
f 3048/2182/417 3047/2181/417 3049/2183/417
f 3049/2183/417 3050/2184/417 3048/2182/417
f 3051/2185/417 3052/2186/221 3053/2187/221
f 3054/2188/220 3053/2187/221 3052/2186/221
f 3052/2186/221 3055/2189/220 3054/2188/220
f 3053/2187/221 3056/2190/417 3051/2185/417
f 3057/2191/567 3051/2185/417 3056/2190/417
f 3056/2190/417 3058/2192/567 3057/2191/567
f 3059/2193/525 3057/2191/567 3058/2192/567
f 3058/2192/567 3060/2194/525 3059/2193/525
f 3061/2195/434 3062/2196/434 3063/2197/434
f 3063/2197/434 3064/2198/434 3061/2195/434
f 3065/2199/434 3066/2200/434 3067/2201/434
f 3067/2201/434 3068/2202/434 3065/2199/434
f 3069/2203/434 3067/2201/434 3066/2200/434
f 3066/2200/434 3070/2204/434 3069/2203/434
f 3071/2205/434 3069/2203/434 3070/2204/434
f 3070/2204/434 3072/2206/434 3071/2205/434
f 3073/2207/434 3071/2205/434 3072/2206/434
f 3072/2206/434 3074/2208/434 3073/2207/434
f 3075/2209/434 3073/2207/434 3074/2208/434
f 3074/2208/434 3076/2210/434 3075/2209/434
f 3077/2211/349 3078/2212/568 3079/2213/568
f 3079/2213/568 3080/2214/349 3077/2211/349
f 3081/2215/434 3079/2213/568 3078/2212/568
f 3078/2212/568 3082/2216/434 3081/2215/434
f 3083/2217/569 3081/2215/434 3082/2216/434
f 3082/2216/434 3084/2218/569 3083/2217/569
f 3085/2219/529 3083/2217/569 3084/2218/569
f 3084/2218/569 3086/2220/529 3085/2219/529
f 3087/1122/570 3088/1121/570 3089/2221/570
f 3090/1121/571 3091/1176/571 3089/2221/571
f 3092/1176/572 3093/1175/572 3089/2221/572
f 3094/1365/401 3095/1364/401 3096/1035/401
f 3096/1035/401 3097/1034/401 3094/1365/401
f 3098/1036/402 3096/1035/402 3095/1364/402
f 3095/1364/402 3099/1366/402 3098/1036/402
f 3100/2222/573 3101/1706/573 3102/1709/573
f 3100/2222/573 3102/1709/573 3103/1717/573
f 3104/2223/417 3105/1242/417 3106/2224/417
f 3106/2224/417 3107/2225/417 3104/2223/417
f 3108/673/574 3109/1326/574 3110/1539/574
f 3111/1539/575 3112/2226/575 3108/673/575
f 3113/1798/576 3114/1833/576 3115/1800/576
f 3116/2227/577 3117/2228/577 3118/2229/577
f 3118/2229/577 3119/2230/577 3116/2227/577
f 3119/2230/434 3118/2229/434 3120/2231/434
f 3121/2232/577 3116/2227/577 3119/2230/577
f 3120/2231/434 3122/2233/434 3119/2230/434
f 3122/2233/434 3120/2231/434 3123/2234/434
f 3119/2230/577 3124/2235/577 3121/2232/577
f 3124/2235/434 3119/2230/434 3122/2233/434
f 3121/2232/577 3124/2235/577 3125/2236/577
f 3125/2236/577 3126/2237/577 3121/2232/577
f 3127/2238/577 3126/2237/577 3125/2236/577
f 3125/2236/577 3128/2239/577 3127/2238/577
f 3129/2240/577 3128/2239/577 3125/2236/577
f 3122/2233/434 3130/2241/434 3124/2235/434
f 3125/2236/434 3124/2235/434 3130/2241/434
f 3123/2234/434 3131/2242/434 3122/2233/434
f 3130/2241/434 3122/2233/434 3131/2242/434
f 3131/2242/434 3123/2234/434 3132/2243/434
f 3132/2243/434 3133/2244/434 3131/2242/434
f 3134/2245/434 3131/2242/434 3133/2244/434
f 3131/2242/434 3134/2245/434 3130/2241/434
f 3133/2244/434 3135/705/434 3134/2245/434
f 3130/2241/434 3136/2246/434 3125/2236/434
f 3136/2246/434 3130/2241/434 3134/2245/434
f 3137/2247/434 3134/2245/434 3135/705/434
f 3134/2245/434 3137/2247/434 3136/2246/434
f 3135/705/434 3138/703/434 3137/2247/434
f 3139/2244/578 3132/2243/578 3140/2248/578
f 3140/2248/578 3141/706/578 3139/2244/578
f 3142/705/579 3139/2244/579 3141/706/579
f 3143/2249/434 3137/2247/434 3138/703/434
f 3138/703/434 3144/700/434 3143/2249/434
f 3137/2247/434 3143/2249/434 3145/2250/434
f 3145/2250/434 3136/2246/434 3137/2247/434
f 3146/2251/434 3143/2249/434 3144/700/434
f 3144/700/434 3147/699/434 3146/2251/434
f 3148/2252/434 3145/2250/434 3143/2249/434
f 3143/2249/434 3146/2251/434 3148/2252/434
f 3136/2246/434 3145/2250/434 3149/2253/434
f 3149/2253/434 3125/2236/434 3136/2246/434
f 3125/2236/577 3149/2253/577 3129/2240/577
f 3150/2254/577 3129/2240/577 3149/2253/577
f 3151/2255/434 3149/2253/434 3145/2250/434
f 3149/2253/577 3151/2255/577 3150/2254/577
f 3145/2250/434 3148/2252/434 3151/2255/434
f 3152/2256/577 3150/2254/577 3151/2255/577
f 3151/2255/577 3153/2257/577 3152/2256/577
f 3153/2257/434 3151/2255/434 3148/2252/434
f 3154/2258/577 3152/2256/577 3153/2257/577
f 3148/2252/434 3155/2259/434 3153/2257/434
f 3155/2259/434 3148/2252/434 3146/2251/434
f 3153/2257/577 3156/2260/577 3154/2258/577
f 3156/2260/434 3153/2257/434 3155/2259/434
f 3157/2261/577 3154/2258/577 3156/2260/577
f 3146/2251/434 3158/2262/434 3155/2259/434
f 3158/2262/434 3146/2251/434 3147/699/434
f 3147/699/434 3159/964/434 3158/2262/434
f 3160/2263/434 3155/2259/434 3158/2262/434
f 3155/2259/434 3160/2263/434 3156/2260/434
f 3161/2264/434 3158/2262/434 3159/964/434
f 3158/2262/434 3161/2264/434 3160/2263/434
f 3159/964/434 3162/962/434 3161/2264/434
f 3156/2260/577 3163/2265/577 3157/2261/577
f 3163/2265/434 3156/2260/434 3160/2263/434
f 3164/2266/580 3157/2261/577 3163/2265/577
f 3165/2267/434 3161/2264/434 3162/962/434
f 3166/2268/434 3160/2263/434 3161/2264/434
f 3160/2263/434 3166/2268/434 3163/2265/434
f 3161/2264/434 3165/2267/434 3166/2268/434
f 3162/962/434 3167/960/434 3165/2267/434
f 3163/2265/577 3168/2269/581 3164/2266/580
f 3168/2269/434 3163/2265/434 3166/2268/434
f 3169/2270/582 3164/2266/580 3168/2269/581
f 3168/2269/581 3170/2271/583 3169/2270/582
f 3166/2268/434 3171/2272/434 3168/2269/434
f 3170/2271/434 3168/2269/434 3171/2272/434
f 3171/2272/434 3166/2268/434 3165/2267/434
f 3171/2272/434 3172/2273/434 3170/2271/434
f 3173/2274/434 3165/2267/434 3167/960/434
f 3165/2267/434 3173/2274/434 3171/2272/434
f 3172/2273/434 3171/2272/434 3173/2274/434
f 3167/960/434 3174/499/434 3173/2274/434
f 3173/2274/434 3175/2275/434 3172/2273/434
f 3175/2275/434 3173/2274/434 3174/499/434
f 3174/499/434 3176/410/434 3175/2275/434
f 3177/2276/584 3178/2277/584 3179/2278/584
f 3179/2278/584 3180/2279/584 3177/2276/584
f 3180/2279/584 3179/2278/584 3181/2280/584
f 3177/2276/417 3180/2279/417 3182/2281/417
f 3182/2281/417 3183/2282/417 3177/2276/417
f 3181/2280/584 3184/2283/584 3180/2279/584
f 3183/2282/417 3182/2281/417 3185/2284/417
f 3184/2283/584 3181/2280/584 3186/2285/584
f 3185/2284/417 3187/2286/417 3183/2282/417
f 3180/2279/417 3184/2283/417 3188/2287/417
f 3188/2287/417 3182/2281/417 3180/2279/417
f 3186/2285/584 3189/2288/584 3184/2283/584
f 3189/2288/584 3186/2285/584 3190/2289/584
f 3191/2290/417 3188/2287/417 3184/2283/417
f 3184/2283/417 3189/2288/417 3191/2290/417
f 3182/2281/417 3188/2287/417 3192/2291/417
f 3192/2291/417 3185/2284/417 3182/2281/417
f 3188/2287/417 3191/2290/417 3193/2292/417
f 3193/2292/417 3192/2291/417 3188/2287/417
f 3192/2291/417 3193/2292/417 3194/971/417
f 3194/971/417 3195/875/417 3192/2291/417
f 3185/2284/417 3192/2291/417 3195/875/417
f 3196/967/417 3194/971/417 3193/2292/417
f 3195/875/417 3197/873/417 3185/2284/417
f 3193/2292/417 3198/2293/417 3196/967/417
f 3198/2293/417 3193/2292/417 3191/2290/417
f 3199/968/417 3196/967/417 3198/2293/417
f 3200/2294/417 3185/2284/417 3197/873/417
f 3187/2286/417 3185/2284/417 3200/2294/417
f 3200/2294/417 3201/2295/417 3187/2286/417
f 3197/873/417 3202/676/417 3200/2294/417
f 3203/2296/417 3201/2295/417 3200/2294/417
f 3204/2297/417 3200/2294/417 3202/676/417
f 3200/2294/417 3204/2297/417 3203/2296/417
f 3205/2298/417 3203/2296/417 3204/2297/417
f 3202/676/417 3206/675/417 3204/2297/417
f 3204/2297/417 3207/2299/417 3205/2298/417
f 3207/2299/417 3204/2297/417 3206/675/417
f 3206/675/417 3208/2300/417 3207/2299/417
f 3209/2301/585 3210/2302/585 3208/2300/585
f 3208/2300/585 3211/675/585 3209/2301/585
f 3212/677/586 3209/2301/586 3211/675/586
f 3198/2293/417 3213/2303/417 3199/968/417
f 3214/515/417 3199/968/417 3213/2303/417
f 3213/2303/417 3198/2293/417 3215/2304/417
f 3191/2290/417 3215/2304/417 3198/2293/417
f 3215/2304/417 3191/2290/417 3189/2288/417
f 3213/2303/417 3216/2305/417 3214/515/417
f 3217/432/417 3214/515/417 3216/2305/417
f 3216/2305/417 3213/2303/417 3218/2306/417
f 3215/2304/417 3219/2307/417 3213/2303/417
f 3218/2306/417 3213/2303/417 3219/2307/417
f 3218/2306/417 3220/2308/417 3216/2305/417
f 3219/2307/417 3221/2309/417 3218/2306/417
f 3222/2310/417 3216/2305/417 3220/2308/417
f 3216/2305/417 3222/2310/417 3217/432/417
f 3223/433/417 3217/432/417 3222/2310/417
f 3220/2308/417 3224/2311/417 3222/2310/417
f 3222/2310/417 3225/2312/417 3223/433/417
f 3225/2312/417 3222/2310/417 3224/2311/417
f 3224/2311/417 3226/2313/417 3225/2312/417
f 3221/2309/417 3219/2307/417 3227/2314/417
f 3227/2314/417 3228/2315/417 3221/2309/417
f 3229/2316/417 3228/2315/417 3227/2314/417
f 3227/2314/417 3230/2317/417 3229/2316/417
f 3231/2318/417 3229/2316/417 3230/2317/417
f 3230/2317/417 3232/2319/417 3231/2318/417
f 3232/2319/417 3230/2317/417 3233/2320/417
f 3233/2320/417 3234/2321/417 3232/2319/417
f 3235/2322/587 3234/2321/588 3233/2320/589
f 3233/2320/589 3236/2323/590 3235/2322/587
f 3237/2324/417 3233/2320/417 3230/2317/417
f 3236/2323/590 3233/2320/589 3237/2324/584
f 3230/2317/417 3227/2314/417 3237/2324/417
f 3237/2324/584 3238/2325/584 3236/2323/590
f 3239/2326/417 3237/2324/417 3227/2314/417
f 3238/2325/584 3237/2324/584 3239/2326/584
f 3227/2314/417 3219/2307/417 3239/2326/417
f 3239/2326/584 3240/2327/584 3238/2325/584
f 3241/2328/417 3239/2326/417 3219/2307/417
f 3240/2327/584 3239/2326/584 3241/2328/584
f 3219/2307/417 3215/2304/417 3241/2328/417
f 3241/2328/584 3190/2289/584 3240/2327/584
f 3189/2288/417 3241/2328/417 3215/2304/417
f 3190/2289/584 3241/2328/584 3189/2288/584
f 3242/2329/591 3243/2330/591 3244/2331/591
f 3244/2331/591 3245/2332/591 3242/2329/591
f 3246/2333/592 3244/2331/592 3243/2330/592
f 3243/2330/592 3247/2334/592 3246/2333/592
f 3248/2335/364 3249/2336/365 3250/2337/365
f 3249/2336/365 3251/2338/366 3250/2337/365
f 3249/2336/290 3252/2335/367 3253/2339/367
f 3253/2339/367 3254/2340/290 3249/2336/290
f 3255/2338/368 3249/2336/290 3254/2340/290
f 3254/2340/290 3256/2341/368 3255/2338/368
f 3257/1516/372 3258/1515/372 3259/2342/372
f 3259/2342/372 3260/2343/372 3257/1516/372
f 3261/2344/373 3259/2342/373 3258/1515/373
f 3258/1515/373 3262/1990/373 3261/2344/373
f 3263/1245/434 3264/2345/434 3265/2346/434
f 3265/2346/434 3266/2347/434 3263/1245/434
f 3267/2000/593 3268/1998/593 3269/2039/593
f 3269/2039/593 3270/2348/593 3267/2000/593
f 3271/2349/401 3272/2350/401 3273/958/401
f 3273/958/401 3274/957/401 3271/2349/401
f 3275/959/402 3273/958/402 3272/2350/402
f 3272/2350/402 3276/2351/402 3275/959/402
f 3277/2055/594 3278/2016/594 3279/2018/594
f 3279/2018/594 3280/2352/594 3277/2055/594
f 3281/2353/595 3282/2354/595 3283/2355/595
f 3283/2355/595 3284/2356/595 3281/2353/595
f 3285/2357/596 3283/2355/596 3282/2354/596
f 3282/2354/596 3286/2358/596 3285/2357/596
f 3287/1631/63 3288/1776/63 3289/2359/63
f 3289/2359/63 3290/1632/63 3287/1631/63
f 3291/2360/179 3292/2361/179 3293/2362/179
f 3293/2362/179 3294/2363/179 3291/2360/179
f 3295/2364/597 3296/2365/597 3297/2366/597
f 3297/2366/597 3298/2367/597 3295/2364/597
f 3299/2368/598 3300/2369/598 3301/2370/598
f 3301/2370/598 3302/2371/598 3299/2368/598
f 3303/1459/376 3304/1463/376 3305/1992/376
f 3305/1992/376 3306/2372/376 3303/1459/376
f 3307/2373/599 3308/1432/599 3309/1332/599
f 3310/2374/376 3311/2375/376 3312/2376/376
f 3312/2376/376 3313/2377/376 3310/2374/376
f 3314/2378/417 3315/2379/417 3316/2380/417
f 3316/2380/417 3317/2381/417 3314/2378/417
f 3317/2381/417 3316/2380/417 3318/2382/417
f 3318/2382/417 3319/2383/417 3317/2381/417
f 3319/2383/417 3318/2382/417 3320/2384/417
f 3320/2384/417 3321/2385/417 3319/2383/417
f 3321/2385/417 3320/2384/417 3322/2386/417
f 3322/2386/417 3323/2387/417 3321/2385/417
f 3324/2388/600 3325/2389/600 3326/2390/600
f 3326/2390/600 3327/2391/600 3324/2388/600
f 3325/2389/600 3324/2388/600 3328/2392/600
f 3326/2390/417 3325/2389/417 3329/2393/417
f 3329/2393/417 3330/2394/417 3326/2390/417
f 3328/2392/600 3331/2395/600 3325/2389/600
f 3331/2395/600 3328/2392/600 3332/2396/600
f 3333/2397/417 3329/2393/417 3325/2389/417
f 3325/2389/417 3331/2395/417 3333/2397/417
f 3330/2394/417 3329/2393/417 3334/2398/417
f 3334/2398/417 3335/2399/417 3330/2394/417
f 3335/2399/417 3334/2398/417 3336/2400/417
f 3336/2400/417 3337/2401/417 3335/2399/417
f 3338/2402/417 3336/2400/417 3334/2398/417
f 3339/2403/601 3340/2404/601 3337/2401/601
f 3337/2401/601 3341/2400/601 3339/2403/601
f 3342/2405/417 3334/2398/417 3329/2393/417
f 3334/2398/417 3342/2405/417 3338/2402/417
f 3329/2393/417 3333/2397/417 3342/2405/417
f 3343/2406/417 3338/2402/417 3342/2405/417
f 3342/2405/417 3344/2407/417 3343/2406/417
f 3344/2407/417 3342/2405/417 3333/2397/417
f 3345/1115/417 3343/2406/417 3344/2407/417
f 3333/2397/417 3346/2408/417 3344/2407/417
f 3344/2407/417 3347/2409/417 3345/1115/417
f 3347/2409/417 3344/2407/417 3346/2408/417
f 3346/2408/417 3333/2397/417 3331/2395/417
f 3348/843/417 3345/1115/417 3347/2409/417
f 3331/2395/417 3349/2410/417 3346/2408/417
f 3332/2396/600 3349/2410/600 3331/2395/600
f 3349/2410/600 3332/2396/600 3350/2411/600
f 3351/2412/417 3346/2408/417 3349/2410/417
f 3346/2408/417 3351/2412/417 3347/2409/417
f 3350/2411/600 3352/2413/600 3349/2410/600
f 3349/2410/417 3352/2413/417 3351/2412/417
f 3352/2413/600 3350/2411/600 3353/2414/600
f 3347/2409/417 3354/2415/417 3348/843/417
f 3354/2415/417 3347/2409/417 3351/2412/417
f 3355/839/417 3348/843/417 3354/2415/417
f 3356/2416/417 3351/2412/417 3352/2413/417
f 3351/2412/417 3356/2416/417 3354/2415/417
f 3353/2414/600 3357/2417/600 3352/2413/600
f 3352/2413/417 3357/2417/417 3356/2416/417
f 3357/2417/600 3353/2414/600 3358/2418/600
f 3354/2415/417 3359/2419/417 3355/839/417
f 3359/2419/417 3354/2415/417 3356/2416/417
f 3360/840/417 3355/839/417 3359/2419/417
f 3359/2419/417 3361/2420/417 3360/840/417
f 3356/2416/417 3362/2421/417 3359/2419/417
f 3362/2421/417 3356/2416/417 3357/2417/417
f 3361/2420/417 3359/2419/417 3362/2421/417
f 3358/2418/600 3363/2422/600 3357/2417/600
f 3357/2417/417 3363/2422/417 3362/2421/417
f 3363/2422/600 3358/2418/600 3364/2423/600
f 3365/845/417 3360/840/417 3361/2420/417
f 3366/2424/417 3362/2421/417 3363/2422/417
f 3361/2420/417 3362/2421/417 3366/2424/417
f 3364/2423/600 3367/2425/600 3363/2422/600
f 3363/2422/417 3367/2425/417 3366/2424/417
f 3367/2425/600 3364/2423/600 3368/2426/600
f 3369/2427/417 3361/2420/417 3366/2424/417
f 3369/2427/417 3366/2424/417 3367/2425/417
f 3361/2420/417 3370/2428/417 3365/845/417
f 3369/2427/417 3370/2428/417 3361/2420/417
f 3371/452/417 3365/845/417 3370/2428/417
f 3368/2426/600 3372/2429/600 3367/2425/600
f 3367/2425/417 3372/2429/417 3369/2427/417
f 3372/2429/600 3368/2426/600 3373/2430/602
f 3373/2430/602 3374/2431/603 3372/2429/600
f 3374/2431/603 3373/2430/602 3375/2432/604
f 3370/2428/417 3376/2433/417 3371/452/417
f 3376/2433/417 3370/2428/417 3369/2427/417
f 3377/453/417 3371/452/417 3376/2433/417
f 3376/2433/417 3378/2434/417 3377/453/417
f 3369/2427/417 3379/2435/417 3376/2433/417
f 3378/2434/417 3376/2433/417 3379/2435/417
f 3379/2435/417 3369/2427/417 3372/2429/417
f 3379/2435/417 3380/2436/417 3378/2434/417
f 3372/2429/417 3381/2431/417 3379/2435/417
f 3380/2436/417 3379/2435/417 3381/2431/417
f 3381/2431/417 3382/2437/417 3380/2436/417
f 3383/1325/605 3384/2438/606 3385/1327/607
f 3385/1327/607 3386/1326/608 3383/1325/605
f 3387/133/417 3388/2439/417 3389/2440/417
f 3389/2440/417 3390/134/417 3387/133/417
f 3389/2440/417 3388/2439/417 3391/2441/417
f 3391/2441/417 3392/2442/417 3389/2440/417
f 3393/2443/417 3394/2444/417 137/2445/417
f 137/2445/417 1492/2446/417 3393/2443/417
f 3395/1577/306 3396/1578/306 3397/775/306
f 3397/775/306 3398/774/306 3395/1577/306
f 3399/887/307 3397/775/307 3396/1578/307
f 3396/1578/307 3400/1579/307 3399/887/307
f 3401/2376/350 3402/2447/350 3403/2448/350
f 3403/2448/350 3404/2449/350 3401/2376/350
f 3405/2450/434 3406/2451/434 3407/2452/434
f 3407/2452/434 3408/2453/434 3405/2450/434
f 3409/2454/434 3407/2452/434 3406/2451/434
f 3406/2451/434 3410/2455/434 3409/2454/434
f 3411/2456/434 3409/2454/434 3410/2455/434
f 3410/2455/434 3412/2457/434 3411/2456/434
f 3413/2458/434 3411/2456/434 3412/2457/434
f 3412/2457/434 3414/2459/434 3413/2458/434
f 3415/2460/609 3416/2461/609 3417/2462/609
f 3417/2462/609 3418/2463/609 3415/2460/609
f 3416/2461/434 3415/2460/434 3419/2464/434
f 3420/2465/609 3417/2462/609 3416/2461/609
f 3419/2464/434 3421/2466/434 3416/2461/434
f 3416/2461/609 3422/2467/609 3420/2465/609
f 3422/2467/434 3416/2461/434 3421/2466/434
f 3421/2466/434 3419/2464/434 3423/2468/434
f 3424/2469/609 3420/2465/609 3422/2467/609
f 3423/2468/434 3425/2470/434 3421/2466/434
f 3425/2470/434 3423/2468/434 3426/2471/434
f 3426/2471/434 3427/2472/434 3425/2470/434
f 3428/2472/610 3426/2471/610 3429/2473/610
f 3429/2473/610 3430/2474/610 3428/2472/610
f 3431/2475/434 3425/2470/434 3427/2472/434
f 3432/2476/434 3421/2466/434 3425/2470/434
f 3421/2466/434 3432/2476/434 3422/2467/434
f 3425/2470/434 3431/2475/434 3432/2476/434
f 3427/2472/434 3433/2477/434 3431/2475/434
f 3422/2467/609 3434/2478/609 3424/2469/609
f 3434/2478/434 3422/2467/434 3432/2476/434
f 3435/2479/609 3424/2469/609 3434/2478/609
f 3436/2480/434 3431/2475/434 3433/2477/434
f 3437/2481/434 3432/2476/434 3431/2475/434
f 3432/2476/434 3437/2481/434 3434/2478/434
f 3431/2475/434 3436/2480/434 3437/2481/434
f 3433/2477/434 3438/2482/434 3436/2480/434
f 3434/2478/609 3439/2483/609 3435/2479/609
f 3439/2483/434 3434/2478/434 3437/2481/434
f 3440/2484/609 3435/2479/609 3439/2483/609
f 3441/2485/434 3436/2480/434 3438/2482/434
f 3442/2486/434 3437/2481/434 3436/2480/434
f 3437/2481/434 3442/2486/434 3439/2483/434
f 3436/2480/434 3441/2485/434 3442/2486/434
f 3438/2482/434 3443/2487/434 3441/2485/434
f 3439/2483/609 3444/2488/609 3440/2484/609
f 3444/2488/434 3439/2483/434 3442/2486/434
f 3445/2489/609 3440/2484/609 3444/2488/609
f 3446/2490/434 3441/2485/434 3443/2487/434
f 3447/2491/434 3442/2486/434 3441/2485/434
f 3442/2486/434 3447/2491/434 3444/2488/434
f 3441/2485/434 3446/2490/434 3447/2491/434
f 3443/2487/434 3448/1006/434 3446/2490/434
f 3444/2488/609 3449/2492/609 3445/2489/609
f 3449/2492/434 3444/2488/434 3447/2491/434
f 3450/2493/609 3445/2489/609 3449/2492/609
f 3451/2494/434 3446/2490/434 3448/1006/434
f 3452/2495/434 3447/2491/434 3446/2490/434
f 3447/2491/434 3452/2495/434 3449/2492/434
f 3446/2490/434 3451/2494/434 3452/2495/434
f 3448/1006/434 3453/1004/434 3451/2494/434
f 3449/2492/609 3454/2496/609 3450/2493/609
f 3454/2496/434 3449/2492/434 3452/2495/434
f 3455/2497/609 3450/2493/609 3454/2496/609
f 3456/2498/434 3451/2494/434 3453/1004/434
f 3457/2499/434 3452/2495/434 3451/2494/434
f 3452/2495/434 3457/2499/434 3454/2496/434
f 3451/2494/434 3456/2498/434 3457/2499/434
f 3453/1004/434 3458/1002/434 3456/2498/434
f 3454/2496/609 3459/2500/609 3455/2497/609
f 3459/2500/434 3454/2496/434 3457/2499/434
f 3460/2501/611 3455/2497/609 3459/2500/609
f 3459/2500/609 3461/2502/612 3460/2501/611
f 3462/2503/613 3460/2501/611 3461/2502/612
f 3457/2499/434 3463/2504/434 3459/2500/434
f 3463/2504/434 3457/2499/434 3456/2498/434
f 3464/2502/434 3459/2500/434 3463/2504/434
f 3465/2505/434 3456/2498/434 3458/1002/434
f 3456/2498/434 3465/2505/434 3463/2504/434
f 3458/1002/434 3466/1000/434 3465/2505/434
f 3463/2504/434 3467/2506/434 3464/2502/434
f 3467/2506/434 3463/2504/434 3465/2505/434
f 3468/2507/434 3464/2502/434 3467/2506/434
f 3467/2506/434 3469/2508/434 3468/2507/434
f 3465/2505/434 3470/2509/434 3467/2506/434
f 3469/2508/434 3467/2506/434 3470/2509/434
f 3470/2509/434 3465/2505/434 3466/1000/434
f 3470/2509/434 3471/2510/434 3469/2508/434
f 3466/1000/434 3472/542/434 3470/2509/434
f 3471/2510/434 3470/2509/434 3472/542/434
f 3472/542/434 3473/541/434 3471/2510/434
f 3474/2511/30 3475/2512/30 3476/2513/30
f 3477/2514/30 3476/2513/30 3475/2512/30
f 3476/2513/30 3478/2515/30 3474/2511/30
f 3475/2512/30 3479/2516/30 3477/2514/30
f 3480/2517/30 3474/2511/30 3478/2515/30
f 3481/2518/30 3477/2514/30 3479/2516/30
f 3478/2515/30 3482/2519/30 3480/2517/30
f 3479/2516/30 3483/2520/30 3481/2518/30
f 3484/2521/30 3480/2517/30 3482/2519/30
f 3485/2522/30 3481/2518/30 3483/2520/30
f 3482/2519/30 3486/2523/30 3484/2521/30
f 3483/2520/30 3487/2524/30 3485/2522/30
f 3488/2525/30 3484/2521/30 3486/2523/30
f 3489/2526/30 3485/2522/30 3487/2524/30
f 3486/2523/30 3490/2527/30 3488/2525/30
f 3487/2524/30 3491/2528/30 3489/2526/30
f 3492/2529/30 3488/2525/30 3490/2527/30
f 3493/2530/30 3489/2526/30 3491/2528/30
f 3490/2527/30 3494/2531/30 3492/2529/30
f 3491/2528/30 3495/2532/30 3493/2530/30
f 3496/2533/30 3492/2529/30 3494/2531/30
f 3497/2534/30 3493/2530/30 3495/2532/30
f 3495/2532/30 3496/2533/30 3497/2534/30
f 3494/2531/30 3497/2534/30 3496/2533/30
f 3498/2535/222 3499/2536/222 3500/2537/222
f 3500/2537/222 3501/2538/222 3498/2535/222
f 3502/2539/223 3498/2535/223 3501/2538/223
f 3501/2538/223 3503/2540/223 3502/2539/223
f 3504/2541/216 3505/2542/216 3506/1641/216
f 3506/1641/216 3507/1636/216 3504/2541/216
f 3508/1460/400 3509/1459/400 3510/2372/400
f 3510/2372/400 3511/2543/400 3508/1460/400
f 3512/2544/203 3513/1986/203 3514/974/203
f 3514/974/203 3515/973/203 3512/2544/203
f 3516/1332/614 3517/1330/614 3518/2373/614
f 3519/2545/434 3520/2546/434 3521/132/434
f 3521/132/434 3522/135/434 3519/2545/434
f 3520/2546/434 3519/2545/434 3523/2547/434
f 3523/2547/434 3524/2548/434 3520/2546/434
f 3525/2549/434 3526/2550/434 1491/2551/434
f 1491/2551/434 136/2552/434 3525/2549/434
f 3527/2553/203 3528/1517/203 3529/978/203
f 3529/978/203 3530/977/203 3527/2553/203
f 3531/1559/50 3532/2554/50 3533/2046/50
f 3534/1549/414 3535/1548/414 3536/2010/414
f 3536/2010/414 3537/2555/414 3534/1549/414
f 3538/2556/417 3539/2557/417 3540/2558/417
f 3540/2558/417 3541/2559/417 3538/2556/417
f 3539/2557/417 3538/2556/417 3542/2058/417
f 3542/2058/417 3543/2560/417 3539/2557/417
f 3539/2557/417 3543/2560/417 3544/424/417
f 3544/424/417 3545/427/417 3539/2557/417
f 3546/2561/434 3547/2562/434 3548/2563/434
f 3548/2563/434 3549/2564/434 3546/2561/434
f 3547/2562/434 3546/2561/434 3550/2565/434
f 3550/2565/434 3551/2059/434 3547/2562/434
f 3550/2565/434 3546/2561/434 3552/2566/434
f 3552/2566/434 3553/2567/434 3550/2565/434
f 3554/2568/290 3555/2569/367 3556/2570/367
f 3556/2570/367 3557/2571/290 3554/2568/290
f 3558/2572/368 3554/2568/290 3557/2571/290
f 3557/2571/290 3559/2573/368 3558/2572/368
f 3560/2574/264 3561/2544/264 3562/973/264
f 3562/973/264 3563/2575/264 3560/2574/264
f 3564/1705/615 3565/953/615 3566/1680/615
f 3567/1859/527 3568/1386/527 3569/1542/527
f 3569/1542/527 3570/1923/527 3567/1859/527
f 3571/2576/350 3572/2577/350 3573/1929/350
f 3573/1929/350 3574/1928/350 3571/2576/350
f 3575/2578/417 3576/2579/616 3577/2580/616
f 3577/2580/616 3578/2581/417 3575/2578/417
f 3579/2582/617 3575/2578/417 3578/2581/417
f 3578/2581/417 3580/2583/617 3579/2582/617
f 3581/2584/618 3582/2585/618 3583/1639/618
f 3583/1639/618 3584/1640/618 3585/2584/618
f 3586/2586/417 3587/2587/417 3588/2588/417
f 3588/2588/417 3589/2589/417 3586/2586/417
f 3587/2587/417 3586/2586/417 3590/2590/417
f 3590/2590/417 3591/2591/417 3587/2587/417
f 3590/2590/417 3586/2586/417 3592/2592/417
f 3592/2592/417 3593/2593/417 3590/2590/417
f 3593/2593/417 3592/2592/417 3594/2594/417
f 3594/2594/417 3595/2595/417 3593/2593/417
f 3595/2595/417 3594/2594/417 3596/2596/417
f 3596/2596/417 3597/2597/417 3595/2595/417
f 3597/2597/417 3596/2596/417 3598/2598/417
f 3598/2598/417 3599/2599/417 3597/2597/417
f 3599/2599/417 3598/2598/417 3600/2600/417
f 3600/2600/417 3601/2601/417 3599/2599/417
f 3601/2601/417 3600/2600/417 3602/2602/417
f 3602/2602/417 3603/2603/417 3601/2601/417
f 3603/2603/417 3602/2602/417 3604/2604/417
f 3604/2604/417 3605/1056/417 3603/2603/417
f 3606/2605/434 3607/2606/619 3608/2607/619
f 3608/2607/619 3609/2608/434 3606/2605/434
f 3610/2609/620 3606/2605/434 3609/2608/434
f 3609/2608/434 3611/2610/620 3610/2609/620
f 3612/2611/61 3613/2612/61 3614/2613/61
f 3614/2613/61 3615/2614/61 3612/2611/61
f 3616/2615/621 3617/2611/621 3615/2614/621
f 3615/2614/621 3618/2616/621 3616/2615/621
f 3619/2617/622 3620/2615/622 3618/2616/622
f 3618/2616/622 3621/2618/622 3619/2617/622
f 3622/2619/623 3614/2613/623 3623/2612/623
f 3623/2612/623 3624/2620/623 3622/2619/623
f 3625/2621/624 3622/2619/624 3626/2620/624
f 3626/2620/624 3627/2622/624 3625/2621/624
f 3628/2623/61 3629/2624/61 3630/2625/61
f 3630/2625/61 3631/2626/61 3628/2623/61
f 3632/2627/623 3633/2623/623 3631/2626/623
f 3631/2626/623 3634/2628/623 3632/2627/623
f 3634/2628/624 3635/2629/624 3636/2630/624
f 3636/2630/624 3637/2627/624 3634/2628/624
f 3638/2631/621 3630/2625/621 3639/2624/621
f 3639/2624/621 3640/2632/621 3638/2631/621
f 3641/2633/622 3638/2631/622 3642/2632/622
f 3642/2632/622 3643/2634/622 3641/2633/622
f 3644/2635/526 3645/2636/526 3646/2637/526
f 3646/2637/526 3647/2638/526 3644/2635/526
f 3648/2639/625 3649/1062/625 3650/1061/625
f 3651/2640/179 3652/2641/179 3653/2642/179
f 3653/2642/179 3654/2643/179 3651/2640/179
f 3655/2644/434 3656/2645/434 3657/2646/434
f 3657/2646/434 3658/2647/434 3655/2644/434
f 3656/2645/434 3655/2644/434 3659/2648/434
f 3659/2648/434 3660/2649/434 3656/2645/434
f 3656/2645/434 3660/2649/434 3661/2650/434
f 3661/2650/434 3662/2651/434 3656/2645/434
f 3662/2651/434 3661/2650/434 3663/2652/434
f 3663/2652/434 3664/2653/434 3662/2651/434
f 3664/2653/434 3663/2652/434 3665/2654/434
f 3665/2654/434 3666/2655/434 3664/2653/434
f 3666/2655/434 3665/2654/434 3667/2656/434
f 3667/2656/434 3668/2657/434 3666/2655/434
f 3668/2657/434 3667/2656/434 3669/2658/434
f 3669/2658/434 3670/2659/434 3668/2657/434
f 3670/2659/434 3669/2658/434 3671/2660/434
f 3671/2660/434 3672/2661/434 3670/2659/434
f 3672/2661/434 3671/2660/434 3673/1057/434
f 3673/1057/434 3674/2662/434 3672/2661/434
f 3675/2663/221 3676/2664/616 3677/2665/616
f 3678/2666/617 3677/2665/617 3676/2664/617
f 3676/2664/617 3679/2667/617 3678/2666/617
f 3677/2665/616 3680/2668/221 3675/2663/221
f 3681/2669/220 3675/2663/221 3680/2668/221
f 3680/2668/221 3682/2670/220 3681/2669/220
f 3683/2671/61 3684/2672/61 3685/2673/61
f 3685/2673/61 3686/2674/61 3683/2671/61
f 3686/2674/61 3685/2673/61 3687/2675/61
f 3687/2675/61 3688/2676/61 3686/2674/61
f 3688/2676/61 3687/2675/61 3689/2677/61
f 3689/2677/61 3690/2678/61 3688/2676/61
f 3690/2678/61 3689/2677/61 3691/2679/61
f 3691/2679/61 3692/2680/61 3690/2678/61
f 3692/2680/61 3691/2679/61 3693/2681/61
f 3693/2681/61 3694/2682/61 3692/2680/61
f 3694/2682/61 3693/2681/61 3695/2683/61
f 3695/2683/61 3696/2684/61 3694/2682/61
f 3683/2671/61 3697/2685/61 3698/2686/61
f 3698/2686/61 3684/2672/61 3683/2671/61
f 3684/2672/61 3698/2686/61 3699/2687/61
f 3684/2672/61 3699/2687/61 3700/2688/61
f 3684/2672/61 3701/2689/61 3702/2690/61
f 3702/2690/61 3703/2691/61 3684/2672/61
f 3704/2692/61 3705/2693/61 3703/2691/61
f 3703/2691/61 3706/2694/61 3704/2692/61
f 3706/2694/61 3703/2691/61 3702/2690/61
f 3702/2690/61 3707/2695/61 3706/2694/61
f 3707/2695/61 3708/2696/61 3706/2694/61
f 3708/2696/61 3709/2697/61 3706/2694/61
f 3706/2694/61 3709/2697/61 3710/2698/61
f 3710/2698/61 3683/2671/61 3706/2694/61
f 3711/2689/61 3712/2672/61 3713/2688/61
f 3714/2698/61 3715/2685/61 3716/2671/61
f 3717/2699/568 3718/2700/349 3719/2701/349
f 3719/2701/349 3720/2702/568 3717/2699/568
f 3721/2703/620 3717/2699/568 3720/2702/568
f 3720/2702/568 3722/2704/620 3721/2703/620
f 3723/2705/619 3721/2703/619 3722/2704/619
f 3722/2704/619 3724/2706/619 3723/2705/619
f 3725/665/626 3726/673/626 3727/2226/626
f 3728/2707/99 3729/2708/99 3730/2709/100
f 3730/2709/100 3731/2710/100 3728/2707/99
f 3731/2710/100 3730/2709/100 3732/2711/627
f 3732/2711/627 3733/2712/101 3731/2710/100
f 3733/2712/101 3732/2711/627 3734/2713/102
f 3734/2713/102 3735/2714/628 3733/2712/101
f 3735/2714/628 3734/2713/102 3736/2715/103
f 3736/2715/103 3737/2716/103 3735/2714/628
f 3737/2716/103 3736/2715/103 3738/2717/104
f 3738/2717/104 3739/2718/104 3737/2716/103
f 3740/2719/306 3741/2720/306 3742/883/306
f 3742/883/306 3743/989/306 3740/2719/306
f 3744/884/307 3742/883/307 3741/2720/307
f 3741/2720/307 3745/2721/307 3744/884/307
f 3746/1061/629 3747/2722/629 3748/2639/629
f 3749/2343/401 3750/2342/401 3751/1342/401
f 3751/1342/401 3752/1341/401 3749/2343/401
f 3753/1343/402 3751/1342/402 3750/2342/402
f 3750/2342/402 3754/2344/402 3753/1343/402
f 3755/2723/30 3756/2724/30 3757/2725/30
f 3758/2726/30 3755/2723/30 3757/2725/30
f 3757/2725/30 3759/2727/30 3758/2726/30
f 3760/2728/30 3759/2727/30 3757/2725/30
f 3761/2729/30 3762/2730/30 3763/2731/30
f 3763/2731/30 3764/2732/30 3761/2729/30
f 3763/2731/30 3762/2730/30 3765/2733/30
f 3765/2733/30 3766/2734/30 3763/2731/30
f 3765/2733/30 3762/2730/30 3767/2735/30
f 3767/2735/30 3768/2736/30 3765/2733/30
f 3767/2735/30 3769/2737/30 3768/2736/30
f 3770/2738/401 3771/2739/401 3772/1012/401
f 3772/1012/401 3773/1011/401 3770/2738/401
f 3774/1013/402 3772/1012/402 3771/2739/402
f 3771/2739/402 3775/2740/402 3774/1013/402
f 3776/2741/338 3777/2742/338 3778/2743/338
f 3779/2744/313 3780/2745/313 3781/2746/313
f 3781/2746/313 3782/2747/313 3779/2744/313
f 3783/1420/526 3784/1423/526 3785/2144/526
f 3785/2144/526 3786/1546/526 3783/1420/526
f 3787/1547/630 3788/1546/630 3789/2748/630
f 3789/2748/630 3790/2749/630 3787/1547/630
f 3791/2750/631 3789/2748/631 3788/1546/631
f 3788/1546/631 3792/2144/631 3791/2750/631
f 2960/2751/632 3016/2752/632 3014/2753/633
f 3014/2753/633 2959/2754/633 2960/2751/632
f 3793/1833/634 3794/1798/634 3795/954/634
f 3796/2755/61 3797/2756/61 3798/2757/61
f 3798/2757/61 3799/2758/61 3796/2755/61
f 3800/2759/635 3801/2760/635 3802/2761/635
f 3802/2761/635 3803/2762/635 3800/2759/635
f 3804/2763/636 3805/2764/636 3806/2765/636
f 3806/2765/636 3807/2766/636 3804/2763/636
f 3808/2767/56 3809/2768/57 3810/2769/57
f 3810/2769/57 3809/2768/57 3811/2770/58
f 3812/2770/47 3809/2768/47 3813/2771/47
f 3814/2771/46 3809/2768/46 3815/2772/46
f 3816/2772/49 3809/2768/49 3817/2773/49
f 3818/2774/48 3809/2768/48 3819/2775/48
f 3820/2775/55 3809/2768/55 3821/2776/55
f 3822/2776/54 3809/2768/54 3823/2767/54
f 3824/2001/135 3825/2000/135 3826/2348/135
f 3826/2348/135 3827/2777/135 3824/2001/135
f 3828/2764/637 3829/2778/637 3830/2779/637
f 3830/2779/637 3831/2765/637 3828/2764/637
f 3832/2780/70 3833/1896/70 3834/2046/70
f 3834/2046/70 3835/2781/70 3832/2780/70
f 3836/2782/638 3837/2783/638 3838/1259/638
f 3838/1259/638 3839/1256/638 3836/2782/638
f 3840/1465/400 3841/1464/400 3842/2784/400
f 3842/2784/400 3843/2785/400 3840/1465/400
f 3844/2786/417 3845/2787/417 3846/2788/417
f 3846/2788/417 3847/2789/417 3844/2786/417
f 3845/2787/417 3844/2786/417 3848/2790/417
f 3848/2790/417 3849/2791/417 3845/2787/417
f 3849/2791/417 3848/2790/417 3850/661/417
f 3850/661/417 3851/2792/417 3849/2791/417
f 3852/2352/639 3853/2018/639 3854/2019/639
f 3854/2019/639 3855/2793/639 3852/2352/639
f 3856/2794/434 3857/2795/434 3858/2796/434
f 3858/2796/434 3859/2797/434 3856/2794/434
f 3857/2795/434 3856/2794/434 3860/2798/434
f 3860/2798/434 3861/2799/434 3857/2795/434
f 3861/2799/434 3860/2798/434 3862/2800/434
f 3862/2800/434 3863/662/434 3861/2799/434
f 3864/2801/640 3865/2802/640 3866/2803/641
f 3866/2803/641 3867/2804/641 3864/2801/640
f 3867/2804/641 3866/2803/641 3868/2805/642
f 3868/2805/642 3869/2806/643 3867/2804/641
f 3869/2806/643 3868/2805/642 3870/2807/644
f 3870/2807/644 3871/2808/645 3869/2806/643
f 3871/2808/645 3870/2807/644 3872/2809/646
f 3872/2809/646 3873/2810/646 3871/2808/645
f 3873/2810/646 3872/2809/646 3874/2811/647
f 3874/2811/647 3875/2812/647 3873/2810/646
f 3876/2226/648 3877/2813/648 3878/665/648
f 3879/238/417 3880/2814/417 3881/1317/417
f 3881/1317/417 3882/239/417 3879/238/417
f 3883/2815/434 3884/237/434 3885/240/434
f 3885/240/434 3886/1320/434 3883/2815/434
f 3887/1924/264 3888/1895/264 3889/1896/264
f 3889/1896/264 3890/2780/264 3887/1924/264
f 3891/1861/649 3892/1860/649 3893/1862/649
f 3894/1992/350 3895/1991/350 3896/2816/350
f 3896/2816/350 3897/2817/350 3894/1992/350
f 3898/2432/650 3899/2437/650 3900/2431/650
f 3901/2818/651 3902/2819/651 3903/2820/651
f 3903/2820/651 3904/2821/651 3901/2818/651
f 3905/2502/652 3906/2507/652 3907/2503/652
f 3908/2822/653 3909/2823/653 3910/2824/653
f 3910/2824/653 3911/2825/653 3908/2822/653
f 3912/2826/654 3913/2827/529 3914/2828/529
f 3914/2828/529 3915/2829/654 3912/2826/654
f 3916/2830/591 3912/2826/654 3915/2829/654
f 3915/2829/654 3917/2831/591 3916/2830/591
f 3918/2832/655 3916/2830/592 3917/2831/592
f 3917/2831/592 3919/2833/655 3918/2832/655
f 3920/2834/525 3918/2832/655 3919/2833/655
f 3919/2833/655 3921/2835/525 3920/2834/525
f 3922/2836/417 3923/2837/417 3924/2838/417
f 3925/2839/656 3922/2836/656 3926/2838/656
f 3923/2837/417 3922/2836/417 3927/2840/417
f 3927/2840/417 3928/2841/417 3923/2837/417
f 3923/2837/417 3928/2841/417 3929/2842/417
f 3930/2843/657 3931/2844/657 3932/1312/657
f 3932/1312/657 3933/1311/657 3930/2843/657
f 3934/1993/658 3935/2006/658 3936/2845/658
f 3936/2845/658 3937/1996/658 3934/1993/658
f 3938/2846/417 3939/2159/417 3940/2162/417
f 3940/2162/417 3941/2847/417 3938/2846/417
f 3939/2159/417 3938/2846/417 3942/2848/417
f 3942/2848/417 3943/2163/417 3939/2159/417
f 3943/2163/417 3942/2848/417 3944/2849/417
f 3944/2849/417 3945/2850/417 3943/2163/417
f 3945/2850/417 3944/2849/417 3946/2851/417
f 3946/2851/417 3947/2852/417 3945/2850/417
f 3948/2853/414 3949/2635/414 3950/2638/414
f 3950/2638/414 3951/2854/414 3948/2853/414
f 3952/2855/659 3953/2856/659 3954/2857/659
f 3954/2857/659 3955/2858/659 3952/2855/659
f 3956/2859/660 3957/2024/660 3958/2013/660
f 3958/2013/660 3959/2014/660 3956/2859/660
f 3960/2860/434 3961/2861/434 3962/2862/434
f 3962/2862/434 3963/2863/434 3960/2860/434
f 3961/2861/434 3960/2860/434 3964/2864/434
f 3964/2864/434 3965/2865/434 3961/2861/434
f 3965/2865/434 3964/2864/434 3966/2866/434
f 3966/2866/434 3967/2867/434 3965/2865/434
f 3967/2867/434 3966/2866/434 3968/2868/434
f 3968/2868/434 3969/2869/434 3967/2867/434
f 3970/2844/638 3971/2870/638 3972/1315/638
f 3972/1315/638 3973/1312/638 3970/2844/638
f 3974/2871/661 3975/2872/661 3976/2873/661
f 3976/2873/661 3977/2874/661 3974/2871/661
f 3978/1715/662 3979/1849/662 3980/1848/663
f 3978/1715/662 3981/1714/662 3979/1849/662
f 3980/1848/663 3982/1734/664 3978/1715/662
f 3983/1735/665 3982/1734/664 3980/1848/663
f 3984/2875/264 3985/2553/264 3986/977/264
f 3986/977/264 3987/2876/264 3984/2875/264
f 3988/1890/666 3989/1841/666 3990/1773/667
f 3988/1890/666 3991/1842/666 3989/1841/666
f 3990/1773/667 3992/1889/668 3988/1890/666
f 3992/1889/668 3990/1773/667 3993/1772/669
f 3994/2047/533 3995/2048/533 3996/2049/533
f 3997/2052/533 3995/2048/533 3994/2047/533
f 3994/2047/533 3998/2053/533 3997/2052/533
f 3998/2053/533 3994/2047/533 3999/2054/533
f 4000/2877/417 4001/2878/417 4002/2879/417
f 4002/2879/417 4003/2880/417 4000/2877/417
f 4000/2877/417 4003/2880/417 4004/92/417
f 4004/92/417 4005/91/417 4000/2877/417
f 4004/92/417 4003/2880/417 4006/2881/417
f 4006/2881/417 4007/94/417 4004/92/417
f 4008/2882/670 4009/2883/670 4010/2884/670
f 4010/2884/670 4011/2885/670 4008/2882/670
f 4012/2886/671 4010/2884/672 4009/2883/672
f 4009/2883/672 4013/2887/673 4012/2886/671
f 4014/2888/674 4012/2886/671 4013/2887/673
f 4013/2887/673 4015/2889/674 4014/2888/674
f 4016/2890/434 4017/2891/434 4018/2892/434
f 4018/2892/434 4019/2893/434 4016/2890/434
f 4018/2892/434 4017/2891/434 4020/90/434
f 4020/90/434 4021/93/434 4018/2892/434
f 4018/2892/434 4021/93/434 4022/95/434
f 4022/95/434 4023/2894/434 4018/2892/434
f 4024/2555/630 4025/2010/630 4026/2895/630
f 4026/2895/630 4027/2896/630 4024/2555/630
f 4028/2897/631 4026/2895/631 4025/2010/631
f 4025/2010/631 4029/2009/631 4028/2897/631
f 4030/2898/675 4031/2899/675 4032/2900/675
f 4031/2899/675 4030/2898/675 4033/2901/675
f 4031/2899/675 4034/2902/675 4032/2900/675
f 4031/2899/675 4035/2903/675 4034/2902/675
f 4035/2903/675 4031/2899/675 4036/2904/675
f 4036/2904/675 4031/2899/675 4037/2905/675
f 4038/719/676 4039/666/676 4040/2906/676
f 4041/2906/677 4042/1989/677 4038/719/677
f 4043/2813/678 4041/2906/678 4044/666/678
f 4044/666/678 4045/665/678 4043/2813/678
f 4046/2907/413 4047/2576/413 4048/1928/413
f 4048/1928/413 4049/1927/413 4046/2907/413
f 4050/2908/655 4051/2909/655 4052/1106/655
f 4052/1106/655 4053/1105/655 4050/2908/655
f 4054/1107/679 4052/1106/679 4051/2909/679
f 4051/2909/679 4055/2910/679 4054/1107/679
f 4056/2911/680 4057/1179/680 4058/1180/680
f 4058/1180/681 4059/2912/681 4060/2911/681
f 4061/2913/682 4062/2914/682 4063/2915/682
f 4064/2916/683 4065/1333/683 4066/1334/683
f 4066/1334/683 4067/1564/683 4064/2916/683
f 4068/2917/372 4069/2918/372 4070/1745/372
f 4070/1745/372 4071/1744/372 4068/2917/372
f 4072/1746/373 4070/1745/373 4069/2918/373
f 4069/2918/373 4073/2919/373 4072/1746/373
f 4074/1717/684 4075/2920/685 4076/2222/684
f 4075/2920/685 4074/1717/684 4077/1716/684
f 4077/1716/684 4078/1721/686 4075/2920/685
f 4075/2920/685 4078/1721/686 4079/1844/687
f 4075/2920/685 4079/1844/687 4080/1843/688
f 4080/1843/688 4081/1845/688 4075/2920/685
f 4082/1825/689 4083/2921/690 4084/1888/691
f 4085/1884/692 4084/1888/691 4083/2921/690
f 4083/2921/690 4086/1887/692 4085/1884/692
f 4082/1825/693 4087/1829/693 4088/1830/693
f 4088/1830/693 4089/2921/693 4082/1825/693
f 4090/2749/655 4091/2748/655 4092/1578/655
f 4092/1578/655 4093/1577/655 4090/2749/655
f 4094/1579/679 4092/1578/679 4091/2748/679
f 4091/2748/679 4095/2750/679 4094/1579/679
f 4096/2922/179 4097/2923/179 4098/2924/179
f 4099/2925/694 4098/2924/694 4097/2923/694
f 4097/2923/694 4100/2926/694 4099/2925/694
f 4098/2924/179 4101/2927/179 4096/2922/179
f 4102/2928/695 4096/2922/695 4101/2927/695
f 4101/2927/695 4103/2929/695 4102/2928/695
f 4104/2930/179 4105/2931/179 4106/2932/179
f 4107/2933/695 4106/2932/695 4105/2931/695
f 4105/2931/695 4108/2934/695 4107/2933/695
f 4106/2932/179 4109/2935/179 4104/2930/179
f 4110/2936/694 4104/2930/694 4109/2935/694
f 4109/2935/694 4111/2937/694 4110/2936/694
f 4112/2938/30 4113/2939/30 4114/2940/30
f 4115/2941/30 4116/2942/30 4117/2943/30
f 4116/2942/30 4118/2944/30 4117/2943/30
f 4119/2945/30 4115/2941/30 4117/2943/30
f 4118/2944/30 4120/2946/30 4117/2943/30
f 4121/2947/30 4119/2945/30 4117/2943/30
f 4120/2946/30 4122/2948/30 4117/2943/30
f 4123/2949/30 4121/2947/30 4117/2943/30
f 4122/2948/30 4124/2950/30 4117/2943/30
f 4125/2951/30 4123/2949/30 4117/2943/30
f 4124/2950/30 4126/2952/30 4117/2943/30
f 4127/2953/30 4125/2951/30 4117/2943/30
f 4126/2952/30 4127/2953/30 4117/2943/30
f 4128/2954/696 4129/2818/696 4130/2821/696
f 4130/2821/696 4131/2955/696 4128/2954/696
f 4132/2956/350 4133/2957/350 4134/1965/350
f 4134/1965/350 4135/1964/350 4132/2956/350
f 4136/1999/697 4137/2001/697 4138/2777/697
f 4138/2777/697 4139/2958/697 4136/1999/697
f 4140/2823/698 4141/2959/698 4142/2960/698
f 4142/2960/698 4143/2824/698 4140/2823/698
f 4144/2793/699 4145/2019/699 4146/2017/699
f 4146/2017/699 4147/2961/699 4144/2793/699
f 4148/2962/655 4149/2963/525 4150/2964/525
f 4150/2964/525 4151/2965/655 4148/2962/655
f 4152/2966/592 4148/2962/655 4151/2965/655
f 4151/2965/655 4153/2967/592 4152/2966/592
f 4154/2968/654 4152/2966/591 4153/2967/591
f 4153/2967/591 4155/2969/654 4154/2968/654
f 4156/2970/529 4154/2968/654 4155/2969/654
f 4155/2969/654 4157/2971/529 4156/2970/529
f 4158/2972/700 4159/1224/700 4160/1223/700
f 4160/1223/700 4161/1313/700 4158/2972/700
f 4162/2973/701 4158/2972/701 4161/1313/701
f 4161/1313/701 4163/1314/701 4162/2973/701
f 4164/2974/702 4165/2975/702 4166/2976/703
f 4166/2976/703 4167/2977/703 4164/2974/702
f 4165/2975/702 4164/2974/702 4168/2978/704
f 4168/2978/704 4169/2979/704 4165/2975/702
f 4169/2979/704 4168/2978/704 4170/2980/705
f 4170/2980/705 4171/2981/705 4169/2979/704
f 4171/2981/706 4170/2980/706 4172/2869/706
f 4172/2869/706 4173/2851/706 4171/2981/706
f 4173/2851/707 4172/2869/707 4174/2982/707
f 4174/2982/707 4175/2983/707 4173/2851/707
f 4176/2984/182 4177/2710/182 4178/2712/183
f 4178/2712/183 4179/2985/183 4176/2984/182
f 4179/2985/183 4178/2712/183 4180/2714/184
f 4180/2714/184 4181/2986/184 4179/2985/183
f 4181/2986/184 4180/2714/184 4182/2716/185
f 4182/2716/185 4183/2987/185 4181/2986/184
f 4184/2988/708 4185/2989/709 4186/2990/710
f 4187/2991/711 4186/2990/710 4185/2989/709
f 4185/2989/709 4188/2992/711 4187/2991/711
f 4186/2990/710 4189/2993/712 4184/2988/708
f 4190/2994/713 4184/2988/708 4189/2993/712
f 4189/2993/712 4191/2995/713 4190/2994/713
f 1250/2996/349 4192/2997/568 237/2998/568
f 237/2998/568 236/2999/349 1250/2996/349
f 237/2998/568 4192/2997/568 4193/3000/620
f 4193/3000/620 239/3001/620 237/2998/568
f 4194/1995/714 4195/1999/714 4196/2958/714
f 4196/2958/714 4197/2003/714 4194/1995/714
f 4198/2745/570 4199/2744/570 4200/3002/570
f 4201/2744/571 4202/3003/571 4200/3002/571
f 4203/3003/572 4204/3004/572 4200/3002/572
f 4205/3005/700 4206/1234/700 4207/1235/700
f 4207/1235/700 4208/1257/700 4205/3005/700
f 4209/3006/701 4205/3005/701 4208/1257/701
f 4208/1257/701 4210/1258/701 4209/3006/701
f 234/3007/616 4211/3008/616 1247/3009/221
f 1247/3009/221 228/3010/616 234/3007/616
f 228/3010/616 1247/3009/221 229/3011/221
f 4212/2961/715 4213/2017/715 4214/2011/715
f 4214/2011/715 4215/2021/715 4212/2961/715
f 4216/3012/179 4217/3013/179 4218/3014/179
f 4218/3014/179 4219/3015/179 4216/3012/179
f 4217/3013/179 4220/3016/179 4218/3014/179
f 4220/3016/179 4221/3017/179 4218/3014/179
f 4222/3018/179 4223/3019/179 4224/3020/179
f 4224/3020/179 4225/3021/179 4222/3018/179
f 4223/3019/179 4226/3022/179 4224/3020/179
f 4226/3022/179 4227/3023/179 4224/3020/179
f 4228/1160/716 4229/1259/716 4230/1158/717
f 4230/1158/717 4229/1259/716 4231/2783/716
f 4230/1158/717 4232/1159/718 4228/1160/716
f 4233/2896/655 4234/2895/655 4235/1742/655
f 4235/1742/655 4236/1741/655 4233/2896/655
f 4237/1743/679 4235/1742/679 4234/2895/679
f 4234/2895/679 4238/2897/679 4237/1743/679
f 4239/2372/413 4240/1992/413 4241/2817/413
f 4241/2817/413 4242/3024/413 4239/2372/413
f 4243/2377/413 4244/2376/413 4245/2449/413
f 4245/2449/413 4246/3025/413 4243/2377/413
f 4247/3026/525 4248/3027/525 4249/3028/525
f 4250/3029/657 4251/2782/657 4252/1256/657
f 4252/1256/657 4253/1255/657 4250/3029/657
f 4254/3030/655 4255/3031/655 4256/1248/655
f 4256/1248/655 4257/1247/655 4254/3030/655
f 4258/1249/679 4256/1248/679 4255/3031/679
f 4255/3031/679 4259/3032/679 4258/1249/679
f 4260/1547/630 4261/1546/630 4262/2748/630
f 4262/2748/630 4263/2749/630 4260/1547/630
f 4264/2750/631 4262/2748/631 4261/1546/631
f 4261/1546/631 4265/2144/631 4264/2750/631
f 4266/3033/179 4267/3034/179 4268/3035/179
f 4268/3035/179 4269/3036/179 4266/3033/179
f 4270/555/719 4271/3037/719 4272/3038/719
f 4273/3039/720 4274/3040/721 4275/3041/721
f 4275/3041/721 4276/3042/722 4273/3039/720
f 4277/3043/723 4273/3039/720 4276/3042/722
f 4273/3039/720 4277/3043/723 4278/3044/723
f 4279/3045/724 4280/2954/724 4281/2955/724
f 4281/2955/724 4282/3046/724 4279/3045/724
f 4283/3047/135 4284/3048/136 4285/3049/136
f 4285/3049/136 4286/3050/135 4283/3047/135
f 4287/3051/137 4283/3047/135 4286/3050/135
f 4286/3050/135 4288/3052/137 4287/3051/137
f 4289/2803/725 4290/3053/725 4291/3054/726
f 4291/3054/726 4292/2805/727 4289/2803/725
f 4292/2805/727 4291/3054/726 4293/3055/728
f 4293/3055/728 4294/2807/729 4292/2805/727
f 4294/2807/729 4293/3055/728 4295/3056/730
f 4295/3056/730 4296/2809/730 4294/2807/729
f 4297/3057/731 4298/3058/732 4299/3059/733
f 4299/3059/733 4300/3060/734 4297/3057/731
f 4301/3061/372 4302/3062/372 4303/1525/372
f 4303/1525/372 4304/1524/372 4301/3061/372
f 4305/1526/373 4303/1525/373 4302/3062/373
f 4302/3062/373 4306/3063/373 4305/1526/373
f 4307/2543/527 4308/2372/527 4309/3024/527
f 4309/3024/527 4310/3064/527 4307/2543/527
f 4311/2959/735 4312/3065/735 4313/3066/735
f 4313/3066/735 4314/2960/735 4311/2959/735
f 4315/3067/73 4316/3068/73 4317/3069/73
f 4317/3069/73 4318/3070/73 4315/3067/73
f 4319/3071/525 4320/3072/525 4321/3073/525
f 4322/2367/525 4321/3073/525 4320/3072/525
f 4320/3072/525 4323/2364/525 4322/2367/525
f 4321/3073/525 4324/3074/525 4319/3071/525
f 4325/3075/525 4319/3071/525 4324/3074/525
f 4324/3074/525 4326/3076/525 4325/3075/525
f 4327/527/525 4325/3075/525 4326/3076/525
f 4326/3076/525 4328/528/525 4327/527/525
f 4329/3004/327 4330/3003/327 4331/3077/327
f 4331/3077/327 4332/3078/327 4329/3004/327
f 4333/3079/529 4334/3080/529 4335/3081/529
f 4335/3081/529 4336/3082/529 4333/3079/529
f 4337/2369/529 4336/3082/529 4335/3081/529
f 4335/3081/529 4338/2370/529 4337/2369/529
f 4339/3083/529 4340/3084/529 4341/3085/529
f 4341/3085/529 4342/3086/529 4339/3083/529
f 4343/3087/529 4342/3086/529 4341/3085/529
f 4341/3085/529 4344/3088/529 4343/3087/529
f 4345/520/529 4343/3087/529 4344/3088/529
f 4344/3088/529 4346/517/529 4345/520/529
f 4347/3089/721 4348/3090/722 4349/3091/720
f 4349/3091/720 4348/3090/722 4350/3092/736
f 4349/3091/720 4351/3093/721 4347/3089/721
f 4352/3092/737 4353/3094/738 4349/3091/738
f 4353/3094/738 4352/3092/737 4354/3095/737
f 4355/3096/61 4356/3097/61 4357/3098/61
f 4358/3099/61 4357/3098/61 4356/3097/61
f 4357/3098/61 4359/3100/61 4355/3096/61
f 4359/3100/61 4360/3101/61 4355/3096/61
f 4361/3102/61 4362/3103/61 4363/3104/61
f 4364/3105/61 4363/3104/61 4362/3103/61
f 4363/3104/61 4365/3106/61 4361/3102/61
f 4365/3106/61 4366/3107/61 4361/3102/61
f 4367/3108/61 4368/3099/61 4369/3097/61
f 4369/3097/61 4370/3109/61 4367/3108/61
f 4371/3110/61 4372/3102/61 4373/3107/61
f 4373/3107/61 4374/3111/61 4371/3110/61
f 4375/3112/739 4376/3113/740 4377/3114/741
f 4377/3114/741 4378/3115/742 4375/3112/739
f 4379/2365/525 4375/3112/739 4378/3115/742
f 4378/3115/742 4380/2366/525 4379/2365/525
f 4381/3116/743 4382/3117/529 4383/3118/744
f 4383/3118/744 4384/3119/745 4381/3116/743
f 4385/2371/529 4383/3118/744 4382/3117/529
f 4382/3117/529 4386/2368/529 4385/2371/529
f 4387/3120/746 4388/3121/747 4389/3122/748
f 4389/3122/748 4390/3123/749 4387/3120/746
f 4391/3124/750 4389/3122/748 4388/3121/747
f 4388/3121/751 4392/3125/751 4393/3124/751
f 4394/3126/752 4395/3127/752 4396/3128/752
f 4396/3128/752 4397/3129/752 4394/3126/752
f 4398/1258/753 4399/1225/753 4400/1226/753
f 4400/1226/753 4401/3006/753 4398/1258/753
f 4402/3130/417 4403/3131/754 4404/3132/754
f 4405/3133/675 4404/3132/754 4403/3131/754
f 4403/3131/754 4406/3134/675 4405/3133/675
f 4404/3132/754 4407/3135/417 4402/3130/417
f 4408/3136/417 4402/3130/417 4407/3135/417
f 4407/3135/417 4409/3137/417 4408/3136/417
f 4410/3138/755 4411/1390/755 4412/1391/755
f 4412/1391/755 4413/3139/755 4410/3138/755
f 4414/3140/756 4415/3141/434 4416/3142/434
f 4417/3143/434 4416/3142/434 4415/3141/434
f 4415/3141/434 4418/3144/434 4417/3143/434
f 4416/3142/434 4419/3145/756 4414/3140/756
f 4420/3146/682 4414/3140/756 4419/3145/756
f 4419/3145/756 4421/3147/682 4420/3146/682
f 4422/3148/542 4423/3149/542 4424/3150/544
f 4424/3150/544 4425/3151/545 4422/3148/542
f 4425/3151/545 4424/3150/544 4426/3152/546
f 4426/3152/546 4427/3153/547 4425/3151/545
f 4427/3153/547 4426/3152/546 4428/3154/548
f 4428/3154/548 4429/3155/548 4427/3153/547
f 4429/3155/548 4428/3154/548 4430/3156/549
f 4430/3156/549 4431/3157/549 4429/3155/548
f 4432/3158/350 4433/3159/350 4434/1961/350
f 4434/1961/350 4435/1960/350 4432/3158/350
f 4436/3160/757 4437/3161/757 4438/3162/757
f 4439/3046/757 4440/3163/757 4441/3164/757
f 4442/3165/413 4443/3158/413 4444/1960/413
f 4444/1960/413 4445/1959/413 4442/3165/413
f 4446/3166/413 4447/2956/413 4448/1964/413
f 4448/1964/413 4449/1963/413 4446/3166/413
f 4450/1648/758 4451/3167/758 4452/1560/758
f 4452/1560/758 4453/1562/758 4450/1648/758
f 4454/3168/759 4455/3169/759 4456/1057/759
f 4456/1057/759 4457/1056/759 4454/3168/759
f 4458/3170/760 4459/3171/760 4460/3172/760
f 4461/3173/760 4462/3066/760 4463/3065/760
f 4464/3174/179 4465/3175/179 4466/3176/179
f 4466/3176/179 4465/3175/179 4467/3177/179
f 4466/3176/179 4468/3178/179 4464/3174/179
f 4469/3179/179 4464/3174/179 4468/3178/179
f 4466/3176/179 4470/3180/179 4471/3181/179
f 4471/3181/179 4472/3182/179 4466/3176/179
f 4472/3182/179 4471/3181/179 4473/3183/179
f 4473/3183/179 4474/3184/179 4472/3182/179
f 4473/3183/179 4475/3185/179 4474/3184/179
f 4475/3185/179 4476/3186/179 4474/3184/179
f 4468/3178/179 4474/3184/179 4476/3186/179
f 4476/3186/179 4477/3187/179 4468/3178/179
f 4478/3187/179 4479/3179/179 4480/3178/179
f 4481/3176/179 4482/3177/179 4483/3180/179
f 4484/3188/417 4485/3189/417 4486/3190/417
f 4486/3190/417 4487/3191/417 4484/3188/417
f 4488/3192/417 4486/3190/417 4485/3189/417
f 4485/3189/417 4489/3193/417 4488/3192/417
f 4490/3194/417 4488/3192/417 4489/3193/417
f 4489/3193/417 4491/3195/417 4490/3194/417
f 4492/3196/417 4490/3194/417 4491/3195/417
f 4491/3195/417 4493/3197/417 4492/3196/417
f 4494/3198/761 4495/3148/761 4496/3151/762
f 4496/3151/762 4497/3199/763 4494/3198/761
f 4497/3199/763 4496/3151/762 4498/3153/764
f 4498/3153/764 4499/3200/765 4497/3199/763
f 4499/3200/765 4498/3153/764 4500/3155/766
f 4500/3155/766 4501/3201/766 4499/3200/765
f 4501/3201/766 4500/3155/766 4502/3157/767
f 4502/3157/767 4503/3202/767 4501/3201/766
f 4504/3203/434 4505/3204/434 4506/3205/434
f 4506/3205/434 4507/3206/434 4504/3203/434
f 4507/3206/434 4506/3205/434 4508/3207/434
f 4508/3207/434 4509/3208/434 4507/3206/434
f 4509/3208/434 4508/3207/434 4510/3209/434
f 4510/3209/434 4511/3210/434 4509/3208/434
f 4511/3210/434 4510/3209/434 4512/3211/434
f 4512/3211/434 4513/3212/434 4511/3210/434
f 4514/3004/768 4515/3213/592 4200/3002/592
f 4515/3213/592 4516/3127/769 4200/3002/592
f 4515/3213/525 4517/3004/770 4518/3078/770
f 4518/3078/770 4519/3214/525 4515/3213/525
f 4520/3127/771 4515/3213/525 4519/3214/525
f 4519/3214/525 4521/3128/771 4520/3127/771
f 4522/3127/772 4523/3126/772 4200/3002/772
f 4524/3126/773 4525/2760/773 4200/3002/773
f 4526/2760/774 4527/2759/774 4200/3002/774
f 4528/2759/775 4529/2745/775 4200/3002/775
f 4530/3215/372 4531/3216/372 4532/1748/372
f 4532/1748/372 4533/1747/372 4530/3215/372
f 4534/1749/373 4532/1748/373 4531/3216/373
f 4531/3216/373 4535/3217/373 4534/1749/373
f 4536/2854/630 4537/2638/630 4538/3218/630
f 4538/3218/630 4539/3219/630 4536/2854/630
f 4540/3220/631 4538/3218/631 4537/2638/631
f 4537/2638/631 4541/2637/631 4540/3220/631
f 4542/3221/415 4543/3222/415 4544/1646/415
f 4544/1646/415 4545/1647/416 4542/3221/415
f 4546/3223/369 4547/3224/369 4548/3225/369
f 4548/3225/369 4549/3226/369 4546/3223/369
f 4550/3227/371 4546/3223/371 4549/3226/371
f 4549/3226/371 4551/3228/371 4552/3227/371
f 4549/3226/397 4553/3225/397 4554/3229/397
f 4554/3229/397 4555/3230/397 4549/3226/397
f 4556/3228/398 4549/3226/398 4555/3230/398
f 4555/3230/398 4557/3231/398 4556/3228/398
f 4555/3230/160 4558/3229/160 4559/3232/160
f 4560/3232/160 4561/3233/160 4555/3230/160
f 4562/3231/163 4555/3230/163 4561/3233/163
f 4561/3233/163 4563/3234/163 4562/3231/163
f 4564/3235/369 4565/3236/369 4566/3237/369
f 4566/3237/369 4567/3238/369 4564/3235/369
f 4568/3239/371 4564/3235/371 4567/3238/371
f 4567/3238/371 4569/3240/371 4570/3239/371
f 4567/3238/397 4571/3237/397 4572/3241/397
f 4572/3241/397 4573/3242/397 4567/3238/397
f 4574/3240/398 4567/3238/398 4573/3242/398
f 4573/3242/398 4575/3243/398 4574/3240/398
f 4573/3242/160 4576/3241/161 4577/3244/160
f 4577/3244/160 4578/3245/160 4573/3242/160
f 4579/3243/163 4573/3242/163 4578/3245/163
f 4578/3245/163 4580/3246/163 4579/3243/163
f 4581/3247/369 4582/3248/369 4583/3249/369
f 4583/3249/369 4584/3250/369 4581/3247/369
f 4585/3251/371 4581/3247/371 4584/3250/371
f 4584/3250/371 4586/3252/371 4585/3251/371
f 4584/3250/397 4587/3249/397 4588/3253/397
f 4588/3253/397 4589/3254/397 4584/3250/397
f 4590/3252/398 4584/3250/398 4589/3254/398
f 4589/3254/398 4591/3255/398 4590/3252/398
f 4589/3254/160 4592/3253/160 4593/3256/160
f 4593/3256/160 4594/3257/160 4589/3254/160
f 4595/3255/163 4589/3254/163 4594/3257/163
f 4594/3257/163 4596/3258/163 4595/3255/163
f 4597/3259/30 4598/3260/30 4599/3261/30
f 4599/3261/30 4600/3262/30 4597/3259/30
f 4601/3263/30 4602/3264/30 4603/3265/30
f 4603/3265/30 4604/3266/30 4601/3263/30
f 4605/3267/776 4606/3124/776 4607/3125/776
f 4608/3171/777 4609/3268/777 4610/3269/777
f 4610/3269/777 4611/3172/777 4608/3171/777
f 4612/3268/778 4613/3160/778 4614/3270/778
f 4614/3270/778 4615/3269/778 4612/3268/778
f 4616/3271/72 4617/3067/72 4618/3070/72
f 4618/3070/72 4619/3272/72 4616/3271/72
f 4620/3273/508 4621/3274/508 4622/1417/508
f 4622/1417/508 4623/1416/508 4620/3273/508
f 4624/1260/434 4622/1417/434 4621/3274/434
f 4621/3274/434 4625/3275/434 4624/1260/434
f 4626/1261/509 4624/1260/509 4625/3275/509
f 4625/3275/509 4627/3276/509 4626/1261/509
f 4628/3277/655 4629/3278/655 4630/1388/655
f 4630/1388/655 4631/1387/655 4628/3277/655
f 4632/1389/679 4630/1388/679 4629/3278/779
f 4629/3278/779 4633/3279/779 4632/1389/679
f 4634/3280/508 4635/3281/508 4636/1419/508
f 4636/1419/508 4637/1634/508 4634/3280/508
f 4638/1058/434 4636/1419/434 4635/3281/434
f 4635/3281/434 4639/3282/434 4638/1058/434
f 4640/1059/509 4638/1058/509 4639/3282/509
f 4639/3282/509 4641/3283/509 4640/1059/509
f 4642/3064/508 4643/3024/508 4644/2544/508
f 4644/2544/508 4645/2574/508 4642/3064/508
f 4646/1986/434 4644/2544/434 4643/3024/434
f 4643/3024/434 4647/2817/434 4646/1986/434
f 4648/1987/509 4646/1986/509 4647/2817/509
f 4647/2817/509 4649/2816/509 4648/1987/509
f 4650/2749/655 4651/2748/655 4652/1578/655
f 4652/1578/655 4653/1577/655 4650/2749/655
f 4654/1579/679 4652/1578/679 4651/2748/679
f 4651/2748/679 4655/2750/679 4654/1579/679
f 4656/3284/508 4657/3025/508 4658/2553/508
f 4658/2553/508 4659/2875/508 4656/3284/508
f 4660/1517/434 4658/2553/434 4657/3025/434
f 4657/3025/434 4661/2449/434 4660/1517/434
f 4662/1518/509 4660/1517/509 4661/2449/509
f 4661/2449/509 4663/2448/509 4662/1518/509
f 4664/3285/417 4665/3286/417 4666/3287/417
f 4665/3286/417 4664/3285/417 4667/187/417
f 4666/3287/417 4668/3288/417 4664/3285/417
f 4668/3288/417 4666/3287/417 4669/3289/417
f 4668/3288/417 4669/3289/417 4670/3290/417
f 4671/3291/417 4672/3292/754 4673/3293/754
f 4674/3294/675 4673/3293/754 4672/3292/754
f 4672/3292/754 4675/3295/675 4674/3294/675
f 4673/3293/754 4674/3294/675 4676/3296/675
f 4676/3296/675 4677/3297/675 4673/3293/754
f 4673/3293/754 4678/3298/417 4671/3291/417
f 4679/3299/417 4671/3291/417 4678/3298/417
f 4678/3298/417 4680/3300/417 4679/3299/417
f 4681/1114/780 4682/1327/780 4683/2438/780
f 4684/3301/417 4685/3302/417 4686/3303/417
f 4686/3303/417 4687/3304/417 4684/3301/417
f 4688/3305/417 4686/3303/417 4685/3302/417
f 4685/3302/417 4689/3306/417 4688/3305/417
f 4690/3307/417 4688/3305/417 4689/3306/417
f 4689/3306/417 4691/3308/417 4690/3307/417
f 4692/3309/417 4690/3307/417 4691/3308/417
f 4691/3308/417 4693/3310/417 4692/3309/417
f 4694/3311/417 4692/3309/417 4693/3310/417
f 4693/3310/417 4695/3312/417 4694/3311/417
f 4696/3313/434 4697/3314/434 4698/188/434
f 4696/3313/434 4699/3315/434 4697/3314/434
f 4699/3315/434 4696/3313/434 4700/3316/434
f 4700/3316/434 4701/3317/434 4699/3315/434
f 4701/3317/434 4700/3316/434 4702/3318/434
f 4703/3319/756 4704/3320/434 4705/3321/434
f 4706/3322/434 4705/3321/434 4704/3320/434
f 4704/3320/434 4707/3323/434 4706/3322/434
f 4705/3321/434 4708/3324/756 4703/3319/756
f 4709/3325/682 4703/3319/756 4708/3324/756
f 4708/3324/756 4710/3326/682 4709/3325/682
f 4711/3327/682 4710/3326/682 4708/3324/756
f 4708/3324/756 4712/3328/682 4711/3327/682
f 4713/3329/527 4714/2377/527 4715/3025/527
f 4715/3025/527 4716/3284/527 4713/3329/527
f 4717/3330/434 4718/3331/434 4719/3332/434
f 4719/3332/434 4720/3333/434 4717/3330/434
f 4720/3333/434 4719/3332/434 4721/3334/434
f 4721/3334/434 4722/3335/434 4720/3333/434
f 4722/3335/434 4721/3334/434 4723/3336/434
f 4723/3336/434 4724/3337/434 4722/3335/434
f 4724/3337/434 4723/3336/434 4725/3338/434
f 4725/3338/434 4726/3339/434 4724/3337/434
f 4726/3339/434 4725/3338/434 4727/3340/434
f 4727/3340/434 4728/3341/434 4726/3339/434
f 4729/2836/417 4730/2837/417 4731/2838/417
f 4732/2839/656 4729/2836/656 4733/2838/656
f 4730/2837/417 4729/2836/417 4734/3342/417
f 4734/3342/417 4735/3343/417 4730/2837/417
f 4735/3343/417 4734/3342/417 4736/2840/417
f 4736/2840/417 4737/2841/417 4735/3343/417
f 4735/3343/417 4737/2841/417 4738/2842/417
f 4739/3344/369 4740/3345/369 4741/3346/369
f 4741/3346/369 4742/3347/369 4739/3344/369
f 4743/3348/371 4739/3344/781 4742/3347/371
f 4742/3347/371 4744/3349/371 4743/3348/371
f 4742/3347/397 4745/3346/397 4746/742/397
f 4746/742/397 1000/741/397 4742/3347/397
f 4747/3349/398 4742/3347/398 1000/741/398
f 1000/741/398 4748/745/398 4747/3349/398
f 4749/3350/369 4750/3351/370 4751/3352/369
f 4751/3352/369 4752/3353/369 4749/3350/369
f 4753/3354/371 4749/3350/371 4752/3353/371
f 4752/3353/371 4754/3355/371 4753/3354/371
f 4752/3353/397 4755/3352/397 4756/751/397
f 4756/751/397 1011/750/397 4752/3353/397
f 4757/3355/398 4752/3353/398 1011/750/398
f 1011/750/398 4758/754/398 4757/3355/398
f 4759/3356/782 4760/2373/782 4761/1330/782
f 4762/2049/783 4763/2048/783 4764/3357/783
f 4764/3357/783 4765/3358/783 4762/2049/783
f 4766/3359/527 4767/2907/527 4768/1927/527
f 4768/1927/527 4769/1926/527 4766/3359/527
f 4770/2438/784 4771/3360/784 4772/1114/784
f 4773/1175/768 4774/3361/592 3089/2221/592
f 4774/3361/592 4775/3362/769 3089/2221/592
f 4774/3361/525 4776/1175/770 4777/1178/770
f 4777/1178/770 4778/3363/525 4774/3361/525
f 4779/3362/771 4774/3361/525 4778/3363/525
f 4778/3363/525 4780/3364/771 4779/3362/771
f 4781/3362/772 4782/3365/772 3089/2221/772
f 4783/3365/773 4784/3366/773 3089/2221/773
f 4785/3366/774 4786/3367/774 3089/2221/774
f 4787/3367/775 4788/1122/775 3089/2221/775
f 4789/3368/179 4790/3369/179 4791/3370/179
f 4791/3370/179 4792/3371/179 4789/3368/179
f 4793/3372/1 4794/3373/1 4795/3374/1
f 4795/3374/1 4796/3375/1 4793/3372/1
f 4797/3376/417 4798/3377/417 4799/3378/417
f 4799/3378/417 4800/3379/417 4797/3376/417
f 4801/3295/417 4799/3378/417 4798/3377/417
f 4798/3377/417 4802/3294/417 4801/3295/417
f 4803/3380/417 4799/3378/417 4801/3295/417
f 4799/3378/417 4803/3380/417 4804/3291/417
f 4804/3291/417 4805/3381/417 4799/3378/417
f 4804/3291/417 4806/3299/417 4805/3381/417
f 4805/3381/417 4806/3299/417 4807/3382/417
f 4805/3381/417 4807/3382/417 4808/3383/417
f 4808/3383/417 4809/3384/417 4805/3381/417
f 4810/3385/417 4805/3381/417 4809/3384/417
f 4809/3384/417 4811/3386/417 4810/3385/417
f 4812/1191/716 4813/1315/716 4814/1194/718
f 4814/1194/718 4815/1193/785 4812/1191/716
f 4816/1194/716 4813/1315/716 4817/2870/716
f 4818/1330/786 4819/1328/786 4820/3356/786
f 4821/3387/434 4822/3388/434 4823/3389/434
f 4823/3389/434 4824/3390/434 4821/3387/434
f 4825/3391/434 4822/3388/434 4821/3387/434
f 4825/3391/434 4821/3387/434 4826/3323/434
f 4825/3391/434 4826/3323/434 4827/3320/434
f 4827/3320/434 4828/3392/434 4825/3391/434
f 4828/3392/434 4829/3325/434 4825/3391/434
f 4825/3391/434 4829/3325/434 4830/3326/434
f 4830/3326/434 4831/3393/434 4825/3391/434
f 4832/2722/787 4833/3123/787 4834/3394/787
f 4835/3125/788 4836/3395/788 4837/3267/788
f 4838/2006/789 4839/2008/789 4840/3396/789
f 4840/3396/789 4841/2845/789 4838/2006/789
f 4842/3397/417 4843/3398/417 4844/3399/417
f 4844/3399/417 4845/3400/417 4842/3397/417
f 4845/3400/417 4844/3399/417 4846/3401/417
f 4847/3402/306 4848/3403/306 4849/3067/306
f 4849/3067/306 4850/3271/306 4847/3402/306
f 4851/3068/307 4849/3067/307 4848/3403/307
f 4848/3403/307 4852/3404/307 4851/3068/307
f 4853/3405/527 4854/3165/527 4855/1959/527
f 4855/1959/527 4856/1958/527 4853/3405/527
f 4857/3406/417 4858/3407/417 4859/3406/417
f 4860/3407/417 4861/3408/417 4862/3406/417
f 4863/3409/790 4864/2026/790 4865/2024/790
f 4865/2024/790 4866/2859/790 4863/3409/790
f 4867/3410/417 4868/3411/417 4869/3412/417
f 4867/3410/417 4870/3413/417 4868/3411/417
f 4870/3413/417 4867/3410/417 4871/3414/417
f 4871/3414/417 4872/3415/417 4870/3413/417
f 4873/3416/417 4872/3415/417 4871/3414/417
f 4871/3414/417 4874/3417/417 4873/3416/417
f 4875/3418/434 4876/3419/434 4877/3420/434
f 4876/3419/434 4878/3421/434 4877/3420/434
f 4879/3422/434 4877/3420/434 4878/3421/434
f 4877/3420/434 4880/3423/434 4875/3418/434
f 4880/3423/434 4881/3424/434 4875/3418/434
f 4876/3419/434 4875/3418/434 4882/3425/434
f 4882/3425/434 4883/3426/434 4876/3419/434
f 4884/3427/434 4882/3425/434 4885/3428/434
f 4885/3428/434 4886/3429/434 4884/3427/434
f 4887/3430/434 4888/3431/434 4886/3429/434
f 4889/3429/434 4890/3428/434 4891/3430/434
f 4892/3394/791 4893/2639/791 4894/2722/791
f 4895/2912/792 4896/3432/792 4897/3267/792
f 4898/3219/655 4899/3218/655 4900/3403/655
f 4900/3403/655 4901/3402/655 4898/3219/655
f 4902/3404/679 4900/3403/679 4899/3218/679
f 4899/3218/679 4903/3220/679 4902/3404/679
f 4904/3433/655 4905/3434/655 4906/2720/655
f 4906/2720/655 4907/2719/655 4904/3433/655
f 4908/2721/679 4906/2720/679 4905/3434/679
f 4905/3434/679 4909/3435/679 4908/2721/679
f 4910/3436/655 4911/3437/655 4912/1513/655
f 4912/1513/655 4913/1512/655 4910/3436/655
f 4914/1514/679 4912/1513/679 4911/3437/779
f 4911/3437/779 4915/3438/779 4914/1514/679
f 4916/3439/372 4917/3440/372 4918/2350/372
f 4918/2350/372 4919/2349/372 4916/3439/372
f 4920/2351/373 4918/2350/373 4917/3440/373
f 4917/3440/373 4921/3441/373 4920/2351/373
f 4922/3267/793 4923/2911/793 4924/2912/793
f 4925/2005/794 4926/2002/794 4927/2004/794
f 4927/2004/794 4928/3442/794 4925/2005/794
f 4929/3443/417 4930/3444/417 4931/3445/417
f 4931/3445/417 4932/3446/417 4929/3443/417
f 4931/3445/417 4930/3444/417 4933/3447/417
f 4933/3447/417 4934/3448/417 4931/3445/417
f 4935/2022/795 4936/2020/795 4937/2023/795
f 4937/2023/795 4938/3449/795 4935/2022/795
f 4939/3450/434 4940/3451/434 4941/3452/434
f 4941/3452/434 4942/3453/434 4939/3450/434
f 4941/3452/434 4940/3451/434 4943/3454/434
f 4943/3454/434 4944/3455/434 4941/3452/434
f 4945/3456/434 4946/3457/434 4947/3458/434
f 4946/3457/434 4948/3459/434 4947/3458/434
f 4949/3460/434 4945/3456/434 4947/3458/434
f 4950/3461/434 4949/3460/434 4947/3458/434
f 4948/3459/434 4951/3462/434 4947/3458/434
f 4952/3463/434 4950/3461/434 4947/3458/434
f 4951/3462/434 4953/3464/434 4947/3458/434
f 4954/3465/434 4952/3463/434 4947/3458/434
f 4953/3464/434 4954/3465/434 4947/3458/434
f 4955/3466/796 4956/3467/797 4957/3468/797
f 4957/3468/797 4958/3469/796 4955/3466/796
f 4957/3468/797 4956/3467/797 4959/3470/798
f 4959/3470/798 4960/3471/798 4957/3468/797
f 4960/3471/799 4959/3470/799 4961/3472/800
f 4961/3472/800 4962/3473/800 4960/3471/799
f 4962/3473/800 4961/3472/800 4963/3474/801
f 4963/3474/801 4964/3475/801 4962/3473/800
f 4965/1863/802 4966/1864/802 4967/3476/802
f 4968/1862/803 4967/3476/804 4969/1861/805
f 4967/3476/804 4968/1862/803 4970/1863/806
f 4971/3477/807 4972/3478/807 4973/3479/808
f 4973/3479/808 4974/3480/808 4971/3477/807
f 4972/3478/807 4971/3477/807 4975/3481/809
f 4975/3481/809 4976/3482/809 4972/3478/807
f 4977/3483/417 4978/3484/754 4979/3485/754
f 4978/3484/754 4980/3486/675 4979/3485/754
f 4979/3485/754 4981/3487/417 4977/3483/417
f 4980/3486/675 4978/3484/754 4982/3488/675
f 4977/3483/417 4981/3487/417 4983/3489/417
f 4982/3488/675 4984/3490/675 4980/3486/675
f 4983/3489/417 4985/3491/417 4977/3483/417
f 4984/3490/675 4982/3488/675 4986/3492/675
f 4984/3490/675 4986/3492/675 4987/3493/675
f 4987/3493/675 4988/3494/675 4984/3490/675
f 4985/3491/417 4983/3489/417 4989/3495/417
f 4990/3496/810 4985/3491/810 4989/3495/810
f 4989/3495/810 4991/3497/810 4990/3496/810
f 4990/3496/810 4991/3497/810 4992/3498/810
f 4993/1845/811 4994/1850/811 4995/1710/811
f 4996/2920/811 4993/1845/811 4995/1710/811
f 4995/1710/811 4997/1708/811 4996/2920/811
f 4998/2920/812 4997/1708/813 4999/1707/813
f 5000/1704/812 4998/2920/812 4999/1707/813
f 4998/2920/812 5000/1704/812 5001/1706/812
f 5001/1706/812 5002/2222/812 4998/2920/812
f 5003/2921/814 5004/1836/814 5005/1837/814
f 5005/1837/814 5006/1887/814 5003/2921/814
f 5005/1837/814 5007/1891/814 5006/1887/814
f 5008/3499/434 5009/3500/756 5010/3501/815
f 5009/3500/756 5011/3502/682 5010/3501/815
f 5011/3502/682 5009/3500/756 5012/3503/682
f 5012/3503/682 5013/3504/682 5011/3502/682
f 5013/3504/682 5012/3503/682 5014/3505/682
f 5014/3505/682 5015/3506/682 5013/3504/682
f 5015/3506/682 5014/3505/682 5016/3507/682
f 5017/3508/434 5018/3509/434 5008/3499/434
f 5018/3509/434 5017/3508/434 5019/3510/434
f 5019/3510/434 5020/3511/434 5018/3509/434
f 5020/3511/816 5019/3510/816 5021/3512/816
f 5021/3512/816 5022/3513/816 5020/3511/816
f 5022/3513/816 5021/3512/816 5023/3514/816
f 5024/1831/817 5025/2921/817 5026/1830/817
f 5025/2921/817 5024/1831/817 5027/1832/817
f 5025/2921/817 5027/1832/817 5028/1834/818
f 5025/2921/817 5028/1834/818 5029/1836/818
f 5030/3515/1 5031/3516/1 5032/3517/1
f 5032/3517/1 5033/3518/1 5030/3515/1
f 5031/3516/1 5030/3515/1 5034/3519/1
f 5034/3519/1 5035/3520/1 5031/3516/1
f 5035/3520/1 5034/3519/1 5036/3521/1
f 5036/3521/1 5037/3522/1 5035/3520/1
f 5037/3522/1 5036/3521/1 5038/3523/1
f 5038/3523/1 5039/3524/1 5037/3522/1
f 5039/3524/1 5038/3523/1 5040/3525/1
f 5040/3525/1 5041/3526/1 5039/3524/1
f 5041/3526/1 5040/3525/1 5042/3527/1
f 5042/3527/1 5043/3528/1 5041/3526/1
f 5043/3528/1 5042/3527/1 5044/3529/1
f 5044/3529/1 5045/3530/1 5043/3528/1
f 5045/3530/1 5044/3529/1 5046/3531/1
f 5046/3531/1 5047/3532/1 5045/3530/1
f 5047/3532/1 5046/3531/1 5048/3533/1
f 5048/3533/1 5049/3534/1 5047/3532/1
f 5049/3534/819 5048/3533/819 5050/3535/819
f 5050/3535/819 5051/3536/819 5049/3534/819
f 5052/1314/753 5053/1230/753 5054/1229/753
f 5054/1229/753 5055/2973/753 5052/1314/753
f 5056/2037/820 5057/3537/820 5058/3538/820
f 5058/3538/820 5059/2038/820 5056/2037/820
f 5060/2911/821 5061/3267/821 5062/3395/821
f 5063/3044/822 5064/3539/822 5065/3039/822
f 5066/3540/823 5067/3541/823 5068/3542/823
f 5068/3542/823 5069/3543/823 5066/3540/823
f 5070/3544/824 5066/3540/824 5069/3543/824
f 5069/3543/824 5071/3545/824 5070/3544/824
f 5072/3546/372 5073/3547/372 5074/2739/372
f 5074/2739/372 5075/2738/372 5072/3546/372
f 5076/2740/373 5074/2739/373 5073/3547/373
f 5073/3547/373 5077/3548/373 5076/2740/373
f 5078/3549/179 5079/3550/179 5080/3551/179
f 5080/3551/179 5081/3552/179 5078/3549/179
f 5082/3553/825 5083/3549/825 5081/3552/825
f 5081/3552/825 5084/3554/825 5082/3553/825
f 5084/3554/826 5085/3555/826 5086/3556/826
f 5086/3556/826 5087/3553/826 5084/3554/826
f 5088/3557/827 5080/3551/827 5089/3550/827
f 5089/3550/827 5090/3558/827 5088/3557/827
f 5091/3559/828 5088/3557/828 5092/3558/828
f 5092/3558/828 5093/3560/828 5091/3559/828
f 5094/3561/179 5095/3562/179 5096/3563/179
f 5096/3563/179 5097/3564/179 5094/3561/179
f 5098/3565/827 5099/3561/827 5097/3564/827
f 5097/3564/827 5100/3566/827 5098/3565/827
f 5101/3567/828 5102/3565/828 5100/3566/828
f 5100/3566/828 5103/3568/828 5101/3567/828
f 5104/3569/825 5096/3563/825 5105/3562/825
f 5105/3562/825 5106/3570/825 5104/3569/825
f 5107/3571/826 5104/3569/826 5108/3570/826
f 5108/3570/826 5109/3572/826 5107/3571/826
f 5110/3395/829 5111/3573/829 5112/2911/829
f 5113/3574/350 5114/3575/350 5115/3283/350
f 5116/3283/350 5117/3282/350 5113/3574/350
f 5118/3576/61 5119/3577/61 5120/3578/61
f 5120/3578/61 5121/3579/61 5118/3576/61
f 5121/3579/61 5120/3578/61 5122/91/61
f 5122/91/61 5123/90/61 5121/3579/61
f 5124/3580/1 5125/3581/1 5126/3582/1
f 5126/3582/1 5127/3583/1 5124/3580/1
f 5128/3584/1 5124/3580/1 5127/3583/1
f 5127/3583/1 5129/3585/1 5128/3584/1
f 5130/3586/1 5128/3584/1 5129/3585/1
f 5129/3585/1 5131/3587/1 5130/3586/1
f 5132/3588/1 5130/3586/1 5131/3587/1
f 5131/3587/1 5133/3589/1 5132/3588/1
f 5134/3590/1 5132/3588/1 5133/3589/1
f 5133/3589/1 5135/3591/1 5134/3590/1
f 5136/3592/1 5134/3590/1 5135/3591/1
f 5135/3591/1 5137/3593/1 5136/3592/1
f 5138/3594/830 5136/3592/1 5137/3593/1
f 5137/3593/1 5139/3595/830 5138/3594/830
f 5140/3596/831 5138/3594/830 5139/3595/830
f 5139/3595/830 5141/3597/831 5140/3596/831
f 5142/3598/1 5143/3599/1 5144/3600/1
f 5144/3600/1 5145/3601/1 5142/3598/1
f 5146/3602/1 5144/3600/1 5143/3599/1
f 5143/3599/1 5147/3603/1 5146/3602/1
f 5148/3604/1 5146/3602/1 5147/3603/1
f 5147/3603/1 5149/3605/1 5148/3604/1
f 5150/3606/1 5148/3604/1 5149/3605/1
f 5149/3605/1 5151/3607/1 5150/3606/1
f 5152/3608/1 5150/3606/1 5151/3607/1
f 5151/3607/1 5153/3609/1 5152/3608/1
f 5154/3610/1 5152/3608/1 5153/3609/1
f 5153/3609/1 5155/3611/1 5154/3610/1
f 5156/3612/830 5154/3610/1 5155/3611/1
f 5155/3611/1 5157/3613/830 5156/3612/830
f 5158/3614/831 5156/3612/830 5157/3613/830
f 5157/3613/830 5159/3615/831 5158/3614/831
f 5160/3616/527 5161/3166/527 5162/1963/527
f 5162/1963/527 5163/1962/527 5160/3616/527
f 5164/3617/832 5165/3120/833 5166/3123/834
f 5166/3123/834 5167/2722/835 5164/3617/832
f 5168/3618/836 5164/3617/832 5167/2722/835
f 5169/2722/837 5170/1061/837 5168/3618/837
f 5171/3167/838 5172/3619/839 5173/1563/840
f 5174/1564/841 5173/1563/840 5172/3619/839
f 5172/3619/839 5175/2916/841 5174/1564/841
f 5176/1563/838 5177/1560/838 5171/3167/838
f 5178/1080/1 5179/1079/1 5180/3620/1
f 5180/3620/1 5181/3621/1 5178/1080/1
f 5182/3080/61 5183/3622/61 5184/3623/61
f 5184/3623/61 5185/3081/61 5182/3080/61
f 5186/3624/61 5184/3623/61 5183/3622/61
f 5183/3622/61 5187/3625/61 5186/3624/61
f 5184/3623/61 5186/3624/61 5188/3626/61
f 5185/3081/61 5184/3623/61 5189/3627/61
f 5189/3627/61 5190/2370/61 5185/3081/61
f 5191/2371/61 5190/2370/61 5189/3627/61
f 5189/3627/61 5184/3623/61 5192/3628/61
f 5189/3627/61 5193/3629/61 5191/2371/61
f 5194/3118/842 5191/2371/61 5193/3629/61
f 5193/3629/61 5195/3630/842 5194/3118/842
f 5196/3119/843 5194/3118/842 5195/3630/842
f 5195/3630/842 5197/3631/843 5196/3119/843
f 5198/3632/844 5196/3119/843 5197/3631/843
f 5197/3631/843 5199/3633/845 5198/3632/844
f 5200/552/846 5198/3632/844 5199/3633/845
f 5199/3633/845 5201/549/846 5200/552/846
f 5201/549/846 5199/3633/845 5202/3634/845
f 5202/3634/845 5203/553/846 5201/549/846
f 5203/553/846 5202/3634/845 5204/3037/844
f 5204/3037/844 5205/555/846 5203/553/846
f 5206/3114/843 5204/3037/844 5202/3634/845
f 5202/3634/845 5207/3635/843 5206/3114/843
f 5208/3115/842 5206/3114/843 5207/3635/843
f 5207/3635/843 5209/3636/842 5208/3115/842
f 5210/2366/61 5208/3115/842 5209/3636/842
f 5209/3636/842 5211/3637/61 5210/2366/61
f 5212/2367/61 5210/2366/61 5211/3637/61
f 5211/3637/61 5213/3638/61 5212/2367/61
f 5214/3073/61 5212/2367/61 5213/3638/61
f 5213/3638/61 5192/3628/61 5214/3073/61
f 5192/3628/61 5213/3638/61 5189/3627/61
f 5215/3074/61 5214/3073/61 5192/3628/61
f 5192/3628/61 5188/3626/61 5216/3639/61
f 5192/3628/61 5216/3639/61 5217/3640/61
f 5192/3628/61 5218/3641/61 5215/3074/61
f 5217/3640/61 5218/3641/61 5192/3628/61
f 5219/3076/61 5215/3074/61 5218/3641/61
f 5220/3642/61 5218/3641/61 5217/3640/61
f 5218/3641/61 5221/3643/61 5219/3076/61
f 5221/3643/61 5218/3641/61 5220/3642/61
f 5222/528/61 5219/3076/61 5221/3643/61
f 5220/3642/61 5223/3644/61 5221/3643/61
f 5221/3643/61 5224/524/61 5222/528/61
f 5224/524/61 5221/3643/61 5223/3644/61
f 5223/3644/61 5225/525/61 5224/524/61
f 5226/3645/61 5227/3083/61 5228/3086/61
f 5228/3086/61 5229/3646/61 5226/3645/61
f 5229/3646/61 5228/3086/61 5230/3087/61
f 5226/3645/61 5229/3646/61 5231/3647/61
f 5231/3647/61 5232/3648/61 5226/3645/61
f 5233/3649/61 5231/3647/61 5229/3646/61
f 5230/3087/61 5234/3650/61 5229/3646/61
f 5229/3646/61 5234/3650/61 5233/3649/61
f 5234/3650/61 5230/3087/61 5235/520/61
f 5236/522/61 5233/3649/61 5234/3650/61
f 5235/520/61 5237/519/61 5234/3650/61
f 5234/3650/61 5237/519/61 5236/522/61
f 5238/3651/61 5239/3652/61 5240/3653/61
f 5239/3652/61 5238/3651/61 5241/3654/61
f 5241/3654/61 5242/3655/61 5239/3652/61
f 5240/3653/61 5243/3656/61 5238/3651/61
f 5243/3656/61 5240/3653/61 5244/3657/61
f 5244/3657/61 5245/3658/61 5243/3656/61
f 5246/3659/61 5247/3660/61 5248/3661/61
f 5249/3662/61 5248/3661/61 5247/3660/61
f 5247/3660/61 5250/3663/61 5249/3662/61
f 5248/3661/61 5251/3664/61 5246/3659/61
f 5252/3665/61 5246/3659/61 5251/3664/61
f 5251/3664/61 5253/3666/61 5252/3665/61
f 5254/3667/61 5255/3668/61 5256/3669/61
f 5256/3669/61 5257/3670/61 5254/3667/61
f 5255/3668/61 5254/3667/61 5258/3671/61
f 5258/3671/61 5259/3672/61 5255/3668/61
f 5260/3360/847 5261/3356/847 5262/1328/847
f 5263/1328/848 5264/1114/848 5260/3360/848
f 5265/3573/849 5266/3673/850 5267/1179/851
f 5267/1179/851 5268/2911/852 5265/3573/849
f 5269/3367/635 5270/3366/635 5271/3674/635
f 5272/3674/635 5273/3675/635 5274/3367/635
f 5275/2049/783 5276/2048/783 5277/3357/783
f 5277/3357/783 5278/3358/783 5275/2049/783
f 5279/3676/630 5280/3677/630 5281/2909/630
f 5281/2909/630 5282/2908/630 5279/3676/630
f 5283/2910/631 5281/2909/631 5280/3677/631
f 5280/3677/631 5284/3678/631 5283/2910/631
f 5285/3679/331 5286/3680/331 5287/2577/331
f 5287/2577/331 5288/2576/331 5285/3679/331
f 5289/3681/179 5290/3682/179 5291/3683/179
f 5292/3684/179 5290/3682/179 5289/3681/179
f 5289/3681/179 5293/3685/179 5292/3684/179
f 5294/3686/179 5292/3684/179 5293/3685/179
f 5293/3685/179 5295/3687/179 5294/3686/179
f 5294/3686/179 5295/3687/179 5296/3688/179
f 5296/3688/179 5297/3689/179 5294/3686/179
f 5294/3686/179 5297/3689/179 5298/3690/179
f 5294/3686/179 5298/3690/179 5299/3691/179
f 5299/3691/179 5300/3692/179 5294/3686/179
f 5299/3691/179 5301/3693/179 5300/3692/179
f 5300/3692/179 5301/3693/179 5302/3694/179
f 5302/3694/179 5303/3695/179 5300/3692/179
f 5294/3686/179 5300/3692/179 5304/3696/179
f 5304/3696/179 5305/3697/179 5294/3686/179
f 5305/3697/179 5304/3696/179 5306/3698/179
f 5306/3698/179 5307/3699/179 5305/3697/179
f 5308/2007/853 5309/2005/853 5310/3442/853
f 5310/3442/853 5311/3700/853 5308/2007/853
f 5312/3701/179 5313/3702/179 5314/3703/179
f 5314/3703/179 5315/3704/179 5312/3701/179
f 5316/3705/179 5317/3706/179 5318/3707/179
f 5316/3705/179 5318/3707/179 5319/3708/179
f 5319/3708/179 5320/3709/179 5316/3705/179
f 5316/3705/179 5320/3709/179 5321/3710/179
f 5321/3710/179 5320/3709/179 5322/3711/179
f 5322/3711/179 5323/3712/179 5321/3710/179
f 5324/3713/179 5323/3712/179 5322/3711/179
f 5322/3711/179 5325/3714/179 5324/3713/179
f 5326/3715/179 5324/3713/179 5325/3714/179
f 5327/3716/179 5318/3707/179 5317/3706/179
f 5317/3706/179 5328/3717/179 5327/3716/179
f 5327/3716/179 5328/3717/179 5329/3718/179
f 5327/3716/179 5330/3719/179 5331/3720/179
f 5331/3720/179 5332/3721/179 5327/3716/179
f 5332/3721/179 5331/3720/179 5333/3722/179
f 5332/3721/179 5333/3722/179 5334/3723/179
f 5334/3723/179 5335/3724/179 5332/3721/179
f 5334/3723/179 5336/3725/179 5335/3724/179
f 5335/3724/179 5336/3725/179 5337/3726/179
f 5337/3726/179 5325/3714/179 5335/3724/179
f 5332/3721/179 5335/3724/179 5338/3727/179
f 5338/3727/179 5339/3728/179 5332/3721/179
f 5339/3728/179 5338/3727/179 5340/3729/179
f 5340/3729/179 5341/3730/179 5339/3728/179
f 5342/3726/179 5343/3715/179 5344/3714/179
f 5345/3719/179 5346/3716/179 5347/3718/179
f 5348/3449/854 5349/2023/854 5350/2025/854
f 5350/2025/854 5351/3731/854 5348/3449/854
f 5352/3732/179 5353/3733/179 5354/3734/179
f 5354/3734/179 5355/3735/179 5352/3732/179
f 5356/3736/179 5357/3737/179 5358/3738/179
f 5358/3738/179 5359/3739/179 5356/3736/179
f 5357/3737/179 5356/3736/179 5360/3740/179
f 5360/3740/179 5361/3741/179 5357/3737/179
f 5361/3741/179 5360/3740/179 5362/3742/179
f 5362/3742/179 5363/3743/179 5361/3741/179
f 5363/3743/179 5362/3742/179 5364/3744/179
f 5364/3744/179 5365/3745/179 5363/3743/179
f 5366/3746/342 5367/3747/342 5368/2918/342
f 5368/2918/342 5369/2917/342 5366/3746/342
f 5370/3748/350 5371/3749/350 5372/3276/350
f 5372/3276/350 5373/3275/350 5370/3748/350
f 3011/3750/855 2956/3751/855 2955/3752/856
f 2955/3752/856 3012/3753/856 3011/3750/855
f 2956/3751/855 3011/3750/855 3015/3754/61
f 3015/3754/61 2957/3755/61 2956/3751/855
f 2957/3755/61 3015/3754/61 139/3756/61
f 139/3756/61 138/3757/61 2957/3755/61
f 5374/3758/61 5375/3759/61 5376/3760/61
f 5376/3760/61 5377/3761/61 5374/3758/61
f 5378/3762/61 5375/3759/61 5374/3758/61
f 5374/3758/61 5379/3763/61 5378/3762/61
f 5380/3764/61 5381/3765/61 5382/3766/61
f 5383/3767/61 5381/3765/61 5380/3764/61
f 5384/3768/857 5385/3026/857 5386/3769/857
f 5386/3769/857 5387/3770/857 5384/3768/857
f 5388/3058/858 5389/3771/858 5390/3772/858
f 5390/3772/858 5391/3059/858 5388/3058/858
f 5392/2008/290 5393/2007/290 5394/3700/290
f 5394/3700/290 5395/3396/290 5392/2008/290
f 5396/3731/291 5397/2025/291 5398/2026/291
f 5398/2026/291 5399/3409/291 5396/3731/291
f 5400/1980/561 5401/3773/561 5402/3774/563
f 5402/3774/563 5403/1981/563 5400/1980/561
f 5403/1981/563 5402/3774/563 5404/3775/564
f 5404/3775/564 5405/1982/564 5403/1981/563
f 5405/1982/564 5404/3775/564 5406/3776/566
f 5406/3776/566 5407/1983/566 5405/1982/564
f 5408/3777/630 5409/3778/630 5410/3031/630
f 5410/3031/630 5411/3030/630 5408/3777/630
f 5412/3032/631 5410/3031/631 5409/3778/631
f 5409/3778/631 5413/3779/631 5412/3032/631
f 5414/3780/761 5415/2112/761 5416/2115/763
f 5416/2115/763 5417/3781/763 5414/3780/761
f 5417/3781/763 5416/2115/763 5418/2117/764
f 5418/2117/764 5419/3782/765 5417/3781/763
f 5419/3782/765 5418/2117/764 5420/2119/766
f 5420/2119/766 5421/3783/766 5419/3782/765
f 5421/3783/766 5420/2119/766 5422/2121/767
f 5422/2121/767 5423/3784/767 5421/3783/766
f 5424/3785/376 5425/3679/376 5426/2576/376
f 5426/2576/376 5427/2907/376 5424/3785/376
f 5428/3786/859 5429/1267/859 5430/3787/859
f 5430/3787/859 5431/3788/859 5428/3786/859
f 5432/3789/630 5433/3790/630 5434/3434/630
f 5434/3434/630 5435/3433/630 5432/3789/630
f 5436/3435/631 5434/3434/631 5433/3790/631
f 5433/3790/631 5437/3791/631 5436/3435/631
f 5438/3792/618 5439/3793/618 5440/1644/618
f 5440/1644/618 5441/1645/618 5442/3792/618
f 5443/3123/860 5444/3122/860 5445/3794/860
f 5446/3794/861 5447/3394/861 5448/3123/861
f 5449/3795/61 5450/3796/61 5451/3797/61
f 5451/3797/61 5452/3798/61 5449/3795/61
f 5453/3799/413 5454/3748/413 5455/3275/413
f 5455/3275/413 5456/3274/413 5453/3799/413
f 5457/3800/413 5458/3574/413 5459/3282/413
f 5459/3282/413 5460/3281/413 5457/3800/413
f 5461/3801/527 5462/3799/527 5463/3274/527
f 5463/3274/527 5464/3273/527 5461/3801/527
f 5465/3802/61 5466/3803/61 5467/3804/61
f 5467/3804/61 5468/3805/61 5465/3802/61
f 5469/3806/61 5470/3807/61 5471/3808/61
f 5471/3808/61 5472/3809/61 5469/3806/61
f 5473/3747/316 5474/3810/316 5475/2919/316
f 5475/2919/316 5476/2918/316 5473/3747/316
f 5477/3811/61 5478/3812/61 5479/3813/61
f 5479/3813/61 5480/3814/61 5477/3811/61
f 5481/3815/61 5482/3816/61 5483/3817/61
f 5483/3817/61 5484/3818/61 5481/3815/61
f 5485/3819/630 5486/3820/630 5487/3278/630
f 5487/3278/630 5488/3277/630 5485/3819/630
f 5489/3279/631 5487/3278/631 5486/3820/631
f 5486/3820/631 5490/3821/631 5489/3279/631
f 5491/3822/61 5492/3823/61 5493/3824/61
f 5493/3824/61 5494/3825/61 5491/3822/61
f 5493/3824/61 5492/3823/61 5495/3826/61
f 5495/3826/61 5496/3827/61 5493/3824/61
f 5496/3827/61 5495/3826/61 5497/3828/61
f 5497/3828/61 5498/3829/61 5496/3827/61
f 5499/3830/61 5500/3831/61 5501/3832/61
f 5501/3832/61 5502/3833/61 5499/3830/61
f 5503/3834/61 5502/3833/61 5501/3832/61
f 5501/3832/61 5504/3835/61 5503/3834/61
f 5505/3836/61 5503/3834/61 5504/3835/61
f 5504/3835/61 5506/3837/61 5505/3836/61
f 5507/1712/862 5508/1711/863 5509/1851/864
f 5510/1850/865 5509/1851/864 5508/1711/863
f 5508/1711/863 5511/1710/865 5510/1850/865
f 5512/1838/866 5513/1839/867 5514/1892/868
f 5512/1838/866 5514/1892/868 5515/1891/869
f 5515/1891/869 5516/1837/869 5512/1838/866
f 5517/3838/61 5518/3839/61 5519/3840/61
f 5519/3840/61 5520/3841/61 5517/3838/61
f 5521/3842/870 5522/3843/871 5523/3844/872
f 5522/3843/871 5521/3842/870 5524/3845/873
f 5524/3845/873 5525/3846/873 5522/3843/871
f 5526/2796/179 5527/2789/179 5528/3847/179
f 5528/3847/179 5529/3848/179 5526/2796/179
f 5530/3673/874 5531/3849/874 5532/1020/874
f 5533/3537/875 5534/3850/875 5535/3851/875
f 5535/3851/875 5536/3538/875 5533/3537/875
f 5537/3139/876 5535/3851/876 5534/3850/876
f 5534/3850/876 5538/3138/876 5537/3139/876
f 5539/1020/877 5540/1179/877 5541/3673/877
f 5542/3124/878 5543/3267/878 5544/3432/878
f 5545/3852/30 5546/3853/30 5547/3854/30
f 5547/3854/30 5546/3853/30 5548/3855/30
f 5548/3855/30 5549/3856/30 5547/3854/30
f 5547/3854/30 5550/3857/30 5545/3852/30
f 5551/3858/30 5545/3852/30 5550/3857/30
f 5550/3857/30 5552/3859/30 5551/3858/30
f 5551/3858/30 5552/3859/30 5553/3860/30
f 5554/3861/30 5551/3858/30 5553/3860/30
f 5553/3860/30 5555/3862/30 5554/3861/30
f 5556/3863/30 5554/3861/30 5555/3862/30
f 5557/3864/30 5556/3863/30 5555/3862/30
f 5555/3862/30 5558/3865/30 5557/3864/30
f 5559/3866/30 5557/3864/30 5558/3865/30
f 5558/3865/30 5560/3867/30 5559/3866/30
f 5559/3866/30 5560/3867/30 5561/3868/30
f 5560/3867/30 5562/3869/30 5561/3868/30
f 5559/3866/30 5561/3868/30 5563/3870/30
f 5561/3868/30 5564/3871/30 5563/3870/30
f 5564/3871/30 5561/3868/30 5565/3872/30
f 5565/3872/30 5566/3873/30 5564/3871/30
f 5566/3873/30 5565/3872/30 5567/3874/30
f 5567/3874/30 5568/3875/30 5566/3873/30
f 5568/3875/30 5567/3874/30 5569/3876/30
f 5569/3876/30 5570/3877/30 5568/3875/30
f 5571/3878/630 5572/3879/630 5573/3437/630
f 5573/3437/630 5574/3436/630 5571/3878/630
f 5575/3438/631 5573/3437/631 5572/3879/631
f 5572/3879/631 5576/3880/631 5575/3438/631
f 5577/3881/400 5578/3785/400 5579/2907/400
f 5579/2907/400 5580/3359/400 5577/3881/400
f 5581/3882/364 5582/3883/365 5583/3884/365
f 5582/3883/365 5584/3885/366 5583/3884/365
f 5582/3883/290 5585/3882/367 5586/3886/367
f 5586/3886/367 5587/3887/290 5582/3883/290
f 5588/3885/368 5582/3883/290 5587/3887/290
f 5587/3887/290 5589/3888/368 5588/3885/368
f 5587/3887/369 5590/3886/369 5591/1487/369
f 5591/1487/369 2085/1486/369 5587/3887/369
f 5592/3888/371 5587/3887/781 2085/1486/371
f 2085/1486/371 5593/1490/371 5592/3888/371
f 5594/3889/364 5595/3890/365 5596/3891/365
f 5595/3890/365 5597/3892/366 5596/3891/365
f 5595/3890/290 5598/3889/367 5599/3893/367
f 5599/3893/367 5600/3894/290 5595/3890/290
f 5601/3892/368 5595/3890/290 5600/3894/290
f 5600/3894/290 5602/3895/368 5601/3892/368
f 5600/3894/369 5603/3893/370 5604/1500/369
f 5604/1500/369 2104/1499/369 5600/3894/369
f 5605/3895/371 5600/3894/371 2104/1499/371
f 2104/1499/371 5606/1503/371 5605/3895/371
f 5607/3896/527 5608/3800/527 5609/3281/527
f 5609/3281/527 5610/3280/527 5607/3896/527
f 5611/3849/879 5612/3897/880 5613/1021/881
f 5614/1061/882 5613/1021/881 5612/3897/880
f 5613/1021/881 5615/1020/879 5611/3849/879
f 5616/2643/883 5617/2642/883 5618/2111/883
f 5618/2111/883 5619/2110/883 5616/2643/883
f 5620/3898/179 5621/3899/179 5622/3900/179
f 5622/3900/179 5623/3901/179 5620/3898/179
f 5622/3900/179 5621/3899/179 5624/3902/179
f 5624/3902/179 5625/3903/179 5622/3900/179
f 5625/3903/179 5624/3902/179 5626/3904/179
f 5625/3903/179 5626/3904/179 5627/3905/179
f 5627/3905/179 5628/3906/179 5625/3903/179
f 5629/3907/179 5628/3906/179 5627/3905/179
f 5630/3908/179 5631/3909/179 5632/3910/179
f 5633/3910/179 5634/3909/179 5635/3911/179
f 5636/3912/179 5637/3911/179 5638/3909/179
f 5636/3912/179 5638/3909/179 5639/3913/179
f 5640/3914/179 5641/3913/179 5642/3915/179
f 5642/3915/179 5643/3916/179 5640/3914/179
f 5644/3913/179 5645/3914/179 5646/3912/179
f 5647/3122/884 5648/3124/885 5649/3917/886
f 5650/3432/887 5649/3917/886 5648/3124/885
f 5651/3918/816 5652/3919/816 5653/3920/888
f 5653/3920/888 5654/3921/816 5651/3918/816
f 5653/3920/888 5652/3919/816 5655/3922/816
f 5655/3922/816 5656/3923/816 5653/3920/888
f 5657/3924/810 5658/3925/810 5659/3926/810
f 5659/3926/810 5660/3927/810 5657/3924/810
f 5659/3926/810 5658/3925/810 5661/3928/889
f 5661/3928/889 5662/3929/889 5659/3926/810
f 5663/3930/816 5664/3931/890 5665/3932/890
f 5666/3933/816 5664/3931/890 5663/3930/816
f 5667/3934/888 5668/3935/816 5669/3936/816
f 5670/3937/816 5669/3936/816 5668/3935/816
f 5668/3935/816 5671/3938/816 5670/3937/816
f 5672/3938/816 5673/3930/816 5674/3937/816
f 5675/3939/810 5676/3940/810 5677/3941/810
f 5678/3942/810 5676/3940/810 5675/3939/810
f 5679/3365/752 5680/3362/752 5681/3364/752
f 5681/3364/752 5682/3943/752 5683/3365/752
f 5684/1581/891 5685/3944/891 5686/3945/891
f 5686/3945/891 5687/1582/891 5684/1581/891
f 5688/3917/892 5689/3794/892 5690/3122/892
f 5691/3946/893 5692/3947/893 5693/3948/893
f 5694/3948/1 5695/3949/1 5696/3946/1
f 5697/3947/1 5694/3948/1 5698/3947/1
f 5699/3950/1 5694/3948/1 5697/3947/1
f 5700/3951/1 5701/3952/1 5702/3953/1
f 5702/3953/1 5703/3954/1 5700/3951/1
f 5704/3955/1 5701/3952/1 5700/3951/1
f 5700/3951/1 5705/3956/1 5704/3955/1
f 5706/3957/1 5704/3955/1 5705/3956/1
f 5705/3956/1 5707/3958/1 5706/3957/1
f 5708/3959/894 5709/3960/894 5710/3961/894
f 5711/3962/316 5712/3963/316 5713/3063/316
f 5713/3063/316 5714/3062/316 5711/3962/316
f 5715/3964/331 5716/3965/331 5717/2957/331
f 5717/2957/331 5718/2956/331 5715/3964/331
f 5719/3966/526 5720/3967/526 5721/3791/526
f 5721/3791/526 5722/3790/526 5719/3966/526
f 5723/3968/342 5724/3969/342 5725/3216/342
f 5725/3216/342 5726/3215/342 5723/3968/342
f 5727/3897/895 5728/3618/895 5729/1061/895
f 5730/3970/290 5731/3971/367 5732/3972/367
f 5732/3972/367 5733/3973/290 5730/3970/290
f 5734/3974/368 5730/3970/290 5733/3973/290
f 5733/3973/290 5735/3975/368 5734/3974/368
f 5736/3976/896 5737/3977/896 5738/2783/896
f 5738/2783/896 5739/2782/896 5736/3976/896
f 5740/3978/897 5741/3786/897 5742/3788/897
f 5742/3788/897 5743/3979/897 5740/3978/897
f 5744/3930/1 5745/3980/1 5746/3981/1
f 5745/3980/1 5744/3930/1 5747/3932/1
f 5746/3981/1 5748/3982/1 5744/3930/1
f 5749/3937/1 5744/3930/1 5748/3982/1
f 5748/3982/1 5750/3983/1 5749/3937/1
f 5749/3937/1 5750/3983/1 5751/3984/1
f 5752/3985/342 5753/3962/342 5754/3062/342
f 5754/3062/342 5755/3061/342 5752/3985/342
f 5756/3986/331 5757/3987/331 5758/3159/331
f 5758/3159/331 5759/3158/331 5756/3986/331
f 5760/3988/898 5761/2844/898 5762/1199/898
f 5762/1199/898 5761/2844/898 5763/2843/898
f 5762/1199/898 5764/1198/898 5765/3988/898
f 5766/2870/896 5767/2844/896 5765/3988/896
f 5765/3988/896 5768/3989/896 5766/2870/896
f 5769/3990/376 5770/3986/376 5771/3158/376
f 5771/3158/376 5772/3165/376 5769/3990/376
f 5773/3991/376 5774/3964/376 5775/2956/376
f 5775/2956/376 5776/3166/376 5773/3991/376
f 5777/3992/414 5778/3966/414 5779/3790/414
f 5779/3790/414 5780/3789/414 5777/3992/414
f 5781/3993/1 5782/3994/1 5783/3995/1
f 5783/3995/1 5784/3996/1 5781/3993/1
f 5785/3997/1 5786/3998/1 5787/3999/1
f 5787/3999/1 5788/4000/1 5785/3997/1
f 5789/4001/872 5790/4002/872 5791/4003/872
f 5792/4004/316 5793/4005/316 5794/3441/316
f 5794/3441/316 5795/3440/316 5792/4004/316
f 5796/2889/899 5797/4006/899 5798/4007/899
f 5798/4007/899 5799/2888/899 5796/2889/899
f 5800/4008/816 5801/4009/816 5802/4010/816
f 5802/4010/816 5803/4011/816 5800/4008/816
f 5804/4012/1 5800/4008/1 5803/4011/1
f 5803/4011/1 5805/4013/1 5804/4012/1
f 5806/4014/810 5804/4012/810 5805/4013/810
f 5805/4013/810 5807/4015/810 5806/4014/810
f 5808/3977/900 5809/1157/900 5810/1158/900
f 5811/1158/900 5812/2783/900 5808/3977/900
f 5813/3976/898 5814/2782/898 5815/1152/898
f 5815/1152/898 5814/2782/898 5816/3029/898
f 5815/1152/898 5817/1153/898 5818/3976/898
f 5819/4016/640 5820/4017/640 5821/4018/641
f 5821/4018/641 5822/4019/641 5819/4016/640
f 5822/4019/641 5821/4018/641 5823/4020/642
f 5823/4020/642 5824/4021/643 5822/4019/641
f 5824/4021/643 5823/4020/642 5825/4022/645
f 5825/4022/645 5826/4023/645 5824/4021/643
f 5826/4023/645 5825/4022/645 5827/4024/646
f 5827/4024/646 5828/4025/646 5826/4023/645
f 5828/4025/646 5827/4024/646 5829/4026/647
f 5829/4026/647 5830/4027/647 5828/4025/646
f 5831/4028/901 5832/4029/902 5833/4030/894
f 5832/4029/902 5831/4028/901 5834/4031/903
f 5834/4031/903 5835/4032/903 5832/4029/902
f 5835/4032/903 5834/4031/903 5836/4033/904
f 5836/4033/904 5837/4034/904 5835/4032/903
f 5837/4034/904 5836/4033/904 5838/4035/905
f 5838/4035/905 5839/4036/905 5837/4034/904
f 5839/4036/905 5838/4035/905 5840/4037/906
f 5840/4037/906 5841/4038/906 5839/4036/905
f 5842/3969/316 5843/4039/316 5844/3217/316
f 5844/3217/316 5845/3216/316 5842/3969/316
f 5846/4040/342 5847/4041/342 5848/3547/342
f 5848/3547/342 5849/3546/342 5846/4040/342
f 5850/4042/1 5851/4043/1 5852/4044/1
f 5852/4044/1 5853/4045/1 5850/4042/1
f 5851/4043/1 5850/4042/1 5854/4046/1
f 5854/4046/1 5855/4047/1 5851/4043/1
f 5855/4047/1 5854/4046/1 5856/4048/1
f 5856/4048/1 5857/4049/1 5855/4047/1
f 5858/4018/725 5859/4050/725 5860/4051/726
f 5860/4051/726 5861/4020/727 5858/4018/725
f 5861/4020/727 5860/4051/726 5862/4052/728
f 5862/4052/728 5863/4022/729 5861/4020/727
f 5863/4022/729 5862/4052/728 5864/4053/730
f 5864/4053/730 5865/4024/730 5863/4022/729
f 5866/4054/1 5867/4055/1 5868/4056/1
f 5869/4057/1 5867/4055/1 5866/4054/1
f 5870/4058/1 5871/4059/1 5872/4060/1
f 5873/4061/1 5874/4062/1 5875/4063/1
f 5875/4063/1 5876/4064/1 5873/4061/1
f 5876/4064/1 5875/4063/1 5877/4065/1
f 5877/4065/1 5878/4066/1 5876/4064/1
f 5879/4067/1 5877/4065/1 5875/4063/1
f 5875/4063/1 5880/4068/1 5879/4067/1
f 5877/4065/1 5879/4067/1 5881/4069/1
f 5881/4069/1 5882/4070/1 5877/4065/1
f 5883/4071/400 5884/3990/400 5885/3165/400
f 5885/3165/400 5886/3405/400 5883/4071/400
f 5887/4072/1 5888/4073/1 5889/4074/1
f 5889/4074/1 5890/4075/1 5887/4072/1
f 5891/3927/1 5892/3918/1 5893/3921/1
f 5893/3921/1 5894/3924/1 5891/3927/1
f 5895/4076/364 5896/4077/365 5897/4078/365
f 5896/4077/365 5898/4079/366 5897/4078/365
f 5899/4079/341 5900/4080/341 5897/4078/341
f 5901/4080/340 5902/4081/340 5897/4078/340
f 5903/4081/382 5904/4082/382 5897/4078/382
f 5905/4082/378 5906/4083/378 5897/4078/378
f 5907/4083/381 5908/4084/381 5897/4078/381
f 5909/4084/399 5910/4085/399 5897/4078/399
f 5911/4085/386 5912/4076/386 5897/4078/386
f 5913/4086/342 5914/4004/342 5915/3440/342
f 5915/3440/342 5916/3439/342 5913/4086/342
f 5917/4087/414 5918/4088/414 5919/3677/414
f 5919/3677/414 5920/3676/414 5917/4087/414
f 2959/4089/633 3014/4090/633 3013/4091/907
f 3013/4091/907 2958/4092/907 2959/4089/633
f 5921/1233/908 5922/3005/908 5923/3006/908
f 5923/3006/908 5924/1231/908 5921/1233/908
f 5925/4093/909 5926/4094/909 5927/4095/909
f 5927/4095/909 5928/4096/909 5925/4093/909
f 5929/4097/331 5930/4098/331 5931/4099/331
f 5931/4099/331 5932/4100/331 5929/4097/331
f 5933/3357/910 5934/4101/910 5935/3358/910
f 5936/1227/911 5937/1224/911 5938/2972/911
f 5939/4102/400 5940/3991/400 5941/3166/400
f 5941/3166/400 5942/3616/912 5939/4102/400
f 5943/1227/908 5944/2972/908 5945/2973/908
f 5946/2973/908 5947/1228/908 5948/1227/908
f 5949/3989/900 5950/1195/900 5951/1194/900
f 5951/1194/900 5952/2870/900 5949/3989/900
f 5953/4041/316 5954/4103/316 5955/3548/316
f 5955/3548/316 5956/3547/316 5953/4041/316
f 5957/4104/913 5958/4093/913 5959/4096/913
f 5959/4096/913 5960/4105/913 5957/4104/913
f 5961/4106/526 5962/4107/526 5963/3779/526
f 5963/3779/526 5964/3778/526 5961/4106/526
f 5965/1226/914 5966/1231/914 5967/3006/914
f 5968/1233/911 5969/1234/911 5970/3005/911
f 5971/4108/331 5972/4109/331 5973/4110/331
f 5973/4110/331 5974/4111/331 5971/4108/331
f 5975/4088/526 5976/4112/526 5977/3678/526
f 5977/3678/526 5978/3677/526 5975/4088/526
f 5979/4113/414 5980/4114/414 5981/3820/414
f 5981/3820/414 5982/3819/414 5979/4113/414
f 5983/4115/414 5984/4106/414 5985/3778/414
f 5985/3778/414 5986/3777/414 5983/4115/414
f 5987/1317/915 5988/4116/915 5989/4117/915
f 5989/4117/915 5990/4118/915 5987/1317/915
f 5991/3357/910 5992/4101/910 5993/3358/910
f 5994/4119/376 5995/4120/376 5996/3748/376
f 5996/3748/376 5997/3799/376 5994/4119/376
f 5998/4121/376 5999/4122/376 6000/3574/376
f 6001/3574/376 6002/3800/376 6003/4121/376
f 6004/4123/400 6005/4124/400 6006/4125/400
f 6006/4125/400 6007/4126/400 6004/4123/400
f 6008/4127/526 6009/4128/526 6010/3880/526
f 6010/3880/526 6011/3879/526 6008/4127/526
f 6012/4129/916 6013/4130/916 6014/4131/916
f 6014/4131/916 6015/4132/916 6012/4129/916
f 6016/4133/1 6012/4129/1 6015/4132/1
f 6015/4132/1 6017/4134/1 6016/4133/1
f 6018/4135/917 6016/4133/917 6017/4134/917
f 6017/4134/917 6019/4136/917 6018/4135/917
f 6020/1229/914 6021/1228/914 6022/2973/914
f 6023/4114/526 6024/4137/526 6025/3821/526
f 6025/3821/526 6026/3820/526 6023/4114/526
f 6027/4138/414 6028/4127/414 6029/3879/414
f 6029/3879/414 6030/3878/414 6027/4138/414
f 6031/4139/400 6032/4140/400 6033/4141/400
f 6033/4141/400 6034/4142/912 6031/4139/400
f 6035/4143/1 6036/4144/1 6037/4145/1
f 6037/4145/1 6038/4146/1 6035/4143/1
f 6036/4144/1 6035/4143/1 6039/4147/1
f 6039/4147/1 6040/4148/1 6036/4144/1
f 6041/4149/364 6042/4150/365 6043/4151/365
f 6042/4150/365 6044/4152/366 6043/4151/365
f 6042/4150/290 6045/4149/367 6046/4153/367
f 6046/4153/367 6047/4154/290 6042/4150/290
f 6048/4152/368 6042/4150/290 6047/4154/290
f 6047/4154/290 6049/4155/368 6048/4152/368
f 6050/4156/364 6051/4157/365 6052/4158/365
f 6051/4157/365 6053/4159/366 6052/4158/365
f 6051/4157/290 6054/4156/367 6055/4160/367
f 6055/4160/367 6056/4161/290 6051/4157/290
f 6057/4159/368 6051/4157/290 6056/4161/290
f 6056/4161/290 6058/4162/368 6057/4159/368
f 6059/4163/30 6060/4164/30 6061/4165/30
f 6061/4165/30 6062/4166/30 6059/4163/30
f 6063/4167/30 6064/4168/30 6065/4169/30
f 6066/3962/339 6067/3985/918 6068/4170/339
f 6069/3963/341 6066/3962/339 6068/4170/339
f 6070/3969/339 6071/3968/918 6072/4171/339
f 6073/4039/341 6070/3969/339 6072/4171/339
f 6074/3990/381 6075/4071/381 6076/4172/381
f 6077/3987/382 6078/3986/382 6076/4172/382
f 6079/3986/378 6080/3990/378 6076/4172/378
f 6081/3991/381 6082/4102/381 6083/4173/381
f 6084/3965/382 6085/3964/382 6083/4173/382
f 6086/3964/378 6087/3991/378 6083/4173/378
f 6088/4004/339 6089/4086/918 6090/4174/339
f 6091/4005/341 6088/4004/339 6090/4174/339
f 6092/4041/339 6093/4040/918 6094/4175/339
f 6095/4103/341 6092/4041/339 6094/4175/339
f 6096/4088/385 6097/4087/386 6098/4176/385
f 6099/4112/387 6096/4088/385 6098/4176/385
f 6100/4106/385 6101/4115/386 6102/4177/385
f 6103/4107/387 6100/4106/385 6102/4177/385
f 6104/4114/385 6105/4113/386 6106/4178/385
f 6107/4137/387 6104/4114/385 6106/4178/385
f 6108/4124/381 6109/4123/381 6110/4179/381
f 6111/4109/382 6112/4108/382 6110/4179/382
f 6113/4108/378 6114/4124/378 6110/4179/378
f 6115/4140/381 6116/4139/381 6117/4180/381
f 6118/4098/382 6119/4097/382 6117/4180/382
f 6120/4097/378 6121/4140/378 6117/4180/378
f 6122/4127/385 6123/4138/386 6124/4181/385
f 6125/4128/387 6122/4127/385 6124/4181/385
f 6126/1198/919 6127/1197/920 6128/3988/921
f 6129/3989/922 6128/3988/921 6127/1197/920
f 6127/1197/920 6130/1196/922 6129/3989/922
f 6131/1153/919 6132/1154/920 6133/3976/921
f 6134/3977/922 6133/3976/921 6132/1154/920
f 6132/1154/920 6135/1155/922 6134/3977/922
f 6136/1155/923 6137/1157/923 6138/3977/923
f 6139/1196/923 6140/1195/923 6141/3989/923
f 6142/4182/30 6143/4183/30 6144/4184/30
f 6145/4185/30 6146/4186/30 6143/4183/30
f 6143/4183/30 6142/4182/30 6145/4185/30
f 6147/4187/30 6145/4185/30 6142/4182/30
f 6144/4184/30 6148/4188/924 6142/4182/30
f 6148/4188/924 6144/4184/30 6149/4189/30
f 6149/4189/30 6150/4190/30 6148/4188/924
f 6142/4182/30 6151/4191/30 6147/4187/30
f 6151/4191/30 6142/4182/30 6148/4188/924
f 6152/4192/30 6147/4187/30 6151/4191/30
f 6153/4193/30 6148/4188/924 6150/4190/30
f 6148/4188/924 6153/4193/30 6151/4191/30
f 6150/4190/30 6154/4194/30 6153/4193/30
f 6151/4191/30 6155/4195/30 6152/4192/30
f 6155/4195/30 6151/4191/30 6153/4193/30
f 6156/4196/219 6152/4192/219 6155/4195/219
f 6155/4195/219 6157/4197/219 6156/4196/219
f 6153/4193/30 6158/4198/30 6155/4195/30
f 6157/4197/219 6155/4195/219 6158/4198/219
f 6158/4198/30 6153/4193/30 6154/4194/30
f 6158/4198/219 6159/4199/219 6157/4197/219
f 6154/4194/30 6160/4200/30 6158/4198/30
f 6159/4199/219 6158/4198/219 6160/4200/219
f 6160/4200/219 6161/4201/219 6159/4199/219
f 6162/4202/30 6163/4203/925 6164/4204/30
f 6165/4205/30 6164/4204/30 6163/4203/925
f 6163/4203/925 6166/4206/926 6165/4205/30
f 6164/4204/30 6167/4207/30 6162/4202/30
f 6168/4208/30 6162/4202/30 6167/4207/30
f 6167/4207/30 6169/4209/30 6168/4208/30
f 6162/4202/30 6168/4208/30 6170/4210/30
f 6170/4210/30 6171/4211/30 6162/4202/30
f 6163/4203/925 6162/4202/30 6171/4211/30
f 6171/4211/30 6170/4210/30 6172/4212/30
f 6166/4206/926 6163/4203/925 6173/4213/30
f 6171/4211/30 6173/4213/30 6163/4203/925
f 6173/4213/30 6174/4214/30 6166/4206/926
f 6172/4212/30 6175/4215/30 6171/4211/30
f 6173/4213/30 6171/4211/30 6175/4215/30
f 6175/4215/219 6172/4212/219 6176/4216/219
f 6176/4216/219 6177/4217/219 6175/4215/219
f 6175/4215/30 6178/4218/30 6173/4213/30
f 6174/4214/30 6173/4213/30 6178/4218/30
f 6178/4218/219 6175/4215/219 6177/4217/219
f 6178/4218/30 6179/4219/30 6174/4214/30
f 6177/4217/219 6180/4220/219 6178/4218/219
f 6179/4219/219 6178/4218/219 6180/4220/219
f 6180/4220/219 6181/4221/219 6179/4219/219
f 6182/2441/30 6183/4222/30 6184/4223/30
f 6184/4223/30 6185/2442/30 6182/2441/30
f 6186/4224/30 6187/4225/30 6188/4226/30
f 6188/4226/30 6189/4227/30 6186/4224/30
f 6187/4225/30 6186/4224/30 6190/4228/30
f 6191/4229/30 6188/4226/30 6187/4225/30
f 6190/4228/30 6192/4230/30 6187/4225/30
f 6193/4231/30 6187/4225/30 6192/4230/30
f 6187/4225/30 6193/4231/30 6191/4229/30
f 6192/4230/30 6194/4232/30 6193/4231/30
f 6191/4229/30 6193/4231/30 6195/4233/30
f 6195/4233/30 6193/4231/30 6194/4232/30
f 6195/4233/30 6196/4234/30 6191/4229/30
f 6194/4232/30 6197/4235/30 6195/4233/30
f 6198/4236/30 6199/4237/30 6200/4238/30
f 6200/4238/30 6201/4239/30 6198/4236/30
f 6202/4240/30 6198/4236/30 6201/4239/30
f 6201/4239/30 6200/4238/30 6203/4241/30
f 6201/4239/30 6204/4242/30 6202/4240/30
f 6204/4242/30 6201/4239/30 6205/4243/30
f 6203/4241/30 6205/4243/30 6201/4239/30
f 6205/4243/30 6206/4244/30 6204/4242/30
f 6207/4245/30 6205/4243/30 6203/4241/30
f 6206/4244/30 6205/4243/30 6207/4245/30
f 6203/4241/30 6208/4246/30 6207/4245/30
f 6207/4245/30 6209/4247/30 6206/4244/30
f 6210/4248/927 6211/4249/927 6212/4118/928
f 6212/4118/928 6213/4117/928 6210/4248/927
f 6211/4249/927 6210/4248/927 6214/4250/30
f 6214/4250/30 6215/4251/30 6211/4249/927
f 6216/2814/30 6217/4252/30 6218/4116/30
f 6218/4116/30 6219/1317/30 6216/2814/30
f 6220/1242/1 6221/1245/1 6222/2347/1
f 6222/2347/1 6223/2224/1 6220/1242/1
f 6224/4253/1 6225/4254/1 1492/1109/1
f 1492/1109/1 1491/1108/1 6224/4253/1
f 3012/4255/1 2955/4256/1 2958/4092/1
f 2958/4092/1 3013/4091/1 3012/4255/1
f 6226/4257/30 6227/4258/30 6228/4259/30
f 6227/4258/30 6229/4260/30 6228/4259/30
f 6230/4261/30 6226/4257/30 6228/4259/30
f 6229/4260/30 6231/4262/30 6228/4259/30
f 6232/4263/30 6230/4261/30 6228/4259/30
f 6231/4262/30 6233/4264/30 6228/4259/30
f 6234/4265/30 6232/4263/30 6228/4259/30
f 6233/4264/30 6235/4266/30 6228/4259/30
f 6236/4267/30 6234/4265/30 6228/4259/30
f 6235/4266/30 6237/4268/30 6228/4259/30
f 6238/4269/30 6236/4267/30 6228/4259/30
f 6237/4268/30 6238/4269/30 6228/4259/30
f 2960/4270/929 1249/4271/930 1248/4272/931
f 2960/4270/932 1250/4273/933 1249/4271/934
f 2960/4270/932 4192/4274/935 1250/4273/933
f 1248/4272/931 3016/4275/936 2960/4270/929
f 1248/4272/931 1247/4276/937 3016/4275/936
f 4192/4274/935 2960/4270/932 1430/4277/938
f 1430/4277/938 4193/4278/939 4192/4274/935
f 1435/4279/940 3016/4275/936 1247/4276/937
f 1247/4276/937 4211/4280/941 1435/4279/940
f 239/3001/942 4193/3000/942 1430/4277/942 238/2096/942
f 1435/4279/943 4211/4280/943 234/3007/943 233/2158/943
f 6239/4281/30 6240/4282/30 6241/4283/30
f 6241/4283/30 6242/4284/30 6239/4281/30
f 6243/4285/30 6244/4286/30 6245/4287/30
f 6245/4287/30 6246/4288/30 6243/4285/30
f 6247/4289/1 6248/4290/1 6249/4291/1
f 6249/4291/1 6250/4292/1 6247/4289/1
