# Blender 5.2.0 LTS
# www.blender.org
mtllib alanakbase.mtl
o Main_113516659385248
v 0.301722 -2.286461 -10.117671
v -0.263859 -2.235671 -9.666982
v -0.263859 -2.286461 -10.117671
v 0.301722 -2.235671 -9.666982
v -0.361411 -1.994421 -10.383461
v 0.399274 -1.994421 -10.383461
v 0.405421 -1.974369 -10.385608
v -0.367558 -1.974369 -10.385608
v -0.367558 1.003796 -10.704489
v 0.405421 1.003796 -10.704489
v -0.367558 1.322394 -10.320041
v 0.405421 1.322394 -10.320041
v -0.367558 1.322394 -10.035215
v 0.405421 1.322394 -10.035215
v -0.367558 1.227094 -9.978636
v 0.405421 1.227094 -9.978636
v -0.187673 1.038210 -10.054326
v -0.188236 1.040909 -10.053246
v -0.146831 1.100593 -10.029328
v 0.225536 1.038210 -10.054326
v 0.184694 1.100593 -10.029328
v 0.226099 1.040909 -10.053246
v 0.183038 0.766561 -10.022186
v -0.145176 0.766561 -10.022186
v 0.216343 -2.165660 -9.675264
v -0.178480 -2.165660 -9.675264
v -0.236803 -1.967443 -9.698715
v 0.274666 -1.967443 -9.698715
v 0.274666 0.766561 -10.022186
v -0.236803 0.766561 -10.022186
v 0.506489 0.949137 10.678466
v 0.433006 0.956435 10.678466
v 0.243327 0.608193 10.678466
v 0.506489 1.006225 10.678466
v 0.286032 0.544383 10.678466
v 0.433006 0.998929 10.678466
v 0.239390 0.515840 10.678466
v 0.463828 1.084551 10.678466
v 0.208610 0.586946 10.678466
v 0.405735 1.048997 10.678466
v 0.154067 0.515840 10.678466
v 0.392725 1.076940 10.685357
v 0.154067 0.586946 10.678466
v 0.449161 1.111478 10.685357
v 0.124733 0.584917 10.685357
v 0.385945 1.100654 10.704489
v 0.124733 0.515840 10.685357
v 0.437780 1.132376 10.704489
v 0.101968 0.579284 10.704489
v 0.354743 1.284829 10.704489
v 0.101968 0.515840 10.704489
v 0.302908 1.253106 10.704489
v -0.064105 0.579284 10.704489
v 0.343360 1.305725 10.685357
v -0.064105 0.515840 10.704489
v 0.286924 1.271188 10.685357
v -0.086870 0.515840 10.685357
v 0.328693 1.332654 10.678466
v -0.086870 0.584917 10.685357
v 0.270600 1.297101 10.678466
v -0.116204 0.515840 10.678466
v 0.243327 1.347171 10.678466
v -0.116204 0.586946 10.678466
v 0.286032 1.410979 10.678466
v -0.170747 0.586946 10.678466
v 0.239390 1.439524 10.678466
v -0.201527 0.515840 10.678466
v 0.208610 1.368418 10.678466
v -0.205464 0.608193 10.678466
v -0.170747 1.368418 10.678466
v -0.248169 0.544383 10.678466
v -0.201527 1.439524 10.678466
v -0.468626 0.949137 10.678466
v -0.248169 1.410979 10.678466
v -0.395143 0.956435 10.678466
v -0.205464 1.347171 10.678466
v -0.395143 0.998929 10.678466
v -0.290830 1.332654 10.678466
v -0.468626 1.006225 10.678466
v -0.232737 1.297101 10.678466
v -0.425965 1.084551 10.678466
v -0.249061 1.271188 10.685357
v -0.367872 1.048997 10.678466
v -0.305497 1.305725 10.685357
v -0.354862 1.076940 10.685357
v -0.265045 1.253106 10.704489
v -0.411298 1.111478 10.685357
v -0.316880 1.284829 10.704489
v -0.348082 1.100654 10.704489
v -0.399917 1.132376 10.704489
v 0.400571 0.998929 10.577335
v 0.190476 1.103194 10.577335
v 0.225854 1.004313 10.577335
v 0.227111 1.317396 10.577335
v 0.400571 0.956435 10.577335
v 0.115799 1.173321 10.577335
v 0.214800 0.912428 10.577335
v 0.192392 1.338643 10.577335
v 0.174741 0.830114 10.577335
v 0.018931 1.338643 10.577335
v 0.227111 0.637968 10.577335
v 0.018931 1.198628 10.577335
v 0.102785 0.777568 10.577335
v -0.077936 1.173321 10.577335
v 0.192392 0.616721 10.577335
v -0.154529 1.338643 10.577335
v 0.018931 0.616721 10.577335
v -0.189248 1.317396 10.577335
v 0.018931 0.751490 10.577335
v -0.152613 1.103194 10.577335
v -0.064922 0.777568 10.577335
v -0.362708 0.998929 10.577335
v -0.154529 0.616721 10.577335
v -0.187991 1.004313 10.577335
v -0.189248 0.637968 10.577335
v -0.362708 0.956435 10.577335
v -0.136878 0.830114 10.577335
v -0.176937 0.912428 10.577335
v -0.218598 0.413994 -8.792403
v 0.256461 0.440731 -8.764935
v 0.256461 0.413994 -8.792403
v -0.218598 0.440731 -8.764935
v -0.218598 0.404344 -8.828032
v 0.256461 0.478431 -8.751921
v 0.256461 0.404344 -8.828032
v -0.218598 0.478431 -8.751921
v -0.218598 0.413994 -8.863662
v 0.256461 0.518458 -8.756346
v 0.256461 0.413994 -8.863662
v -0.218598 0.518458 -8.756346
v -0.218598 0.440731 -8.891130
v 0.256461 0.551642 -8.777191
v 0.256461 0.440731 -8.891130
v -0.218598 0.551642 -8.777191
v -0.218598 0.478431 -8.904142
v 0.256461 0.570380 -8.809685
v 0.256461 0.478431 -8.904142
v -0.218598 0.570380 -8.809685
v 0.256461 0.570380 -8.846379
v -0.218598 0.570380 -8.846379
v -0.218598 0.518458 -8.899718
v 0.256461 0.518458 -8.899718
v -0.218598 0.551642 -8.878873
v 0.256461 0.551642 -8.878873
v -0.218598 0.570380 -8.846379
v 0.256461 0.570380 -8.846379
v -0.090745 0.823511 -8.540557
v 0.128607 0.823511 -8.540557
v 0.226133 0.766561 -8.564757
v 0.176133 0.823511 -8.540557
v 0.226133 0.770511 -8.563081
v 0.128607 0.920638 -8.499281
v -0.188270 0.766561 -8.564757
v -0.138270 0.823511 -8.540557
v -0.188270 0.770511 -8.563081
v -0.090745 0.920638 -8.499281
v 0.071367 0.981311 -8.473495
v 0.109789 0.961364 -8.481973
v -0.033504 0.981311 -8.473495
v -0.071926 0.961364 -8.481973
v 0.226133 0.067360 -7.324535
v -0.188270 -0.645380 -7.524692
v -0.188270 0.067360 -7.324535
v 0.226133 -0.645380 -7.524692
v -0.188270 -1.342547 -9.409171
v 0.226133 -1.342547 -9.409171
v 0.226133 0.431218 -7.363443
v -0.188270 0.431218 -7.363443
v -0.188270 0.431218 -8.627589
v 0.226133 0.431218 -8.627589
v -0.183828 0.991771 -7.087641
v -0.212908 1.022594 -7.077431
v -0.212908 1.243658 -7.004204
v -0.148707 1.311710 -6.981661
v 0.221691 0.991771 -7.087641
v 0.186570 1.311710 -6.981661
v 0.250771 1.243658 -7.004204
v 0.250771 1.022594 -7.077431
v 0.018931 1.198628 9.198694
v -0.097248 1.212322 9.198694
v -0.077936 1.173321 9.198694
v 0.018931 1.242675 9.198694
v -0.152613 1.103194 9.198694
v -0.186811 1.128216 9.198694
v -0.229241 1.009623 9.198694
v -0.187991 1.004313 9.198694
v -0.214819 0.883714 9.198694
v -0.175965 0.899333 9.198694
v -0.146847 0.779331 9.198694
v -0.119291 0.812300 9.198694
v -0.040896 0.720388 9.198694
v -0.030952 0.763155 9.198694
v 0.078759 0.720388 9.198694
v 0.068814 0.763155 9.198694
v 0.157154 0.812300 9.198694
v 0.184710 0.779331 9.198694
v 0.213828 0.899333 9.198694
v 0.252682 0.883714 9.198694
v 0.225854 1.004313 9.198694
v 0.267104 1.009623 9.198694
v 0.190476 1.103194 9.198694
v 0.224674 1.128216 9.198694
v 0.135111 1.212322 9.198694
v 0.115799 1.173321 9.198694
v 0.018931 1.198628 9.198694
v 0.018931 1.242675 9.198694
v 0.205747 0.800292 9.198694
v 0.120699 0.736616 9.099836
v 0.119309 0.738645 9.198694
v 0.206204 0.801520 9.099836
v 0.018931 0.710335 9.099836
v 0.256764 0.898324 9.198694
v 0.018931 0.702635 9.198694
v 0.256876 0.898605 9.099836
v -0.081446 0.738645 9.198694
v 0.267104 1.009623 9.198694
v -0.082837 0.736616 9.099836
v 0.267104 1.009623 9.099836
v -0.167884 0.800292 9.198694
v 0.224674 1.128216 9.198694
v -0.168341 0.801520 9.099836
v 0.224674 1.128216 9.099836
v -0.218901 0.898324 9.198694
v 0.135111 1.212322 9.198694
v -0.219013 0.898605 9.099836
v 0.135111 1.212322 9.099836
v 0.018931 1.242675 9.198694
v 0.018931 1.242675 9.099836
v -0.229241 1.009623 9.198694
v -0.229241 1.009623 9.099836
v -0.186811 1.128216 9.198694
v -0.186811 1.128216 9.099836
v -0.097248 1.212322 9.198694
v -0.097248 1.212322 9.099836
v 0.018931 1.242675 9.198694
v 0.018931 1.242675 9.099836
v 0.182627 1.157655 8.430127
v 0.267104 1.009623 8.430127
v 0.303109 1.185603 8.430127
v 0.361716 1.021800 8.430127
v 0.179401 1.301775 8.430127
v 0.341794 0.847889 8.430127
v 0.018931 1.237993 8.430127
v 0.196703 0.807981 8.430127
v 0.018931 1.343700 8.430127
v 0.247909 0.703712 8.430127
v -0.141538 1.301775 8.430127
v 0.142520 0.636257 8.430127
v -0.144764 1.157655 8.430127
v 0.018931 0.723241 8.430127
v -0.265246 1.185603 8.430127
v 0.018931 0.611663 8.430127
v -0.229241 1.009623 8.430127
v -0.104657 0.636257 8.430127
v -0.323853 1.021800 8.430127
v -0.158840 0.807981 8.430127
v -0.303932 0.847889 8.430127
v -0.210047 0.703712 8.430127
v -0.323853 1.021800 8.337914
v -0.265246 1.185603 8.337914
v -0.385393 1.151373 8.337914
v -0.385393 0.800156 8.337914
v -0.144929 1.406264 8.337914
v -0.303932 0.847889 8.337914
v -0.141538 1.301775 8.337914
v -0.340359 0.686429 8.337914
v 0.018931 1.343700 8.337914
v 0.182792 1.406264 8.337914
v 0.179401 1.301775 8.337914
v 0.303109 1.185603 8.337914
v 0.423256 1.151373 8.337914
v 0.361716 1.021800 8.337914
v 0.423256 0.800156 8.337914
v 0.341794 0.847889 8.337914
v 0.378222 0.686429 8.337914
v 0.247909 0.703712 8.337914
v 0.327527 0.419568 8.337914
v 0.101567 0.622298 8.337914
v 0.115532 0.415965 8.337914
v 0.327527 0.308139 8.337914
v 0.115532 0.308139 8.337914
v 0.083604 0.449809 8.337914
v 0.018931 0.611663 8.337914
v -0.045742 0.449809 8.337914
v -0.063704 0.622298 8.337914
v -0.210047 0.703712 8.337914
v -0.077670 0.415965 8.337914
v -0.289664 0.419568 8.337914
v -0.289664 0.308139 8.337914
v -0.077670 0.308139 8.337914
v -0.077670 0.308139 8.337914
v -0.345851 0.205751 8.337914
v 0.115532 0.308139 8.337914
v -0.045742 0.449809 8.337914
v -0.077670 0.415965 8.337914
v 0.083604 0.449809 8.337914
v 0.115532 0.415965 8.337914
v -0.289664 0.308139 8.337914
v -0.345851 0.416368 8.337914
v -0.289664 0.416368 8.337914
v 0.383713 0.205751 8.337914
v 0.327527 0.308139 8.337914
v 0.383713 0.416368 8.337914
v 0.327527 0.416368 8.337914
v 0.239390 1.439524 9.256931
v 0.134839 1.493919 9.245914
v 0.122192 1.439524 9.299217
v 0.018931 1.493919 9.260067
v 0.018931 1.439524 9.311863
v -0.084329 1.439524 9.299217
v -0.096976 1.493919 9.245914
v -0.201527 1.439524 9.256931
v -0.191780 1.493919 9.214672
v -0.248169 1.410979 9.255970
v -0.297483 1.429228 9.212673
v -0.302140 1.311891 9.292334
v -0.367395 1.300873 9.248052
v -0.359147 1.207227 9.303177
v -0.439405 1.168665 9.243462
v -0.415151 1.104404 9.283463
v -0.508194 1.042371 9.200880
v -0.468626 1.006225 9.242550
v -0.468626 0.949137 9.240688
v -0.508194 0.912993 9.196994
v -0.438448 0.784940 9.231758
v -0.395849 0.815520 9.282596
v -0.320379 0.676959 9.276003
v -0.366704 0.653222 9.226055
v -0.248169 0.544383 9.227672
v -0.297483 0.526134 9.185538
v -0.201527 0.515840 9.226768
v -0.191780 0.461445 9.183644
v -0.094360 0.515840 9.263966
v 0.018931 0.461445 9.226298
v 0.018931 0.515840 9.278053
v -0.067859 1.593180 8.159211
v -0.067859 1.331949 8.159211
v 0.018931 1.343700 8.159211
v 0.105722 1.593180 8.159211
v 0.105722 1.331949 8.159211
v 0.239390 0.515840 9.226768
v 0.132223 0.515840 9.263966
v 0.229643 0.461445 9.183644
v 0.018931 0.461445 9.226298
v 0.018931 0.515840 9.278053
v 0.335346 0.526134 9.185538
v 0.286032 0.544383 9.227672
v 0.404567 0.653222 9.226055
v 0.358242 0.676959 9.276003
v 0.476311 0.784940 9.231758
v 0.433712 0.815520 9.282596
v 0.506489 0.949137 9.240688
v 0.546057 0.912993 9.196994
v 0.546057 1.042371 9.200880
v 0.506489 1.006225 9.242550
v 0.453014 1.104404 9.283463
v 0.477268 1.168665 9.243462
v 0.397010 1.207227 9.303177
v 0.405258 1.300873 9.248052
v 0.340003 1.311891 9.292334
v 0.335346 1.429228 9.212673
v 0.286032 1.410979 9.255970
v 0.229643 1.493919 9.214672
v -0.228603 1.014775 8.925187
v -0.508194 0.940589 8.925187
v -0.228603 0.940589 8.925187
v -0.508194 1.014775 8.925187
v -0.508194 1.042371 8.910381
v -0.455447 1.139213 8.858426
v -0.187006 1.127917 8.864486
v -0.428008 1.189590 8.845918
v -0.097248 1.212322 8.845918
v -0.354580 1.324400 8.845918
v 0.018931 1.242675 8.845918
v 0.392443 1.324400 8.845918
v -0.340654 1.349969 8.857316
v 0.135111 1.212322 8.845918
v 0.378517 1.349969 8.857316
v 0.465871 1.189590 8.845918
v -0.333831 1.362493 8.880587
v 0.224869 1.127917 8.864486
v 0.371694 1.362493 8.880587
v -0.333831 1.362493 9.099836
v 0.371694 1.362493 9.099836
v 0.493310 1.139213 8.858426
v 0.266466 1.014775 8.925187
v 0.546057 1.042371 8.910381
v 0.546057 1.014775 8.925187
v 0.546057 0.940589 8.925187
v 0.266466 0.940589 8.925187
v -0.333831 0.592869 9.099836
v 0.371694 0.592869 8.880587
v -0.333831 0.592869 8.880587
v 0.371694 0.592869 9.099836
v 0.378517 0.605393 8.857316
v -0.340654 0.605393 8.857316
v -0.354580 0.630962 8.845918
v 0.392443 0.630962 8.845918
v -0.040896 0.720388 8.845918
v 0.078759 0.720388 8.845918
v -0.146847 0.779331 8.846765
v 0.184710 0.779331 8.846765
v -0.428008 0.765774 8.845918
v 0.465871 0.765774 8.845918
v -0.455447 0.816151 8.858426
v 0.493310 0.816151 8.858426
v -0.215084 0.884458 8.895072
v 0.252947 0.884458 8.895072
v -0.508194 0.912993 8.910381
v 0.546057 0.912993 8.910381
v -0.349920 0.278250 -5.568276
v 0.226133 0.289042 -5.544232
v 0.387783 0.278250 -5.568276
v 0.387783 0.729771 -4.562362
v 0.226133 0.729771 -4.562362
v 0.387783 0.213314 -5.604334
v -0.188270 0.289042 -5.544232
v -0.349920 0.729771 -4.562362
v -0.188270 0.729771 -4.562362
v -0.349920 0.213314 -5.604334
v 0.387783 -0.387961 -5.556458
v -0.349920 -0.387961 -5.556458
v 0.387783 -0.541491 -5.403972
v -0.349920 -0.541491 -5.403972
v -0.349920 -0.541491 -4.562362
v 0.387783 -0.541491 -4.562362
v 0.226133 0.431218 -5.629094
v -0.188270 0.431218 -5.586855
v -0.188270 0.431218 -5.629094
v 0.226133 0.431218 -5.586855
v -0.188270 0.415822 -5.558246
v 0.226133 0.415822 -5.558246
v -0.188270 0.384388 -5.544232
v 0.226133 0.384388 -5.544232
v -0.188270 0.289042 -5.544232
v 0.226133 0.289042 -5.544232
v 0.412009 1.198867 -4.562362
v 0.234334 1.410259 -4.562362
v 0.391455 1.253549 -4.562362
v 0.259785 1.398643 -4.562362
v -0.196471 1.410259 -4.562362
v -0.374146 1.198867 -4.562362
v -0.353592 1.253549 -4.562362
v -0.221923 1.398643 -4.562362
v -0.374146 -0.541491 -4.562362
v 0.412009 -0.541491 -4.562362
v 0.384147 -0.383733 -4.133340
v 0.451511 -0.461994 -4.133340
v -0.413648 -0.461994 -4.133340
v -0.346284 -0.383733 -4.133340
v 0.424794 -0.340622 -4.133340
v -0.386931 -0.340622 -4.133340
v 0.498627 -0.349149 -4.133340
v -0.460764 -0.349149 -4.133340
v 0.498627 0.227182 -4.133340
v 0.424794 0.277225 -4.133340
v 0.451446 0.277225 -4.133340
v -0.460764 0.227182 -4.133340
v -0.386931 0.277225 -4.133340
v -0.413583 0.277225 -4.133340
v 0.379844 0.373128 -4.133340
v -0.355962 0.313782 -4.098934
v -0.341981 0.373128 -4.133340
v -0.408626 0.356041 -4.103176
v -0.389545 1.140645 -4.113228
v -0.396445 0.327354 -4.081019
v -0.429155 0.343764 -4.055161
v -0.413294 0.302229 -4.051409
v -0.369740 0.280532 -4.046110
v -0.429135 1.158935 -4.055427
v 0.393824 0.313782 -4.098934
v 0.407603 0.280532 -4.046110
v -0.388155 1.172161 -4.109338
v -0.419456 1.189119 -4.060563
v -0.369317 1.219413 -4.063774
v -0.352809 1.174273 -4.118595
v 0.407180 1.219413 -4.063774
v -0.341981 1.128192 -4.133340
v 0.379844 1.128192 -4.133340
v 0.390672 1.174273 -4.118595
v 0.426018 1.172161 -4.109338
v 0.457319 1.189119 -4.060563
v 0.466998 1.158935 -4.055427
v 0.427408 1.140645 -4.113228
v 0.467018 0.343764 -4.055161
v 0.446489 0.356041 -4.103176
v 0.434307 0.327354 -4.081019
v 0.451157 0.302229 -4.051409
v -0.140258 1.754800 8.246177
v -0.173387 1.679493 8.222857
v -0.173387 1.679493 8.246177
v -0.133947 1.769146 8.199548
v -0.190278 1.679493 8.155990
v -0.141897 1.792296 8.124303
v -0.156149 1.800500 8.097637
v -0.265438 1.679493 8.090950
v -0.222368 1.839766 8.040709
v -0.333892 1.635014 8.090639
v -0.289664 1.635014 8.100554
v -0.414724 1.635014 8.047925
v -0.246169 1.878055 8.007774
v -0.544678 1.772766 7.906013
v -0.490864 1.908354 7.862361
v -0.548400 1.802723 7.888120
v -0.463417 1.937449 7.861395
v -0.262186 1.937449 7.967732
v 0.178121 1.754800 8.246177
v 0.211249 1.679493 8.222857
v 0.171810 1.769146 8.199548
v 0.211249 1.679493 8.246177
v 0.228141 1.679493 8.155990
v 0.179760 1.792296 8.124303
v 0.194012 1.800500 8.097637
v 0.303301 1.679493 8.090950
v 0.260231 1.839766 8.040709
v 0.371755 1.635014 8.090639
v 0.327527 1.635014 8.100554
v 0.452587 1.635014 8.047925
v 0.284032 1.878055 8.007774
v 0.582541 1.772766 7.906013
v 0.528727 1.908354 7.862361
v 0.586263 1.802723 7.888120
v 0.501280 1.937449 7.861395
v 0.300049 1.937449 7.967732
v 0.072776 2.360909 6.131223
v -0.032090 2.483227 6.811194
v 0.069953 2.483227 6.811194
v -0.034913 2.360909 6.131223
v -0.032090 2.472383 6.834360
v 0.069953 2.472383 6.834360
v 0.069953 2.446325 6.842824
v -0.032090 2.446325 6.842824
v -0.032090 2.385693 6.830354
v 0.069953 2.385693 6.830354
v -0.057089 2.320596 6.816964
v 0.094952 2.320596 6.816964
v -0.113227 2.283194 6.809270
v 0.151090 2.283194 6.809270
v 0.399208 2.024046 6.755966
v 0.427018 2.231622 6.798662
v 0.457573 2.085912 6.768691
v 0.457573 2.193026 6.790723
v -0.361345 2.024046 6.755966
v -0.389156 2.231622 6.798662
v -0.419710 2.085912 6.768691
v -0.419710 2.193026 6.790723
v -0.155263 0.431218 -6.662817
v -0.157448 0.431218 -6.660574
v -0.188270 0.463888 -6.618112
v 0.226133 0.463888 -6.618112
v 0.195310 0.431218 -6.660574
v 0.193126 0.431218 -6.662817
v 0.271228 1.079105 6.743621
v 0.286794 0.943205 6.743621
v 0.501520 1.163505 6.743621
v 0.501520 0.791858 6.743621
v 0.484134 1.207999 6.743621
v 0.240998 0.815204 6.743621
v 0.197863 1.191769 6.743621
v 0.484134 0.747365 6.743621
v 0.236213 1.470794 6.743621
v 0.236213 0.484569 6.743621
v 0.083506 1.255389 6.743621
v 0.144328 0.724424 6.743621
v 0.194238 1.489223 6.743621
v 0.194238 0.466140 6.743621
v -0.156375 1.489223 6.743621
v 0.018931 0.691663 6.743621
v -0.045643 1.255389 6.743621
v -0.156375 0.466140 6.743621
v -0.198350 1.470794 6.743621
v -0.106465 0.724424 6.743621
v -0.160000 1.191769 6.743621
v -0.198350 0.484569 6.743621
v -0.446271 1.207999 6.743621
v -0.203135 0.815204 6.743621
v -0.233365 1.079105 6.743621
v -0.446271 0.747365 6.743621
v -0.463657 1.163505 6.743621
v -0.463657 0.791858 6.743621
v -0.248931 0.943205 6.743621
v 0.363800 0.046750 7.431747
v -0.325937 0.046750 7.431747
v 0.018931 -0.071239 7.353972
v -0.166636 -0.099047 7.335643
v 0.204498 -0.099047 7.335643
v -0.243407 -0.122449 7.320215
v 0.281270 -0.122449 7.320215
v -0.477956 -0.074905 7.351556
v 0.515819 -0.074905 7.351556
v -0.389152 0.122449 7.481646
v -0.546681 0.211410 7.540286
v -0.386533 0.203155 7.533436
v 0.427015 0.122449 7.481646
v 0.584544 0.211410 7.540286
v 0.424396 0.203155 7.533436
v 0.367734 -3.437613 -3.868004
v -0.329871 -3.437613 -3.868004
v 0.018931 -3.326103 -4.210765
v -0.150196 -3.330347 -4.197717
v -0.329871 -3.384684 -4.030695
v 0.188059 -3.330347 -4.197717
v 0.367734 -3.384684 -4.030695
v 0.367734 -3.437613 -3.868004
v -0.329871 -3.669134 -3.156354
v -0.329871 -3.437613 -3.868004
v 0.367734 -3.669134 -3.156354
v 0.574840 0.021958 -3.380233
v 0.607878 -0.024595 -3.434178
v 0.607878 0.021958 -3.380233
v 0.574840 -0.024595 -3.434178
v 0.607878 -0.040819 -3.501166
v 0.574840 -0.040819 -3.501166
v 0.574840 0.089618 -3.350011
v 0.607878 0.089618 -3.350011
v 0.574840 0.164985 -3.349501
v 0.607878 0.164985 -3.349501
v 0.574840 0.233133 -3.378803
v 0.607878 0.233133 -3.378803
v 0.574840 0.280562 -3.432111
v 0.607878 0.280562 -3.432111
v 0.574840 0.297880 -3.498872
v 0.607878 0.297880 -3.498872
v 0.574840 0.281656 -3.565859
v 0.607878 0.281656 -3.565859
v 0.574840 0.235103 -3.619804
v 0.607878 0.235103 -3.619804
v 0.574840 0.167443 -3.650026
v 0.607878 0.167443 -3.650026
v 0.574840 0.092074 -3.650536
v 0.607878 0.092074 -3.650536
v 0.574840 0.023928 -3.621234
v 0.607878 0.023928 -3.621234
v 0.574840 -0.023503 -3.567924
v 0.607878 -0.023503 -3.567924
v 0.574840 -0.040819 -3.501166
v 0.607878 -0.040819 -3.501166
v -0.570016 -0.024595 -3.434178
v -0.536977 0.021958 -3.380233
v -0.570016 0.021958 -3.380233
v -0.536977 0.089618 -3.350011
v -0.536977 -0.024595 -3.434178
v -0.570016 -0.040819 -3.501166
v -0.536977 -0.040819 -3.501166
v -0.570016 0.089618 -3.350011
v -0.536977 0.164985 -3.349501
v -0.570016 0.164985 -3.349501
v -0.536977 0.233133 -3.378803
v -0.570016 0.233133 -3.378803
v -0.536977 0.280562 -3.432111
v -0.570016 0.280562 -3.432111
v -0.536977 0.297880 -3.498872
v -0.570016 0.297880 -3.498872
v -0.536977 0.281656 -3.565859
v -0.570016 0.281656 -3.565859
v -0.536977 0.235103 -3.619804
v -0.570016 0.235103 -3.619804
v -0.536977 0.167443 -3.650026
v -0.570016 0.167443 -3.650026
v -0.536977 0.092074 -3.650536
v -0.570016 0.092074 -3.650536
v -0.536977 0.023928 -3.621234
v -0.570016 0.023928 -3.621234
v -0.536977 -0.023503 -3.567924
v -0.570016 -0.023503 -3.567924
v -0.536977 -0.040819 -3.501166
v -0.570016 -0.040819 -3.501166
v -0.329871 -2.903054 -3.505375
v 0.367734 -3.669134 -3.156354
v -0.329871 -3.669134 -3.156354
v 0.367734 -2.903054 -3.505375
v 0.367734 -2.885713 -3.529461
v -0.329871 -2.885713 -3.529461
v -0.329871 -2.900185 -3.554999
v 0.367734 -2.900185 -3.554999
v 0.367734 -3.437613 -3.868004
v -0.329871 -3.437613 -3.868004
v 0.396099 0.182552 6.921984
v 0.396099 0.368044 6.843263
v 0.303301 0.308139 6.868685
v 0.115532 0.182552 6.921984
v 0.115532 0.308139 6.868685
v 0.303301 0.449808 6.808563
v 0.370662 0.603917 6.743160
v 0.348806 0.603917 6.743160
v 0.236213 0.484569 6.793809
v 0.194238 0.466140 6.801632
v 0.115532 0.449808 6.808563
v 0.115532 0.466140 6.801632
v -0.358236 0.368044 6.843263
v -0.358236 0.182552 6.921984
v -0.265438 0.308139 6.868685
v -0.077670 0.182552 6.921984
v -0.077670 0.308139 6.868685
v -0.265438 0.449808 6.808563
v -0.332799 0.603917 6.743160
v -0.310943 0.603917 6.743160
v -0.198350 0.484569 6.793809
v -0.156375 0.466140 6.801632
v -0.077670 0.449808 6.808563
v -0.077670 0.466140 6.801632
v 0.419583 2.024046 6.131223
v 0.124610 2.105277 6.131223
v -0.086747 2.105277 6.131223
v 0.146661 2.113269 6.131223
v -0.381720 2.024046 6.131223
v 0.337563 2.110987 6.131223
v -0.108798 2.113269 6.131223
v 0.161875 2.131982 6.131223
v 0.301806 2.215191 6.131223
v 0.193399 2.215191 6.131223
v -0.299700 2.110987 6.131223
v -0.124012 2.131982 6.131223
v -0.263943 2.215191 6.131223
v -0.155536 2.215191 6.131223
v 0.279203 1.500803 6.806546
v 0.194238 1.489223 6.801632
v 0.236213 1.470794 6.793809
v 0.348806 1.351446 6.743160
v 0.370662 1.351446 6.743160
v 0.178745 1.500803 6.806546
v 0.178745 1.489223 6.801632
v 0.396099 1.587319 6.843263
v 0.279203 1.679493 6.882380
v 0.396099 1.772809 6.921984
v 0.178745 1.772809 6.921984
v 0.178745 1.679493 6.882380
v -0.358236 1.772809 6.921984
v -0.358236 1.587319 6.843263
v -0.241340 1.679493 6.882380
v -0.140882 1.772809 6.921984
v -0.140882 1.679493 6.882380
v -0.241340 1.500803 6.806546
v -0.332799 1.351446 6.743160
v -0.310943 1.351446 6.743160
v -0.198350 1.470794 6.793809
v -0.156375 1.489223 6.801632
v -0.140882 1.500803 6.806546
v -0.140882 1.489223 6.801632
v -0.358236 0.182552 6.139224
v -0.077670 0.182552 6.139224
v -0.289664 0.308139 6.192523
v -0.077670 0.308139 6.192523
v -0.358236 0.368044 6.217945
v -0.289664 0.423820 6.241617
v -0.352221 0.423820 6.241617
v 0.327527 0.308139 6.192523
v 0.115532 0.182552 6.139224
v 0.396099 0.182552 6.139224
v 0.115532 0.308139 6.192523
v 0.396099 0.368044 6.217945
v 0.327527 0.423820 6.241617
v 0.390084 0.423820 6.241617
v 0.402532 0.230280 7.965766
v 0.445023 0.230280 7.965766
v 0.402105 0.165930 7.974236
v 0.445023 0.131731 7.986237
v -0.364242 0.165930 7.974236
v -0.407161 0.131731 7.986237
v -0.407161 0.052702 8.043596
v -0.407161 0.230280 7.965766
v 0.445023 0.052702 8.043596
v -0.364669 0.230280 7.965766
v -0.407161 0.008843 8.126482
v -0.364669 0.416368 7.965766
v 0.445023 0.008843 8.126482
v -0.407161 0.008843 8.218478
v 0.445023 0.008843 8.218478
v 0.445023 0.052702 8.301364
v -0.407161 0.052702 8.301364
v -0.407161 0.131731 8.358724
v 0.445023 0.131731 8.358724
v -0.407161 0.230280 8.379194
v 0.445023 0.230280 8.379194
v -0.407161 0.500718 8.379194
v 0.445023 0.500718 8.379194
v -0.407161 0.448990 7.965766
v -0.289664 0.448990 7.965766
v -0.289664 0.416368 7.965766
v -0.289664 0.482958 7.990278
v 0.346767 0.189152 -5.257884
v 0.304983 0.061691 -5.337955
v 0.346767 0.061691 -5.337955
v 0.304983 -0.092056 -5.354944
v 0.304983 0.189152 -5.257884
v 0.346767 0.261128 -5.133073
v 0.304983 0.261128 -5.133073
v 0.346767 -0.092056 -5.354944
v 0.304983 -0.236868 -5.304961
v 0.346767 -0.236868 -5.304961
v 0.304983 -0.339571 -5.199454
v 0.346767 -0.339571 -5.199454
v 0.304983 -0.376635 -5.062597
v 0.346767 -0.376635 -5.062597
v 0.304983 -0.339571 -4.925737
v 0.346767 -0.339571 -4.925737
v 0.304983 -0.236868 -4.820230
v 0.346767 -0.236868 -4.820230
v 0.304983 -0.092056 -4.770249
v 0.346767 -0.092056 -4.770249
v 0.304983 0.061691 -4.787238
v 0.346767 0.061691 -4.787238
v 0.304983 0.189152 -4.867310
v 0.346767 0.189152 -4.867310
v 0.304983 0.261128 -4.992119
v 0.346767 0.261128 -4.992119
v 0.304983 0.261128 -5.133073
v 0.346767 0.261128 -5.133073
v 0.271228 1.079105 5.541698
v 0.286794 0.943205 5.541698
v 0.501520 1.163505 5.541698
v 0.501520 0.791858 5.541698
v 0.484134 1.207999 5.541698
v 0.240998 0.815204 5.541698
v 0.197863 1.191769 5.541698
v 0.484134 0.747365 5.541698
v 0.236213 1.470794 5.541698
v 0.236213 0.484569 5.541698
v 0.083506 1.255389 5.541698
v 0.144328 0.724424 5.541698
v 0.194238 1.489223 5.541698
v 0.194238 0.466140 5.541698
v -0.156375 1.489223 5.541698
v 0.018931 0.691663 5.541698
v -0.045643 1.255389 5.541698
v -0.156375 0.466140 5.541698
v -0.198350 1.470794 5.541698
v -0.106465 0.724424 5.541698
v -0.160000 1.191769 5.541698
v -0.198350 0.484569 5.541698
v -0.446271 1.207999 5.541698
v -0.203135 0.815204 5.541698
v -0.233365 1.079105 5.541698
v -0.446271 0.747365 5.541698
v -0.463657 1.163505 5.541698
v -0.463657 0.791858 5.541698
v -0.248931 0.943205 5.541698
v 0.479342 -0.418018 -2.480813
v 0.484217 -0.434536 -2.469693
v 0.486640 -0.520262 -3.289443
v 0.471228 -0.470160 -3.347126
v 0.460966 -0.639883 -3.246845
v 0.466033 -0.450470 -3.336698
v 0.455917 -0.399034 -2.472748
v 0.442272 -0.432305 -3.350286
v 0.244032 -0.432712 -2.182403
v 0.244032 -0.652597 -2.306679
v 0.233857 -0.388704 -2.200345
v -0.206169 -0.432712 -2.182403
v -0.195994 -0.388704 -2.200345
v -0.206169 -0.652597 -2.306679
v 0.244032 -0.908851 -2.339866
v 0.391659 -0.741323 -2.474247
v -0.206169 -0.908851 -2.339866
v 0.367734 -0.907108 -2.459437
v 0.368167 -0.940008 -3.248322
v 0.244032 -1.158100 -2.276347
v -0.206169 -1.158100 -2.276347
v 0.367734 -1.218674 -2.382185
v 0.244032 -1.291334 -2.191645
v 0.317182 -1.276764 -2.292812
v 0.367734 -1.354220 -2.300030
v 0.317182 -1.309429 -2.270366
v 0.367734 -1.390260 -2.323899
v 0.367734 -1.483281 -2.875675
v 0.367734 -1.299002 -3.261793
v 0.367734 -1.497829 -2.890148
v 0.367734 -1.669197 -3.370036
v 0.367734 -1.517825 -2.884998
v 0.367734 -1.801221 -2.596068
v 0.367734 -2.800254 -3.257701
v 0.188059 -1.592129 -3.528546
v 0.188059 -1.247260 -3.429455
v 0.367734 -2.512264 -3.798710
v 0.367734 -2.885713 -3.529461
v 0.367734 -2.824734 -3.268259
v 0.367734 -2.903054 -3.505375
v 0.367734 -2.851758 -3.269969
v 0.367734 -2.877608 -3.262596
v 0.367734 -3.669134 -3.156354
v 0.367734 -3.641348 -2.891629
v 0.367734 -3.711281 -3.026804
v 0.367734 -2.900185 -3.554999
v 0.367734 -3.384684 -4.030695
v 0.367734 -3.437613 -3.868004
v 0.188059 -2.562460 -4.002495
v 0.188059 -3.330347 -4.197717
v 0.018931 -3.326103 -4.210765
v 0.018931 -2.562460 -4.002495
v 0.018931 -1.580551 -3.538704
v -0.150196 -2.562460 -4.002495
v -0.150196 -3.330347 -4.197717
v -0.329871 -3.384684 -4.030695
v -0.150196 -1.592129 -3.528546
v -0.329871 -2.512264 -3.798710
v -0.329871 -3.437613 -3.868004
v -0.329871 -2.900185 -3.554999
v -0.329871 -2.885713 -3.529461
v -0.329871 -2.800254 -3.257701
v -0.329871 -2.824734 -3.268259
v -0.329871 -2.903054 -3.505375
v -0.329871 -2.851758 -3.269969
v -0.329871 -2.877608 -3.262596
v -0.329871 -3.669134 -3.156354
v -0.329871 -3.641348 -2.891629
v -0.329871 -3.711281 -3.026804
v -0.329871 -1.669197 -3.370036
v -0.329871 -1.801221 -2.596068
v -0.329871 -1.517825 -2.884998
v -0.329871 -1.497829 -2.890148
v -0.329871 -1.299002 -3.261793
v -0.329871 -1.483281 -2.875675
v -0.150196 -1.247260 -3.429455
v -0.330304 -0.940008 -3.248322
v 0.018931 -1.242611 -3.444250
v 0.018931 -0.964600 -3.433616
v -0.150196 -0.952226 -3.423664
v 0.188059 -0.952226 -3.423664
v 0.188059 -0.814173 -3.460986
v 0.018931 -0.845575 -3.463152
v -0.150196 -0.814173 -3.460986
v 0.018931 -0.674300 -3.565829
v 0.188059 -0.652601 -3.566033
v 0.195022 -0.488858 -3.748695
v 0.176292 -0.447203 -3.743212
v 0.188059 -0.495079 -3.752312
v 0.018931 -0.496442 -3.775549
v 0.018931 -0.448006 -3.764400
v -0.138429 -0.447203 -3.743212
v -0.150196 -0.495079 -3.752312
v -0.150196 -0.652601 -3.566033
v -0.157159 -0.488858 -3.748695
v -0.404409 -0.432305 -3.350286
v -0.433365 -0.470160 -3.347126
v -0.423103 -0.639883 -3.246845
v -0.428170 -0.450470 -3.336698
v -0.418054 -0.399034 -2.472748
v -0.448777 -0.520262 -3.289443
v -0.441479 -0.418018 -2.480813
v -0.446354 -0.434536 -2.469693
v -0.206169 -0.432712 -2.182403
v -0.195994 -0.388704 -2.200345
v -0.206169 -0.652597 -2.306679
v -0.423103 -0.603189 -2.512469
v -0.448777 -0.541747 -2.518708
v -0.448777 -0.578381 -3.251861
v -0.442073 -0.610056 -3.241456
v -0.439809 -0.577427 -2.521760
v -0.353796 -0.741323 -2.474247
v -0.361461 -0.758116 -3.260893
v -0.206169 -0.908851 -2.339866
v -0.329871 -0.907108 -2.459437
v -0.329871 -1.218674 -2.382185
v -0.329871 -1.390260 -2.323899
v -0.206169 -1.158100 -2.276347
v -0.329871 -1.354220 -2.300030
v -0.279319 -1.276764 -2.292812
v -0.206169 -1.291334 -2.191645
v -0.279319 -1.309429 -2.270366
v -0.103938 1.823796 8.021919
v -0.160580 1.844071 7.992121
v -0.156149 1.800500 8.097637
v -0.222368 1.839766 8.040709
v -0.246169 1.878055 8.007774
v -0.141897 1.792296 8.124303
v -0.177305 1.877427 7.949537
v -0.262186 1.937449 7.967732
v -0.198405 1.937449 7.894737
v -0.099031 1.851791 7.946617
v -0.095458 1.874588 7.909395
v -0.111804 1.937449 7.855895
v -0.076648 1.836768 7.979754
v 0.133321 1.874588 7.909395
v 0.149667 1.937449 7.855895
v 0.236267 1.937449 7.894737
v 0.114511 1.836768 7.979754
v 0.215168 1.877427 7.949537
v 0.300049 1.937449 7.967732
v 0.284032 1.878055 8.007774
v 0.136894 1.851791 7.946617
v 0.198443 1.844071 7.992121
v 0.260231 1.839766 8.040709
v 0.194012 1.800500 8.097637
v 0.141801 1.823796 8.021919
v 0.179760 1.792296 8.124303
v 0.171810 1.769146 8.199548
v -0.133947 1.769146 8.199548
v 0.178121 1.754800 8.246177
v -0.140258 1.754800 8.246177
v 0.396099 0.182552 5.721602
v 0.396099 0.368044 5.642882
v 0.303301 0.308139 5.668306
v 0.115532 0.182552 5.721602
v 0.115532 0.308139 5.668306
v 0.303301 0.449808 5.608181
v 0.370662 0.603917 5.542779
v 0.348806 0.603917 5.542779
v 0.236213 0.484569 5.593429
v 0.194238 0.466140 5.601251
v 0.115532 0.449808 5.608181
v 0.115532 0.466140 5.601251
v -0.358236 0.368044 5.642882
v -0.358236 0.182552 5.721602
v -0.265438 0.308139 5.668306
v -0.077670 0.182552 5.721602
v -0.077670 0.308139 5.668306
v -0.265438 0.449808 5.608181
v -0.332799 0.603917 5.542779
v -0.310943 0.603917 5.542779
v -0.198350 0.484569 5.593429
v -0.156375 0.466140 5.601251
v -0.077670 0.449808 5.608181
v -0.077670 0.466140 5.601251
v -0.349920 0.144386 -5.156906
v -0.267120 0.169928 -5.062597
v -0.267120 0.144386 -5.156906
v -0.349920 0.169928 -5.062597
v -0.349920 0.073615 -5.229610
v -0.267120 0.144386 -4.968287
v -0.267120 0.073615 -5.229610
v -0.349920 0.144386 -4.968287
v -0.349920 -0.026175 -5.264053
v -0.267120 0.073615 -4.895583
v -0.267120 -0.026175 -5.264053
v -0.349920 0.073615 -4.895583
v -0.267120 -0.026175 -4.861139
v -0.349920 -0.026175 -4.861139
v -0.349920 -0.132122 -5.252346
v -0.267120 -0.132122 -5.252346
v -0.349920 -0.219956 -5.197168
v -0.267120 -0.219956 -5.197168
v -0.349920 -0.269553 -5.111163
v -0.267120 -0.269553 -5.111163
v -0.349920 -0.269553 -5.014030
v -0.267120 -0.269553 -5.014030
v -0.349920 -0.219956 -4.928024
v -0.267120 -0.219956 -4.928024
v -0.349920 -0.132122 -4.872848
v -0.267120 -0.132122 -4.872848
v -0.349920 -0.026175 -4.861139
v -0.267120 -0.026175 -4.861139
v -0.310943 1.351446 5.542779
v -0.222041 1.445682 5.582773
v -0.241340 1.466138 5.591455
v -0.332799 1.351446 5.542779
v -0.358236 1.587319 5.642882
v -0.241340 1.679493 5.681999
v -0.358236 1.772809 5.721602
v -0.140882 1.772809 5.721602
v -0.140882 1.679493 5.681999
v 0.348806 1.351446 5.542779
v 0.370662 1.351446 5.542779
v 0.279203 1.466138 5.591455
v 0.259904 1.445682 5.582773
v 0.396099 1.587319 5.642882
v 0.279203 1.679493 5.681999
v 0.396099 1.772809 5.721602
v 0.178745 1.772809 5.721602
v 0.178745 1.679493 5.681999
v 0.192392 0.616721 10.577335
v 0.018931 0.616721 10.577335
v 0.124733 0.584917 10.685357
v 0.101968 0.579284 10.704489
v -0.064105 0.579284 10.704489
v -0.086870 0.584917 10.685357
v -0.154529 0.616721 10.577335
v -0.116204 0.586946 10.678466
v -0.170747 0.586946 10.678466
v -0.189248 0.637968 10.577335
v -0.205464 0.608193 10.678466
v -0.362708 0.956435 10.577335
v -0.395143 0.956435 10.678466
v -0.362708 0.998929 10.577335
v -0.395143 0.998929 10.678466
v -0.367872 1.048997 10.678466
v -0.354862 1.076940 10.685357
v -0.249061 1.271188 10.685357
v -0.348082 1.100654 10.704489
v -0.265045 1.253106 10.704489
v -0.189248 1.317396 10.577335
v -0.232737 1.297101 10.678466
v -0.205464 1.347171 10.678466
v -0.154529 1.338643 10.577335
v -0.170747 1.368418 10.678466
v -0.358236 0.182552 4.938844
v -0.077670 0.182552 4.938844
v -0.289664 0.308139 4.992142
v -0.077670 0.308139 4.992142
v -0.358236 0.368044 5.017565
v -0.289664 0.502935 5.074811
v -0.343690 0.502935 5.074811
v 0.327527 0.308139 4.992142
v 0.115532 0.182552 4.938844
v 0.396099 0.182552 4.938844
v 0.115532 0.308139 4.992142
v 0.396099 0.368044 5.017565
v 0.327527 0.502935 5.074811
v 0.381552 0.502935 5.074811
v 0.192392 1.338643 10.577335
v 0.243327 1.347171 10.678466
v 0.208610 1.368418 10.678466
v 0.018931 1.338643 10.577335
v -0.170747 1.368418 10.678466
v -0.154529 1.338643 10.577335
v 0.227111 1.317396 10.577335
v 0.270600 1.297101 10.678466
v 0.286924 1.271188 10.685357
v 0.400571 0.998929 10.577335
v 0.392725 1.076940 10.685357
v 0.302908 1.253106 10.704489
v 0.385945 1.100654 10.704489
v 0.405735 1.048997 10.678466
v 0.433006 0.998929 10.678466
v 0.433006 0.956435 10.678466
v 0.400571 0.956435 10.577335
v 0.243327 0.608193 10.678466
v 0.227111 0.637968 10.577335
v 0.208610 0.586946 10.678466
v 0.154067 0.586946 10.678466
v 0.271228 1.079105 4.342398
v 0.286794 0.943205 4.342398
v 0.501520 1.163505 4.342398
v 0.501520 0.791858 4.342398
v 0.484134 1.207999 4.342398
v 0.240998 0.815204 4.342398
v 0.197863 1.191769 4.342398
v 0.484134 0.747365 4.342398
v 0.236213 1.470794 4.342398
v 0.236213 0.484569 4.342398
v 0.083506 1.255389 4.342398
v 0.144328 0.724424 4.342398
v 0.194238 1.489223 4.342398
v 0.194238 0.466140 4.342398
v -0.156375 1.489223 4.342398
v 0.018931 0.691663 4.342398
v -0.045643 1.255389 4.342398
v -0.156375 0.466140 4.342398
v -0.198350 1.470794 4.342398
v -0.106465 0.724424 4.342398
v -0.160000 1.191769 4.342398
v -0.198350 0.484569 4.342398
v -0.446271 1.207999 4.342398
v -0.203135 0.815204 4.342398
v -0.233365 1.079105 4.342398
v -0.446271 0.747365 4.342398
v -0.463657 1.163505 4.342398
v -0.463657 0.791858 4.342398
v -0.248931 0.943205 4.342398
v 0.367734 -3.669134 -3.156354
v -0.329871 -3.711281 -3.026804
v -0.329871 -3.669134 -3.156354
v 0.367734 -3.711281 -3.026804
v -0.276204 -3.641348 -2.891629
v -0.329871 -3.641348 -2.891629
v 0.314067 -3.641348 -2.891629
v 0.367734 -3.641348 -2.891629
v 0.018931 -3.548504 -2.712170
v -0.276204 -3.567049 -2.748015
v 0.314067 -3.567049 -2.748015
v 0.250022 1.630926 -3.354593
v 0.469015 1.461740 -3.501142
v 0.450006 1.442789 -3.528534
v 0.278849 1.636431 -3.335913
v 0.485812 1.463926 -3.475512
v 0.298387 1.633605 -3.318149
v 0.269396 1.647605 -3.310931
v 0.492861 1.450315 -3.489980
v 0.504032 1.441981 -3.466547
v 0.509639 1.397623 -3.492273
v 0.511769 1.413677 -3.464146
v 0.491188 1.428814 -3.518917
v 0.497435 1.269286 -3.653441
v 0.479395 1.308560 -3.670630
v 0.483160 1.199179 -3.841977
v 0.457319 1.189119 -4.060563
v 0.466998 1.158935 -4.055427
v 0.465616 1.243221 -3.847866
v 0.407180 1.219413 -4.063774
v 0.437803 1.325598 -3.675706
v 0.423528 1.261580 -3.847871
v -0.369317 1.219413 -4.063774
v -0.399940 1.325598 -3.675706
v -0.385665 1.261580 -3.847871
v -0.427754 1.243221 -3.847866
v -0.419456 1.189119 -4.060563
v -0.445297 1.199179 -3.841977
v -0.429135 1.158935 -4.055427
v -0.441532 1.308560 -3.670630
v -0.459572 1.269286 -3.653441
v -0.412144 1.442789 -3.528534
v -0.453325 1.428814 -3.518917
v -0.471776 1.397623 -3.492273
v -0.212159 1.630926 -3.354593
v -0.431153 1.461740 -3.501142
v -0.454998 1.450315 -3.489980
v -0.466169 1.441981 -3.466547
v -0.473906 1.413677 -3.464146
v -0.447949 1.463926 -3.475512
v -0.240986 1.636431 -3.335913
v -0.260524 1.633605 -3.318149
v -0.231533 1.647605 -3.310931
v -0.207494 1.649917 -3.326724
v -0.225297 1.641242 -3.321291
v -0.204083 1.653738 -3.303910
v 0.241946 1.653738 -3.303910
v 0.245357 1.649917 -3.326724
v 0.263159 1.641242 -3.321291
v -0.349920 -0.194057 -5.030823
v 0.387783 -0.194130 -5.094100
v -0.349920 -0.194130 -5.094100
v -0.349920 -0.161883 -5.150160
v 0.387783 -0.194057 -5.030823
v 0.387783 -0.161883 -5.150160
v -0.349920 -0.161681 -4.974825
v -0.349920 -0.104705 -5.186161
v 0.387783 -0.161681 -4.974825
v 0.387783 -0.104705 -5.186161
v -0.349920 -0.104421 -4.938934
v 0.387783 -0.035693 -5.193853
v 0.387783 -0.104421 -4.938934
v -0.349920 -0.035693 -5.193853
v 0.387783 -0.035392 -4.931373
v -0.349920 0.029342 -5.171476
v -0.349920 -0.035392 -4.931373
v 0.387783 0.029342 -5.171476
v -0.349920 0.029591 -4.953873
v 0.387783 0.075501 -5.124157
v 0.387783 0.029591 -4.953873
v -0.349920 0.075501 -5.124157
v -0.349920 0.092210 -5.062733
v 0.387783 0.092210 -5.062733
v 0.387783 0.075641 -5.001280
v -0.349920 0.075641 -5.001280
v 0.387783 0.092210 -5.062733
v -0.349920 0.092210 -5.062733
v 0.190455 -0.278745 -1.364335
v -0.152592 -0.357008 -1.364335
v -0.152592 -0.278745 -1.364335
v 0.190455 -0.357008 -1.364335
v 0.396099 0.182552 4.521221
v 0.396099 0.368044 4.442502
v 0.303301 0.308139 4.467925
v 0.115532 0.182552 4.521221
v 0.115532 0.308139 4.467925
v 0.303301 0.449808 4.407802
v 0.370662 0.603917 4.342398
v 0.348806 0.603917 4.342398
v 0.236213 0.484569 4.393050
v 0.194238 0.466140 4.400871
v 0.115532 0.449808 4.407802
v 0.115532 0.466140 4.400871
v -0.358236 0.368044 4.442502
v -0.358236 0.182552 4.521221
v -0.265438 0.308139 4.467925
v -0.077670 0.182552 4.521221
v -0.077670 0.308139 4.467925
v -0.265438 0.449808 4.407802
v -0.332799 0.603917 4.342398
v -0.310943 0.603917 4.342398
v -0.198350 0.484569 4.393050
v -0.156375 0.466140 4.400871
v -0.077670 0.449808 4.407802
v -0.077670 0.466140 4.400871
v -0.238448 1.045280 -9.558335
v -0.193612 0.766561 -8.624454
v -0.259931 1.178815 -8.447872
v -0.193612 0.766561 -9.537700
v -0.145176 0.766561 -10.022186
v -0.188236 1.040909 -10.053246
v -0.187673 1.038210 -10.054326
v -0.146831 1.100593 -10.029328
v -0.146831 1.336938 -8.416061
v -0.216302 1.251053 -8.358862
v 0.184694 1.100593 -10.029328
v 0.184694 1.336938 -8.416061
v 0.276311 1.045280 -9.558335
v 0.226099 1.040909 -10.053246
v 0.254165 1.251053 -8.358862
v 0.297794 1.178815 -8.447872
v 0.231475 0.766561 -8.624454
v 0.231475 0.766561 -9.537700
v 0.183038 0.766561 -10.022186
v 0.225536 1.038210 -10.054326
v -0.310943 1.351446 4.342398
v -0.222041 1.445682 4.382391
v -0.241340 1.466138 4.391073
v -0.332799 1.351446 4.342398
v -0.358236 1.587319 4.442502
v -0.241340 1.679492 4.481619
v -0.358236 1.772809 4.521221
v -0.140882 1.772809 4.521221
v -0.140882 1.679492 4.481619
v 0.348806 1.351446 4.342398
v 0.370662 1.351446 4.342398
v 0.279203 1.466138 4.391073
v 0.259904 1.445682 4.382391
v 0.396099 1.587319 4.442502
v 0.279203 1.679492 4.481619
v 0.396099 1.772809 4.521221
v 0.178745 1.772809 4.521221
v 0.178745 1.679492 4.481619
v -0.263943 2.215191 6.795281
v -0.155536 2.215191 6.983925
v -0.155536 2.215191 6.795281
v -0.263943 2.215191 6.983925
v -0.124012 2.131982 7.115093
v -0.299700 2.110987 7.148187
v -0.104083 2.110882 7.148352
v -0.380530 2.025307 7.283250
v -0.086747 2.105277 7.157188
v 0.418393 2.025307 7.283250
v 0.124610 2.105277 7.157188
v -0.442336 1.959793 7.427196
v 0.141946 2.110882 7.148352
v 0.480199 1.959793 7.427196
v 0.337563 2.110987 7.148187
v 0.161875 2.131982 7.115093
v 0.301806 2.215191 6.983925
v 0.193399 2.215191 6.983925
v 0.301806 2.215191 6.795281
v 0.193399 2.215191 6.795281
v 0.501280 1.937449 7.581669
v -0.463417 1.937449 7.581669
v 0.149667 1.937449 7.855895
v -0.111804 1.937449 7.855895
v 0.236267 1.937449 7.894737
v 0.501280 1.937449 7.861395
v 0.300049 1.937449 7.967732
v -0.198405 1.937449 7.894737
v -0.463417 1.937449 7.861395
v -0.262186 1.937449 7.967732
v 0.327527 0.308139 3.791761
v 0.115532 0.182552 3.738464
v 0.396099 0.182552 3.738464
v 0.115532 0.308139 3.791761
v 0.396099 0.368044 3.817183
v 0.327527 0.432863 3.844694
v 0.389108 0.432863 3.844694
v -0.358236 0.182552 3.738464
v -0.077670 0.182552 3.738464
v -0.289664 0.308139 3.791761
v -0.077670 0.308139 3.791761
v -0.358236 0.368044 3.817183
v -0.289664 0.432863 3.844694
v -0.351245 0.432863 3.844694
v -0.267120 -0.339571 -4.925737
v -0.308904 -0.376635 -5.062597
v -0.308904 -0.339571 -4.925737
v -0.267120 -0.376635 -5.062597
v -0.267120 -0.236868 -4.820230
v -0.308904 -0.339571 -5.199454
v -0.308904 -0.236868 -4.820230
v -0.267120 -0.339571 -5.199454
v -0.267120 -0.092056 -4.770249
v -0.308904 -0.236868 -5.304961
v -0.308904 -0.092056 -4.770249
v -0.267120 -0.236868 -5.304961
v -0.267120 0.061691 -4.787238
v -0.308904 -0.092056 -5.354944
v -0.308904 0.061691 -4.787238
v -0.267120 -0.092056 -5.354944
v -0.267120 0.189152 -4.867310
v -0.308904 0.061691 -5.337955
v -0.308904 0.189152 -4.867310
v -0.267120 0.061691 -5.337955
v -0.267120 0.261128 -4.992119
v -0.308904 0.189152 -5.257884
v -0.308904 0.261128 -4.992119
v -0.267120 0.261128 -5.133073
v -0.308904 0.261128 -5.133073
v -0.267120 0.189152 -5.257884
v -0.308904 0.261128 -5.133073
v -0.267120 0.261128 -5.133073
v 0.387605 2.166435 -1.383026
v 0.431735 2.206083 -1.367573
v 0.384276 2.113345 -1.357717
v 0.408685 2.067517 -1.301515
v 0.371091 2.034081 -1.319929
v 0.377638 2.203771 -1.400826
v 0.457219 2.359279 -1.417353
v 0.359809 2.024045 -1.315146
v 0.295917 2.345689 -1.468483
v 0.301930 2.381844 -1.476578
v -0.258054 2.345689 -1.468483
v -0.321946 2.024045 -1.315146
v 0.486656 2.536245 -1.456982
v 0.463611 2.578109 -1.476578
v 0.481920 2.554979 -1.463853
v 0.405649 2.651330 -1.476578
v 0.389064 2.659528 -1.476578
v 0.147046 2.659528 -1.476578
v 0.102932 2.504325 -1.476578
v 0.125572 2.640428 -1.476578
v -0.065069 2.504325 -1.476578
v -0.264068 2.381844 -1.476578
v -0.109183 2.659528 -1.476578
v -0.087709 2.640428 -1.476578
v -0.351202 2.659528 -1.476578
v -0.425749 2.578109 -1.476578
v -0.367786 2.651330 -1.476578
v -0.448793 2.536245 -1.456982
v -0.444058 2.554979 -1.463853
v -0.419356 2.359279 -1.417353
v -0.339775 2.203771 -1.400826
v -0.393872 2.206083 -1.367573
v -0.349742 2.166435 -1.383026
v -0.346413 2.113345 -1.357717
v -0.333228 2.034081 -1.319929
v -0.370822 2.067517 -1.301515
v 0.206571 1.673974 -4.158362
v -0.168708 1.502332 -4.267423
v -0.168708 1.673974 -4.158362
v 0.206571 1.502332 -4.267423
v 0.206571 1.722420 -4.112431
v -0.168708 1.722420 -4.112431
v -0.168708 1.747867 -4.053122
v 0.206571 1.747867 -4.053122
v 0.206571 2.039279 -2.561030
v -0.168708 2.039279 -2.561030
v -0.088683 2.221188 -1.629628
v 0.126546 2.221188 -1.629628
v 0.124817 2.225120 -1.589054
v -0.086954 2.225120 -1.589054
v 0.124817 2.225120 -1.411003
v -0.086954 2.225120 -1.411003
v 0.616298 -0.595781 -0.165050
v 0.353058 -0.738812 -0.110086
v 0.353058 -0.595781 -0.165050
v 0.616298 -0.738812 -0.110086
v 0.309514 -0.615233 -0.179909
v 0.309514 -0.760968 -0.123908
v 0.288187 -0.654944 -0.210245
v 0.288187 -0.806200 -0.152123
v -0.315195 -0.738812 -0.110086
v -0.271651 -0.615233 -0.179909
v -0.271651 -0.760968 -0.123908
v -0.250324 -0.654944 -0.210245
v -0.250324 -0.806200 -0.152123
v -0.315195 -0.595781 -0.165050
v -0.578435 -0.595781 -0.165050
v -0.578435 -0.738812 -0.110086
v -0.140882 1.489223 3.357306
v -0.222041 1.445681 3.357306
v -0.105388 1.228764 3.357306
v -0.201228 1.138763 3.357306
v 0.018931 1.261244 3.357306
v -0.198350 1.470794 3.357306
v -0.156375 1.489223 3.357306
v -0.481544 1.420526 3.357306
v -0.246632 1.011860 3.357306
v -0.241340 1.466138 3.357306
v -0.394544 1.618290 3.357306
v -0.364863 1.638334 3.357306
v -0.241340 1.638334 3.357306
v -0.481544 0.534837 3.357306
v -0.231198 0.877128 3.357306
v -0.158463 0.765431 3.357306
v -0.265438 0.449808 3.357306
v -0.394447 0.336849 3.357306
v -0.045088 0.702357 3.357306
v -0.289664 0.336849 3.357306
v -0.265438 0.317027 3.357306
v -0.289664 0.317027 3.357306
v -0.077670 0.449808 3.357306
v 0.018931 0.695829 3.357306
v 0.018931 0.317027 3.357306
v -0.077670 0.317027 3.357306
v 0.115532 0.449808 3.357306
v 0.115532 0.317027 3.357306
v 0.082951 0.702357 3.357306
v 0.303301 0.449808 3.357306
v 0.196325 0.765431 3.357306
v 0.519407 0.534837 3.357306
v 0.269061 0.877128 3.357306
v 0.284495 1.011860 3.357306
v 0.432310 0.336849 3.357306
v 0.327527 0.336849 3.357306
v 0.303301 0.317027 3.357306
v 0.327527 0.317027 3.357306
v 0.519407 1.420526 3.357306
v 0.239091 1.138763 3.357306
v 0.259904 1.445681 3.357306
v 0.143251 1.228764 3.357306
v 0.279203 1.466138 3.357306
v 0.432407 1.618290 3.357306
v 0.402726 1.638334 3.357306
v 0.279203 1.638334 3.357306
v 0.178745 1.489223 3.357306
v 0.236213 1.470794 3.357306
v 0.194238 1.489223 3.357306
v 0.018931 1.638334 3.357306
v 0.178745 1.638334 3.357306
v -0.140882 1.638334 3.357306
v -0.435406 0.919204 -0.508246
v -0.569771 0.791641 -0.508246
v -0.569771 1.163721 -0.508246
v -0.403752 0.791641 -0.508246
v -0.403752 1.163721 -0.508246
v 0.607634 0.791641 -0.508246
v 0.441615 0.791641 -0.508246
v 0.473269 0.919204 -0.508246
v 0.607634 1.163721 -0.508246
v 0.441615 1.163721 -0.508246
v -0.432216 0.324557 8.127448
v 0.470079 0.336752 8.172482
v 0.470079 0.324557 8.127448
v -0.432216 0.336752 8.172482
v -0.432216 0.290763 8.092733
v 0.470079 0.324557 8.217512
v 0.470079 0.290763 8.092733
v -0.432216 0.324557 8.217512
v -0.432216 0.243113 8.076285
v 0.470079 0.290763 8.252230
v 0.470079 0.243113 8.076285
v -0.432216 0.290763 8.252230
v -0.432216 0.192525 8.081876
v 0.470079 0.243113 8.268676
v 0.470079 0.192525 8.081876
v -0.432216 0.243113 8.268676
v -0.432216 0.150585 8.108222
v 0.470079 0.230280 8.269382
v 0.470079 0.150585 8.108222
v -0.432216 0.230280 8.269382
v -0.432216 0.126902 8.149291
v 0.470079 0.192525 8.263086
v 0.470079 0.126902 8.149291
v -0.432216 0.126902 8.195670
v 0.470079 0.126902 8.195670
v -0.432216 0.192525 8.263086
v 0.470079 0.150585 8.236738
v -0.432216 0.150585 8.236738
v 0.470079 0.126902 8.195670
v -0.432216 0.126902 8.195670
v 0.236712 1.496043 -4.599643
v 0.250771 1.363449 -4.977078
v 0.236712 1.382866 -4.984050
v 0.250769 1.478878 -4.585011
v 0.231252 1.464373 -4.562362
v 0.250769 1.475579 -4.581191
v 0.203069 1.477219 -4.562362
v 0.217757 1.505209 -4.599125
v 0.186840 1.531544 -4.597638
v 0.198652 1.395517 -5.019018
v 0.164344 1.509656 -4.562362
v 0.167174 1.437112 -5.020580
v 0.186570 1.405134 -5.028059
v 0.164846 1.567341 -4.595615
v 0.136798 1.553748 -4.562362
v 0.153981 1.483577 -5.019329
v 0.153981 1.609017 -4.593259
v 0.123186 1.605080 -4.562362
v 0.114011 1.536657 -5.019329
v 0.114432 1.662160 -4.598760
v 0.089849 1.640736 -4.562362
v 0.052415 1.566915 -5.019329
v 0.052097 1.689515 -4.599838
v 0.043223 1.658556 -4.562362
v -0.014498 1.689006 -4.599838
v -0.005723 1.658346 -4.562362
v -0.014506 1.565333 -5.019329
v -0.052895 1.642022 -4.562362
v -0.077562 1.663727 -4.598810
v -0.077015 1.538269 -5.019329
v -0.085323 1.605080 -4.562362
v -0.116118 1.609017 -4.593259
v -0.116118 1.483577 -5.019329
v -0.098935 1.553748 -4.562362
v -0.126984 1.567341 -4.595615
v -0.129311 1.437112 -5.020580
v -0.126481 1.509656 -4.562362
v -0.148977 1.531544 -4.597638
v -0.165206 1.477219 -4.562362
v -0.160789 1.395517 -5.019018
v -0.148707 1.405134 -5.028059
v -0.198849 1.382866 -4.984050
v -0.179894 1.505209 -4.599125
v -0.198849 1.496043 -4.599643
v -0.212908 1.363449 -4.977078
v -0.193389 1.464373 -4.562362
v -0.212906 1.478878 -4.585011
v -0.212906 1.475579 -4.581191
v -0.536977 -0.112921 -3.287969
v -0.440609 -0.128317 -3.694026
v -0.440609 -0.112921 -3.287969
v -0.536977 -0.128317 -3.694026
v -0.536977 -0.072698 -3.217667
v -0.440609 -0.090476 -3.768951
v -0.440609 -0.072698 -3.217667
v -0.536977 -0.090476 -3.768951
v -0.536977 0.005890 -3.183505
v -0.440609 -0.009506 -3.805954
v -0.440609 0.005890 -3.183505
v -0.536977 -0.009506 -3.805954
v -0.536977 0.066420 -3.183505
v -0.536977 0.066420 -3.805954
v -0.440609 0.103859 -3.183505
v -0.440609 0.164947 -3.805954
v -0.546441 0.103859 -3.183505
v -0.603139 0.328151 -3.805954
v -0.440609 0.142438 -3.168498
v -0.485683 0.328151 -3.805954
v -0.556194 0.142438 -3.168498
v -0.522476 0.461368 -3.679153
v -0.440609 0.164947 -3.147072
v -0.636029 0.458266 -3.682106
v -0.522476 0.461368 -2.864930
v -0.641759 0.504400 -3.638192
v -0.636029 0.458266 -2.867881
v -0.522476 1.505837 -2.684990
v -0.641759 0.504400 -2.823968
v -0.641759 1.562471 -2.631085
v -0.620555 1.605649 -2.589987
v -0.323207 1.653738 -2.544214
v -0.310427 1.835830 -2.370891
v -0.310427 1.653738 -2.544214
v -0.258670 1.653738 -2.574141
v -0.267769 1.867492 -2.359901
v -0.237186 1.897197 -2.372397
v -0.194494 1.653738 -2.663726
v -0.214899 1.934280 -2.368212
v -0.194494 1.980664 -2.352547
v -0.175409 2.024047 -2.351124
v -0.175409 1.653738 -2.703597
v -0.168708 2.039279 -2.383655
v -0.168708 1.653738 -2.750627
v -0.168708 2.039279 -2.561030
v -0.168708 1.653738 -3.333502
v -0.168708 1.747867 -4.053122
v -0.168708 1.442789 -3.528534
v -0.168708 1.325598 -3.675706
v -0.168708 1.261580 -3.847871
v -0.168708 1.544189 -4.133340
v -0.168708 1.205826 -4.133340
v -0.168708 1.722420 -4.112431
v -0.168708 1.673974 -4.158362
v -0.168708 1.502332 -4.267423
v 0.498627 0.102080 4.296258
v 0.379158 -0.076528 4.082731
v 0.588799 -0.061841 4.100289
v 0.588799 0.241716 4.463191
v 0.498627 0.336190 4.576135
v 0.379158 0.102080 4.296258
v 0.576468 -0.076528 4.082731
v 0.576468 -0.136702 3.411004
v 0.379158 -0.136702 3.411004
v 0.379158 -0.189766 3.234925
v 0.576468 -0.189766 3.234925
v 0.379158 -0.277125 3.118177
v 0.576468 -0.309637 3.088517
v 0.576468 -0.378327 3.039651
v 0.206675 -0.476493 2.993088
v 0.150356 -0.437015 3.009044
v 0.018931 -0.407161 3.023540
v -0.341295 -0.277125 3.118177
v -0.112493 -0.437015 3.009044
v -0.168812 -0.476493 2.993088
v -0.538605 -0.378327 3.039651
v -0.538605 -0.309637 3.088517
v -0.538605 -0.189766 3.234925
v -0.341295 -0.189766 3.234925
v -0.538605 -0.136702 3.411004
v -0.341295 -0.136702 3.411004
v -0.341295 -0.076528 4.082731
v -0.538605 -0.076528 4.082731
v -0.550936 -0.061841 4.100289
v -0.460764 0.102080 4.296258
v -0.341295 0.102080 4.296258
v -0.550936 0.241716 4.463191
v -0.460764 0.336190 4.576135
v 0.018931 0.492549 -0.259785
v 0.231623 0.548117 -0.259785
v 0.402726 0.317027 -0.259785
v 0.432407 0.337072 -0.259785
v -0.364863 0.317027 -0.259785
v 0.377765 0.676553 -0.259785
v 0.568242 0.645847 -0.259785
v 0.574664 0.676553 -0.259785
v -0.193760 0.548117 -0.259785
v -0.394544 0.337072 -0.259785
v -0.339902 0.676553 -0.259785
v -0.530379 0.645847 -0.259785
v -0.536801 0.676553 -0.259785
v -0.090596 1.448716 -0.259785
v -0.284562 1.340807 -0.259785
v -0.364863 1.638334 -0.259785
v 0.128459 1.448716 -0.259785
v -0.394544 1.618290 -0.259785
v 0.402726 1.638334 -0.259785
v -0.530379 1.309515 -0.259785
v -0.339902 1.278809 -0.259785
v -0.536801 1.278809 -0.259785
v 0.322425 1.340807 -0.259785
v 0.432407 1.618290 -0.259785
v 0.568242 1.309515 -0.259785
v 0.377765 1.278809 -0.259785
v 0.574664 1.278809 -0.259785
v 0.102932 2.504325 -1.421245
v -0.065069 2.504325 -1.421245
v -0.275264 2.504325 -1.272017
v -0.185372 2.504325 -1.366564
v 0.313127 2.504325 -1.272017
v 0.223235 2.504325 -1.366564
v -0.065069 2.504325 -1.476578
v 0.102932 2.504325 -1.476578
v 0.322425 1.340807 -0.259785
v 0.128459 1.448716 -0.078171
v 0.128459 1.448716 -0.259785
v 0.018931 1.448716 -0.078171
v 0.322425 1.340807 -0.078171
v -0.090596 1.448716 -0.259785
v 0.377765 1.278809 -0.259785
v -0.090596 1.448716 -0.078171
v 0.446863 1.149711 -0.078171
v -0.284562 1.340807 -0.259785
v 0.441615 1.163721 -0.508246
v -0.284562 1.340807 -0.078171
v 0.473269 0.919204 -0.508246
v -0.339902 1.278809 -0.259785
v 0.473269 0.919204 -0.078171
v -0.409000 1.149711 -0.078171
v -0.403752 1.163721 -0.508246
v -0.435406 0.919204 -0.508246
v -0.435406 0.919204 -0.078171
v 0.377765 0.676553 -0.259785
v 0.441615 0.791641 -0.508246
v 0.395589 0.702094 -0.078171
v 0.231623 0.548117 -0.078171
v 0.231623 0.548117 -0.259785
v 0.018931 0.492549 -0.259785
v 0.018931 0.492549 -0.078171
v -0.339902 0.676553 -0.259785
v -0.403752 0.791641 -0.508246
v -0.357726 0.702094 -0.078171
v -0.193760 0.548117 -0.078171
v -0.193760 0.548117 -0.259785
v 0.018931 0.492549 -0.259785
v 0.018931 0.492549 -0.078171
v -0.192748 2.465023 -0.782320
v -0.157822 2.465023 -0.802976
v -0.127601 2.465023 -0.879847
v -0.159119 2.465023 -0.782320
v -0.192748 2.465023 -1.199675
v -0.056448 2.465023 -0.937886
v -0.056448 2.465023 -1.255337
v -0.209903 2.465023 -1.237111
v -0.245138 2.465023 -1.255337
v 0.230611 2.465023 -1.199675
v 0.247766 2.465023 -1.237111
v 0.094311 2.465023 -1.255337
v 0.283001 2.465023 -1.255337
v 0.094311 2.465023 -0.937886
v 0.165464 2.465023 -0.879847
v 0.230611 2.465023 -0.782320
v 0.195685 2.465023 -0.802976
v 0.196982 2.465023 -0.782320
v 0.018931 2.448765 -0.939243
v 0.094311 2.448765 -1.248438
v -0.056448 2.448765 -1.248438
v 0.094311 2.448765 -0.921383
v -0.056448 2.448765 -0.921383
v -0.105695 2.450896 -0.864696
v -0.079550 2.450896 -0.671698
v 0.163014 2.450896 -0.731643
v 0.122199 2.450896 -0.673473
v 0.058038 2.450896 -0.640262
v -0.014772 2.450896 -0.639623
v -0.121458 2.450896 -0.729140
v -0.130892 2.450896 -0.798791
v 0.018899 2.450896 -0.929183
v -0.051635 2.450896 -0.911752
v 0.171131 2.450896 -0.801448
v 0.144691 2.450896 -0.866898
v 0.089752 2.450896 -0.912996
v 0.321036 0.089522 -4.436599
v 0.412009 0.128560 -4.454002
v 0.321036 0.128560 -4.454002
v 0.412009 1.232694 -4.454002
v 0.321036 1.364974 -4.454002
v 0.391455 1.287376 -4.454002
v 0.412009 0.089522 -4.436599
v 0.321036 0.070401 -4.401071
v 0.412009 0.070401 -4.401071
v 0.412009 0.070401 -4.297931
v 0.321036 0.070401 -4.297931
v 0.321036 0.089522 -4.262400
v 0.412009 0.089522 -4.262400
v 0.321036 0.128560 -4.244998
v 0.412009 0.128560 -4.244998
v 0.412009 1.297940 -4.244998
v 0.321036 1.430220 -4.244998
v 0.391455 1.352624 -4.244998
v -0.374146 1.297940 -4.244998
v -0.283173 1.430220 -4.244998
v -0.283173 0.128560 -4.244998
v -0.353592 1.352624 -4.244998
v -0.374146 0.128560 -4.244998
v -0.374146 0.089522 -4.262400
v -0.283173 0.089522 -4.262400
v -0.374146 0.070401 -4.297931
v -0.283173 0.070401 -4.297931
v -0.283173 0.070401 -4.401071
v -0.374146 0.070401 -4.401071
v -0.374146 0.089522 -4.436599
v -0.283173 0.089522 -4.436599
v -0.374146 0.128560 -4.454002
v -0.283173 0.128560 -4.454002
v -0.374146 1.232694 -4.454002
v -0.283173 1.364974 -4.454002
v -0.353592 1.287376 -4.454002
v -0.158463 0.765431 -0.078171
v -0.045088 0.702357 -0.078171
v -0.193760 0.548117 -0.078171
v -0.357726 0.702094 -0.078171
v 0.018931 0.492549 -0.078171
v -0.231198 0.877127 -0.078171
v 0.018931 0.687588 -0.078171
v -0.435406 0.919204 -0.078171
v 0.082951 0.702357 -0.078171
v -0.246632 1.011860 -0.078171
v 0.231623 0.548117 -0.078171
v -0.409000 1.149711 -0.078171
v 0.196325 0.765431 -0.078171
v -0.201228 1.138763 -0.078171
v 0.395589 0.702094 -0.078171
v -0.284562 1.340807 -0.078171
v 0.269061 0.877127 -0.078171
v -0.105388 1.228764 -0.078171
v 0.473269 0.919204 -0.078171
v -0.090596 1.448716 -0.078171
v 0.284495 1.011860 -0.078171
v 0.018931 1.261244 -0.078171
v 0.446863 1.149711 -0.078171
v 0.018931 1.448716 -0.078171
v 0.239091 1.138763 -0.078171
v 0.128459 1.448716 -0.078171
v 0.322425 1.340807 -0.078171
v 0.143251 1.228764 -0.078171
v -0.257555 2.041473 2.887999
v -0.307405 2.066113 2.887999
v -0.348807 2.050140 2.887999
v -0.437102 1.633333 2.887999
v -0.605880 1.465768 2.887999
v -0.429333 1.539210 2.887999
v -0.472819 1.440360 2.887999
v -0.587629 1.412616 2.887999
v -0.503350 1.370957 2.887999
v 0.541213 1.370957 2.887999
v 0.625492 1.412616 2.887999
v 0.510682 1.440360 2.887999
v 0.643743 1.465768 2.887999
v 0.467196 1.539210 2.887999
v 0.474965 1.633333 2.887999
v 0.386670 2.050140 2.887999
v 0.295418 2.041473 2.887999
v 0.345268 2.066113 2.887999
v 0.404838 1.638334 2.887999
v 0.444058 1.703592 2.887999
v 0.321635 1.981876 2.887999
v -0.366975 1.638334 2.887999
v -0.283772 1.981876 2.887999
v -0.406195 1.703592 2.887999
v 0.169949 2.300175 -0.799962
v 0.089629 2.300175 -0.912220
v -0.106267 2.300175 -0.865640
v 0.144130 2.300175 -0.865640
v 0.018931 2.300175 -0.929030
v -0.051766 2.300175 -0.912220
v 0.119811 2.300175 -0.672422
v 0.161173 2.300175 -0.730231
v -0.017474 2.300175 -0.639778
v 0.055337 2.300175 -0.639778
v -0.081948 2.300175 -0.672422
v -0.123310 2.300175 -0.730231
v -0.132087 2.300175 -0.799962
v -0.178480 -2.165660 -9.675264
v 0.216343 -2.135913 -9.411304
v -0.178480 -2.135913 -9.411304
v 0.216343 -2.165660 -9.675264
v -0.157770 0.863718 10.180051
v -0.137286 0.831070 9.198694
v -0.173622 0.879847 10.079156
v -0.179480 0.911783 9.198694
v -0.193978 0.976043 10.034283
v -0.187991 1.004313 9.198694
v -0.152613 1.103194 9.198694
v -0.173762 1.061312 10.068103
v -0.155715 1.102191 10.146186
v -0.136878 0.830114 10.577335
v -0.066152 0.776092 9.198694
v -0.189675 0.941718 10.250022
v -0.064922 0.777568 10.577335
v -0.176937 0.912428 10.577335
v 0.018931 0.756734 9.198694
v -0.187991 1.004313 10.577335
v 0.018931 0.751490 10.577335
v -0.183189 1.049973 10.236698
v 0.102785 0.777568 10.577335
v -0.152613 1.103194 10.577335
v 0.104015 0.776092 9.198694
v -0.077936 1.173321 10.577335
v -0.077936 1.173321 9.198694
v 0.018931 1.198628 10.577335
v 0.018931 1.198628 9.198694
v 0.174741 0.830114 10.577335
v 0.175149 0.831070 9.198694
v 0.195633 0.863718 10.180051
v 0.211485 0.879847 10.079156
v 0.227538 0.941718 10.250022
v 0.217343 0.911783 9.198694
v 0.214800 0.912428 10.577335
v 0.231841 0.976043 10.034283
v 0.225854 1.004313 10.577335
v 0.225854 1.004313 9.198694
v 0.221052 1.049973 10.236698
v 0.190476 1.103194 10.577335
v 0.193578 1.102191 10.146186
v 0.190476 1.103194 9.198694
v 0.211625 1.061312 10.068103
v 0.115799 1.173321 10.577335
v 0.115799 1.173321 9.198694
v 0.018931 1.198628 10.577335
v 0.018931 1.198628 9.198694
v 0.124817 2.225120 1.173867
v -0.086954 2.225120 0.706838
v -0.086954 2.225120 1.173867
v 0.124817 2.225120 0.706838
v -0.086954 2.225120 2.258658
v 0.124817 2.225120 1.787092
v -0.086954 2.225120 1.787092
v 0.124817 2.225120 2.258658
v 0.124817 2.225120 0.093613
v -0.086954 2.225120 -0.386287
v -0.086954 2.225120 0.093613
v 0.124817 2.225120 -0.386287
v 0.193399 2.215191 4.816667
v 0.301806 2.215191 4.340172
v 0.193399 2.215191 4.340172
v 0.301806 2.215191 4.816667
v -0.323739 2.215191 3.417557
v -0.263943 2.215191 3.547468
v -0.155536 2.215191 2.887999
v -0.323739 2.215191 3.025518
v -0.281079 2.215191 2.887999
v -0.155536 2.215191 3.736413
v -0.263943 2.215191 3.736413
v -0.263943 2.215191 4.340172
v -0.155536 2.215191 4.816667
v -0.155536 2.215191 4.340172
v -0.263943 2.215191 4.816667
v 0.193399 2.215191 2.887999
v 0.193399 2.215191 3.736413
v 0.301806 2.215191 3.547468
v 0.301806 2.215191 3.736413
v 0.361602 2.215191 3.417557
v 0.361602 2.215191 3.025518
v 0.318942 2.215191 2.887999
v -0.263943 2.215191 5.420426
v -0.155536 2.215191 6.131223
v -0.155536 2.215191 5.420426
v -0.263943 2.215191 6.131223
v 0.193399 2.215191 6.131223
v 0.301806 2.215191 5.420426
v 0.193399 2.215191 5.420426
v 0.301806 2.215191 6.131223
v -0.091176 -0.806002 1.896750
v -0.185969 -0.812039 2.077086
v -0.578435 -0.787814 1.353481
v 0.223832 -0.812039 2.077086
v -0.395310 -0.785715 1.290821
v 0.129039 -0.806002 1.896750
v 0.616298 -0.787814 1.353481
v 0.433172 -0.785715 1.290821
v -0.395310 -0.743846 0.040273
v -0.578435 -0.738812 -0.110086
v 0.433172 -0.743846 0.040273
v 0.616298 -0.738812 -0.110086
v -0.315195 -0.738812 -0.110086
v 0.353058 -0.738812 -0.110086
v -0.315195 -0.743241 0.022180
v -0.098621 -0.743846 0.040273
v -0.098621 -0.743241 0.022180
v -0.279374 -0.760034 0.007221
v -0.271651 -0.760968 -0.123908
v -0.250324 -0.810044 -0.037325
v -0.250324 -0.806200 -0.152123
v 0.353058 -0.743241 0.022180
v 0.136484 -0.743846 0.040273
v 0.136484 -0.743241 0.022180
v 0.317237 -0.760034 0.007221
v 0.309514 -0.760968 -0.123908
v 0.288187 -0.810044 -0.037325
v 0.288187 -0.806200 -0.152123
v -0.138270 0.991771 -7.077874
v 0.176133 0.991771 -7.077874
v -0.033504 0.981312 -7.077874
v -0.071926 0.961364 -7.077874
v 0.071367 0.981312 -7.077874
v -0.090745 0.920639 -7.077874
v 0.109789 0.961364 -7.077874
v -0.138270 0.890266 -7.077874
v 0.128607 0.920639 -7.077874
v -0.090745 0.890266 -7.077874
v 0.176133 0.890266 -7.077874
v -0.090745 0.843300 -7.095884
v 0.128607 0.890266 -7.077874
v -0.138270 0.843300 -7.095884
v 0.128607 0.843300 -7.095884
v -0.090745 0.823511 -7.138626
v 0.176133 0.843300 -7.095884
v -0.138270 0.823511 -7.138626
v -0.090745 0.823511 -8.540557
v -0.138270 0.823511 -8.540557
v 0.128607 0.823511 -7.138626
v 0.176133 0.823511 -7.138626
v 0.128607 0.823511 -8.540557
v 0.176133 0.823511 -8.540557
v 0.150640 2.166423 0.121596
v -0.086954 2.225120 0.093613
v -0.112777 2.166423 0.121596
v 0.124817 2.225120 0.093613
v 0.150640 2.166423 0.678856
v -0.112777 2.166423 0.678856
v 0.124817 2.225120 0.706838
v -0.086954 2.225120 0.706838
v 0.150640 2.166423 1.201849
v -0.086954 2.225120 1.173867
v -0.112777 2.166423 1.201849
v 0.124817 2.225120 1.173867
v 0.150640 2.166424 1.759111
v -0.112777 2.166424 1.759111
v 0.124817 2.225120 1.787092
v -0.086954 2.225120 1.787092
v -0.477956 -0.074905 7.351556
v -0.243258 -0.402173 4.949922
v -0.243407 -0.122449 7.320215
v -0.595062 -0.340150 4.918195
v -0.166636 -0.381860 4.939531
v -0.166636 -0.099047 7.335643
v 0.018931 -0.357675 4.927160
v 0.018931 -0.071239 7.353972
v 0.204498 -0.099047 7.335643
v 0.204498 -0.381860 4.939531
v 0.281270 -0.122449 7.320215
v 0.281121 -0.402173 4.949922
v 0.515819 -0.074905 7.351556
v 0.632924 -0.340150 4.918195
v 0.311915 2.185730 4.830711
v 0.193399 2.215191 4.816667
v 0.182239 2.185730 4.830711
v 0.301806 2.215191 4.816667
v 0.316582 2.172132 4.843060
v 0.177086 2.172132 4.843060
v 0.318540 2.166424 4.859753
v 0.174923 2.166424 4.859753
v 0.174923 2.166424 5.377340
v 0.318540 2.166424 5.377340
v 0.177086 2.172132 5.394034
v 0.316582 2.172132 5.394034
v 0.182239 2.185730 5.406382
v 0.311915 2.185730 5.406382
v 0.193399 2.215191 5.420426
v 0.301806 2.215191 5.420426
v 0.318540 2.166424 3.779499
v 0.177086 2.172132 3.762806
v 0.174923 2.166424 3.779499
v 0.174923 2.166424 4.297087
v 0.316582 2.172132 3.762806
v 0.318540 2.166424 4.297087
v 0.182239 2.185730 3.750458
v 0.177086 2.172132 4.313779
v 0.311915 2.185730 3.750458
v 0.193399 2.215191 3.736413
v 0.301806 2.215191 3.736413
v 0.316582 2.172132 4.313779
v 0.182239 2.185730 4.326128
v 0.311915 2.185730 4.326128
v 0.193399 2.215191 4.340172
v 0.301806 2.215191 4.340172
v -0.274052 2.185730 3.750458
v -0.155536 2.215191 3.736413
v -0.263943 2.215191 3.736413
v -0.144376 2.185730 3.750458
v -0.278719 2.172132 3.762806
v -0.139223 2.172132 3.762806
v -0.280677 2.166424 3.779499
v -0.137060 2.166424 3.779499
v -0.137060 2.166424 4.297087
v -0.280677 2.166424 4.297087
v -0.139223 2.172132 4.313779
v -0.278719 2.172132 4.313779
v -0.144376 2.185730 4.326128
v -0.274052 2.185730 4.326128
v -0.155536 2.215191 4.340172
v -0.263943 2.215191 4.340172
v -0.274052 2.185730 4.830711
v -0.155536 2.215191 4.816667
v -0.263943 2.215191 4.816667
v -0.144376 2.185730 4.830711
v -0.278719 2.172132 4.843060
v -0.139223 2.172132 4.843060
v -0.280677 2.166424 4.859753
v -0.137060 2.166424 4.859753
v -0.137060 2.166424 5.377340
v -0.280677 2.166424 5.377340
v -0.139223 2.172132 5.394034
v -0.278719 2.172132 5.394034
v -0.144376 2.185730 5.406382
v -0.274052 2.185730 5.406382
v -0.155536 2.215191 5.420426
v -0.263943 2.215191 5.420426
v -0.206863 -1.609855 -9.027446
v 0.244726 -1.037984 -7.493222
v 0.244726 -1.609855 -9.027446
v -0.206863 -1.037984 -7.493222
v -0.206863 -1.646827 -9.052547
v 0.244726 -1.646827 -9.052547
v -0.206863 -1.786855 -9.057401
v 0.244726 -1.786855 -9.057401
v 0.163629 -1.918077 -9.061951
v -0.125766 -1.918077 -9.061951
v 0.244726 -1.055281 -7.449747
v -0.206863 -1.055281 -7.449747
v -0.125766 -1.276158 -7.326807
v -0.206863 -1.168737 -7.386597
v 0.163629 -1.276158 -7.326807
v 0.244726 -1.168737 -7.386597
v 0.161875 2.131982 6.778168
v 0.193399 2.215191 6.983925
v 0.193399 2.215191 6.795281
v 0.161875 2.131982 7.115093
v 0.146661 2.113269 6.774317
v 0.141946 2.110882 7.148352
v 0.124610 2.105277 6.772675
v 0.124610 2.105277 7.157188
v -0.086747 2.105277 7.157188
v -0.086747 2.105277 6.772675
v -0.104083 2.110882 7.148352
v -0.108798 2.113269 6.774317
v -0.124012 2.131982 7.115093
v -0.124012 2.131982 6.778168
v -0.155536 2.215191 6.983925
v -0.155536 2.215191 6.795281
v -0.113227 2.283194 6.131223
v -0.389156 2.231622 6.323302
v -0.113227 2.283194 6.809270
v -0.296424 2.248954 6.131223
v -0.057089 2.320596 6.131223
v -0.057089 2.320596 6.816964
v -0.034913 2.360909 6.131223
v -0.032090 2.385693 6.830354
v -0.032090 2.483227 6.811194
v -0.032090 2.446325 6.842824
v -0.032090 2.472383 6.834360
v 0.193399 2.215191 3.736413
v 0.193399 2.215191 2.887999
v 0.161875 2.131982 2.887999
v 0.161875 2.131982 6.131223
v 0.146661 2.113269 2.887999
v 0.146661 2.113269 6.131223
v 0.124610 2.105277 2.887999
v 0.124610 2.105277 6.131223
v -0.086747 2.105277 2.887999
v -0.086747 2.105277 6.131223
v -0.108798 2.113269 6.131223
v -0.108798 2.113269 2.887999
v -0.124012 2.131982 6.131223
v -0.124012 2.131982 2.887999
v -0.155536 2.215191 5.420426
v -0.155536 2.215191 6.131223
v -0.144376 2.185730 5.406382
v -0.139223 2.172132 5.394034
v -0.137060 2.166424 5.377340
v -0.137060 2.166424 4.859753
v -0.137060 2.166424 4.297087
v -0.139223 2.172132 4.843060
v -0.139223 2.172132 4.313779
v -0.144376 2.185730 4.326128
v -0.144376 2.185730 4.830711
v -0.155536 2.215191 4.816667
v -0.155536 2.215191 4.340172
v -0.137060 2.166424 3.779499
v -0.139223 2.172132 3.762806
v -0.144376 2.185730 3.750458
v -0.155536 2.215191 3.736413
v -0.155536 2.215191 2.887999
v -0.279319 -1.390260 -2.323899
v -0.329871 -1.390260 -2.323899
v -0.218870 -1.420907 -2.505692
v -0.329871 -1.483281 -2.875675
v -0.212702 -1.391851 -2.333339
v -0.243495 -1.365180 -2.175133
v -0.279319 -1.345791 -2.060119
v -0.276129 -1.483281 -2.875675
v -0.278398 -1.497414 -2.890336
v -0.329871 -1.497829 -2.890148
v 0.281358 -1.365180 -2.175133
v 0.250565 -1.391851 -2.333339
v 0.317182 -1.390260 -2.323899
v 0.317182 -1.345791 -2.060119
v 0.256733 -1.420907 -2.505692
v 0.367734 -1.390260 -2.323899
v 0.367734 -1.483281 -2.875675
v 0.313992 -1.483281 -2.875675
v 0.316260 -1.497414 -2.890336
v 0.367734 -1.497829 -2.890148
v -0.265438 0.449808 6.808563
v -0.077670 0.449808 7.152019
v -0.077670 0.449808 6.808563
v -0.265438 0.449808 7.152019
v -0.077670 0.308139 7.280952
v -0.265438 0.308139 7.280952
v 0.115532 0.449808 7.152019
v 0.303301 0.449808 6.808563
v 0.115532 0.449808 6.808563
v 0.303301 0.449808 7.152019
v 0.115532 0.308139 7.280952
v 0.303301 0.308139 7.280952
v 0.124817 2.225120 -0.386287
v -0.175410 2.024045 -0.482145
v -0.086954 2.225120 -0.386287
v 0.213273 2.024045 -0.482145
v -0.175410 2.024045 -1.315146
v 0.213273 2.024045 -1.315146
v -0.086954 2.225120 -1.411003
v 0.124817 2.225120 -1.411003
v -0.168812 -0.476493 2.993088
v -0.538605 -0.378327 3.039651
v -0.582379 -0.374420 2.992020
v -0.582379 -0.492591 2.177892
v -0.168812 -0.599794 2.143623
v -0.112493 -0.560825 2.156080
v -0.112493 -0.437015 3.009044
v 0.018931 -0.531725 2.165384
v 0.018931 -0.407161 3.023540
v 0.150356 -0.437015 3.009044
v 0.150356 -0.560825 2.156080
v 0.206675 -0.476493 2.993088
v 0.206675 -0.599794 2.143623
v 0.620242 -0.492591 2.177892
v 0.620242 -0.374420 2.992020
v 0.576468 -0.378327 3.039651
v 0.419583 2.024046 6.755966
v -0.381720 2.024046 6.131223
v -0.381720 2.024046 6.755966
v 0.419583 2.024046 6.131223
v 0.186570 1.311710 -6.981661
v -0.148707 1.311710 -5.151615
v 0.186570 1.311710 -5.151615
v 0.250771 1.243658 -5.151615
v 0.250771 1.243658 -7.004204
v 0.250771 1.259902 -5.077290
v -0.148707 1.311710 -6.981661
v 0.186570 1.322775 -5.100990
v 0.250771 1.306162 -5.014280
v -0.212908 1.243658 -5.151615
v -0.212908 1.243658 -7.004204
v -0.212908 1.260857 -5.075225
v -0.148707 1.323424 -5.099586
v -0.212908 1.309684 -5.011150
v 0.236712 1.382866 -4.984050
v 0.250771 1.363449 -4.977078
v 0.198652 1.395517 -5.019018
v 0.186570 1.354283 -5.058074
v -0.212908 1.363449 -4.977078
v -0.198849 1.382866 -4.984050
v -0.160789 1.395517 -5.019018
v -0.148707 1.356681 -5.055942
v 0.186570 1.401439 -5.029397
v 0.186570 1.405134 -5.028059
v -0.148707 1.401439 -5.029397
v -0.148707 1.405134 -5.028059
v -0.129311 1.437112 -5.020580
v 0.167174 1.437112 -5.020580
v -0.014506 1.565333 -5.019329
v -0.116118 1.483577 -5.019329
v -0.077015 1.538269 -5.019329
v 0.052415 1.566915 -5.019329
v 0.153981 1.483577 -5.019329
v 0.114011 1.536657 -5.019329
v 0.169714 -0.686270 -1.626827
v -0.131851 -0.157835 -1.477414
v -0.131851 -0.686270 -1.626827
v 0.169714 -0.157835 -1.477414
v 0.169714 -0.799289 -1.641537
v -0.131851 -0.799289 -1.641537
v 0.169714 -0.911687 -1.623313
v -0.131851 -0.911687 -1.623313
v 0.169714 -1.212903 -1.527739
v -0.131851 -1.212903 -1.527739
v 0.169714 -1.230028 -1.553825
v -0.131851 -1.230028 -1.553825
v 0.169714 -0.712284 -2.001594
v -0.131851 -0.712284 -2.001594
v -0.131851 -0.177973 -2.001594
v 0.169714 -0.177973 -2.001594
v -0.289664 0.524600 2.573328
v -0.460764 0.588683 2.573328
v -0.460764 0.524600 2.573328
v -0.289664 0.588683 2.573328
v 0.498627 0.588683 2.573328
v 0.327527 0.524600 2.573328
v 0.498627 0.524600 2.573328
v 0.327527 0.588683 2.573328
v 0.232945 2.424500 -0.595579
v 0.121789 2.440707 -0.670266
v 0.055337 2.434091 -0.639778
v 0.174507 2.452661 -0.725352
v 0.230611 2.465023 -0.782320
v 0.196982 2.465023 -0.782320
v 0.242315 2.375375 -0.369187
v -0.204452 2.375375 -0.369187
v -0.017474 2.434091 -0.639778
v -0.195082 2.424500 -0.595579
v -0.083926 2.440707 -0.670266
v -0.136644 2.452661 -0.725352
v -0.192748 2.465023 -0.782320
v -0.159119 2.465023 -0.782320
v -0.403752 1.163721 -0.508246
v -0.550526 1.206268 -0.416394
v -0.543887 1.224647 -0.376715
v -0.569771 1.189754 -0.452043
v -0.569771 1.163721 -0.508246
v -0.339902 1.278809 -0.259785
v -0.543887 1.244927 -0.332930
v -0.536801 1.278809 -0.259785
v 0.588389 1.206268 -0.416394
v 0.441615 1.163721 -0.508246
v 0.581750 1.224647 -0.376715
v 0.607634 1.189754 -0.452043
v 0.607634 1.163721 -0.508246
v 0.377765 1.278809 -0.259785
v 0.581750 1.244927 -0.332930
v 0.574664 1.278809 -0.259785
v -0.374146 -0.541491 -4.133340
v 0.412009 -0.541491 -4.562362
v 0.412009 -0.541491 -4.133340
v -0.374146 -0.541491 -4.562362
v -0.216102 2.347818 -0.357175
v -0.306673 2.268913 -1.137146
v -0.266559 2.287796 -0.356407
v -0.237476 2.315622 -0.343142
v -0.329946 2.258122 -0.390692
v -0.309557 2.264198 -0.367657
v -0.356540 2.253021 -0.723098
v -0.383858 2.247915 -0.838989
v -0.400319 2.244838 -0.879910
v -0.400319 2.244838 -1.128539
v -0.318862 2.273026 -1.162442
v -0.401937 2.254570 -1.156099
v -0.328942 2.294731 -1.183066
v -0.405760 2.277549 -1.175776
v -0.268991 2.341128 -1.202757
v -0.241878 2.330781 -1.184555
v -0.248657 2.403923 -1.229406
v -0.216169 2.347689 -1.160098
v -0.213090 2.409704 -1.213633
v -0.209903 2.465023 -1.237111
v -0.245138 2.465023 -1.255337
v -0.192748 2.465023 -1.199675
v -0.195082 2.424500 -0.595579
v -0.204452 2.375375 -0.369187
v -0.195082 2.424500 -1.182478
v -0.192748 2.465023 -0.782320
v 0.230611 2.465023 -0.782320
v 0.232945 2.424500 -1.182478
v 0.230611 2.465023 -1.199675
v 0.232945 2.424500 -0.595579
v 0.250953 2.409704 -1.213633
v 0.247766 2.465023 -1.237111
v 0.286520 2.403923 -1.229406
v 0.283001 2.465023 -1.255337
v 0.254032 2.347689 -1.160098
v 0.279741 2.330781 -1.184555
v 0.306854 2.341128 -1.202757
v 0.253965 2.347818 -0.357175
v 0.242315 2.375375 -0.369187
v 0.344535 2.268913 -1.137146
v 0.356725 2.273026 -1.162442
v 0.366805 2.294731 -1.183066
v 0.439800 2.254570 -1.156099
v 0.443623 2.277549 -1.175776
v 0.438182 2.244838 -1.128539
v 0.438182 2.244838 -0.879910
v 0.421721 2.247915 -0.838989
v 0.394403 2.253021 -0.723098
v 0.367809 2.258122 -0.390692
v 0.304422 2.287796 -0.356407
v 0.347420 2.264198 -0.367657
v 0.275339 2.315622 -0.343142
v -0.477956 -0.074905 7.351556
v -0.546681 0.211410 7.540286
v -0.661514 -0.017129 5.269599
v -0.595062 -0.340150 4.918195
v -0.613366 -0.285304 4.890139
v 0.699376 -0.017129 5.269599
v 0.515819 -0.074905 7.351556
v 0.632924 -0.340150 4.918195
v 0.584544 0.211410 7.540286
v 0.651229 -0.285304 4.890139
v -0.283772 1.981876 2.887999
v 0.321635 1.981876 2.258658
v -0.283772 1.981876 2.258658
v 0.321635 1.981876 2.887999
v -0.406195 1.703592 2.887999
v 0.444058 1.703592 2.258658
v -0.406195 1.703592 2.258658
v -0.366975 1.638334 2.887999
v -0.366975 1.638334 2.258658
v 0.444058 1.703592 2.887999
v 0.404838 1.638334 2.258658
v 0.404838 1.638334 2.887999
v -0.098621 -0.813093 -0.327078
v -0.140297 -0.831215 -0.429412
v 0.178160 -0.831215 -0.429412
v -0.140297 -0.752748 0.013712
v -0.098621 -0.752748 0.013712
v 0.136484 -0.813093 -0.327078
v 0.178160 -0.752748 0.013712
v 0.136484 -0.752748 0.013712
v 0.122199 2.450896 -0.673473
v 0.058038 2.300175 -0.640262
v 0.122199 2.300175 -0.673473
v 0.058038 2.450896 -0.640262
v -0.014772 2.300175 -0.639623
v -0.014772 2.450896 -0.639623
v 0.163014 2.450896 -0.731643
v 0.163014 2.300175 -0.731643
v 0.171131 2.450896 -0.801448
v 0.171131 2.300175 -0.801448
v 0.144691 2.450896 -0.866898
v 0.144691 2.300175 -0.866898
v 0.089752 2.450896 -0.912996
v 0.089752 2.300175 -0.912996
v 0.018899 2.450896 -0.929183
v 0.018899 2.300175 -0.929183
v -0.051635 2.450896 -0.911752
v -0.051635 2.300175 -0.911752
v -0.105695 2.450896 -0.864696
v -0.105695 2.300175 -0.864696
v -0.130892 2.450896 -0.798791
v -0.130892 2.300175 -0.798791
v -0.121458 2.450896 -0.729140
v -0.121458 2.300175 -0.729140
v -0.079550 2.450896 -0.671698
v -0.079550 2.300175 -0.671698
v -0.014772 2.450896 -0.639623
v -0.014772 2.300175 -0.639623
v 0.379158 -0.277125 3.118177
v -0.341295 -0.123153 4.727242
v -0.341295 -0.277125 3.118177
v 0.379158 -0.123153 4.727242
v -0.140882 1.679493 7.311492
v -0.241340 1.500803 7.148863
v -0.140882 1.500803 7.148863
v -0.241340 1.679493 7.311492
v -0.140882 1.500803 6.806546
v -0.241340 1.500803 6.806546
v 0.279203 1.500803 7.148863
v 0.178745 1.679493 7.311492
v 0.178745 1.500803 7.148863
v 0.279203 1.679493 7.311492
v 0.178745 1.500803 6.806546
v 0.279203 1.500803 6.806546
v 0.226133 0.991771 -7.029638
v 0.176133 0.890266 -7.077874
v 0.176133 0.991771 -7.077874
v 0.226133 0.890266 -7.029638
v 0.226133 0.806014 -7.061950
v 0.176133 0.843300 -7.095884
v 0.176133 0.823511 -7.138626
v 0.226133 0.770511 -7.138626
v 0.176133 0.823511 -8.540557
v 0.226133 0.770511 -8.563081
v -0.138270 0.890266 -7.077874
v -0.188270 0.991771 -7.029638
v -0.138270 0.991771 -7.077874
v -0.188270 0.890266 -7.029638
v -0.188270 0.806014 -7.061950
v -0.138270 0.843300 -7.095884
v -0.138270 0.823511 -7.138626
v -0.188270 0.770511 -7.138626
v -0.138270 0.823511 -8.540557
v -0.188270 0.770511 -8.563081
v 0.178745 1.679493 6.178827
v 0.279203 1.679493 5.681999
v 0.178745 1.679493 5.681999
v 0.279203 1.679493 6.178827
v 0.178745 1.679493 7.311492
v 0.279203 1.679493 6.882380
v 0.178745 1.679493 6.882380
v 0.279203 1.679493 7.311492
v 0.178745 1.679493 4.978447
v 0.279203 1.679492 4.481619
v 0.178745 1.679492 4.481619
v 0.279203 1.679493 4.978447
v -0.241340 1.679492 4.481619
v -0.140882 1.679493 4.978447
v -0.140882 1.679492 4.481619
v -0.241340 1.679493 4.978447
v -0.241340 1.679493 5.681999
v -0.140882 1.679493 6.178827
v -0.140882 1.679493 5.681999
v -0.241340 1.679493 6.178827
v -0.241340 1.679493 6.882380
v -0.140882 1.679493 7.311492
v -0.140882 1.679493 6.882380
v -0.241340 1.679493 7.311492
v 0.498627 0.102080 4.372514
v 0.577987 0.102080 4.496340
v 0.379158 0.102080 4.522254
v 0.576677 0.102080 4.522254
v 0.379158 0.102080 4.296258
v 0.498627 0.102080 4.296258
v 0.379158 -0.123153 4.727242
v 0.563529 -0.183575 4.782232
v -0.525666 -0.183575 4.782232
v 0.383713 0.205751 8.337914
v -0.345851 0.205751 8.337914
v -0.341295 -0.123153 4.727242
v -0.538814 0.102080 4.522254
v -0.341295 0.102080 4.522254
v -0.540124 0.102080 4.496340
v -0.460764 0.102080 4.372514
v -0.341295 0.102080 4.296258
v -0.460764 0.102080 4.296258
v 0.574840 -0.128317 -3.694026
v 0.478472 -0.090476 -3.768951
v 0.574840 -0.090476 -3.768951
v 0.478472 -0.128317 -3.694026
v 0.478472 -0.009506 -3.805954
v 0.574840 -0.112921 -3.287969
v 0.574840 -0.009506 -3.805954
v 0.478472 -0.112921 -3.287969
v 0.574840 0.066420 -3.805954
v 0.574840 -0.072698 -3.217667
v 0.478472 0.164947 -3.805954
v 0.478472 -0.072698 -3.217667
v 0.641002 0.328151 -3.805954
v 0.574840 0.005890 -3.183505
v 0.523546 0.328151 -3.805954
v 0.478472 0.005890 -3.183505
v 0.560339 0.461368 -3.679153
v 0.574840 0.066420 -3.183505
v 0.673892 0.458266 -3.682106
v 0.478472 0.103859 -3.183505
v 0.679622 0.504400 -3.638192
v 0.584304 0.103859 -3.183505
v 0.560339 1.505837 -2.684990
v 0.478472 0.142438 -3.168498
v 0.679622 1.562471 -2.631085
v 0.594057 0.142438 -3.168498
v 0.658418 1.605649 -2.589987
v 0.478472 0.164947 -3.147072
v 0.361070 1.653738 -2.544214
v 0.560339 0.461368 -2.864930
v 0.348290 1.835830 -2.370891
v 0.673892 0.458266 -2.867881
v 0.348290 1.653738 -2.544214
v 0.679622 0.504400 -2.823968
v 0.296533 1.653738 -2.574141
v 0.305632 1.867492 -2.359901
v 0.275049 1.897197 -2.372397
v 0.560339 1.505837 -1.870766
v 0.679622 1.562471 -1.816862
v 0.658418 1.605649 -1.775763
v 0.232357 1.653738 -2.663726
v 0.252762 1.934280 -2.368212
v 0.232357 1.980664 -2.352547
v 0.213272 2.024047 -2.351124
v 0.213272 1.653738 -2.703597
v 0.206571 2.039279 -2.383655
v 0.206571 1.653738 -2.750627
v 0.206571 2.039279 -2.561030
v 0.206571 1.653738 -3.333502
v 0.206571 1.747867 -4.053122
v 0.206571 1.442789 -3.528534
v 0.206571 1.325598 -3.675706
v 0.206571 1.261580 -3.847871
v 0.206571 1.544189 -4.133340
v 0.206571 1.205826 -4.133340
v 0.206571 1.722420 -4.112431
v 0.206571 1.673974 -4.158362
v 0.206571 1.502332 -4.267423
v -0.413648 -0.219642 2.258658
v 0.451511 -0.219642 2.258658
v -0.346284 -0.141379 2.258658
v 0.384147 -0.141379 2.258658
v -0.386931 -0.098269 2.258658
v 0.424794 -0.098269 2.258658
v -0.460764 -0.106795 2.258658
v 0.498627 -0.106795 2.258658
v -0.460764 0.469536 2.258658
v -0.386931 0.519577 2.258658
v -0.413583 0.519577 2.258658
v 0.498627 0.469536 2.258658
v 0.424794 0.519577 2.258658
v 0.451446 0.519577 2.258658
v 0.252762 1.934281 2.258658
v -0.086954 2.225120 2.258658
v -0.214899 1.934281 2.258658
v 0.124817 2.225120 2.258658
v 0.275049 1.897198 2.258658
v -0.237186 1.897198 2.258658
v 0.412009 1.653739 2.258658
v 0.305632 1.867493 2.258658
v 0.412009 1.788538 2.258658
v -0.374146 1.653739 2.258658
v -0.267769 1.867493 2.258658
v -0.374146 1.788538 2.258658
v -0.307405 2.066113 2.887999
v -0.257555 2.041473 2.258658
v -0.307405 2.066113 2.258658
v -0.257555 2.041473 2.887999
v -0.348807 2.050140 2.887999
v -0.348807 2.050140 2.258658
v -0.414588 1.900607 2.258658
v -0.605880 1.465768 2.803649
v -0.605880 1.465768 2.887999
v -0.587629 1.412616 2.887999
v -0.587629 1.412616 2.504557
v -0.521676 1.540326 2.258658
v -0.576347 1.407039 2.390887
v 0.295418 2.041473 2.258658
v 0.345268 2.066113 2.887999
v 0.345268 2.066113 2.258658
v 0.295418 2.041473 2.887999
v 0.386670 2.050140 2.887999
v 0.386670 2.050140 2.258658
v 0.452451 1.900607 2.258658
v 0.643743 1.465768 2.803649
v 0.643743 1.465768 2.887999
v 0.625492 1.412616 2.887999
v 0.625492 1.412616 2.504557
v 0.559539 1.540326 2.258658
v 0.614210 1.407039 2.390887
v 0.586263 1.802723 3.025518
v 0.516352 1.931075 3.720818
v 0.528727 1.908353 3.853659
v 0.476989 2.003343 3.589106
v 0.361602 2.215191 3.417557
v 0.320384 2.161049 3.636889
v 0.361602 2.215191 3.025518
v 0.301806 2.215191 3.547468
v 0.301806 2.215191 3.736413
v 0.311915 2.185730 3.750458
v 0.316582 2.172132 3.762806
v 0.318942 2.215191 2.887999
v 0.337563 2.110986 3.853659
v 0.318540 2.166424 3.779499
v 0.318540 2.166424 4.297087
v 0.582541 1.772766 2.960927
v 0.568200 1.757563 2.887999
v 0.582541 1.772766 7.906013
v 0.452587 1.635014 2.887999
v 0.586263 1.802723 7.888120
v 0.528727 1.908354 7.862361
v 0.501280 1.937449 7.581669
v 0.501280 1.937449 7.861395
v 0.419583 2.024046 6.131223
v 0.480199 1.959793 7.427196
v 0.419583 2.024046 6.755966
v 0.418393 2.025307 7.283250
v 0.337563 2.110987 7.148187
v 0.337563 2.110987 6.773849
v 0.301806 2.215191 6.983925
v 0.301806 2.215191 6.795281
v 0.337563 2.110987 6.131223
v 0.318540 2.166424 4.859753
v 0.316582 2.172132 4.843060
v 0.316582 2.172132 4.313779
v 0.311915 2.185730 4.326128
v 0.311915 2.185730 4.830711
v 0.301806 2.215191 4.816667
v 0.301806 2.215191 4.340172
v 0.318540 2.166424 5.377340
v 0.316582 2.172132 5.394034
v 0.311915 2.185730 5.406382
v 0.301806 2.215191 5.420426
v 0.301806 2.215191 6.131223
v 0.234334 1.410259 -4.562362
v 0.259785 1.532572 -4.133340
v 0.259785 1.398643 -4.562362
v 0.234334 1.544189 -4.133340
v 0.206571 1.502332 -4.267423
v 0.206571 1.544189 -4.133340
v -0.196471 1.410259 -4.562362
v -0.168708 1.502332 -4.267423
v -0.196471 1.544189 -4.133340
v -0.168708 1.544189 -4.133340
v -0.221923 1.532572 -4.133340
v -0.221923 1.398643 -4.562362
v -0.283173 1.430220 -4.244998
v -0.353592 1.387480 -4.133340
v -0.283173 1.364974 -4.454002
v -0.353592 1.352624 -4.244998
v -0.353592 1.253549 -4.562362
v -0.374146 1.332798 -4.133340
v -0.353592 1.287376 -4.454002
v -0.374146 1.297940 -4.244998
v -0.374146 1.232694 -4.454002
v -0.374146 0.128560 -4.244998
v -0.374146 1.198867 -4.562362
v -0.374146 -0.541491 -4.133340
v -0.374146 0.128560 -4.454002
v -0.374146 0.089522 -4.262400
v -0.374146 0.070401 -4.297931
v -0.374146 -0.541491 -4.562362
v -0.374146 0.089522 -4.436599
v -0.374146 0.070401 -4.401071
v 0.299310 -0.160018 1.767087
v -0.261447 -0.238281 1.767087
v -0.261447 -0.160018 1.767087
v -0.346284 -0.171939 1.452689
v 0.299310 -0.238281 1.767087
v -0.366760 -0.253077 1.376808
v 0.384147 -0.171939 1.452689
v -0.366760 -0.168946 1.376808
v 0.404623 -0.253077 1.376808
v -0.366760 -0.221741 -0.015641
v 0.404623 -0.168946 1.376808
v 0.404623 -0.221741 -0.015641
v 0.404623 -0.305872 -0.015641
v -0.366760 -0.305872 -0.015641
v -0.346284 -0.227610 -0.015641
v 0.384147 -0.227610 -0.015641
v 0.404623 -0.305872 -0.015641
v 0.404623 -0.221741 -0.015641
v -0.588089 0.268615 -3.622567
v -0.598496 0.309783 -3.566814
v -0.636029 0.458266 -3.682106
v -0.602352 0.325039 -3.500270
v -0.598496 0.309783 -3.433728
v -0.603139 0.328151 -3.805954
v -0.572850 0.208330 -3.659120
v -0.555187 0.138455 -3.674180
v -0.536977 0.066420 -3.805954
v -0.536977 0.066420 -3.675932
v -0.636029 0.458266 -2.867881
v -0.641759 0.504400 -3.638192
v -0.588089 0.268615 -3.377974
v -0.641759 0.504400 -2.823968
v -0.641759 1.562471 -2.631085
v -0.556194 0.142438 -3.168498
v -0.641759 1.562471 -1.816862
v -0.572850 0.208330 -3.341422
v -0.620555 1.605649 -2.589987
v -0.555187 0.138455 -3.326363
v -0.620555 1.605649 -1.775763
v -0.546441 0.103859 -3.183505
v -0.536977 0.066420 -3.324609
v -0.536977 0.066420 -3.183505
v -0.310427 1.835830 -2.370891
v -0.267769 1.867492 -2.359901
v -0.374146 1.788537 -1.601684
v -0.267769 1.867493 2.258658
v -0.374146 1.788538 2.258658
v -0.237186 1.897198 2.258658
v -0.237186 1.897197 -2.372397
v -0.214899 1.934280 -2.368212
v -0.214899 1.934281 2.258658
v -0.086954 2.225120 2.258658
v -0.086954 2.225120 1.787092
v -0.112777 2.166424 1.759111
v -0.112777 2.166423 1.201849
v -0.086954 2.225120 1.173867
v -0.086954 2.225120 0.706838
v -0.112777 2.166423 0.678856
v -0.175410 2.024045 -0.482145
v -0.112777 2.166423 0.121596
v -0.086954 2.225120 -0.386287
v -0.086954 2.225120 0.093613
v -0.175410 2.024045 -1.315146
v -0.086954 2.225120 -1.411003
v -0.086954 2.225120 -1.589054
v -0.088683 2.221188 -1.629628
v -0.194494 1.980664 -2.352547
v -0.175409 2.024047 -2.351124
v -0.168708 2.039279 -2.383655
v -0.168708 2.039279 -2.561030
v 0.636359 0.309783 -3.433728
v 0.640215 0.325039 -3.500270
v 0.673892 0.458266 -3.682106
v 0.636359 0.309783 -3.566814
v 0.625952 0.268615 -3.622567
v 0.641002 0.328151 -3.805954
v 0.610713 0.208330 -3.659120
v 0.593049 0.138455 -3.674180
v 0.574840 0.066420 -3.805954
v 0.574840 0.066420 -3.675932
v 0.673892 0.458266 -2.867881
v 0.625952 0.268615 -3.377974
v 0.679622 0.504400 -3.638192
v 0.594057 0.142438 -3.168498
v 0.679622 0.504400 -2.823968
v 0.610713 0.208330 -3.341422
v 0.679622 1.562471 -2.631085
v 0.593049 0.138455 -3.326363
v 0.679622 1.562471 -1.816862
v 0.584304 0.103859 -3.183505
v 0.574840 0.066420 -3.324609
v 0.574840 0.066420 -3.183505
v 0.658418 1.605649 -2.589987
v 0.658418 1.605649 -1.775763
v 0.348290 1.835830 -2.370891
v 0.305632 1.867492 -2.359901
v 0.412009 1.788537 -1.601684
v 0.305632 1.867493 2.258658
v 0.412009 1.788538 2.258658
v 0.275049 1.897198 2.258658
v 0.275049 1.897197 -2.372397
v 0.252762 1.934280 -2.368212
v 0.252762 1.934281 2.258658
v 0.124817 2.225120 1.787092
v 0.124817 2.225120 2.258658
v 0.150640 2.166424 1.759111
v 0.150640 2.166423 1.201849
v 0.124817 2.225120 0.706838
v 0.124817 2.225120 1.173867
v 0.150640 2.166423 0.678856
v 0.213273 2.024045 -0.482145
v 0.150640 2.166423 0.121596
v 0.124817 2.225120 -0.386287
v 0.124817 2.225120 0.093613
v 0.213273 2.024045 -1.315146
v 0.124817 2.225120 -1.589054
v 0.124817 2.225120 -1.411003
v 0.126546 2.221188 -1.629628
v 0.232357 1.980664 -2.352547
v 0.213272 2.024047 -2.351124
v 0.206571 2.039279 -2.383655
v 0.206571 2.039279 -2.561030
v 0.565671 -0.094007 -2.886979
v 0.547580 -0.123650 -2.869291
v 0.547580 -0.108855 -2.899537
v 0.547580 -0.076795 -2.915179
v 0.565673 -0.071650 -2.897887
v 0.565673 -0.104323 -2.865888
v 0.565673 0.048030 -2.901880
v 0.565673 0.083189 -2.872144
v 0.565673 -0.018435 -0.733373
v 0.531715 -0.108855 -2.899537
v 0.531715 -0.123650 -2.869291
v 0.547580 0.051769 -2.919469
v 0.565671 0.071204 -2.892492
v 0.547580 0.085002 -2.906004
v 0.547580 0.102190 -2.876825
v 0.531715 0.085002 -2.906004
v 0.531715 0.051769 -2.919469
v 0.531715 -0.076795 -2.915179
v -0.513107 0.459649 -2.899146
v -0.485618 0.474330 -0.318956
v -0.513375 0.558288 -0.318957
v -0.485618 0.362736 -3.262211
v -0.451502 0.435444 -0.317438
v -0.522476 0.520517 -2.820563
v -0.416559 0.421901 -0.317572
v -0.415828 0.351216 -2.181842
v -0.437389 0.309380 -3.348740
v -0.415828 0.303610 -3.437418
v -0.469593 0.332425 -3.352126
v -0.460661 0.329213 -3.441383
v -0.369740 0.280532 -4.046110
v -0.413294 0.302229 -4.051409
v -0.482180 0.370737 -3.354869
v -0.475460 0.366951 -3.443610
v -0.429155 0.343764 -4.055161
v -0.445297 1.199179 -3.841977
v -0.429135 1.158935 -4.055427
v -0.459572 1.269286 -3.653441
v -0.488827 0.383697 -3.267071
v -0.516317 0.480609 -2.904006
v -0.475725 1.416698 -3.440100
v -0.471776 1.397623 -3.492273
v -0.498930 1.455201 -3.133645
v -0.473906 1.413677 -3.464146
v -0.467989 1.445002 -3.442501
v -0.466169 1.441981 -3.466547
v -0.491193 1.483506 -3.136046
v -0.450377 1.467919 -3.443645
v -0.447949 1.463926 -3.475512
v -0.260524 1.633605 -3.318149
v -0.473580 1.506424 -3.137189
v -0.304702 1.633605 -3.136193
v -0.231533 1.647605 -3.310931
v -0.336147 1.634165 -2.958877
v -0.277507 1.647673 -3.130047
v -0.204083 1.653738 -3.303910
v -0.247918 1.653738 -3.123362
v 0.241946 1.653738 -3.303910
v -0.479681 1.521630 -2.970546
v -0.501147 1.495412 -2.969311
v -0.511551 1.463713 -2.966943
v -0.522476 1.447849 -2.820764
v -0.509788 1.497043 -2.784853
v -0.480800 1.533324 -2.781464
v -0.512056 1.496238 -0.319638
v -0.480800 1.533324 -0.319638
v -0.522476 1.448051 -0.319638
v -0.346668 1.634339 -2.780671
v -0.345769 1.635012 -0.319638
v -0.308715 1.647843 -2.955792
v -0.319149 1.647894 -2.780671
v -0.319448 1.648888 -0.319639
v -0.289310 1.653738 -0.319639
v -0.289310 1.653738 -2.780671
v -0.278946 1.653738 -2.952447
v 0.327173 1.653738 -0.319639
v 0.316809 1.653738 -2.952447
v 0.327173 1.653738 -2.780671
v 0.357012 1.647894 -2.780671
v 0.357311 1.648888 -0.319639
v 0.383632 1.635012 -0.319638
v 0.285781 1.653738 -3.123362
v 0.346578 1.647843 -2.955792
v 0.384530 1.634339 -2.780671
v 0.518663 1.533324 -0.319638
v 0.315370 1.647673 -3.130047
v 0.269396 1.647605 -3.310931
v 0.374009 1.634165 -2.958877
v 0.518663 1.533324 -2.781464
v 0.549919 1.496238 -0.319638
v 0.342565 1.633605 -3.136193
v -0.543887 0.730715 -0.376715
v -0.550526 0.749094 -0.416394
v -0.403752 0.791641 -0.508246
v -0.569771 0.765606 -0.452043
v -0.569771 0.791641 -0.508246
v -0.339902 0.676553 -0.259785
v -0.543887 0.710433 -0.332930
v -0.536801 0.676553 -0.259785
v 0.441615 0.791641 -0.508246
v 0.588389 0.749094 -0.416394
v 0.581750 0.730715 -0.376715
v 0.607634 0.765606 -0.452043
v 0.607634 0.791641 -0.508246
v 0.377765 0.676553 -0.259785
v 0.581750 0.710433 -0.332930
v 0.574664 0.676553 -0.259785
v 0.399324 -0.758116 -3.260893
v 0.460966 -0.603189 -2.512469
v 0.477672 -0.577427 -2.521760
v 0.479936 -0.610056 -3.241456
v 0.486640 -0.541747 -2.518708
v 0.486640 -0.578381 -3.251861
v -0.124302 -1.295097 -0.682598
v 0.162165 -1.351210 -0.744396
v -0.124302 -1.351210 -0.744396
v -0.124302 -1.367368 -0.823206
v 0.162165 -1.367368 -0.823206
v 0.162165 -1.295097 -0.682598
v -0.124302 -1.070986 -0.553196
v 0.162165 -1.070986 -0.553196
v 0.162165 -0.995301 -0.525037
v -0.124302 -0.995301 -0.525037
v 0.162165 -0.913583 -0.522545
v -0.124302 -0.913583 -0.522545
v -0.554617 0.416368 4.944054
v -0.622959 -0.050252 4.965746
v -0.479031 0.416368 7.063484
v -0.497163 0.200107 7.453242
v -0.591301 0.223562 4.716243
v 0.516893 0.416368 7.063484
v 0.660822 -0.050252 4.965746
v 0.592480 0.416368 4.944054
v 0.629164 0.223562 4.716243
v 0.535026 0.200107 7.453242
v -0.460764 -0.349149 -4.133340
v -0.460764 -0.133244 -2.920164
v -0.460764 -0.078079 -2.947079
v -0.460764 -0.158700 -2.868122
v -0.460764 -0.072486 -0.727523
v -0.460764 0.227182 -4.133340
v -0.460764 0.050485 -2.951369
v -0.460764 0.107667 -2.928201
v -0.460764 0.137240 -2.877995
v -0.460764 0.223454 -0.737395
v -0.460764 0.469536 2.258658
v -0.460764 0.197998 -0.685354
v -0.413583 0.277225 -4.133340
v -0.460764 0.142833 -0.658438
v -0.413583 0.519577 2.258658
v -0.386931 0.398401 -0.937342
v -0.386931 0.519577 2.258658
v -0.386931 0.277225 -4.133340
v -0.460764 -0.106795 2.258658
v -0.460764 0.014270 -0.654149
v -0.460764 -0.042913 -0.677317
v -0.413648 -0.219642 2.258658
v -0.413648 -0.461994 -4.133340
v -0.366760 -0.253077 1.376808
v -0.261447 -0.238281 1.767087
v 0.299310 -0.238281 1.767087
v -0.366760 -0.305872 -0.015641
v 0.451511 -0.219642 2.258658
v 0.404623 -0.253077 1.376808
v 0.404623 -0.305872 -0.015641
v 0.190455 -0.357008 -1.364335
v -0.152592 -0.357008 -1.364335
v -0.152592 -0.383394 -2.060285
v 0.190455 -0.383394 -2.060285
v 0.451511 -0.461994 -4.133340
v 0.498627 -0.349149 -4.133340
v 0.498627 -0.106795 2.258658
v 0.498627 -0.133244 -2.920164
v 0.498627 -0.158700 -2.868122
v 0.498627 -0.072486 -0.727523
v 0.498627 -0.078079 -2.947079
v 0.498627 -0.042913 -0.677317
v 0.498627 0.227182 -4.133340
v 0.498627 0.014270 -0.654149
v 0.498627 0.142833 -0.658438
v 0.498627 0.050485 -2.951369
v 0.498627 0.469536 2.258658
v 0.498627 0.107667 -2.928201
v 0.498627 0.137240 -2.877995
v 0.498627 0.223454 -0.737395
v 0.498627 0.197998 -0.685354
v 0.451446 0.277225 -4.133340
v 0.451446 0.519577 2.258658
v 0.424794 0.398401 -0.937342
v 0.424794 0.277225 -4.133340
v 0.424794 0.519577 2.258658
v 0.568242 0.645847 3.162238
v 0.581750 0.710434 3.108281
v 0.581750 1.244928 3.108281
v 0.568242 0.645847 2.887999
v 0.581750 0.710434 2.887999
v 0.581750 0.879233 2.887999
v 0.581750 0.901700 2.877984
v 0.581750 0.912703 2.857539
v 0.566558 0.642018 2.887999
v 0.581750 0.912703 2.310737
v 0.514904 0.524600 2.573328
v 0.543095 0.588683 2.573328
v 0.432310 0.336849 3.357306
v 0.519407 0.534837 3.357306
v 0.519407 1.420526 3.357306
v 0.568242 1.309516 3.162238
v -0.570016 0.297880 -3.498872
v -0.570016 0.281656 -3.565859
v -0.606969 0.192225 -3.554306
v -0.570016 0.235103 -3.619804
v -0.570016 0.167443 -3.650026
v -0.606969 0.192225 -3.446237
v -0.570016 0.280562 -3.432111
v -0.570016 0.233133 -3.378803
v -0.570016 0.164985 -3.349501
v -0.606969 0.071168 -3.446237
v -0.570016 0.089618 -3.350011
v -0.606969 0.071168 -3.554306
v -0.570016 0.021958 -3.380233
v -0.570016 -0.024595 -3.434178
v -0.570016 -0.040819 -3.501166
v -0.570016 0.092074 -3.650536
v -0.570016 -0.023503 -3.567924
v -0.570016 0.023928 -3.621234
v 0.607878 0.297880 -3.498872
v 0.644832 0.192225 -3.554306
v 0.607878 0.281656 -3.565859
v 0.607878 0.235103 -3.619804
v 0.607878 0.167443 -3.650026
v 0.644832 0.192225 -3.446237
v 0.607878 0.280562 -3.432111
v 0.607878 0.233133 -3.378803
v 0.607878 0.164985 -3.349501
v 0.644832 0.071168 -3.446237
v 0.607878 0.089618 -3.350011
v 0.644832 0.071168 -3.554306
v 0.607878 0.021958 -3.380233
v 0.607878 0.092074 -3.650536
v 0.607878 -0.024595 -3.434178
v 0.607878 0.023928 -3.621234
v 0.607878 -0.040819 -3.501166
v 0.607878 -0.023503 -3.567924
v 0.144130 2.437543 -0.865640
v 0.165464 2.465023 -0.879847
v 0.094311 2.448765 -0.921383
v 0.094311 2.465023 -0.937886
v 0.195685 2.465023 -0.802976
v 0.089629 2.437543 -0.912220
v 0.018931 2.437543 -0.929030
v 0.018931 2.448765 -0.939243
v 0.169949 2.437543 -0.799962
v 0.196982 2.465023 -0.782320
v 0.161173 2.437543 -0.730231
v 0.174507 2.452661 -0.725352
v 0.121789 2.440707 -0.670266
v 0.119811 2.437543 -0.672422
v 0.055337 2.434091 -0.639778
v -0.051766 2.437543 -0.912220
v -0.056448 2.448765 -0.921383
v -0.106267 2.437543 -0.865640
v 0.018931 2.437543 -0.929030
v 0.018931 2.448765 -0.939243
v -0.127601 2.465023 -0.879847
v -0.056448 2.465023 -0.937886
v -0.157822 2.465023 -0.802976
v -0.132087 2.437543 -0.799962
v -0.159119 2.465023 -0.782320
v -0.123310 2.437543 -0.730231
v -0.136644 2.452661 -0.725352
v -0.083926 2.440707 -0.670266
v -0.081948 2.437543 -0.672422
v -0.017474 2.434091 -0.639778
v -0.536977 0.066420 -3.675932
v -0.536977 -0.128317 -3.694026
v -0.536977 0.066420 -3.324609
v -0.536977 -0.090476 -3.768951
v -0.536977 -0.009506 -3.805954
v -0.536977 0.066420 -3.805954
v -0.536977 -0.112921 -3.287969
v -0.536977 -0.072698 -3.217667
v -0.536977 0.005890 -3.183505
v -0.536977 0.066420 -3.183505
v -0.536977 0.139443 -3.674016
v -0.536977 0.139443 -3.326525
v -0.536977 0.209922 -3.658240
v -0.536977 0.209922 -3.342302
v -0.536977 0.269816 -3.620981
v -0.536977 0.269816 -3.379561
v -0.536977 0.310072 -3.565552
v -0.536977 0.310072 -3.434990
v -0.536977 0.325039 -3.500270
v 0.574840 0.269816 -3.620981
v 0.574840 0.310072 -3.565552
v 0.574840 0.310072 -3.434990
v 0.574840 0.325039 -3.500270
v 0.574840 0.269816 -3.379561
v 0.574840 0.209922 -3.342302
v 0.574840 0.209922 -3.658240
v 0.574840 0.139443 -3.326525
v 0.574840 0.139443 -3.674016
v 0.574840 0.066420 -3.324609
v 0.574840 0.066420 -3.675932
v 0.574840 -0.009506 -3.805954
v 0.574840 0.066420 -3.805954
v 0.574840 -0.090476 -3.768951
v 0.574840 -0.128317 -3.694026
v 0.574840 -0.112921 -3.287969
v 0.574840 -0.072698 -3.217667
v 0.574840 0.005890 -3.183505
v 0.574840 0.066420 -3.183505
v -0.460764 0.517209 4.864295
v -0.540124 0.102080 4.496340
v -0.517459 0.511767 4.944539
v -0.538814 0.102080 4.522254
v -0.525666 -0.183575 4.782232
v -0.460764 0.102080 4.372514
v -0.446304 0.416368 6.351530
v -0.345851 0.205751 8.337914
v -0.345851 0.416368 8.337914
v -0.460764 0.336190 4.576135
v -0.460764 0.102080 4.296258
v -0.460764 0.528337 4.700180
v -0.460764 0.416368 3.696877
v -0.460764 0.172337 2.258658
v -0.460764 0.416368 3.025270
v -0.460764 0.524600 2.573328
v -0.460764 0.855481 2.258658
v -0.460764 0.588683 2.573328
v -0.460764 0.912703 2.310737
v -0.460764 0.893889 2.275781
v -0.460764 0.912703 2.857539
v -0.460764 0.641998 2.887999
v -0.460764 0.879233 2.887999
v -0.460764 0.901700 2.877984
v 0.498627 0.517209 4.864295
v 0.577987 0.102080 4.496340
v 0.498627 0.102080 4.372514
v 0.555321 0.511767 4.944539
v 0.576677 0.102080 4.522254
v 0.563529 -0.183575 4.782232
v 0.484167 0.416368 6.351530
v 0.383713 0.205751 8.337914
v 0.383713 0.416368 8.337914
v 0.498627 0.336190 4.576135
v 0.498627 0.102080 4.296258
v 0.498627 0.528337 4.700180
v 0.498627 0.416368 3.696877
v 0.498627 0.172337 2.258658
v 0.498627 0.416368 3.025270
v 0.498627 0.524600 2.573328
v 0.498627 0.855481 2.258658
v 0.498627 0.588683 2.573328
v 0.498627 0.912703 2.310737
v 0.498627 0.893889 2.275781
v 0.498627 0.912703 2.857539
v 0.498627 0.641998 2.887999
v 0.498627 0.879233 2.887999
v 0.498627 0.901700 2.877984
v 0.402726 1.638334 -0.259785
v 0.432407 1.618290 1.306435
v 0.432407 1.618290 -0.259785
v 0.402726 1.638334 1.306435
v -0.364863 1.638334 1.306435
v -0.364863 1.638334 -0.259785
v -0.394544 1.618290 1.306435
v -0.394544 1.618290 -0.259785
v -0.530379 1.309516 1.306435
v -0.530379 1.309515 -0.259785
v -0.536801 1.278809 -0.259785
v -0.543887 1.244927 1.306435
v -0.543887 1.244927 -0.332930
v -0.543887 0.710433 1.306435
v -0.543887 0.710433 -0.332930
v -0.536801 0.676553 -0.259785
v -0.543887 0.730715 -0.376715
v -0.530379 0.645847 1.306435
v -0.543887 1.224647 -0.376715
v -0.530379 0.645847 -0.259785
v -0.550526 0.749094 -0.416394
v -0.394544 0.337072 1.306435
v -0.550526 1.206268 -0.416394
v -0.394544 0.337072 -0.259785
v -0.364863 0.317027 1.306435
v -0.364863 0.317027 -0.259785
v -0.569771 0.765606 -0.452043
v -0.569771 1.189754 -0.452043
v -0.569771 1.163721 -0.508246
v -0.569771 0.791641 -0.508246
v 0.432407 1.618290 3.357306
v 0.568242 1.309516 1.631825
v 0.432407 1.618290 1.631825
v 0.581750 1.244927 1.631825
v 0.581750 0.893889 2.275781
v 0.581750 0.855481 2.258658
v 0.581750 0.710433 1.631825
v 0.581750 0.710433 2.258658
v 0.568242 0.645847 2.258658
v 0.568242 0.645847 1.631825
v 0.432407 0.337072 2.258658
v 0.432407 0.337072 1.631825
v 0.402726 0.317027 2.258658
v 0.402726 0.317027 1.631825
v 0.402726 1.638334 1.631825
v 0.402726 1.638334 3.357306
v 0.279203 1.638334 3.260844
v 0.279203 1.638334 3.357306
v 0.178745 1.638334 3.260844
v -0.140882 1.638334 3.260844
v 0.018931 1.638334 3.357306
v 0.178745 1.638334 3.357306
v -0.140882 1.638334 3.357306
v -0.364863 1.638334 1.631825
v -0.241340 1.638334 3.260844
v -0.364863 1.638334 3.357306
v -0.241340 1.638334 3.357306
v -0.394544 1.618290 3.357306
v -0.394544 1.618290 1.631825
v -0.530379 1.309516 3.162238
v -0.530379 1.309516 1.631825
v -0.481544 1.420526 3.357306
v -0.543887 1.244928 3.108281
v -0.530379 0.645847 3.162238
v -0.481544 0.534837 3.357306
v -0.394447 0.336849 3.357306
v -0.528695 0.642018 2.887999
v -0.477041 0.524600 2.573328
v -0.505232 0.588683 2.573328
v -0.530379 0.645847 2.887999
v -0.543887 0.710434 3.108281
v -0.543887 0.710434 2.887999
v -0.543887 0.879233 2.887999
v -0.543887 0.901700 2.877984
v -0.543887 0.912703 2.857539
v -0.543887 0.912703 2.310737
v -0.543887 1.244927 1.631825
v -0.543887 0.893889 2.275781
v -0.543887 0.855481 2.258658
v -0.543887 0.710433 1.631825
v -0.543887 0.710433 2.258658
v -0.530379 0.645847 2.258658
v -0.530379 0.645847 1.631825
v -0.394544 0.337072 2.258658
v -0.394544 0.337072 1.631825
v -0.364863 0.317027 2.258658
v -0.364863 0.317027 1.631825
v -0.527973 0.810670 2.768834
v -0.499482 0.882788 2.733425
v -0.527973 0.810670 2.698050
v -0.499482 0.876809 2.766037
v -0.499482 0.876809 2.700813
v -0.499482 0.859518 2.795117
v -0.499482 0.859518 2.671735
v -0.499482 0.832790 2.817510
v -0.499482 0.799520 2.830791
v -0.499482 0.763316 2.833521
v -0.499482 0.832790 2.649342
v -0.499482 0.799520 2.636059
v -0.499482 0.763316 2.633329
v -0.527973 0.730772 2.768834
v -0.499482 0.728097 2.825405
v -0.499482 0.697685 2.807321
v -0.499482 0.675370 2.781229
v -0.499482 0.663575 2.749957
v -0.527973 0.730772 2.698050
v -0.499482 0.728097 2.641447
v -0.499482 0.663575 2.716893
v -0.499482 0.697685 2.659529
v -0.499482 0.675370 2.685621
v 0.565836 0.810670 2.698050
v 0.537345 0.882788 2.733425
v 0.565836 0.810670 2.768834
v 0.537345 0.876809 2.766037
v 0.537345 0.876809 2.700813
v 0.537345 0.859518 2.795117
v 0.537345 0.859518 2.671735
v 0.537345 0.832790 2.817510
v 0.537345 0.799520 2.830791
v 0.537345 0.763316 2.833521
v 0.537345 0.832790 2.649342
v 0.537345 0.799520 2.636059
v 0.537345 0.763316 2.633329
v 0.565836 0.730772 2.768834
v 0.537345 0.728097 2.825405
v 0.537345 0.697685 2.807321
v 0.537345 0.675370 2.781229
v 0.537345 0.663575 2.749957
v 0.565836 0.730772 2.698050
v 0.537345 0.728097 2.641447
v 0.537345 0.663575 2.716893
v 0.537345 0.697685 2.659529
v 0.537345 0.675370 2.685621
v -0.460764 0.050485 -2.951369
v -0.470455 -0.077170 -2.924523
v -0.470455 0.051394 -2.928811
v -0.460764 0.107667 -2.928201
v -0.460764 -0.078079 -2.947079
v -0.460764 -0.133244 -2.920164
v -0.493852 0.051769 -2.919469
v -0.470455 0.091641 -2.912505
v -0.470455 0.112457 -2.877167
v -0.460764 0.137240 -2.877995
v -0.470455 0.198670 -0.736569
v -0.460764 0.223454 -0.737395
v -0.460764 0.197998 -0.685354
v -0.493852 0.188404 -0.736226
v -0.470455 0.180752 -0.699939
v -0.493852 0.102190 -2.876825
v -0.493852 0.085002 -2.906004
v -0.509717 0.102190 -2.876825
v -0.470455 0.141924 -0.680995
v -0.460764 0.142833 -0.658438
v -0.493852 0.173609 -0.705980
v -0.470455 0.013361 -0.676705
v -0.460764 0.014270 -0.654149
v -0.460764 -0.042913 -0.677317
v -0.493852 0.141549 -0.690337
v -0.493852 0.012985 -0.686049
v -0.470455 -0.026887 -0.693011
v -0.509717 0.141549 -0.690337
v -0.493852 -0.020248 -0.699514
v -0.470455 -0.047703 -0.728349
v -0.460764 -0.072486 -0.727523
v -0.493852 -0.037436 -0.728692
v -0.470455 -0.133916 -2.868949
v -0.460764 -0.158700 -2.868122
v -0.493852 -0.123650 -2.869291
v -0.470455 -0.115998 -2.905579
v -0.509717 -0.037436 -0.728692
v -0.493852 -0.076795 -2.915179
v -0.493852 -0.108855 -2.899537
v -0.509717 -0.123650 -2.869291
v -0.509717 -0.076795 -2.915179
v -0.509717 -0.108855 -2.899537
v -0.527808 -0.094007 -2.886979
v -0.527810 -0.018435 -0.733373
v -0.527810 -0.071650 -2.897887
v -0.527810 -0.104323 -2.865888
v -0.527810 0.048030 -2.901880
v -0.509717 0.051769 -2.919469
v -0.509717 0.085002 -2.906004
v -0.527808 0.071204 -2.892492
v -0.527810 0.083189 -2.872144
v -0.527810 0.169078 -0.739628
v -0.509717 0.188404 -0.736226
v -0.509717 0.173609 -0.705980
v -0.527808 0.158762 -0.718538
v -0.527810 0.136404 -0.707630
v -0.509717 0.012985 -0.686049
v -0.527810 0.016724 -0.703638
v -0.527808 -0.006450 -0.713027
v -0.509717 -0.020248 -0.699514
v -0.525162 0.633987 1.547440
v -0.543887 1.278809 1.547440
v -0.525162 1.321375 1.547440
v -0.543887 0.676554 1.547440
v -0.498425 1.382154 1.531970
v -0.498425 0.573208 1.531970
v -0.489166 0.552163 1.512714
v -0.489166 1.403199 1.512714
v -0.489166 0.552163 1.425546
v -0.489166 1.403199 1.425546
v -0.498425 0.573208 1.406290
v -0.498425 1.382154 1.406290
v -0.525162 0.633987 1.390821
v -0.525162 1.321375 1.390821
v -0.543887 1.278809 1.390821
v -0.543887 0.676554 1.390821
v 0.588389 0.749094 -0.416394
v 0.581750 1.224647 -0.376715
v 0.581750 0.730715 -0.376715
v 0.588389 1.206268 -0.416394
v 0.607634 0.765606 -0.452043
v 0.581750 1.244927 -0.332930
v 0.607634 1.189754 -0.452043
v 0.607634 1.163721 -0.508246
v 0.607634 0.791641 -0.508246
v 0.581750 0.710433 -0.332930
v 0.581750 0.710433 1.306435
v 0.574664 0.676553 -0.259785
v 0.581750 1.244927 1.306435
v 0.568242 0.645847 1.306435
v 0.574664 1.278809 -0.259785
v 0.568242 0.645847 -0.259785
v 0.568242 1.309516 1.306435
v 0.432407 0.337072 1.306435
v 0.568242 1.309515 -0.259785
v 0.432407 0.337072 -0.259785
v 0.402726 0.317027 1.306435
v 0.402726 0.317027 -0.259785
v 0.527029 1.403199 1.425546
v 0.536288 0.573208 1.406290
v 0.536288 1.382154 1.406290
v 0.563025 0.633987 1.390821
v 0.563025 1.321375 1.390821
v 0.527029 0.552163 1.425546
v 0.527029 1.403199 1.512714
v 0.527029 0.552163 1.512714
v 0.536288 1.382154 1.531970
v 0.536288 0.573208 1.531970
v 0.563025 0.633987 1.547440
v 0.563025 1.321375 1.547440
v 0.581750 1.278809 1.547440
v 0.581750 0.676554 1.547440
v 0.391455 1.352624 -4.244998
v 0.412009 1.332798 -4.133340
v 0.412009 1.297940 -4.244998
v 0.412009 0.128560 -4.244998
v 0.391455 1.387480 -4.133340
v 0.412009 -0.541491 -4.133340
v 0.321036 1.430220 -4.244998
v 0.412009 0.089522 -4.262400
v 0.412009 0.070401 -4.297931
v 0.412009 -0.541491 -4.562362
v 0.412009 0.070401 -4.401071
v 0.412009 0.089522 -4.436599
v 0.412009 0.128560 -4.454002
v 0.412009 1.198867 -4.562362
v 0.412009 1.232694 -4.454002
v 0.391455 1.253549 -4.562362
v 0.391455 1.287376 -4.454002
v 0.321036 1.364974 -4.454002
v -0.513438 0.635392 -0.345741
v -0.521104 0.593064 -0.319369
v -0.513458 0.618769 -0.313041
v -0.522476 0.614165 -0.363110
v -0.500762 0.647442 -0.336063
v -0.498347 0.639322 -0.308475
v -0.481494 0.643971 -0.291921
v -0.419281 0.690044 -0.288911
v -0.507765 0.717133 -0.495570
v -0.462251 0.791641 -0.508246
v -0.516126 0.707382 -0.500587
v -0.511645 0.770867 -0.575119
v -0.427997 0.880500 -0.508246
v -0.522476 0.686327 -0.511416
v -0.516016 0.877595 -0.664764
v -0.520114 0.786091 -0.612195
v -0.417660 0.967144 -0.508246
v -0.522476 0.783584 -0.629914
v -0.520903 0.880043 -0.677954
v -0.522476 0.895465 -0.695973
v -0.517069 0.959969 -0.686371
v -0.522476 0.980068 -0.706759
v -0.516303 1.042514 -0.670672
v -0.428299 1.053754 -0.508246
v -0.522476 1.065085 -0.684235
v -0.515979 1.162920 -0.583193
v -0.475331 1.163721 -0.508246
v -0.522476 1.182051 -0.597705
v -0.522476 1.266919 -0.476733
v -0.522476 1.388310 -0.319638
v -0.522476 1.334298 -0.319638
v -0.506117 1.233891 -0.461744
v -0.498634 1.293767 -0.308785
v -0.445696 1.264726 -0.290188
v -0.482500 1.289660 -0.291969
v 0.560339 0.614165 -0.363110
v 0.558967 0.593064 -0.319369
v 0.551238 0.558288 -0.318957
v 0.560339 0.520517 -2.820563
v 0.551300 0.635392 -0.345741
v 0.551321 0.618769 -0.313041
v 0.538625 0.647442 -0.336063
v 0.536210 0.639322 -0.308475
v 0.519357 0.643971 -0.291921
v 0.457144 0.690044 -0.288911
v 0.545628 0.717133 -0.495570
v 0.500114 0.791641 -0.508246
v 0.553988 0.707382 -0.500587
v 0.549507 0.770867 -0.575119
v 0.465860 0.880500 -0.508246
v 0.560339 0.686327 -0.511416
v 0.553879 0.877595 -0.664764
v 0.557977 0.786091 -0.612195
v 0.455523 0.967144 -0.508246
v 0.560339 0.783584 -0.629914
v 0.558766 0.880043 -0.677954
v 0.560339 0.895465 -0.695973
v 0.554932 0.959969 -0.686371
v 0.560339 0.980068 -0.706759
v 0.560339 1.447849 -2.820764
v 0.554166 1.042514 -0.670672
v 0.466162 1.053754 -0.508246
v 0.560339 1.065085 -0.684235
v 0.553842 1.162920 -0.583193
v 0.513194 1.163721 -0.508246
v 0.560339 1.182051 -0.597705
v 0.560339 1.448051 -0.319638
v 0.560339 1.266919 -0.476733
v 0.560339 1.388310 -0.319638
v 0.560339 1.334298 -0.319638
v 0.543980 1.233891 -0.461744
v 0.536496 1.293767 -0.308785
v 0.483559 1.264726 -0.290188
v 0.520362 1.289660 -0.291969
v 0.361716 1.021800 7.801821
v 0.303109 1.185603 8.430127
v 0.361716 1.021800 8.430127
v 0.303109 1.185603 7.747562
v 0.341794 0.847890 7.859430
v 0.179401 1.301775 8.430127
v 0.341794 0.847889 8.430127
v 0.247909 0.703712 7.907189
v 0.247909 0.703712 8.430127
v 0.143090 0.636875 7.929330
v 0.142520 0.636257 8.430127
v 0.018931 0.611663 7.937681
v 0.018931 0.611663 8.430127
v 0.179401 1.301775 7.709079
v 0.105722 1.331949 8.159211
v 0.018931 1.343700 8.430127
v 0.105722 1.331949 7.778779
v 0.018931 1.343700 8.159211
v 0.101567 1.333063 7.698715
v -0.067859 1.331949 8.159211
v 0.018931 1.343700 7.773640
v 0.018931 1.343700 7.695191
v -0.063704 1.333063 7.698715
v -0.067859 1.331949 7.778779
v -0.141538 1.301775 7.709079
v -0.141538 1.301775 8.430127
v -0.265246 1.185603 7.747562
v -0.265246 1.185603 8.430127
v -0.323853 1.021800 7.801821
v -0.323853 1.021800 8.430127
v -0.303932 0.847890 7.859430
v -0.303932 0.847889 8.430127
v -0.210047 0.703712 7.907189
v -0.210047 0.703712 8.430127
v -0.105227 0.636875 7.929330
v -0.104657 0.636257 8.430127
v 0.018931 0.611663 7.937681
v 0.018931 0.611663 8.430127
v 0.135111 1.212322 1.380314
v 0.135111 1.212322 8.845918
v 0.198064 1.162527 8.845918
v 0.018931 1.242675 8.845918
v 0.224674 1.128215 1.380314
v 0.018931 1.242675 1.380314
v 0.224674 1.128216 8.864325
v -0.097248 1.212322 8.845918
v -0.097248 1.212322 1.380314
v -0.160201 1.162527 8.845918
v -0.186811 1.128215 1.380314
v -0.186811 1.128216 8.864325
v 0.267104 1.009623 1.380314
v -0.229241 1.009623 1.380314
v 0.508318 -0.115998 -2.905579
v 0.508318 -0.077170 -2.924523
v 0.508318 0.091641 -2.912505
v 0.498627 -0.133244 -2.920164
v 0.498627 -0.078079 -2.947079
v 0.498627 0.050485 -2.951369
v 0.508318 -0.133916 -2.868949
v 0.498627 -0.158700 -2.868122
v 0.498627 -0.072486 -0.727523
v 0.508318 0.051394 -2.928811
v 0.498627 0.107667 -2.928201
v 0.508318 -0.047703 -0.728349
v 0.498627 -0.042913 -0.677317
v 0.508318 0.112457 -2.877167
v 0.498627 0.137240 -2.877995
v 0.531715 0.102190 -2.876825
v 0.531715 0.188404 -0.736226
v 0.508318 0.198670 -0.736569
v 0.498627 0.223454 -0.737395
v 0.498627 0.197998 -0.685354
v 0.508318 0.180752 -0.699939
v 0.547580 0.188404 -0.736226
v 0.508318 0.141924 -0.680995
v 0.498627 0.142833 -0.658438
v 0.531715 0.173609 -0.705980
v 0.531715 0.141549 -0.690337
v 0.508318 0.013361 -0.676705
v 0.498627 0.014270 -0.654149
v 0.531715 0.012985 -0.686049
v 0.508318 -0.026887 -0.693011
v 0.547580 0.141549 -0.690337
v 0.547580 0.173609 -0.705980
v 0.565671 0.158762 -0.718538
v 0.565673 0.169078 -0.739628
v 0.565673 0.136404 -0.707630
v 0.565673 0.016724 -0.703638
v 0.547580 0.012985 -0.686049
v 0.565671 -0.006450 -0.713027
v 0.547580 -0.037436 -0.728692
v 0.547580 -0.020248 -0.699514
v 0.531715 -0.020248 -0.699514
v 0.531715 -0.037436 -0.728692
v -0.471133 0.162391 2.258658
v -0.621066 -0.165855 2.258658
v -0.621066 0.093772 3.322114
v -0.460764 0.172337 2.258658
v -0.460764 0.336190 4.576135
v -0.621066 0.136046 3.920014
v -0.550936 0.241716 4.463191
v -0.550936 -0.061841 4.100289
v -0.621066 -0.020131 3.733306
v -0.538605 -0.076528 4.082731
v -0.538605 -0.136702 3.411004
v -0.621066 -0.049581 3.404539
v -0.538605 -0.189766 3.234925
v -0.621066 -0.111213 3.200032
v -0.538605 -0.309637 3.088517
v -0.621066 -0.250436 3.029989
v -0.582379 -0.374420 2.992020
v -0.538605 -0.378327 3.039651
v -0.621066 -0.324635 2.976620
v -0.621066 -0.239930 2.258658
v -0.621066 -0.438041 2.195330
v -0.582379 -0.492591 2.177892
v 0.576468 -0.309637 3.088517
v 0.658929 -0.111213 3.200032
v 0.576468 -0.189766 3.234925
v 0.658929 -0.049581 3.404539
v 0.576468 -0.136702 3.411004
v 0.658929 -0.250436 3.029989
v 0.658929 -0.020131 3.733306
v 0.576468 -0.076528 4.082731
v 0.588799 -0.061841 4.100289
v 0.658929 0.093772 3.322114
v 0.658929 0.136046 3.920014
v 0.588799 0.241716 4.463191
v 0.498627 0.336190 4.576135
v 0.498627 0.172337 2.258658
v 0.508996 0.162391 2.258658
v 0.658929 -0.165855 2.258658
v 0.658929 -0.324635 2.976620
v 0.658929 -0.239930 2.258658
v 0.658929 -0.438041 2.195330
v 0.620242 -0.374420 2.992020
v 0.620242 -0.492591 2.177892
v 0.576468 -0.378327 3.039651
v -0.432216 0.230280 8.269382
v -0.432216 0.336752 8.172482
v -0.432216 0.192525 8.081876
v -0.432216 0.243113 8.268676
v -0.432216 0.290763 8.252230
v -0.432216 0.324557 8.217512
v -0.432216 0.150585 8.236738
v -0.432216 0.192525 8.263086
v -0.432216 0.126902 8.195670
v -0.432216 0.126902 8.149291
v -0.432216 0.150585 8.108222
v -0.432216 0.243113 8.076285
v -0.432216 0.290763 8.092733
v -0.432216 0.324557 8.127448
v 0.470079 0.230280 8.269382
v 0.470079 0.126902 8.149291
v 0.470079 0.290763 8.092733
v 0.470079 0.243113 8.076285
v 0.470079 0.192525 8.081876
v 0.470079 0.150585 8.108222
v 0.470079 0.126902 8.195670
v 0.470079 0.150585 8.236738
v 0.470079 0.192525 8.263086
v 0.470079 0.290763 8.252230
v 0.470079 0.243113 8.268676
v 0.470079 0.336752 8.172482
v 0.470079 0.324557 8.217512
v 0.470079 0.324557 8.127448
v 0.455618 0.855736 10.217381
v 0.447607 0.841029 10.145601
v 0.424870 0.863718 10.180051
v 0.424870 0.879847 10.079156
v 0.455618 0.855736 10.073816
v 0.477006 0.895007 10.013157
v 0.424870 0.976043 10.034283
v 0.506489 0.949137 9.966298
v 0.506489 1.006225 9.966298
v 0.424870 1.061312 10.068103
v 0.476945 1.060468 10.012552
v 0.455708 1.099459 10.073668
v 0.424870 1.102191 10.146186
v 0.447629 1.114292 10.145164
v 0.455490 1.099859 10.217059
v 0.424870 1.049973 10.236698
v 0.477145 1.060103 10.276448
v 0.506489 1.006225 10.324902
v 0.424870 0.941718 10.250022
v 0.506489 0.949137 10.324902
v 0.477006 0.895007 10.278041
v -0.468626 0.949137 10.324902
v -0.387007 0.941718 10.250022
v -0.439143 0.895007 10.278041
v -0.417755 0.855736 10.217381
v -0.468626 1.006225 10.324902
v -0.387007 0.863718 10.180051
v -0.387007 1.049973 10.236698
v -0.409744 0.841029 10.145601
v -0.439282 1.060103 10.276448
v -0.387007 0.879847 10.079156
v -0.417627 1.099859 10.217059
v -0.417755 0.855736 10.073816
v -0.387007 1.102191 10.146186
v -0.439143 0.895007 10.013157
v -0.409766 1.114292 10.145164
v -0.387007 0.976043 10.034283
v -0.417845 1.099459 10.073668
v -0.468626 0.949137 9.966298
v -0.387007 1.061312 10.068103
v -0.468626 1.006225 9.966298
v -0.439082 1.060468 10.012552
v -0.414724 1.635014 2.887999
v -0.358236 1.635014 4.997324
v -0.358236 1.635014 5.663124
v -0.358236 1.635014 4.462743
v -0.289664 1.635014 4.997324
v -0.289664 1.635014 4.462743
v -0.358236 1.635014 3.796942
v -0.289664 1.635014 2.887999
v -0.289664 1.635014 3.796942
v -0.414724 1.635014 8.047925
v -0.358236 1.635014 6.197703
v -0.289664 1.635014 5.663124
v -0.289664 1.635014 6.197703
v -0.358236 1.635014 6.863504
v -0.289664 1.635014 6.863504
v -0.289664 1.635014 8.100554
v -0.333892 1.635014 8.090639
v -0.544678 1.772766 7.906013
v -0.544678 1.772766 2.960927
v -0.530337 1.757563 2.887999
v -0.281079 2.215191 2.887999
v -0.548400 1.802723 3.025518
v -0.323739 2.215191 3.025518
v -0.548400 1.802723 7.888120
v -0.323739 2.215191 3.417557
v -0.490864 1.908353 3.853659
v -0.439126 2.003343 3.589106
v -0.490864 1.908354 7.862361
v -0.282522 2.161049 3.636889
v -0.263943 2.215191 3.547468
v -0.478490 1.931075 3.720818
v -0.263943 2.215191 3.736413
v -0.274052 2.185730 3.750458
v -0.278719 2.172132 3.762806
v -0.299700 2.110986 3.853659
v -0.280677 2.166424 3.779499
v -0.280677 2.166424 4.297087
v -0.463417 1.937449 7.581669
v -0.463417 1.937449 7.861395
v -0.381720 2.024046 6.131223
v -0.442336 1.959793 7.427196
v -0.381720 2.024046 6.755966
v -0.380530 2.025307 7.283250
v -0.299700 2.110987 7.148187
v -0.299700 2.110987 6.773849
v -0.263943 2.215191 6.983925
v -0.263943 2.215191 6.795281
v -0.299700 2.110987 6.131223
v -0.280677 2.166424 4.859753
v -0.278719 2.172132 4.843060
v -0.278719 2.172132 4.313779
v -0.274052 2.185730 4.326128
v -0.274052 2.185730 4.830711
v -0.263943 2.215191 4.340172
v -0.263943 2.215191 4.816667
v -0.280677 2.166424 5.377340
v -0.278719 2.172132 5.394034
v -0.274052 2.185730 5.406382
v -0.263943 2.215191 5.420426
v -0.263943 2.215191 6.131223
v -0.407161 0.052702 8.301364
v -0.407161 0.230280 8.379194
v -0.407161 0.131731 7.986237
v -0.407161 0.052702 8.043596
v -0.407161 0.008843 8.126482
v -0.407161 0.008843 8.218478
v -0.407161 0.131731 8.358724
v -0.407161 0.230280 7.965766
v -0.407161 0.482958 7.990278
v -0.407161 0.448990 7.965766
v -0.407161 0.564253 8.306268
v -0.407161 0.500718 8.379194
v 0.445023 0.008843 8.126482
v 0.445023 0.131731 7.986237
v 0.445023 0.230280 8.379194
v 0.445023 0.052702 8.043596
v 0.445023 0.230280 7.965766
v 0.445023 0.131731 8.358724
v 0.445023 0.052702 8.301364
v 0.445023 0.008843 8.218478
v 0.445023 0.482958 7.990278
v 0.445023 0.448990 7.965766
v 0.445023 0.564253 8.306268
v 0.445023 0.500718 8.379194
v 0.433172 -0.544100 1.290821
v 0.433172 -0.743846 0.040273
v 0.433172 -0.785715 1.290821
v 0.433172 -0.487438 0.040273
v 0.129039 -0.571555 1.896750
v 0.129039 -0.806002 1.896750
v -0.091176 -0.571555 1.896750
v -0.091176 -0.806002 1.896750
v -0.395310 -0.785715 1.290821
v -0.395310 -0.544100 1.290821
v -0.395310 -0.743846 0.040273
v -0.395310 -0.487438 0.040273
v -0.598496 0.309783 -3.566814
v -0.536977 0.325039 -3.500270
v -0.602352 0.325039 -3.500270
v -0.598496 0.309783 -3.433728
v -0.536977 0.310072 -3.565552
v -0.536977 0.310072 -3.434990
v -0.588089 0.268615 -3.622567
v -0.588089 0.268615 -3.377974
v -0.536977 0.269816 -3.620981
v -0.536977 0.269816 -3.379561
v -0.572850 0.208330 -3.659120
v -0.572850 0.208330 -3.341422
v -0.536977 0.209922 -3.658240
v -0.536977 0.209922 -3.342302
v -0.555187 0.138455 -3.674180
v -0.536977 0.139443 -3.674016
v -0.536977 0.066420 -3.675932
v -0.555187 0.138455 -3.326363
v -0.536977 0.139443 -3.326525
v -0.536977 0.066420 -3.324609
v 0.593049 0.138455 -3.326363
v 0.574840 0.066420 -3.324609
v 0.574840 0.139443 -3.326525
v 0.574840 0.209922 -3.342302
v 0.610713 0.208330 -3.341422
v 0.574840 0.269816 -3.379561
v 0.625952 0.268615 -3.377974
v 0.574840 0.310072 -3.434990
v 0.636359 0.309783 -3.433728
v 0.574840 0.325039 -3.500270
v 0.640215 0.325039 -3.500270
v 0.636359 0.309783 -3.566814
v 0.574840 0.310072 -3.565552
v 0.625952 0.268615 -3.622567
v 0.574840 0.269816 -3.620981
v 0.610713 0.208330 -3.659120
v 0.574840 0.209922 -3.658240
v 0.593049 0.138455 -3.674180
v 0.574840 0.139443 -3.674016
v 0.574840 0.066420 -3.675932
v -0.374146 1.788537 -1.601684
v -0.374146 1.653739 2.258658
v -0.374146 1.788538 2.258658
v -0.374146 1.653738 -1.729990
v 0.412009 1.653739 2.258658
v 0.412009 1.788537 -1.601684
v 0.412009 1.788538 2.258658
v 0.412009 1.653738 -1.729990
v 0.290798 0.592869 9.099836
v 0.290798 0.592869 8.845918
v 0.399715 0.792837 8.845918
v 0.468746 0.919575 9.099836
v 0.468746 0.919575 8.913913
v 0.477700 0.940589 8.925187
v 0.481769 0.977682 9.099836
v 0.481769 0.977682 8.925187
v 0.477700 1.014775 8.925187
v 0.468746 1.035788 9.099836
v 0.468746 1.035788 8.913913
v 0.399715 1.162527 8.845918
v 0.290798 1.362493 9.099836
v 0.290798 1.362493 8.845918
v -0.263859 -2.286461 -10.117671
v -0.263859 -2.235671 -9.666982
v -0.367558 -1.897888 -9.706946
v -0.367558 -1.974369 -10.385608
v -0.361411 -1.994421 -10.383461
v -0.367558 -1.879396 -9.709133
v -0.367558 1.038210 -10.054326
v -0.367558 1.003796 -10.704489
v -0.367558 1.322394 -10.320041
v -0.367558 1.135483 -10.072719
v -0.367558 1.100678 -10.029293
v -0.367558 1.322394 -10.035215
v -0.367558 1.227094 -9.978636
v 0.405421 -1.974369 -10.385608
v 0.301722 -2.286461 -10.117671
v 0.399274 -1.994421 -10.383461
v 0.405421 -1.897888 -9.706946
v 0.301722 -2.235671 -9.666982
v 0.405421 -1.879396 -9.709133
v 0.405421 1.038210 -10.054326
v 0.405421 1.003796 -10.704489
v 0.405421 1.322394 -10.320041
v 0.405421 1.135483 -10.072719
v 0.405421 1.100678 -10.029293
v 0.405421 1.322394 -10.035215
v 0.405421 1.227094 -9.978636
v 0.182239 2.185730 4.830711
v 0.193399 2.215191 4.340172
v 0.182239 2.185730 4.326128
v 0.193399 2.215191 4.816667
v 0.177086 2.172132 4.843060
v 0.177086 2.172132 4.313779
v 0.174923 2.166424 4.297087
v 0.174923 2.166424 4.859753
v 0.174923 2.166424 5.377340
v 0.177086 2.172132 5.394034
v 0.182239 2.185730 5.406382
v 0.193399 2.215191 5.420426
v 0.193399 2.215191 6.131223
v 0.174923 2.166424 3.779499
v 0.177086 2.172132 3.762806
v 0.182239 2.185730 3.750458
v -0.361852 0.792837 8.845918
v -0.252935 0.592869 8.845918
v -0.252935 0.592869 9.099836
v -0.430883 0.919575 9.099836
v -0.430883 0.919575 8.913913
v -0.439837 0.940589 8.925187
v -0.450062 0.977682 9.099836
v -0.448838 0.977682 8.925187
v -0.439837 1.014775 8.925187
v -0.430883 1.035788 9.099836
v -0.430883 1.035788 8.913913
v -0.361852 1.162527 8.845918
v -0.252935 1.362493 9.099836
v -0.252935 1.362493 8.845918
v 0.387783 0.097533 -4.701226
v 0.346767 -0.092056 -4.770249
v 0.346767 0.061691 -4.787238
v 0.387783 0.264808 -4.806308
v 0.346767 0.189152 -4.867310
v 0.387783 -0.104239 -4.678929
v 0.387783 0.359266 -4.970104
v 0.346767 0.261128 -4.992119
v 0.387783 0.729771 -4.562362
v 0.387783 0.359266 -5.155089
v 0.346767 0.261128 -5.133073
v 0.387783 0.278250 -5.568276
v 0.387783 -0.541491 -4.562362
v 0.387783 0.264808 -5.318883
v 0.346767 0.189152 -5.257884
v 0.387783 0.097533 -5.423966
v 0.387783 0.213314 -5.604334
v 0.346767 0.061691 -5.337955
v 0.387783 -0.104239 -5.446263
v 0.387783 -0.387961 -5.556458
v 0.346767 -0.092056 -5.354944
v 0.387783 -0.294286 -5.380668
v 0.387783 -0.541491 -5.403972
v 0.346767 -0.236868 -5.304961
v 0.387783 -0.429068 -5.242205
v 0.346767 -0.339571 -5.199454
v 0.346767 -0.376635 -5.062597
v 0.387783 -0.477711 -5.062597
v 0.346767 -0.339571 -4.925737
v 0.387783 -0.429068 -4.882987
v 0.346767 -0.236868 -4.820230
v 0.387783 -0.294285 -4.744525
v -0.308904 -0.092056 -4.770249
v -0.349920 -0.294285 -4.744525
v -0.349920 -0.104239 -4.678929
v -0.308904 -0.236868 -4.820230
v -0.349920 0.097533 -4.701226
v -0.308904 0.061691 -4.787238
v -0.349920 -0.429068 -4.882987
v -0.308904 -0.339571 -4.925737
v -0.349920 -0.541491 -4.562362
v -0.349920 -0.477711 -5.062597
v -0.308904 -0.376635 -5.062597
v -0.349920 -0.541491 -5.403972
v -0.349920 0.729771 -4.562362
v -0.349920 -0.429068 -5.242205
v -0.308904 -0.339571 -5.199454
v -0.308904 -0.236868 -5.304961
v -0.349920 -0.294286 -5.380668
v -0.349920 -0.387961 -5.556458
v -0.308904 -0.092056 -5.354944
v -0.349920 -0.104239 -5.446263
v -0.349920 0.213314 -5.604334
v -0.308904 0.061691 -5.337955
v -0.349920 0.097533 -5.423966
v -0.349920 0.278250 -5.568276
v -0.308904 0.189152 -5.257884
v -0.349920 0.264808 -5.318883
v -0.308904 0.261128 -5.133073
v -0.349920 0.359266 -5.155089
v -0.308904 0.261128 -4.992119
v -0.349920 0.359266 -4.970104
v -0.308904 0.189152 -4.867310
v -0.349920 0.264808 -4.806308
v 0.387783 -0.026175 -4.861139
v 0.387783 -0.104421 -4.938934
v 0.387783 -0.035392 -4.931373
v 0.387783 -0.132122 -4.872848
v 0.387783 0.073615 -4.895583
v 0.387783 -0.161681 -4.974825
v 0.387783 0.029591 -4.953873
v 0.387783 -0.219956 -4.928024
v 0.387783 0.144386 -4.968287
v 0.387783 -0.194057 -5.030823
v 0.387783 0.075641 -5.001280
v 0.387783 -0.269553 -5.014030
v 0.387783 0.169928 -5.062597
v 0.387783 -0.194130 -5.094100
v 0.387783 0.092210 -5.062733
v 0.387783 -0.269553 -5.111163
v 0.387783 0.144386 -5.156906
v 0.387783 -0.161883 -5.150160
v 0.387783 0.075501 -5.124157
v 0.387783 -0.219956 -5.197168
v 0.387783 0.073615 -5.229610
v 0.387783 -0.104705 -5.186161
v 0.387783 0.029342 -5.171476
v 0.387783 -0.132122 -5.252346
v 0.387783 -0.026175 -5.264053
v 0.387783 -0.035693 -5.193853
v -0.349920 -0.161681 -4.974825
v -0.349920 -0.132122 -4.872848
v -0.349920 -0.104421 -4.938934
v -0.349920 -0.026175 -4.861139
v -0.349920 -0.219956 -4.928024
v -0.349920 -0.035392 -4.931373
v -0.349920 -0.194057 -5.030823
v -0.349920 0.073615 -4.895583
v -0.349920 -0.269553 -5.014030
v -0.349920 0.029591 -4.953873
v -0.349920 -0.194130 -5.094100
v -0.349920 0.144386 -4.968287
v -0.349920 -0.269553 -5.111163
v -0.349920 0.075641 -5.001280
v -0.349920 -0.161883 -5.150160
v -0.349920 0.169928 -5.062597
v -0.349920 -0.219956 -5.197168
v -0.349920 0.092210 -5.062733
v -0.349920 -0.104705 -5.186161
v -0.349920 0.144386 -5.156906
v -0.349920 -0.132122 -5.252346
v -0.349920 0.075501 -5.124157
v -0.349920 -0.035693 -5.193853
v -0.349920 0.073615 -5.229610
v -0.349920 -0.026175 -5.264053
v -0.349920 0.029342 -5.171476
v -0.289664 0.419568 8.007046
v -0.289664 0.308139 8.337914
v -0.289664 0.419568 8.337914
v -0.289664 0.308139 8.007046
v -0.340359 0.686429 8.007046
v -0.340359 0.686429 8.337914
v -0.385393 0.800156 8.007046
v -0.385393 0.800156 8.337914
v -0.385393 1.191175 8.212297
v -0.385393 1.151373 8.337914
v -0.144929 1.406264 8.337914
v -0.385393 1.181784 8.083607
v -0.385393 1.151373 8.007046
v -0.144929 1.406264 8.007046
v -0.173620 1.406264 8.083607
v -0.067859 1.406264 8.007046
v -0.182478 1.406264 8.212297
v -0.067859 1.406264 8.159211
v 0.182792 1.406264 8.337914
v 0.105722 1.406264 8.159211
v 0.220341 1.406264 8.212297
v 0.423256 1.191175 8.212297
v 0.423256 1.151373 8.337914
v 0.211483 1.406264 8.083607
v 0.105722 1.406264 8.007046
v 0.423256 0.800156 8.337914
v 0.182792 1.406264 8.007046
v 0.423256 0.800156 8.007046
v 0.423256 1.181784 8.083607
v 0.423256 1.151373 8.007046
v 0.378222 0.686429 8.007046
v 0.378222 0.686429 8.337914
v 0.327527 0.419568 8.007046
v 0.327527 0.419568 8.337914
v 0.327527 0.308139 8.337914
v 0.327527 0.308139 8.007046
v -0.077670 0.308139 8.337914
v -0.289664 0.308139 8.007046
v -0.077670 0.308139 8.007046
v -0.289664 0.308139 8.337914
v 0.327527 0.308139 8.337914
v 0.115532 0.308139 8.007046
v 0.327527 0.308139 8.007046
v 0.115532 0.308139 8.337914
v -0.468626 0.949137 10.324902
v -0.468626 1.006225 10.678466
v -0.468626 1.006225 10.324902
v -0.425965 1.084551 10.678466
v -0.468626 0.949137 10.678466
v -0.411298 1.111478 10.685357
v -0.439143 0.895007 10.278041
v -0.439282 1.060103 10.276448
v -0.248169 0.544383 10.678466
v -0.417755 0.855736 10.217381
v -0.409744 0.841029 10.145601
v -0.305497 1.305725 10.685357
v -0.399917 1.132376 10.704489
v -0.316880 1.284829 10.704489
v -0.290830 1.332654 10.678466
v -0.417627 1.099859 10.217059
v -0.248169 1.410979 10.678466
v -0.409766 1.114292 10.145164
v -0.248169 1.410979 9.255970
v -0.417845 1.099459 10.073668
v -0.302140 1.311891 9.292334
v -0.439082 1.060468 10.012552
v -0.359147 1.207227 9.303177
v -0.468626 1.006225 9.966298
v -0.415151 1.104404 9.283463
v -0.468626 1.006225 9.242550
v -0.468626 0.949137 9.966298
v -0.468626 0.949137 9.240688
v -0.395849 0.815520 9.282596
v -0.320379 0.676959 9.276003
v -0.439143 0.895007 10.013157
v -0.417755 0.855736 10.073816
v -0.248169 0.544383 9.227672
v -0.201527 0.515840 10.678466
v -0.201527 0.515840 9.226768
v -0.329871 -3.437613 -3.868004
v -0.329871 -2.903038 -3.505383
v -0.329871 -2.900168 -3.554990
v -0.329871 -2.885928 -3.529554
v -0.329871 -3.669134 -3.156354
v 0.367734 -2.900168 -3.554990
v 0.367734 -2.903038 -3.505383
v 0.367734 -3.437613 -3.868004
v 0.367734 -3.669134 -3.156354
v 0.367734 -2.885928 -3.529554
v 0.396099 0.368044 6.217945
v 0.379672 0.520371 6.623859
v 0.396099 0.368044 6.843263
v 0.378812 0.528353 6.643013
v 0.376841 0.546616 6.654988
v 0.370662 0.603917 6.743160
v 0.370662 0.603917 6.668962
v 0.396099 0.182552 6.921984
v 0.396099 0.182552 6.139224
v 0.379672 0.520371 6.435185
v 0.378916 0.527373 6.417082
v 0.377159 0.543670 6.404902
v 0.370662 0.603917 6.318048
v 0.370662 0.603917 6.384945
v 0.396099 0.368044 5.017565
v 0.396099 0.182552 5.721602
v 0.396099 0.182552 4.938844
v 0.396099 0.368044 5.642882
v 0.379672 0.520371 5.423478
v 0.378812 0.528353 5.442633
v 0.379672 0.520371 5.234806
v 0.376841 0.546615 5.454607
v 0.370662 0.603917 5.542779
v 0.370662 0.603917 5.468582
v 0.378916 0.527373 5.216702
v 0.377159 0.543670 5.204522
v 0.370662 0.603917 5.117668
v 0.370662 0.603917 5.184564
v 0.327527 0.317027 2.258658
v 0.018931 0.317027 3.357306
v -0.289664 0.317027 2.258658
v 0.115532 0.317027 3.357306
v 0.303301 0.317027 3.357306
v 0.327527 0.317027 3.357306
v -0.077670 0.317027 3.357306
v -0.265438 0.317027 3.357306
v -0.289664 0.317027 3.357306
v 0.402726 0.317027 1.631825
v 0.402726 0.317027 2.258658
v -0.364863 0.317027 1.631825
v -0.364863 0.317027 2.258658
v 0.396099 0.368044 4.442502
v 0.396099 0.368044 3.817183
v 0.379672 0.520371 4.223098
v 0.378812 0.528353 4.242251
v 0.376841 0.546615 4.254227
v 0.370662 0.603917 4.342398
v 0.370662 0.603917 4.268200
v 0.396099 0.182552 4.521221
v 0.396099 0.182552 3.738464
v 0.379672 0.520371 4.034424
v 0.378916 0.527373 4.016321
v 0.377159 0.543670 4.004141
v 0.370662 0.603917 3.917287
v 0.370662 0.603917 3.984184
v -0.358236 0.182552 4.521221
v -0.358236 0.368044 3.817183
v -0.358236 0.182552 3.738464
v -0.358236 0.368044 4.442502
v -0.341809 0.520371 4.223098
v -0.340949 0.528353 4.242251
v -0.341809 0.520371 4.034424
v -0.338978 0.546615 4.254227
v -0.332799 0.603917 4.342398
v -0.332799 0.603917 4.268200
v -0.341053 0.527373 4.016321
v -0.339296 0.543670 4.004141
v -0.332799 0.603917 3.917287
v -0.332799 0.603917 3.984184
v -0.358236 0.182552 5.721602
v -0.358236 0.368044 5.017565
v -0.358236 0.182552 4.938844
v -0.358236 0.368044 5.642882
v -0.341809 0.520371 5.423478
v -0.340949 0.528353 5.442633
v -0.341809 0.520371 5.234806
v -0.338978 0.546615 5.454607
v -0.332799 0.603917 5.542779
v -0.332799 0.603917 5.468582
v -0.341053 0.527373 5.216702
v -0.339296 0.543670 5.204522
v -0.332799 0.603917 5.117668
v -0.332799 0.603917 5.184564
v -0.358236 0.182552 6.921984
v -0.358236 0.368044 6.217945
v -0.358236 0.182552 6.139224
v -0.358236 0.368044 6.843263
v -0.341809 0.520371 6.623859
v -0.340949 0.528353 6.643013
v -0.341809 0.520371 6.435185
v -0.338978 0.546616 6.654988
v -0.332799 0.603917 6.743160
v -0.332799 0.603917 6.668962
v -0.341053 0.527373 6.417082
v -0.339296 0.543670 6.404902
v -0.332799 0.603917 6.318048
v -0.332799 0.603917 6.384945
v 0.402726 0.317027 -0.259785
v -0.364863 0.317027 1.306435
v -0.364863 0.317027 -0.259785
v 0.402726 0.317027 1.306435
v -0.341295 -0.277125 3.118177
v -0.341295 -0.123153 4.727242
v -0.341295 -0.076528 4.082731
v -0.341295 0.102080 4.296258
v -0.341295 0.102080 4.522254
v -0.341295 -0.136702 3.411004
v -0.341295 -0.189766 3.234925
v 0.379158 -0.076528 4.082731
v 0.379158 -0.123153 4.727242
v 0.379158 -0.277125 3.118177
v 0.379158 0.102080 4.296258
v 0.379158 0.102080 4.522254
v 0.379158 -0.136702 3.411004
v 0.379158 -0.189766 3.234925
v -0.223240 0.305206 -9.028476
v 0.226133 0.431218 -9.028476
v 0.261103 0.305206 -9.028476
v 0.261103 0.709861 -9.028476
v 0.226133 0.766561 -9.028476
v 0.243056 0.766561 -9.028476
v -0.188270 0.431218 -9.028476
v 0.261103 0.263590 -8.990602
v -0.223240 0.709861 -9.028476
v -0.188270 0.766561 -9.028476
v -0.205193 0.766561 -9.028476
v -0.223240 0.263590 -8.990602
v -0.223240 0.263590 -8.665463
v 0.261103 0.263590 -8.665463
v -0.223240 0.305206 -8.627589
v 0.261103 0.305206 -8.627589
v -0.188270 0.431218 -8.627589
v -0.223240 0.709861 -8.627589
v -0.188270 0.766561 -8.627589
v -0.205193 0.766561 -8.627589
v 0.226133 0.431218 -8.627589
v 0.261103 0.709861 -8.627589
v 0.226133 0.766561 -8.627589
v 0.243056 0.766561 -8.627589
v 0.379672 1.434992 4.223098
v 0.379672 1.434992 4.034424
v 0.396099 1.587319 3.817183
v 0.378916 1.427990 4.016321
v 0.377159 1.411693 4.004141
v 0.370662 1.351446 3.917287
v 0.370662 1.351446 3.984184
v 0.396099 1.587319 4.442502
v 0.378812 1.427010 4.242251
v 0.396099 1.772809 3.738464
v 0.396099 1.772809 4.521221
v 0.376841 1.408746 4.254227
v 0.370662 1.351446 4.342398
v 0.370662 1.351446 4.268200
v 0.379672 1.434992 6.623859
v 0.379672 1.434992 6.435185
v 0.396099 1.587319 6.217945
v 0.378916 1.427990 6.417082
v 0.377159 1.411693 6.404902
v 0.370662 1.351446 6.318048
v 0.370662 1.351446 6.384945
v 0.396099 1.587319 6.843263
v 0.378812 1.427010 6.643013
v 0.396099 1.772809 6.139224
v 0.396099 1.772809 6.921984
v 0.376841 1.408746 6.654988
v 0.370662 1.351446 6.743160
v 0.370662 1.351446 6.668962
v 0.379672 1.434992 5.423478
v 0.379672 1.434992 5.234806
v 0.396099 1.587319 5.017565
v 0.378916 1.427990 5.216702
v 0.377159 1.411693 5.204522
v 0.370662 1.351446 5.117668
v 0.370662 1.351446 5.184564
v 0.396099 1.587319 5.642882
v 0.378812 1.427010 5.442633
v 0.396099 1.772809 4.938844
v 0.396099 1.772809 5.721602
v 0.376841 1.408746 5.454607
v 0.370662 1.351446 5.542779
v 0.370662 1.351446 5.468582
v -0.341809 1.434992 4.223098
v -0.358236 1.587319 4.442502
v -0.358236 1.587319 3.817183
v -0.340949 1.427010 4.242251
v -0.341809 1.434992 4.034424
v -0.341053 1.427990 4.016321
v -0.338978 1.408746 4.254227
v -0.339296 1.411693 4.004141
v -0.332799 1.351446 3.917287
v -0.332799 1.351446 3.984184
v -0.358236 1.772809 3.738464
v -0.358236 1.772809 4.521221
v -0.332799 1.351446 4.342398
v -0.332799 1.351446 4.268200
v -0.341809 1.434992 5.423478
v -0.358236 1.587319 5.642882
v -0.358236 1.587319 5.017565
v -0.340949 1.427010 5.442633
v -0.341809 1.434992 5.234806
v -0.341053 1.427990 5.216702
v -0.338978 1.408746 5.454607
v -0.339296 1.411693 5.204522
v -0.332799 1.351446 5.117668
v -0.332799 1.351446 5.184564
v -0.358236 1.772809 4.938844
v -0.358236 1.772809 5.721602
v -0.332799 1.351446 5.542779
v -0.332799 1.351446 5.468582
v -0.358236 1.587319 6.843263
v -0.358236 1.772809 6.139224
v -0.358236 1.587319 6.217945
v -0.358236 1.772809 6.921984
v -0.341809 1.434992 6.623859
v -0.340949 1.427010 6.643013
v -0.341809 1.434992 6.435185
v -0.338978 1.408746 6.654988
v -0.332799 1.351446 6.743160
v -0.332799 1.351446 6.668962
v -0.341053 1.427990 6.417082
v -0.339296 1.411693 6.404902
v -0.332799 1.351446 6.318048
v -0.332799 1.351446 6.384945
v 0.321036 0.070401 -4.401071
v 0.321036 0.089522 -4.436599
v 0.321036 0.128560 -4.454002
v 0.321036 0.128560 -4.244998
v 0.321036 0.070401 -4.297931
v 0.321036 0.089522 -4.262400
v 0.321036 1.364974 -4.454002
v 0.321036 1.430220 -4.244998
v -0.283173 0.128560 -4.454002
v -0.283173 0.070401 -4.401071
v -0.283173 0.128560 -4.244998
v -0.283173 0.089522 -4.436599
v -0.283173 0.070401 -4.297931
v -0.283173 0.089522 -4.262400
v -0.283173 1.364974 -4.454002
v -0.283173 1.430220 -4.244998
v -0.289664 0.317027 2.258658
v -0.289664 0.524600 2.573328
v -0.289664 0.588683 2.573328
v -0.289664 0.317027 3.357306
v -0.289664 0.336849 3.357306
v -0.289664 0.855481 2.258658
v -0.289664 0.912703 2.310737
v -0.289664 0.893889 2.275781
v -0.289664 0.912703 2.857539
v -0.289664 0.642018 2.887999
v -0.289664 0.879233 2.887999
v -0.289664 0.901700 2.877984
v 0.327527 0.317027 2.258658
v 0.327527 0.855481 2.258658
v 0.327527 0.588683 2.573328
v 0.327527 0.912703 2.310737
v 0.327527 0.893889 2.275781
v 0.327527 0.912703 2.857539
v 0.327527 0.524600 2.573328
v 0.327527 0.317027 3.357306
v 0.327527 0.336849 3.357306
v 0.327527 0.642018 2.887999
v 0.327527 0.879233 2.887999
v 0.327527 0.901700 2.877984
v -0.276204 -3.022230 -2.771096
v -0.276204 -2.728672 -2.733302
v -0.276204 -2.800254 -3.257701
v -0.276204 -2.856986 -2.688486
v -0.276204 -2.592728 -2.749753
v -0.276204 -2.458258 -2.726165
v -0.276204 -2.338696 -2.664938
v -0.276204 -1.801221 -2.596068
v -0.276204 -1.966662 -2.553807
v -0.276204 -1.870463 -2.525477
v -0.276204 -2.239347 -2.578722
v -0.276204 -2.877608 -3.262596
v -0.276204 -3.203507 -2.819002
v -0.276204 -2.824734 -3.268259
v -0.276204 -2.851758 -3.269969
v -0.276204 -3.391020 -2.810460
v -0.276204 -3.641348 -2.891629
v -0.276204 -3.567049 -2.748015
v -0.279319 -1.742139 -0.204644
v -0.279319 -1.497100 -0.506735
v -0.279319 -1.522016 -0.589869
v -0.279319 -1.419086 -0.462077
v -0.279319 -1.093809 -0.290084
v -0.279319 -1.297954 -0.471923
v -0.279319 -1.482104 -2.010294
v -0.279319 -1.345791 -2.060119
v -0.279319 -1.276764 -2.292812
v -0.279319 -1.309429 -2.270366
v -0.279319 -1.390260 -2.323899
v -0.279319 -0.328018 -0.599714
v -0.279319 -0.808645 -0.327664
v -0.279319 -0.320143 -0.392041
v -0.279319 -1.041652 -0.505667
v 0.317182 -0.328018 -0.599714
v 0.317182 -0.808645 -0.327664
v 0.317182 -1.041652 -0.505667
v 0.317182 -0.320143 -0.392041
v 0.314067 -2.800254 -3.257701
v 0.314067 -2.458258 -2.726165
v 0.314067 -2.592728 -2.749753
v 0.314067 -2.728672 -2.733302
v 0.314067 -2.338696 -2.664938
v 0.314067 -2.856986 -2.688486
v 0.314067 -3.022230 -2.771096
v 0.314067 -1.801221 -2.596068
v 0.314067 -1.966662 -2.553807
v 0.314067 -2.239347 -2.578722
v 0.314067 -1.870463 -2.525477
v 0.314067 -2.851758 -3.269969
v 0.314067 -2.824734 -3.268259
v 0.314067 -2.877608 -3.262596
v 0.314067 -3.203507 -2.819002
v 0.314067 -3.391020 -2.810460
v 0.314067 -3.641348 -2.891629
v 0.314067 -3.567049 -2.748015
v 0.317182 -1.742139 -0.204644
v 0.317182 -1.522016 -0.589869
v 0.317182 -1.497100 -0.506735
v 0.317182 -1.419086 -0.462077
v 0.317182 -1.093809 -0.290084
v 0.317182 -1.297954 -0.471923
v 0.317182 -1.482104 -2.010294
v 0.317182 -1.345791 -2.060119
v 0.317182 -1.276764 -2.292812
v 0.317182 -1.309429 -2.270366
v 0.317182 -1.390260 -2.323899
v -0.276204 -2.856986 -2.688486
v 0.018931 -3.018909 -2.725393
v 0.018931 -2.859327 -2.642576
v -0.276204 -3.022230 -2.771096
v 0.314067 -2.856986 -2.688486
v 0.018931 -2.734468 -2.689714
v -0.276204 -2.728672 -2.733302
v 0.314067 -3.022230 -2.771096
v 0.314067 -2.728672 -2.733302
v 0.018931 -3.193856 -2.776980
v -0.276204 -3.203507 -2.819002
v 0.314067 -3.203507 -2.819002
v 0.018931 -2.601794 -2.709561
v 0.314067 -2.592728 -2.749753
v -0.276204 -2.592728 -2.749753
v 0.018931 -3.376688 -2.772332
v 0.314067 -3.391020 -2.810460
v -0.276204 -3.391020 -2.810460
v 0.018931 -3.548504 -2.712170
v 0.314067 -3.567049 -2.748015
v -0.276204 -3.567049 -2.748015
v 0.018931 -2.469735 -2.687048
v -0.276204 -2.458258 -2.726165
v 0.314067 -2.458258 -2.726165
v -0.276204 -2.338696 -2.664938
v 0.314067 -2.338696 -2.664938
v 0.018931 -2.353982 -2.624571
v -0.276204 -2.239347 -2.578722
v 0.314067 -2.239347 -2.578722
v 0.018931 -2.258391 -2.537965
v 0.018931 -1.975388 -2.514280
v -0.276204 -1.966662 -2.553807
v 0.314067 -1.966662 -2.553807
v -0.220207 -1.881391 -2.514334
v -0.276204 -1.870463 -2.525477
v 0.258070 -1.881391 -2.514334
v 0.314067 -1.870463 -2.525477
v 0.018931 -1.729873 -2.411830
v -0.207814 -1.719997 -2.434253
v 0.245677 -1.719997 -2.434253
v 0.018931 -1.621697 -2.331230
v -0.203288 -1.590767 -2.335359
v 0.241151 -1.590767 -2.335359
v 0.018931 -1.460044 -2.163481
v -0.227041 -1.454033 -2.205220
v 0.264904 -1.454033 -2.205220
v 0.317182 -1.482104 -2.010294
v -0.279319 -1.482104 -2.010294
v 0.178160 -1.728729 -0.297770
v 0.317182 -1.742139 -0.204644
v 0.178160 -1.742139 -0.204644
v -0.140297 -1.728729 -0.297770
v -0.279319 -1.742139 -0.204644
v -0.140297 -1.742139 -0.204644
v 0.229643 0.461445 9.183644
v 0.335346 0.526134 8.656898
v 0.335346 0.526134 9.185538
v 0.229643 0.461445 8.656898
v 0.018931 0.461445 8.656898
v 0.018931 0.461445 9.226298
v -0.191780 0.461445 9.183644
v -0.191780 0.461445 8.656898
v 0.371694 0.592869 8.880587
v 0.371694 0.592869 9.099836
v 0.378517 0.605393 8.857316
v 0.404567 0.653222 9.226055
v 0.392443 0.630962 8.845918
v 0.476311 0.784940 9.231758
v 0.465871 0.765774 8.845918
v 0.546057 0.912993 9.099836
v 0.546057 0.912993 8.656898
v 0.546057 0.912993 9.196994
v 0.493310 0.816151 8.858426
v 0.546057 1.042371 9.099836
v 0.546057 1.042371 9.200880
v 0.477268 1.168665 9.243462
v 0.371694 1.362493 9.099836
v 0.405258 1.300873 9.248052
v 0.546057 0.912993 8.910381
v 0.335346 1.429228 9.212673
v 0.371694 1.362493 8.880587
v 0.546057 1.042371 8.656898
v 0.335346 1.429228 8.656898
v 0.378517 1.349969 8.857316
v 0.392443 1.324400 8.845918
v 0.465871 1.189590 8.845918
v 0.229643 1.493919 8.656898
v 0.493310 1.139213 8.858426
v 0.229643 1.493919 9.214672
v 0.546057 1.042371 8.910381
v 0.546057 1.014775 8.925187
v 0.546057 0.940589 8.925187
v 0.018931 1.493919 8.656898
v 0.134839 1.493919 9.245914
v 0.018931 1.493919 9.260067
v -0.096976 1.493919 9.245914
v -0.191780 1.493919 9.214672
v -0.191780 1.493919 8.656898
v -0.297483 1.429228 9.212673
v -0.297483 1.429228 8.656898
v -0.333831 1.362493 8.880587
v -0.340654 1.349969 8.857316
v -0.333831 1.362493 9.099836
v -0.354580 1.324400 8.845918
v -0.367395 1.300873 9.248052
v -0.428008 1.189590 8.845918
v -0.439405 1.168665 9.243462
v -0.508194 1.042371 9.099836
v -0.508194 1.042371 9.200880
v -0.508194 0.912993 9.196994
v -0.508194 0.912993 9.099836
v -0.438448 0.784940 9.231758
v -0.333831 0.592869 9.099836
v -0.366704 0.653222 9.226055
v -0.297483 0.526134 9.185538
v -0.333831 0.592869 8.880587
v -0.297483 0.526134 8.656898
v -0.191780 0.461445 9.183644
v -0.191780 0.461445 8.656898
v -0.340654 0.605393 8.857316
v -0.354580 0.630962 8.845918
v -0.428008 0.765774 8.845918
v -0.508194 0.912993 8.656898
v -0.455447 0.816151 8.858426
v -0.508194 0.912993 8.910381
v -0.508194 1.042371 8.656898
v -0.508194 0.940589 8.925187
v -0.508194 1.014775 8.925187
v -0.508194 1.042371 8.910381
v -0.455447 1.139213 8.858426
v -0.267120 0.189152 -5.257884
v -0.267120 0.073615 -5.229610
v -0.267120 0.144386 -5.156906
v -0.267120 0.061691 -5.337955
v -0.267120 0.261128 -5.133073
v -0.267120 -0.026175 -5.264053
v -0.267120 0.169928 -5.062597
v -0.267120 -0.092056 -5.354944
v -0.267120 0.261128 -4.992119
v -0.267120 -0.132122 -5.252346
v -0.267120 0.144386 -4.968287
v -0.267120 -0.236868 -5.304961
v -0.267120 0.189152 -4.867310
v -0.267120 -0.219956 -5.197168
v -0.267120 0.073615 -4.895583
v -0.267120 -0.339571 -5.199454
v -0.267120 0.061691 -4.787238
v -0.267120 -0.269553 -5.111163
v -0.267120 -0.026175 -4.861139
v -0.267120 -0.376635 -5.062597
v -0.267120 -0.092056 -4.770249
v -0.267120 -0.269553 -5.014030
v -0.267120 -0.132122 -4.872848
v -0.267120 -0.339571 -4.925737
v -0.267120 -0.236868 -4.820230
v -0.267120 -0.219956 -4.928024
v 0.304983 0.144386 -5.156906
v 0.304983 0.073615 -5.229610
v 0.304983 0.189152 -5.257884
v 0.304983 0.061691 -5.337955
v 0.304983 0.261128 -5.133073
v 0.304983 -0.026175 -5.264053
v 0.304983 0.169928 -5.062597
v 0.304983 -0.092056 -5.354944
v 0.304983 0.261128 -4.992119
v 0.304983 -0.132122 -5.252346
v 0.304983 0.144386 -4.968287
v 0.304983 -0.236868 -5.304961
v 0.304983 0.189152 -4.867310
v 0.304983 -0.219956 -5.197168
v 0.304983 0.073615 -4.895583
v 0.304983 -0.339571 -5.199454
v 0.304983 0.061691 -4.787238
v 0.304983 -0.269553 -5.111163
v 0.304983 -0.026175 -4.861139
v 0.304983 -0.376635 -5.062597
v 0.304983 -0.092056 -4.770249
v 0.304983 -0.269553 -5.014030
v 0.304983 -0.132122 -4.872848
v 0.304983 -0.339571 -4.925737
v 0.304983 -0.236868 -4.820230
v 0.304983 -0.219956 -4.928024
v 0.176133 0.991771 -7.077874
v -0.138270 0.991771 -7.077874
v -0.188270 0.991771 -7.029638
v 0.226133 0.991771 -7.029638
v 0.226133 0.991771 -4.562362
v -0.188270 0.991771 -4.562362
v 0.258437 2.659528 -1.337883
v 0.389064 2.659528 -1.337883
v 0.389064 2.659528 -1.476578
v 0.223235 2.659528 -1.366564
v 0.405649 2.651330 -1.476578
v 0.147046 2.659528 -1.476578
v 0.405649 2.651330 -1.334404
v 0.147046 2.659528 -1.407449
v 0.463611 2.578109 -1.476578
v 0.125572 2.640428 -1.414956
v 0.481920 2.554979 -1.463853
v 0.125572 2.640428 -1.476578
v 0.102932 2.504325 -1.421245
v 0.102932 2.504325 -1.476578
v 0.481920 2.554979 -1.293515
v 0.486656 2.536245 -1.456982
v 0.486656 2.536245 -1.285563
v 0.457219 2.359279 -1.417353
v 0.443623 2.277549 -1.175776
v 0.431735 2.206083 -1.367573
v 0.408685 2.067517 -1.301515
v 0.439800 2.254570 -1.156099
v 0.438182 2.244838 -1.128539
v 0.438182 2.244838 -0.879910
v 0.421721 2.145883 -0.838989
v 0.408685 2.067517 -0.801193
v 0.359809 2.024045 -1.315146
v 0.371091 2.034081 -1.319929
v 0.394403 2.054815 -0.723098
v 0.359809 2.024045 -0.485373
v 0.376181 2.038607 -0.495340
v -0.087709 2.640428 -1.476578
v -0.065069 2.504325 -1.421245
v -0.065069 2.504325 -1.476578
v -0.087709 2.640428 -1.414956
v -0.109183 2.659528 -1.476578
v -0.109183 2.659528 -1.407449
v -0.185372 2.659528 -1.366564
v -0.351202 2.659528 -1.476578
v -0.220574 2.659528 -1.337883
v -0.351202 2.659528 -1.337883
v -0.367786 2.651330 -1.476578
v -0.367786 2.651330 -1.334404
v -0.425749 2.578109 -1.476578
v -0.444058 2.554979 -1.463853
v -0.444058 2.554979 -1.293515
v -0.448793 2.536245 -1.456982
v -0.448793 2.536245 -1.285563
v -0.419356 2.359279 -1.417353
v -0.405760 2.277549 -1.175776
v -0.393872 2.206083 -1.367573
v -0.370822 2.067517 -1.301515
v -0.401937 2.254570 -1.156099
v -0.400319 2.244838 -1.128539
v -0.383858 2.145883 -0.838989
v -0.400319 2.244838 -0.879910
v -0.370822 2.067517 -0.801193
v -0.321946 2.024045 -1.315146
v -0.333228 2.034081 -1.319929
v -0.356540 2.054815 -0.723098
v -0.321946 2.024045 -0.485373
v -0.338318 2.038607 -0.495340
v -0.265438 0.317027 3.357306
v -0.265438 0.308139 3.791761
v -0.265438 0.449808 3.357306
v -0.265438 0.449808 3.851883
v -0.265438 0.308139 3.357306
v 0.303301 0.449808 6.252646
v 0.303301 0.308139 5.668306
v 0.303301 0.449808 5.608181
v 0.303301 0.308139 6.192523
v 0.303301 0.317027 3.357306
v 0.303301 0.449808 3.357306
v 0.303301 0.308139 3.791761
v 0.303301 0.449808 3.851883
v 0.303301 0.308139 3.357306
v 0.303301 0.449808 5.052265
v 0.303301 0.308139 4.467925
v 0.303301 0.449808 4.407802
v 0.303301 0.308139 4.992142
v -0.265438 0.308139 4.467925
v -0.265438 0.449808 5.052265
v -0.265438 0.449808 4.407802
v -0.265438 0.308139 4.992142
v -0.265438 0.308139 5.668306
v -0.265438 0.449808 6.252646
v -0.265438 0.449808 5.608181
v -0.265438 0.308139 6.192523
v -0.265438 0.308139 6.868685
v -0.265438 0.449808 7.152019
v -0.265438 0.449808 6.808563
v -0.265438 0.308139 7.280952
v 0.303301 0.449808 7.152019
v 0.303301 0.308139 6.868685
v 0.303301 0.449808 6.808563
v 0.303301 0.308139 7.280952
v 0.327527 0.588683 2.573328
v 0.498627 0.641998 2.887999
v 0.327527 0.641998 2.887999
v 0.498627 0.588683 2.573328
v -0.460764 0.641998 2.887999
v -0.289664 0.588683 2.573328
v -0.289664 0.641998 2.887999
v -0.460764 0.588683 2.573328
v -0.250324 -1.093809 -0.290084
v -0.250324 -0.806200 -0.152123
v -0.250324 -0.808645 -0.327664
v -0.250324 -0.654944 -0.210245
v -0.250324 -0.810044 -0.037325
v -0.250324 -1.041652 -0.505667
v -0.250324 -1.295412 -0.472258
v -0.250324 -1.297954 -0.471923
v 0.288187 -0.808645 -0.327664
v 0.288187 -0.806200 -0.152123
v 0.288187 -1.093809 -0.290084
v 0.288187 -0.654944 -0.210245
v 0.288187 -0.810044 -0.037325
v 0.288187 -1.041652 -0.505667
v 0.288187 -1.295412 -0.472258
v 0.288187 -1.297954 -0.471923
v -0.077936 1.173320 1.380314
v 0.018931 1.198628 9.198694
v -0.077936 1.173321 9.198694
v 0.018931 1.198628 1.380314
v -0.152613 1.103194 1.380314
v -0.152613 1.103194 9.198694
v -0.187991 1.004313 1.380314
v -0.187991 1.004313 9.198694
v -0.175965 0.899333 1.380314
v -0.175965 0.899333 9.198694
v -0.119291 0.812299 1.380314
v -0.119291 0.812300 9.198694
v -0.030952 0.763154 1.380314
v -0.030952 0.763155 9.198694
v 0.068814 0.763154 1.380314
v 0.068814 0.763155 9.198694
v 0.157154 0.812299 1.380314
v 0.157154 0.812300 9.198694
v 0.213828 0.899333 1.380314
v 0.213828 0.899333 9.198694
v 0.225854 1.004313 1.380314
v 0.225854 1.004313 9.198694
v 0.190476 1.103194 1.380314
v 0.190476 1.103194 9.198694
v 0.115799 1.173320 1.380314
v 0.115799 1.173321 9.198694
v 0.018931 1.198628 1.380314
v 0.018931 1.198628 9.198694
v -0.077670 0.308139 8.337914
v -0.077670 0.415965 8.007046
v -0.077670 0.415965 8.337914
v -0.077670 0.308139 8.007046
v -0.045742 0.449809 8.337914
v -0.045742 0.449808 8.007046
v 0.083604 0.449809 8.337914
v 0.083604 0.449808 8.007046
v 0.115532 0.415965 8.337914
v 0.115532 0.415965 8.007046
v 0.115532 0.308139 8.007046
v 0.115532 0.308139 8.337914
v -0.241340 1.500803 7.148863
v -0.241340 1.679493 6.882380
v -0.241340 1.500803 6.806546
v -0.241340 1.679493 7.311492
v 0.279203 1.679493 6.882380
v 0.279203 1.500803 7.148863
v 0.279203 1.500803 6.806546
v 0.279203 1.679493 7.311492
v -0.289664 0.416368 7.965766
v -0.345851 0.416368 8.337914
v -0.364669 0.416368 7.965766
v -0.289664 0.416368 8.337914
v 0.327527 0.416368 7.965766
v 0.383713 0.416368 8.337914
v 0.327527 0.416368 8.337914
v 0.402532 0.416368 7.965766
v 0.274666 0.766561 -10.022186
v 0.274666 0.381441 -9.351419
v 0.274666 0.289661 -9.698284
v 0.274666 0.766561 -9.143268
v 0.274666 -1.967443 -9.698715
v 0.274666 0.289661 -9.498174
v 0.274666 0.316633 -9.414995
v 0.274666 -1.937696 -9.434757
v 0.216343 -2.165660 -9.675264
v 0.216343 -2.135913 -9.411304
v -0.188270 0.431218 -6.662817
v 0.157793 0.431218 -6.734988
v 0.226133 0.431218 -6.662817
v 0.226133 0.431218 -6.803981
v -0.119930 0.431218 -6.734988
v -0.188270 0.431218 -6.803981
v 0.166836 0.431218 -9.160480
v 0.226133 0.431218 -9.028476
v -0.188270 0.431218 -9.028476
v 0.226133 0.431218 -9.270061
v 0.166836 0.431218 -9.203532
v -0.128973 0.431218 -9.160480
v -0.188270 0.431218 -9.270061
v -0.128973 0.431218 -9.203532
v -0.236803 0.289661 -9.698284
v -0.236803 0.381441 -9.351419
v -0.236803 0.766561 -10.022186
v -0.236803 0.766561 -9.143268
v -0.236803 -1.967443 -9.698715
v -0.236803 0.289661 -9.498174
v -0.236803 0.316633 -9.414995
v -0.236803 -1.937696 -9.434757
v -0.178480 -2.165660 -9.675264
v -0.178480 -2.135913 -9.411304
v 0.581750 0.879233 2.887999
v 0.327527 0.901700 2.877984
v 0.581750 0.901700 2.877984
v 0.327527 0.912703 2.857539
v 0.327527 0.879233 2.887999
v 0.581750 0.912703 2.857539
v 0.581750 0.710434 2.887999
v 0.327527 0.912703 2.310737
v 0.327527 0.642018 2.887999
v 0.568242 0.645847 2.887999
v 0.566558 0.642018 2.887999
v 0.581750 0.912703 2.310737
v 0.327527 0.893889 2.275781
v 0.581750 0.893889 2.275781
v 0.327527 0.855481 2.258658
v 0.581750 0.855481 2.258658
v 0.581750 0.710433 2.258658
v 0.568242 0.645847 2.258658
v 0.327527 0.317027 2.258658
v 0.432407 0.337072 2.258658
v 0.402726 0.317027 2.258658
v -0.289664 0.642018 2.887999
v -0.543887 0.710434 2.887999
v -0.289664 0.879233 2.887999
v -0.530379 0.645847 2.887999
v -0.528695 0.642018 2.887999
v -0.543887 0.879233 2.887999
v -0.289664 0.901700 2.877984
v -0.543887 0.901700 2.877984
v -0.289664 0.912703 2.857539
v -0.543887 0.912703 2.857539
v -0.289664 0.912703 2.310737
v -0.543887 0.912703 2.310737
v -0.289664 0.893889 2.275781
v -0.543887 0.893889 2.275781
v -0.289664 0.855481 2.258658
v -0.543887 0.855481 2.258658
v -0.543887 0.710433 2.258658
v -0.530379 0.645847 2.258658
v -0.289664 0.317027 2.258658
v -0.394544 0.337072 2.258658
v -0.364863 0.317027 2.258658
v 0.261103 0.709861 -8.627589
v 0.261103 0.467810 -8.672314
v 0.261103 0.549703 -8.681364
v 0.261103 0.617595 -8.724013
v 0.261103 0.655932 -8.790492
v 0.261103 0.305206 -8.627589
v 0.261103 0.390678 -8.698938
v 0.261103 0.263590 -8.665463
v 0.261103 0.335972 -8.755136
v 0.261103 0.316231 -8.828032
v 0.261103 0.263590 -8.990602
v 0.261103 0.335972 -8.900929
v 0.261103 0.390678 -8.957126
v 0.261103 0.305206 -9.028476
v 0.261103 0.467810 -8.983750
v 0.261103 0.709861 -9.028476
v 0.261103 0.549703 -8.974700
v 0.261103 0.617595 -8.932051
v 0.261103 0.655932 -8.865572
v 0.243056 0.766561 -9.028476
v 0.243056 0.766561 -8.627589
v -0.205193 0.766561 -9.028476
v -0.223240 0.709861 -8.627589
v -0.205193 0.766561 -8.627589
v -0.223240 0.709861 -9.028476
v -0.223240 0.617595 -8.724013
v -0.223240 0.549703 -8.681364
v -0.223240 0.655932 -8.790492
v -0.223240 0.467810 -8.672314
v -0.223240 0.305206 -8.627589
v -0.223240 0.390678 -8.698938
v -0.223240 0.263590 -8.665463
v -0.223240 0.335972 -8.755136
v -0.223240 0.316231 -8.828032
v -0.223240 0.263590 -8.990602
v -0.223240 0.335972 -8.900929
v -0.223240 0.390678 -8.957126
v -0.223240 0.305206 -9.028476
v -0.223240 0.467810 -8.983750
v -0.223240 0.549703 -8.974700
v -0.223240 0.617595 -8.932051
v -0.223240 0.655932 -8.865572
v -0.218598 0.413994 -8.863662
v -0.218598 0.316231 -8.828032
v -0.218598 0.404344 -8.828032
v -0.218598 0.413994 -8.792403
v -0.218598 0.335972 -8.900929
v -0.218598 0.335972 -8.755136
v -0.218598 0.390678 -8.957126
v -0.218598 0.390678 -8.698938
v -0.218598 0.440731 -8.891130
v -0.218598 0.440731 -8.764935
v -0.218598 0.478431 -8.904142
v -0.218598 0.478431 -8.751921
v -0.218598 0.467810 -8.983750
v -0.218598 0.467810 -8.672314
v -0.218598 0.549703 -8.974700
v -0.218598 0.549703 -8.681364
v -0.218598 0.518458 -8.899718
v -0.218598 0.518458 -8.756346
v -0.218598 0.617595 -8.932051
v -0.218598 0.617595 -8.724013
v -0.218598 0.551642 -8.878873
v -0.218598 0.551642 -8.777191
v -0.218598 0.570380 -8.846379
v -0.218598 0.570380 -8.809685
v -0.218598 0.655932 -8.865572
v -0.218598 0.655932 -8.790492
v 0.256461 0.316231 -8.828032
v 0.256461 0.413994 -8.863662
v 0.256461 0.404344 -8.828032
v 0.256461 0.413994 -8.792403
v 0.256461 0.335972 -8.900929
v 0.256461 0.335972 -8.755136
v 0.256461 0.390678 -8.957126
v 0.256461 0.390678 -8.698938
v 0.256461 0.440731 -8.891130
v 0.256461 0.440731 -8.764935
v 0.256461 0.478431 -8.904142
v 0.256461 0.478431 -8.751921
v 0.256461 0.467810 -8.983750
v 0.256461 0.467810 -8.672314
v 0.256461 0.549703 -8.974700
v 0.256461 0.549703 -8.681364
v 0.256461 0.518458 -8.899718
v 0.256461 0.518458 -8.756346
v 0.256461 0.617595 -8.932051
v 0.256461 0.617595 -8.724013
v 0.256461 0.551642 -8.878873
v 0.256461 0.551642 -8.777191
v 0.256461 0.570380 -8.846379
v 0.256461 0.570380 -8.809685
v 0.256461 0.655932 -8.865572
v 0.256461 0.655932 -8.790492
v -0.106465 0.724424 6.743621
v 0.018931 0.691663 6.318510
v -0.106465 0.724424 6.318510
v 0.018931 0.691663 6.743621
v -0.203135 0.815204 6.743621
v 0.144328 0.724424 6.318510
v -0.203135 0.815204 6.318510
v 0.144328 0.724424 6.743621
v -0.248931 0.943205 6.743621
v 0.240998 0.815204 6.318510
v -0.248931 0.943205 6.318510
v 0.240998 0.815204 6.743621
v -0.233365 1.079105 6.743621
v 0.286794 0.943205 6.318510
v -0.233365 1.079105 6.318510
v 0.286794 0.943205 6.743621
v -0.160000 1.191769 6.743621
v 0.271228 1.079105 6.318510
v -0.160000 1.191769 6.318510
v -0.045643 1.255389 6.743621
v -0.045643 1.255389 6.318510
v 0.271228 1.079105 6.743621
v 0.197863 1.191769 6.318510
v 0.197863 1.191769 6.743621
v 0.083506 1.255389 6.318510
v 0.083506 1.255389 6.743621
v -0.045643 1.255389 6.318510
v -0.045643 1.255389 6.743621
v -0.385727 0.317027 1.631825
v 0.423590 0.317027 1.631825
v 0.341180 0.454145 1.631825
v 0.581750 0.676554 1.631825
v -0.303317 0.454145 1.631825
v 0.452393 0.706951 1.631825
v -0.543887 0.676554 1.631825
v 0.581750 1.278809 1.631825
v -0.414531 0.706951 1.631825
v 0.452393 1.248411 1.631825
v -0.414531 1.248411 1.631825
v 0.341180 1.501217 1.631825
v -0.543887 1.278809 1.631825
v 0.423590 1.638334 1.631825
v -0.303317 1.501217 1.631825
v -0.385727 1.638334 1.631825
v 0.244032 -1.374189 -0.497837
v 0.244032 -1.418282 -0.462006
v 0.244032 -1.498607 -0.506949
v 0.244032 -1.295412 -0.472258
v 0.244032 -1.403552 -0.571954
v 0.244032 -1.522016 -0.589869
v 0.244032 -1.291334 -2.191645
v 0.244032 -1.158100 -2.276347
v -0.206169 -1.498607 -0.506949
v -0.206169 -1.374189 -0.497837
v -0.206169 -1.403552 -0.571954
v -0.206169 -1.418282 -0.462006
v -0.206169 -1.295412 -0.472258
v -0.206169 -1.522016 -0.589869
v -0.206169 -1.291334 -2.191645
v -0.206169 -1.158100 -2.276347
v 0.128607 0.823511 -7.138626
v 0.128607 0.823511 -8.540557
v 0.128607 0.920638 -8.499281
v 0.128607 0.920639 -7.077874
v 0.109789 0.961364 -8.481973
v 0.128607 0.890266 -7.077874
v 0.128607 0.843300 -7.095884
v 0.109789 0.961364 -7.077874
v 0.071367 0.981311 -8.473495
v 0.071367 0.981312 -7.077874
v -0.033504 0.981312 -7.077874
v -0.033504 0.981311 -8.473495
v -0.071926 0.961364 -7.077874
v -0.071926 0.961364 -8.481973
v -0.090745 0.920639 -7.077874
v -0.090745 0.920638 -8.499281
v -0.090745 0.823511 -7.138626
v -0.090745 0.823511 -8.540557
v -0.090745 0.890266 -7.077874
v -0.090745 0.843300 -7.095884
v -0.106465 0.724424 4.342398
v 0.018931 0.691662 3.917287
v -0.106465 0.724424 3.917287
v 0.018931 0.691663 4.342398
v -0.203135 0.815204 4.342398
v 0.144328 0.724424 3.917287
v -0.203135 0.815203 3.917287
v 0.144328 0.724424 4.342398
v -0.248931 0.943205 4.342398
v 0.240998 0.815203 3.917287
v -0.248931 0.943205 3.917287
v 0.240998 0.815204 4.342398
v -0.233365 1.079105 4.342398
v 0.286794 0.943205 3.917287
v -0.233365 1.079105 3.917287
v 0.286794 0.943205 4.342398
v -0.160000 1.191769 4.342398
v 0.271228 1.079105 3.917287
v -0.160000 1.191769 3.917287
v -0.045643 1.255389 4.342398
v -0.045643 1.255389 3.917287
v 0.271228 1.079105 4.342398
v 0.197863 1.191769 3.917287
v 0.197863 1.191769 4.342398
v 0.083506 1.255389 3.917287
v 0.083506 1.255389 4.342398
v -0.045643 1.255389 3.917287
v -0.045643 1.255389 4.342398
v -0.106465 0.724424 5.541698
v 0.018931 0.691663 5.116585
v -0.106465 0.724424 5.116585
v 0.018931 0.691663 5.541698
v -0.203135 0.815204 5.541698
v 0.144328 0.724424 5.116585
v -0.203135 0.815204 5.116585
v 0.144328 0.724424 5.541698
v -0.248931 0.943205 5.541698
v 0.240998 0.815204 5.116585
v -0.248931 0.943205 5.116585
v 0.240998 0.815204 5.541698
v -0.233365 1.079105 5.541698
v 0.286794 0.943205 5.116585
v -0.233365 1.079105 5.116585
v 0.286794 0.943205 5.541698
v -0.160000 1.191769 5.541698
v 0.271228 1.079105 5.116585
v -0.160000 1.191769 5.116585
v -0.045643 1.255389 5.541698
v -0.045643 1.255389 5.116585
v 0.271228 1.079105 5.541698
v 0.197863 1.191769 5.116585
v 0.197863 1.191769 5.541698
v 0.083506 1.255389 5.116585
v 0.083506 1.255389 5.541698
v -0.045643 1.255389 5.116585
v -0.045643 1.255389 5.541698
v -0.188270 0.676242 -5.710666
v -0.188270 0.415822 -5.558246
v -0.188270 0.991771 -4.562362
v -0.188270 0.431218 -5.586855
v -0.188270 0.431218 -5.629094
v -0.188270 0.745237 -5.762360
v -0.188270 0.774879 -5.839090
v -0.188270 0.729771 -4.562362
v -0.188270 0.384388 -5.544232
v -0.188270 0.289042 -5.544232
v -0.188270 0.991771 -7.029638
v -0.188270 0.774879 -6.453233
v -0.188270 0.745161 -6.530050
v -0.188270 0.890266 -7.029638
v -0.188270 0.676011 -6.581736
v -0.188270 0.806014 -7.061950
v -0.188270 0.431218 -6.803981
v -0.188270 0.431218 -6.662817
v -0.188270 0.770511 -7.138626
v -0.188270 0.431218 -7.363443
v -0.188270 0.770511 -8.563081
v -0.188270 0.766561 -8.564757
v -0.188270 0.431218 -8.627589
v -0.188270 0.766561 -8.627589
v -0.188270 0.067360 -7.324535
v -0.188270 -1.075179 -7.227021
v -0.188270 -0.645380 -7.524692
v -0.188270 -1.055281 -7.449747
v -0.188270 -1.140109 -7.402531
v -0.188270 -1.037984 -7.493222
v -0.188270 -1.609855 -9.027446
v -0.188270 -1.342547 -9.409171
v -0.188270 -1.646827 -9.052547
v -0.188270 -1.893854 -9.439943
v -0.188270 -1.751884 -9.056189
v -0.188270 0.238217 -9.692197
v -0.188270 0.238217 -9.549869
v -0.188270 0.766561 -9.088813
v -0.188270 0.431218 -9.028476
v -0.188270 0.766561 -9.028476
v -0.188270 0.431218 -9.270061
v 0.226133 0.766561 -9.088813
v 0.226133 0.431218 -9.028476
v 0.226133 0.431218 -9.270061
v 0.226133 0.766561 -9.028476
v 0.226133 0.774879 -6.453233
v 0.226133 0.745161 -6.530050
v 0.226133 0.991771 -7.029638
v 0.226133 0.774879 -5.839090
v 0.226133 0.890266 -7.029638
v 0.226133 0.676011 -6.581736
v 0.226133 0.991771 -4.562362
v 0.226133 0.745237 -5.762360
v 0.226133 0.806014 -7.061950
v 0.226133 0.676242 -5.710666
v 0.226133 0.431218 -6.803981
v 0.226133 0.431218 -6.662817
v 0.226133 0.770511 -7.138626
v 0.226133 0.415822 -5.558246
v 0.226133 0.729771 -4.562362
v 0.226133 0.431218 -5.586855
v 0.226133 0.431218 -5.629094
v 0.226133 0.384388 -5.544232
v 0.226133 0.289042 -5.544232
v 0.226133 0.431218 -7.363443
v 0.226133 0.770511 -8.563081
v 0.226133 0.766561 -8.564757
v 0.226133 0.431218 -8.627589
v 0.226133 0.766561 -8.627589
v 0.226133 0.067360 -7.324535
v 0.226133 -1.075179 -7.227021
v 0.226133 -0.645380 -7.524692
v 0.226133 -1.055281 -7.449747
v 0.226133 -1.140109 -7.402531
v 0.226133 -1.037984 -7.493222
v 0.226133 -1.609855 -9.027446
v 0.226133 -1.342547 -9.409171
v 0.226133 -1.646827 -9.052547
v 0.226133 -1.893854 -9.439943
v 0.226133 -1.751884 -9.056189
v 0.226133 0.238217 -9.692197
v 0.226133 0.238217 -9.549869
v 0.298387 1.633605 -3.318149
v 0.511443 1.506424 -3.137189
v 0.517544 1.521630 -2.970546
v 0.547651 1.497043 -2.784853
v 0.488240 1.467919 -3.443645
v 0.485812 1.463926 -3.475512
v 0.504032 1.441981 -3.466547
v 0.505852 1.445002 -3.442501
v 0.511769 1.413677 -3.464146
v 0.513588 1.416698 -3.440100
v 0.509639 1.397623 -3.492273
v 0.529056 1.483506 -3.136046
v 0.497435 1.269286 -3.653441
v 0.539010 1.495412 -2.969311
v 0.536793 1.455201 -3.133645
v 0.526689 0.383697 -3.267071
v 0.549414 1.463713 -2.966943
v 0.554180 0.480609 -2.904006
v 0.550970 0.459649 -2.899146
v 0.523481 0.362736 -3.262211
v 0.523481 0.474330 -0.318956
v 0.489365 0.435444 -0.317438
v 0.520043 0.370737 -3.354869
v 0.507456 0.332425 -3.352126
v 0.475252 0.309380 -3.348740
v 0.498524 0.329213 -3.441383
v 0.513323 0.366951 -3.443610
v 0.483160 1.199179 -3.841977
v 0.467018 0.343764 -4.055161
v 0.466998 1.158935 -4.055427
v 0.451157 0.302229 -4.051409
v 0.407603 0.280532 -4.046110
v 0.453691 0.303610 -3.437418
v -0.415828 0.303610 -3.437418
v -0.369740 0.280532 -4.046110
v 0.453691 0.351216 -2.181842
v -0.415828 0.351216 -2.181842
v 0.454422 0.421901 -0.317572
v -0.416559 0.421901 -0.317572
v 0.455618 0.855736 10.073816
v 0.447607 0.841029 10.145601
v 0.286032 0.544383 9.227672
v 0.358242 0.676959 9.276003
v 0.477006 0.895007 10.013157
v 0.506489 0.949137 9.966298
v 0.433712 0.815520 9.282596
v 0.506489 0.949137 9.240688
v 0.506489 1.006225 9.242550
v 0.506489 1.006225 9.966298
v 0.453014 1.104404 9.283463
v 0.397010 1.207227 9.303177
v 0.476945 1.060468 10.012552
v 0.340003 1.311891 9.292334
v 0.455708 1.099459 10.073668
v 0.286032 1.410979 9.255970
v 0.447629 1.114292 10.145164
v 0.286032 1.410979 10.678466
v 0.455490 1.099859 10.217059
v 0.239390 1.439524 9.256931
v 0.328693 1.332654 10.678466
v 0.239390 1.439524 10.678466
v 0.477145 1.060103 10.276448
v 0.122192 1.439524 9.299217
v 0.018931 1.439524 9.311863
v -0.201527 1.439524 10.678466
v -0.084329 1.439524 9.299217
v -0.201527 1.439524 9.256931
v 0.343360 1.305725 10.685357
v 0.449161 1.111478 10.685357
v 0.354743 1.284829 10.704489
v 0.437780 1.132376 10.704489
v 0.506489 1.006225 10.324902
v 0.463828 1.084551 10.678466
v 0.506489 1.006225 10.678466
v 0.506489 0.949137 10.324902
v 0.506489 0.949137 10.678466
v 0.477006 0.895007 10.278041
v 0.286032 0.544383 10.678466
v 0.455618 0.855736 10.217381
v 0.239390 0.515840 10.678466
v 0.239390 0.515840 9.226768
v 0.132223 0.515840 9.263966
v 0.154067 0.515840 10.678466
v 0.018931 0.515840 9.278053
v -0.116204 0.515840 10.678466
v -0.094360 0.515840 9.263966
v 0.124733 0.515840 10.685357
v -0.201527 0.515840 10.678466
v -0.201527 0.515840 9.226768
v -0.086870 0.515840 10.685357
v -0.064105 0.515840 10.704489
v 0.101968 0.515840 10.704489
v -0.212908 1.022594 -7.077431
v -0.183828 0.991771 -4.583488
v -0.212908 1.022594 -4.581191
v -0.183828 0.991771 -7.087641
v -0.199558 1.008445 -4.568312
v -0.212908 1.243658 -7.004204
v -0.212908 1.243658 -5.151615
v -0.212908 1.260857 -5.075225
v -0.212908 1.309684 -5.011150
v -0.212908 1.363449 -4.977078
v -0.212906 1.475579 -4.581191
v -0.212906 1.478878 -4.585011
v 0.221691 0.991771 -4.583488
v 0.250771 1.022594 -7.077431
v 0.250771 1.022594 -4.581191
v 0.221691 0.991771 -7.087641
v 0.237421 1.008445 -4.568312
v 0.250771 1.243658 -7.004204
v 0.250771 1.243658 -5.151615
v 0.250771 1.259902 -5.077290
v 0.250771 1.306162 -5.014280
v 0.250771 1.363449 -4.977078
v 0.250769 1.475579 -4.581191
v 0.250769 1.478878 -4.585011
v -0.241340 1.466138 3.868612
v -0.222041 1.445681 3.357306
v -0.222041 1.445681 3.877294
v -0.241340 1.466138 3.357306
v -0.241340 1.679492 3.778065
v -0.241340 1.638334 3.357306
v -0.241340 1.679492 3.298302
v -0.241340 1.638334 3.260844
v 0.279203 1.679492 3.778065
v 0.279203 1.466138 3.357306
v 0.279203 1.638334 3.357306
v 0.279203 1.679492 3.298302
v 0.279203 1.638334 3.260844
v 0.279203 1.466138 3.868612
v 0.259904 1.445681 3.357306
v 0.259904 1.445681 3.877294
v -0.613366 -0.285304 4.890139
v -0.622959 -0.050252 4.965746
v -0.583650 0.172529 4.655945
v -0.591301 0.223562 4.716243
v -0.661514 -0.017129 5.269599
v 0.660822 -0.050252 4.965746
v 0.699376 -0.017129 5.269599
v 0.651229 -0.285304 4.890139
v 0.621513 0.172529 4.655945
v 0.629164 0.223562 4.716243
v 0.279203 1.466138 4.391073
v 0.259904 1.445682 5.077673
v 0.259904 1.445682 4.382391
v 0.279203 1.466138 5.068994
v 0.279203 1.679493 4.978447
v 0.279203 1.679492 4.481619
v -0.241340 1.466138 4.391073
v -0.241340 1.679493 4.978447
v -0.241340 1.679492 4.481619
v -0.241340 1.466138 5.068994
v -0.222041 1.445682 5.077673
v -0.222041 1.445682 4.382391
v -0.241340 1.466138 5.591455
v -0.241340 1.679493 6.178827
v -0.241340 1.679493 5.681999
v -0.241340 1.466138 6.269373
v -0.222041 1.445682 6.278055
v -0.222041 1.445682 5.582773
v 0.279203 1.466138 5.591455
v 0.259904 1.445682 6.278055
v 0.259904 1.445682 5.582773
v 0.279203 1.466138 6.269373
v 0.279203 1.679493 6.178827
v 0.279203 1.679493 5.681999
v -0.128973 0.218771 -9.364303
v -0.128973 0.175364 -9.498174
v -0.128973 0.053808 -9.342720
v -0.128973 0.053808 -9.533456
v -0.128973 0.175364 -9.544274
v -0.128973 0.119642 -9.220397
v -0.128973 0.323078 -9.261979
v -0.128973 0.254046 -9.160480
v -0.128973 0.431218 -9.160480
v -0.128973 0.431218 -9.203532
v 0.166836 0.119642 -9.220397
v 0.166836 0.218771 -9.364303
v 0.166836 0.323078 -9.261979
v 0.166836 0.053808 -9.342720
v 0.166836 0.254046 -9.160480
v 0.166836 0.431218 -9.160480
v 0.166836 0.431218 -9.203532
v 0.166836 0.175364 -9.498174
v 0.166836 0.053808 -9.533456
v 0.166836 0.175364 -9.544274
v -0.155263 0.676242 -5.710666
v -0.188270 0.725370 -5.774999
v -0.188270 0.664222 -5.740570
v -0.155263 0.755949 -5.755546
v -0.155263 0.774879 -5.839090
v -0.188270 0.739892 -5.839090
v -0.155263 0.774879 -6.453233
v -0.188270 0.463888 -5.673876
v -0.155263 0.431218 -5.629094
v -0.188270 0.739892 -6.453233
v -0.188270 0.463888 -6.618112
v -0.188270 0.725330 -6.517411
v -0.155263 0.755898 -6.536893
v -0.188270 0.664046 -6.551813
v -0.155263 0.676011 -6.581736
v -0.155263 0.431218 -6.662817
v -0.157448 0.431218 -6.660574
v 0.193126 0.431218 -6.662817
v -0.157448 0.431218 -5.631339
v 0.195310 0.431218 -6.660574
v 0.195310 0.431218 -5.631339
v 0.193126 0.431218 -5.629094
v 0.226133 0.463888 -5.673876
v 0.193126 0.676242 -5.710666
v 0.226133 0.463888 -6.618112
v 0.193126 0.676011 -6.581736
v 0.226133 0.664222 -5.740570
v 0.226133 0.664046 -6.551813
v 0.226133 0.739892 -5.839090
v 0.226133 0.725370 -5.774999
v 0.193126 0.755949 -5.755546
v 0.193126 0.774879 -5.839090
v 0.226133 0.739892 -6.453233
v 0.193126 0.774879 -6.453233
v 0.226133 0.725330 -6.517411
v 0.193126 0.755898 -6.536893
v -0.131851 -0.799289 -1.641537
v -0.131851 -0.686270 -1.626827
v -0.131851 -0.712284 -2.001594
v -0.131851 -0.911687 -1.623313
v -0.131851 -0.177973 -2.001594
v -0.131851 -0.157835 -1.477414
v -0.131851 -1.230028 -1.553825
v -0.131851 -1.212903 -1.527739
v 0.169714 -0.686270 -1.626827
v 0.169714 -0.799289 -1.641537
v 0.169714 -0.712284 -2.001594
v 0.169714 -0.911687 -1.623313
v 0.169714 -0.177973 -2.001594
v 0.169714 -0.157835 -1.477414
v 0.169714 -1.230028 -1.553825
v 0.169714 -1.212903 -1.527739
v 0.162165 -1.070986 -0.553196
v 0.162165 -1.292862 -0.472563
v 0.162165 -1.295097 -0.682598
v 0.162165 -0.995301 -0.525037
v 0.162165 -0.913583 -0.522545
v 0.162165 -1.403552 -0.571954
v 0.162165 -1.374671 -0.497825
v 0.162165 -1.351210 -0.744396
v 0.162165 -1.367368 -0.823206
v -0.124302 -1.292862 -0.472563
v -0.124302 -1.070986 -0.553196
v -0.124302 -1.295097 -0.682598
v -0.124302 -0.995301 -0.525037
v -0.124302 -0.913583 -0.522545
v -0.124302 -1.403552 -0.571954
v -0.124302 -1.374671 -0.497825
v -0.124302 -1.351210 -0.744396
v -0.124302 -1.367368 -0.823206
v 0.421721 2.145883 -0.838989
v 0.394403 2.253021 -0.723098
v 0.394403 2.054815 -0.723098
v 0.408685 2.067517 -0.801193
v 0.376181 2.038607 -0.495340
v 0.367809 2.258122 -0.390692
v 0.421721 2.247915 -0.838989
v 0.438182 2.244838 -0.879910
v -0.356540 2.253021 -0.723098
v -0.383858 2.247915 -0.838989
v -0.383858 2.145883 -0.838989
v -0.400319 2.244838 -0.879910
v -0.356540 2.054815 -0.723098
v -0.370822 2.067517 -0.801193
v -0.338318 2.038607 -0.495340
v -0.329946 2.258122 -0.390692
v -0.303317 0.454145 1.306435
v 0.423590 0.317027 1.306435
v -0.385727 0.317027 1.306435
v -0.543887 0.676554 1.306435
v 0.341180 0.454145 1.306435
v -0.414531 0.706951 1.306435
v 0.581750 0.676554 1.306435
v -0.543887 1.278809 1.306435
v 0.452393 0.706951 1.306435
v -0.414531 1.248411 1.306435
v 0.452393 1.248411 1.306435
v -0.303317 1.501216 1.306435
v 0.581750 1.278809 1.306435
v -0.385727 1.638334 1.306435
v 0.341180 1.501216 1.306435
v 0.423590 1.638334 1.306435
v 0.105722 1.331949 7.778779
v 0.105722 1.475954 7.715802
v 0.105722 1.475954 7.855705
v 0.105722 1.331949 8.159211
v 0.105722 1.593180 8.159211
v -0.067859 1.331949 8.159211
v -0.067859 1.593180 8.159211
v -0.067859 1.475954 7.855705
v -0.067859 1.331949 7.778779
v -0.067859 1.475954 7.715802
v 0.184710 0.779331 8.846765
v 0.252682 0.883714 8.656898
v 0.184710 0.779331 8.656898
v 0.252947 0.884458 8.895072
v 0.078759 0.720388 8.845918
v 0.078759 0.720388 8.656898
v -0.040896 0.720388 8.656898
v -0.040896 0.720388 8.845918
v -0.146847 0.779331 8.656898
v -0.146847 0.779331 8.846765
v -0.214819 0.883714 8.656898
v -0.215084 0.884458 8.895072
v -0.229241 1.009623 8.656898
v -0.228603 1.014775 8.925187
v -0.228603 0.940589 8.925187
v -0.187006 1.127917 8.864486
v -0.186811 1.128216 8.656898
v -0.097248 1.212322 8.845918
v -0.097248 1.212322 8.656898
v 0.018931 1.242675 8.845918
v 0.018931 1.242675 8.656898
v -0.203288 -1.590767 -2.335359
v -0.212702 -1.391851 -2.333339
v -0.218870 -1.420907 -2.505692
v -0.227041 -1.454033 -2.205220
v -0.207814 -1.719997 -2.434253
v -0.243495 -1.365180 -2.175133
v -0.277571 -1.517825 -2.884998
v -0.220207 -1.881391 -2.514334
v -0.276129 -1.483281 -2.875675
v -0.278398 -1.497414 -2.890336
v -0.240068 -1.457400 -2.153251
v -0.279319 -1.482104 -2.010294
v -0.279319 -1.345791 -2.060119
v 0.281358 -1.365180 -2.175133
v 0.264904 -1.454033 -2.205220
v 0.250565 -1.391851 -2.333339
v 0.241151 -1.590767 -2.335359
v 0.256733 -1.420907 -2.505692
v 0.277931 -1.457400 -2.153251
v 0.317182 -1.482104 -2.010294
v 0.317182 -1.345791 -2.060119
v 0.245677 -1.719997 -2.434253
v 0.315434 -1.517825 -2.884998
v 0.258070 -1.881391 -2.514334
v 0.313992 -1.483281 -2.875675
v 0.316260 -1.497414 -2.890336
v -0.188270 0.766561 -9.028476
v -0.188270 0.766561 -8.627589
v 0.226133 0.766561 -8.627589
v -0.188270 0.766561 -8.564757
v 0.226133 0.766561 -8.564757
v -0.205193 0.766561 -8.627589
v -0.205193 0.766561 -9.028476
v 0.226133 0.766561 -9.028476
v 0.243056 0.766561 -8.627589
v 0.243056 0.766561 -9.028476
v -0.188270 0.766561 -9.088813
v 0.226133 0.766561 -9.088813
v 0.274666 0.766561 -9.143268
v -0.236803 0.766561 -9.143268
v 0.274666 0.766561 -10.022186
v -0.236803 0.766561 -10.022186
v 0.018931 1.343700 8.337914
v 0.018931 1.343700 8.159211
v 0.105722 1.331949 8.159211
v 0.179401 1.301775 8.337914
v 0.179401 1.301775 8.007046
v 0.105722 1.331949 8.007046
v 0.303109 1.185603 8.337914
v 0.303109 1.185603 8.007046
v 0.361716 1.021800 8.337914
v 0.361716 1.021800 8.007046
v 0.341794 0.847889 8.337914
v 0.341794 0.847889 8.007046
v 0.247909 0.703712 8.337914
v 0.247909 0.703712 8.007046
v 0.101567 0.622298 8.337914
v 0.101567 0.622298 8.007046
v 0.018931 0.611663 8.337914
v -0.063704 0.622298 8.007046
v -0.063704 0.622298 8.337914
v -0.210047 0.703712 8.337914
v -0.210047 0.703712 8.007046
v -0.303932 0.847889 8.337914
v -0.303932 0.847889 8.007046
v -0.323853 1.021800 8.337914
v -0.323853 1.021800 8.007046
v -0.265246 1.185603 8.337914
v -0.265246 1.185603 8.007046
v -0.141538 1.301775 8.337914
v -0.141538 1.301775 8.007046
v -0.067859 1.331949 8.159211
v -0.067859 1.331949 8.007046
v 0.018931 1.343700 8.337914
v 0.018931 1.343700 8.159211
v -0.119291 0.812299 1.380314
v -0.040896 0.720388 1.380314
v -0.146847 0.779330 1.380314
v -0.030952 0.763154 1.380314
v -0.175965 0.899333 1.380314
v 0.078759 0.720388 1.380314
v -0.214819 0.883713 1.380314
v 0.068814 0.763154 1.380314
v -0.187991 1.004313 1.380314
v 0.157154 0.812299 1.380314
v -0.229241 1.009623 1.380314
v 0.184710 0.779330 1.380314
v -0.152613 1.103194 1.380314
v 0.213828 0.899333 1.380314
v -0.186811 1.128215 1.380314
v 0.252682 0.883713 1.380314
v -0.097248 1.212322 1.380314
v 0.225854 1.004313 1.380314
v -0.077936 1.173320 1.380314
v 0.018931 1.198628 1.380314
v 0.018931 1.242675 1.380314
v 0.267104 1.009623 1.380314
v 0.190476 1.103194 1.380314
v 0.224674 1.128215 1.380314
v 0.135111 1.212322 1.380314
v 0.115799 1.173320 1.380314
v 0.018931 1.198628 1.380314
v 0.018931 1.242675 1.380314
v -0.140882 1.539414 8.020004
v -0.140882 1.679493 6.178827
v -0.140882 1.679493 5.681999
v -0.140882 1.772809 6.921984
v -0.140882 1.772809 6.139224
v -0.140882 1.679493 6.882380
v -0.140882 1.679493 8.246177
v -0.140882 1.617810 8.222980
v -0.140882 1.653784 8.246177
v -0.140882 1.539413 2.887999
v -0.106317 1.475954 7.855705
v -0.106317 1.475953 2.887999
v -0.140882 1.679493 4.978447
v -0.140882 1.772809 5.721602
v -0.140882 1.772809 4.938844
v -0.140882 1.679492 4.481619
v -0.140882 1.679492 3.778065
v -0.140882 1.679492 2.887999
v -0.140882 1.772809 4.521221
v -0.140882 1.772809 3.738464
v 0.178745 1.539413 2.887999
v 0.144180 1.475954 7.855705
v 0.144180 1.475953 2.887999
v 0.178745 1.539414 8.020004
v 0.178745 1.679492 2.887999
v 0.178745 1.679492 3.778065
v 0.178745 1.772809 3.738464
v 0.178745 1.772809 4.521221
v 0.178745 1.679492 4.481619
v 0.178745 1.679493 4.978447
v 0.178745 1.679493 5.681999
v 0.178745 1.772809 4.938844
v 0.178745 1.772809 5.721602
v 0.178745 1.679493 6.178827
v 0.178745 1.772809 6.139224
v 0.178745 1.772809 6.921984
v 0.178745 1.679493 6.882380
v 0.178745 1.679493 8.246177
v 0.178745 1.617810 8.222980
v 0.178745 1.653784 8.246177
v -0.188270 0.774879 -6.453233
v 0.226133 0.774879 -5.839090
v -0.188270 0.774879 -5.839090
v 0.226133 0.745237 -5.762360
v 0.226133 0.774879 -6.453233
v -0.188270 0.745237 -5.762360
v 0.226133 0.745161 -6.530050
v 0.226133 0.676242 -5.710666
v -0.188270 0.745161 -6.530050
v -0.188270 0.676242 -5.710666
v 0.226133 0.431218 -5.629094
v -0.188270 0.431218 -5.629094
v -0.188270 0.676011 -6.581736
v 0.226133 0.676011 -6.581736
v 0.226133 0.431218 -6.662817
v -0.188270 0.431218 -6.662817
v -0.499482 0.859518 2.671735
v -0.460764 0.832790 2.649342
v -0.499482 0.832790 2.649342
v -0.460764 0.799520 2.636059
v -0.460764 0.859518 2.671735
v -0.499482 0.799520 2.636059
v -0.499482 0.876809 2.700813
v -0.460764 0.763316 2.633329
v -0.460764 0.876809 2.700813
v -0.499482 0.763316 2.633329
v -0.499482 0.882788 2.733425
v -0.460764 0.728097 2.641447
v -0.460764 0.882788 2.733425
v -0.499482 0.728097 2.641447
v -0.499482 0.876809 2.766037
v -0.460764 0.697685 2.659529
v -0.460764 0.876809 2.766037
v -0.499482 0.697685 2.659529
v -0.499482 0.859518 2.795117
v -0.460764 0.675370 2.685621
v -0.460764 0.859518 2.795117
v -0.499482 0.675370 2.685621
v -0.499482 0.832790 2.817510
v -0.460764 0.663575 2.716893
v -0.460764 0.832790 2.817510
v -0.499482 0.663575 2.716893
v -0.460764 0.663575 2.749957
v -0.499482 0.663575 2.749957
v -0.499482 0.799520 2.830791
v -0.460764 0.799520 2.830791
v -0.499482 0.763316 2.833521
v -0.460764 0.763316 2.833521
v -0.499482 0.728097 2.825405
v -0.460764 0.728097 2.825405
v -0.499482 0.697685 2.807321
v -0.460764 0.697685 2.807321
v -0.499482 0.675370 2.781229
v -0.460764 0.675370 2.781229
v -0.499482 0.663575 2.749957
v -0.460764 0.663575 2.749957
v 0.193126 0.755949 -5.755546
v -0.155263 0.774879 -5.839090
v -0.155263 0.755949 -5.755546
v 0.193126 0.774879 -5.839090
v 0.193126 0.676242 -5.710666
v 0.193126 0.774879 -6.453233
v -0.155263 0.676242 -5.710666
v -0.155263 0.431218 -5.629094
v 0.193126 0.431218 -5.629094
v -0.155263 0.774879 -6.453233
v -0.155263 0.755898 -6.536893
v 0.193126 0.755898 -6.536893
v -0.155263 0.676011 -6.581736
v 0.193126 0.676011 -6.581736
v 0.193126 0.431218 -6.662817
v -0.155263 0.431218 -6.662817
v -0.156375 0.466140 4.342398
v -0.198350 0.484569 3.917287
v -0.156375 0.466140 3.917287
v -0.198350 0.484569 4.342398
v -0.446271 0.747365 4.342398
v -0.446271 0.747364 3.917287
v -0.463657 0.791858 3.917287
v -0.463657 0.791858 4.342398
v -0.463657 1.163505 4.342398
v -0.463657 1.163505 3.917287
v -0.446271 1.207999 3.917287
v -0.446271 1.207999 4.342398
v -0.198350 1.470794 4.342398
v -0.198350 1.470794 3.917287
v -0.156375 1.489223 3.917287
v -0.156375 1.489223 4.342398
v 0.194238 1.489223 3.917287
v 0.194238 1.489223 4.342398
v 0.236213 1.470794 3.917287
v 0.236213 1.470794 4.342398
v 0.484134 1.207999 4.342398
v 0.484134 1.207999 3.917287
v 0.501520 1.163505 3.917287
v 0.501520 1.163505 4.342398
v 0.501520 0.791858 4.342398
v 0.501520 0.791858 3.917287
v 0.484134 0.747364 3.917287
v 0.484134 0.747365 4.342398
v 0.236213 0.484569 4.342398
v 0.236213 0.484569 3.917287
v 0.194238 0.466140 3.917287
v 0.194238 0.466140 4.342398
v -0.156375 0.466140 3.917287
v -0.156375 0.466140 4.342398
v -0.156375 0.466140 5.541698
v -0.198350 0.484569 5.116585
v -0.156375 0.466140 5.116585
v -0.198350 0.484569 5.541698
v -0.446271 0.747365 5.541698
v -0.446271 0.747365 5.116585
v -0.463657 0.791858 5.116585
v -0.463657 0.791858 5.541698
v -0.463657 1.163505 5.541698
v -0.463657 1.163505 5.116585
v -0.446271 1.207999 5.116585
v -0.446271 1.207999 5.541698
v -0.198350 1.470794 5.541698
v -0.198350 1.470794 5.116585
v -0.156375 1.489223 5.116585
v -0.156375 1.489223 5.541698
v 0.194238 1.489223 5.116585
v 0.194238 1.489223 5.541698
v 0.236213 1.470794 5.116585
v 0.236213 1.470794 5.541698
v 0.484134 1.207999 5.541698
v 0.484134 1.207999 5.116585
v 0.501520 1.163505 5.116585
v 0.501520 1.163505 5.541698
v 0.501520 0.791858 5.541698
v 0.501520 0.791858 5.116585
v 0.484134 0.747365 5.116585
v 0.484134 0.747365 5.541698
v 0.236213 0.484569 5.541698
v 0.236213 0.484569 5.116585
v 0.194238 0.466140 5.116585
v 0.194238 0.466140 5.541698
v -0.156375 0.466140 5.116585
v -0.156375 0.466140 5.541698
v 0.563025 0.633987 1.390821
v 0.581750 1.278809 1.390821
v 0.563025 1.321375 1.390821
v 0.581750 0.676554 1.390821
v -0.193612 0.766561 -9.537700
v -0.145176 0.766561 -10.022186
v 0.231475 0.766561 -9.537700
v 0.183038 0.766561 -10.022186
v -0.193612 0.766561 -8.624454
v 0.231475 0.766561 -8.624454
v 0.174677 0.766561 -8.564757
v -0.136814 0.766561 -8.564757
v 0.094311 2.448765 -1.248438
v 0.094311 2.465023 -0.937886
v 0.094311 2.465023 -1.255337
v 0.094311 2.448765 -0.921383
v -0.056448 2.465023 -0.937886
v -0.056448 2.448765 -1.248438
v -0.056448 2.465023 -1.255337
v -0.056448 2.448765 -0.921383
v 0.348806 0.603917 3.917287
v 0.370662 0.603917 3.984184
v 0.370662 0.603917 3.917287
v 0.348806 0.603917 3.984184
v 0.348806 0.603917 5.468582
v 0.370662 0.603917 5.542779
v 0.370662 0.603917 5.468582
v 0.348806 0.603917 5.542779
v 0.348806 0.603917 6.318048
v 0.370662 0.603917 6.384945
v 0.370662 0.603917 6.318048
v 0.348806 0.603917 6.384945
v 0.348806 0.603917 4.268200
v 0.370662 0.603917 4.342398
v 0.370662 0.603917 4.268200
v 0.348806 0.603917 4.342398
v -0.332799 0.603917 3.984184
v -0.310943 0.603917 3.917287
v -0.332799 0.603917 3.917287
v -0.310943 0.603917 3.984184
v -0.332799 0.603917 4.342398
v -0.310943 0.603917 4.268200
v -0.332799 0.603917 4.268200
v -0.310943 0.603917 4.342398
v -0.332799 0.603917 5.184564
v -0.310943 0.603917 5.117668
v -0.332799 0.603917 5.117668
v -0.310943 0.603917 5.184564
v -0.332799 0.603917 5.542779
v -0.310943 0.603917 5.468582
v -0.332799 0.603917 5.468582
v -0.310943 0.603917 5.542779
v -0.332799 0.603917 6.743160
v -0.310943 0.603917 6.668962
v -0.332799 0.603917 6.668962
v -0.310943 0.603917 6.743160
v -0.332799 0.603917 6.384945
v -0.310943 0.603917 6.318048
v -0.332799 0.603917 6.318048
v -0.310943 0.603917 6.384945
v 0.348806 0.603917 5.117668
v 0.370662 0.603917 5.184564
v 0.370662 0.603917 5.117668
v 0.348806 0.603917 5.184564
v 0.348806 0.603917 6.668962
v 0.370662 0.603917 6.743160
v 0.370662 0.603917 6.668962
v 0.348806 0.603917 6.743160
v -0.067859 1.331949 8.159211
v -0.067859 1.406264 8.007046
v -0.067859 1.406264 8.159211
v -0.067859 1.331949 8.007046
v 0.105722 1.331949 8.007046
v 0.105722 1.406264 8.159211
v 0.105722 1.406264 8.007046
v 0.105722 1.331949 8.159211
v -0.289664 0.524600 2.573328
v -0.394447 0.336849 3.357306
v -0.477041 0.524600 2.573328
v -0.289664 0.336849 3.357306
v 0.115532 0.308139 6.192523
v 0.115532 0.182552 6.921984
v 0.115532 0.308139 6.868685
v 0.115532 0.182552 6.139224
v 0.115532 0.308139 7.280952
v 0.115532 0.449808 7.152019
v 0.115532 0.449808 6.808563
v 0.115532 0.449808 6.252646
v 0.115532 0.466140 6.801632
v 0.115532 0.466140 6.259577
v 0.115532 0.308139 5.668306
v 0.115532 0.449808 5.608181
v 0.115532 0.466140 5.601251
v 0.115532 0.466140 5.059196
v 0.115532 0.449808 5.052265
v 0.115532 0.308139 4.992142
v 0.115532 0.182552 5.721602
v 0.115532 0.182552 4.938844
v 0.115532 0.449808 4.407802
v 0.115532 0.308139 4.467925
v 0.115532 0.466140 4.400871
v 0.115532 0.466140 3.858816
v 0.115532 0.449808 3.851883
v 0.115532 0.182552 3.738464
v 0.115532 0.182552 4.521221
v 0.115532 0.308139 3.791761
v 0.115532 0.449808 3.357306
v 0.115532 0.317027 3.357306
v 0.115532 0.308139 3.357306
v -0.077670 0.449808 6.252646
v -0.077670 0.449808 6.808563
v -0.077670 0.308139 6.868685
v -0.077670 0.466140 6.259577
v -0.077670 0.466140 6.801632
v -0.077670 0.449808 7.152019
v -0.077670 0.308139 7.280952
v -0.077670 0.308139 6.192523
v -0.077670 0.182552 6.921984
v -0.077670 0.182552 6.139224
v -0.077670 0.449808 5.608181
v -0.077670 0.308139 5.668306
v -0.077670 0.449808 5.052265
v -0.077670 0.466140 5.601251
v -0.077670 0.466140 5.059196
v -0.077670 0.308139 4.992142
v -0.077670 0.182552 5.721602
v -0.077670 0.182552 4.938844
v -0.077670 0.449808 4.407802
v -0.077670 0.308139 4.467925
v -0.077670 0.182552 4.521221
v -0.077670 0.182552 3.738464
v -0.077670 0.308139 3.791761
v -0.077670 0.449808 3.851883
v -0.077670 0.466140 4.400871
v -0.077670 0.466140 3.858816
v -0.077670 0.449808 3.357306
v -0.077670 0.317027 3.357306
v -0.077670 0.308139 3.357306
v 0.327527 0.524600 2.573328
v 0.432310 0.336849 3.357306
v 0.327527 0.336849 3.357306
v 0.514904 0.524600 2.573328
v 0.136484 -0.487438 0.040273
v 0.136484 -0.482072 -0.078181
v 0.136484 -0.743241 0.022180
v 0.136484 -0.743846 0.040273
v 0.136484 -0.752748 0.013712
v 0.136484 -0.808645 -0.327664
v 0.136484 -0.813093 -0.327078
v -0.098621 -0.487438 0.040273
v -0.098621 -0.743846 0.040273
v -0.098621 -0.743241 0.022180
v -0.098621 -0.482072 -0.078181
v -0.098621 -0.752748 0.013712
v -0.098621 -0.808645 -0.327664
v -0.098621 -0.813093 -0.327078
v 0.516893 0.416368 7.063484
v 0.555345 0.416368 4.944054
v 0.448164 0.416368 7.063484
v 0.535026 0.200107 7.453242
v 0.428065 0.195855 7.460907
v 0.592480 0.416368 4.944054
v 0.629164 0.223562 4.716243
v 0.569917 0.172529 4.655945
v 0.621513 0.172529 4.655945
v -0.410301 0.416368 7.063484
v -0.497163 0.200107 7.453242
v -0.390202 0.195855 7.460907
v -0.479031 0.416368 7.063484
v -0.517482 0.416368 4.944054
v -0.554617 0.416368 4.944054
v -0.591301 0.223562 4.716243
v -0.532054 0.172529 4.655945
v -0.583650 0.172529 4.655945
v 0.327527 0.524600 2.573328
v 0.498627 0.416368 3.025270
v 0.498627 0.524600 2.573328
v 0.327527 0.416368 3.025270
v 0.498627 0.416368 3.696877
v 0.327527 0.416368 3.696877
v 0.389108 0.432863 3.844694
v 0.327527 0.432863 3.844694
v 0.382555 0.493631 4.389204
v 0.498627 0.528337 4.700180
v 0.327527 0.528337 4.700180
v 0.327527 0.493631 4.389204
v 0.498627 0.517209 4.864295
v 0.327527 0.502935 5.074811
v 0.381552 0.502935 5.074811
v 0.555321 0.511767 4.944539
v 0.385397 0.467272 5.600771
v 0.484167 0.416368 6.351530
v 0.327527 0.467272 5.600771
v 0.327527 0.423820 6.241617
v 0.390084 0.423820 6.241617
v 0.390887 0.416368 6.351530
v 0.390887 0.416368 6.822754
v 0.383713 0.416368 8.337914
v 0.327527 0.416368 6.822754
v 0.327527 0.416368 8.337914
v -0.353024 0.416368 6.822754
v -0.345851 0.416368 8.337914
v -0.289664 0.416368 6.822754
v -0.289664 0.416368 8.337914
v -0.446304 0.416368 6.351530
v -0.353024 0.416368 6.351530
v -0.352221 0.423820 6.241617
v -0.347534 0.467272 5.600771
v -0.289664 0.423820 6.241617
v -0.289664 0.467272 5.600771
v -0.517459 0.511767 4.944539
v -0.343690 0.502935 5.074811
v -0.460764 0.517209 4.864295
v -0.289664 0.502935 5.074811
v -0.289664 0.528337 4.700180
v -0.460764 0.528337 4.700180
v -0.344692 0.493631 4.389204
v -0.289664 0.493631 4.389204
v -0.460764 0.416368 3.696877
v -0.351245 0.432863 3.844694
v -0.289664 0.416368 3.696877
v -0.289664 0.432863 3.844694
v -0.289664 0.416368 3.025270
v -0.460764 0.416368 3.025270
v -0.289664 0.524600 2.573328
v -0.460764 0.524600 2.573328
v 0.498627 0.832790 2.649342
v 0.537345 0.859518 2.671735
v 0.537345 0.832790 2.649342
v 0.498627 0.859518 2.671735
v 0.498627 0.799520 2.636059
v 0.537345 0.876809 2.700813
v 0.537345 0.799520 2.636059
v 0.498627 0.876809 2.700813
v 0.498627 0.763316 2.633329
v 0.537345 0.882788 2.733425
v 0.537345 0.763316 2.633329
v 0.498627 0.882788 2.733425
v 0.498627 0.728097 2.641447
v 0.537345 0.876809 2.766037
v 0.537345 0.728097 2.641447
v 0.498627 0.876809 2.766037
v 0.498627 0.697685 2.659529
v 0.537345 0.859518 2.795117
v 0.537345 0.697685 2.659529
v 0.498627 0.859518 2.795117
v 0.498627 0.675370 2.685621
v 0.537345 0.832790 2.817510
v 0.537345 0.675370 2.685621
v 0.498627 0.832790 2.817510
v 0.498627 0.663575 2.716893
v 0.537345 0.799520 2.830791
v 0.537345 0.663575 2.716893
v 0.498627 0.663575 2.749957
v 0.537345 0.663575 2.749957
v 0.498627 0.799520 2.830791
v 0.537345 0.763316 2.833521
v 0.498627 0.763316 2.833521
v 0.537345 0.728097 2.825405
v 0.498627 0.728097 2.825405
v 0.537345 0.697685 2.807321
v 0.498627 0.697685 2.807321
v 0.537345 0.675370 2.781229
v 0.498627 0.675370 2.781229
v 0.537345 0.663575 2.749957
v 0.498627 0.663575 2.749957
v 0.267104 1.009623 8.925187
v 0.266466 1.014775 8.925187
v 0.252682 0.883714 8.894674
v 0.266466 0.940589 8.925187
v 0.252682 0.883713 1.380314
v 0.198064 0.792837 8.845918
v 0.184710 0.779330 1.380314
v 0.184710 0.779331 8.845918
v 0.078759 0.720388 1.380314
v 0.078759 0.720388 8.845918
v -0.040896 0.720388 1.380314
v -0.040896 0.720388 8.845918
v -0.228603 1.014775 8.925187
v -0.229241 1.009623 8.925187
v -0.214819 0.883714 8.894674
v -0.228603 0.940589 8.925187
v -0.214819 0.883713 1.380314
v -0.160201 0.792837 8.845918
v -0.146847 0.779330 1.380314
v -0.146847 0.779331 8.845918
v -0.040896 0.720388 8.845918
v -0.040896 0.720388 1.380314
v 0.348806 0.603917 3.984184
v 0.377159 0.543670 4.004141
v 0.370662 0.603917 3.984184
v 0.291968 0.543670 4.004141
v 0.378916 0.527373 4.016321
v 0.276594 0.527373 4.016321
v 0.379672 0.520371 4.034424
v 0.269987 0.520371 4.034424
v 0.269987 0.520371 4.223098
v 0.379672 0.520371 4.223098
v 0.275272 0.525972 4.238192
v 0.378812 0.528353 4.242251
v 0.294748 0.546615 4.254227
v 0.376841 0.546615 4.254227
v 0.348806 0.603917 4.268200
v 0.370662 0.603917 4.268200
v 0.379672 0.520371 5.234806
v 0.274622 0.525283 5.220565
v 0.269987 0.520371 5.234806
v 0.269987 0.520371 5.423478
v 0.378916 0.527373 5.216702
v 0.379672 0.520371 5.423478
v 0.291968 0.543670 5.204522
v 0.275272 0.525972 5.438573
v 0.377159 0.543670 5.204522
v 0.348806 0.603917 5.184564
v 0.370662 0.603917 5.184564
v 0.378812 0.528353 5.442633
v 0.294748 0.546615 5.454607
v 0.376841 0.546615 5.454607
v 0.348806 0.603917 5.468582
v 0.370662 0.603917 5.468582
v 0.378812 0.528353 6.643013
v 0.294748 0.546616 6.654988
v 0.376841 0.546616 6.654988
v 0.348806 0.603917 6.668962
v 0.370662 0.603917 6.668962
v 0.275272 0.525972 6.638953
v 0.379672 0.520371 6.623859
v 0.269987 0.520371 6.623859
v 0.379672 0.520371 6.435185
v 0.269987 0.520371 6.435185
v 0.274622 0.525283 6.420945
v 0.378916 0.527373 6.417082
v 0.291968 0.543670 6.404902
v 0.377159 0.543670 6.404902
v 0.348806 0.603917 6.384945
v 0.370662 0.603917 6.384945
v -0.310943 0.603917 3.984184
v -0.339296 0.543670 4.004141
v -0.254105 0.543670 4.004141
v -0.332799 0.603917 3.984184
v -0.341053 0.527373 4.016321
v -0.238732 0.527373 4.016321
v -0.341809 0.520371 4.034424
v -0.232124 0.520371 4.034424
v -0.232124 0.520371 4.223098
v -0.341809 0.520371 4.223098
v -0.237409 0.525972 4.238192
v -0.340949 0.528353 4.242251
v -0.256885 0.546615 4.254227
v -0.338978 0.546615 4.254227
v -0.310943 0.603917 4.268200
v -0.332799 0.603917 4.268200
v -0.310943 0.603917 5.184564
v -0.339296 0.543670 5.204522
v -0.254105 0.543670 5.204522
v -0.332799 0.603917 5.184564
v -0.341053 0.527373 5.216702
v -0.236759 0.525283 5.220565
v -0.341809 0.520371 5.234806
v -0.232124 0.520371 5.234806
v -0.232124 0.520371 5.423478
v -0.341809 0.520371 5.423478
v -0.237409 0.525972 5.438573
v -0.340949 0.528353 5.442633
v -0.256885 0.546615 5.454607
v -0.338978 0.546615 5.454607
v -0.310943 0.603917 5.468582
v -0.332799 0.603917 5.468582
v -0.338978 0.546616 6.654988
v -0.310943 0.603917 6.668962
v -0.256885 0.546616 6.654988
v -0.332799 0.603917 6.668962
v -0.340949 0.528353 6.643013
v -0.237409 0.525972 6.638953
v -0.341809 0.520371 6.623859
v -0.232124 0.520371 6.623859
v -0.341809 0.520371 6.435185
v -0.232124 0.520371 6.435185
v -0.236759 0.525283 6.420945
v -0.341053 0.527373 6.417082
v -0.254105 0.543670 6.404902
v -0.339296 0.543670 6.404902
v -0.310943 0.603917 6.384945
v -0.332799 0.603917 6.384945
v -0.543887 0.676554 1.547440
v -0.543887 1.278809 1.631825
v -0.543887 1.278809 1.547440
v -0.525162 1.321375 1.547440
v -0.498425 1.382154 1.531970
v -0.543887 0.676554 1.631825
v -0.385727 1.638334 1.631825
v -0.525162 0.633987 1.547440
v -0.498425 0.573208 1.531970
v -0.385727 0.317027 1.631825
v -0.489166 0.552163 1.512714
v -0.489166 0.552163 1.425546
v -0.385727 0.317027 1.306435
v -0.498425 0.573208 1.406290
v -0.543887 0.676554 1.306435
v -0.525162 0.633987 1.390821
v -0.543887 0.676554 1.390821
v -0.543887 1.278809 1.390821
v -0.543887 1.278809 1.306435
v -0.525162 1.321375 1.390821
v -0.498425 1.382154 1.406290
v -0.385727 1.638334 1.306435
v -0.489166 1.403199 1.425546
v -0.489166 1.403199 1.512714
v 0.423590 1.638334 1.631825
v 0.423590 1.638334 1.306435
v 0.527029 1.403199 1.512714
v 0.536288 1.382154 1.531970
v 0.527029 1.403199 1.425546
v 0.536288 1.382154 1.406290
v 0.581750 1.278809 1.306435
v 0.563025 1.321375 1.390821
v 0.581750 1.278809 1.390821
v 0.581750 1.278809 1.631825
v 0.563025 1.321375 1.547440
v 0.581750 1.278809 1.547440
v 0.581750 0.676554 1.547440
v 0.581750 0.676554 1.631825
v 0.563025 0.633987 1.547440
v 0.536288 0.573208 1.531970
v 0.423590 0.317027 1.631825
v 0.527029 0.552163 1.512714
v 0.423590 0.317027 1.306435
v 0.527029 0.552163 1.425546
v -0.385727 0.317027 1.631825
v -0.385727 0.317027 1.306435
v 0.536288 0.573208 1.406290
v 0.581750 0.676554 1.306435
v 0.563025 0.633987 1.390821
v 0.581750 0.676554 1.390821
v 0.178160 -1.093809 -0.290084
v 0.178160 -0.752748 0.013712
v 0.178160 -0.831215 -0.429412
v 0.178160 -1.728729 -0.297770
v 0.178160 -1.742139 -0.204644
v -0.140297 -0.831215 -0.429412
v -0.140297 -1.093809 -0.290084
v -0.140297 -1.728729 -0.297770
v -0.140297 -1.742139 -0.204644
v -0.140297 -0.752748 0.013712
v -0.140882 1.679493 5.681999
v -0.140882 1.679493 6.178827
v -0.140882 1.489223 6.801632
v -0.140882 1.500803 6.806546
v -0.140882 1.679493 4.978447
v -0.140882 1.772809 5.721602
v -0.140882 1.772809 4.938844
v -0.140882 1.489223 3.357306
v -0.140882 1.679492 4.481619
v -0.140882 1.679493 6.882380
v -0.140882 1.500803 7.148863
v -0.140882 1.679493 7.311492
v -0.140882 1.772809 6.139224
v -0.140882 1.772809 6.921984
v -0.140882 1.679492 3.778065
v -0.140882 1.772809 4.521221
v -0.140882 1.772809 3.738464
v -0.140882 1.638334 3.357306
v -0.140882 1.679492 3.298302
v -0.140882 1.638334 3.260844
v 0.178745 1.679492 4.481619
v 0.178745 1.772809 4.521221
v 0.178745 1.679492 3.778065
v 0.178745 1.772809 3.738464
v 0.178745 1.489223 3.357306
v 0.178745 1.679493 4.978447
v 0.178745 1.638334 3.357306
v 0.178745 1.679492 3.298302
v 0.178745 1.638334 3.260844
v 0.178745 1.489223 6.801632
v 0.178745 1.679493 5.681999
v 0.178745 1.772809 4.938844
v 0.178745 1.772809 5.721602
v 0.178745 1.679493 6.178827
v 0.178745 1.500803 6.806546
v 0.178745 1.679493 6.882380
v 0.178745 1.772809 6.139224
v 0.178745 1.772809 6.921984
v 0.178745 1.500803 7.148863
v 0.178745 1.679493 7.311492
v -0.407161 0.482958 7.990278
v -0.289664 0.564253 8.306268
v -0.407161 0.564253 8.306268
v -0.289664 0.536681 8.337914
v -0.407161 0.500718 8.379194
v 0.445023 0.500718 8.379194
v 0.327527 0.536681 8.337914
v 0.445023 0.564253 8.306268
v 0.327527 0.564253 8.306268
v 0.445023 0.482958 7.990278
v 0.327527 0.482958 7.990278
v 0.445023 0.448990 7.965766
v 0.327527 0.448990 7.965766
v 0.402532 0.416368 7.965766
v 0.327527 0.416368 7.965766
v 0.190455 -0.357008 -1.364335
v 0.190455 -0.305133 -2.060285
v 0.190455 -0.383394 -2.060285
v 0.190455 -0.278745 -1.364335
v -0.152592 -0.305133 -2.060285
v -0.152592 -0.357008 -1.364335
v -0.152592 -0.383394 -2.060285
v -0.152592 -0.278745 -1.364335
v -0.156375 0.466140 6.743621
v -0.198350 0.484569 6.318510
v -0.156375 0.466140 6.318510
v -0.198350 0.484569 6.743621
v -0.446271 0.747365 6.743621
v -0.446271 0.747365 6.318510
v -0.463657 0.791858 6.318510
v -0.463657 0.791858 6.743621
v -0.463657 1.163505 6.743621
v -0.463657 1.163505 6.318510
v -0.446271 1.207999 6.318510
v -0.446271 1.207999 6.743621
v -0.198350 1.470794 6.743621
v -0.198350 1.470794 6.318510
v -0.156375 1.489223 6.318510
v -0.156375 1.489223 6.743621
v 0.194238 1.489223 6.318510
v 0.194238 1.489223 6.743621
v 0.236213 1.470794 6.318510
v 0.236213 1.470794 6.743621
v 0.484134 1.207999 6.743621
v 0.484134 1.207999 6.318510
v 0.501520 1.163505 6.318510
v 0.501520 1.163505 6.743621
v 0.501520 0.791858 6.743621
v 0.501520 0.791858 6.318510
v 0.484134 0.747365 6.318510
v 0.484134 0.747365 6.743621
v 0.236213 0.484569 6.743621
v 0.236213 0.484569 6.318510
v 0.194238 0.466140 6.318510
v 0.194238 0.466140 6.743621
v -0.156375 0.466140 6.318510
v -0.156375 0.466140 6.743621
v 0.341180 0.454145 1.306435
v -0.303317 0.454145 1.631825
v 0.341180 0.454145 1.631825
v -0.303317 0.454145 1.306435
v -0.105388 1.228764 -0.078171
v 0.018931 1.261244 3.357306
v -0.105388 1.228764 3.357306
v 0.018931 1.261244 -0.078171
v -0.201228 1.138763 -0.078171
v -0.201228 1.138763 3.357306
v -0.246632 1.011860 -0.078171
v -0.246632 1.011860 3.357306
v -0.231198 0.877127 -0.078171
v -0.231198 0.877128 3.357306
v -0.158463 0.765431 -0.078171
v -0.158463 0.765431 3.357306
v -0.045088 0.702357 -0.078171
v -0.045088 0.702357 3.357306
v 0.018931 0.695829 3.357306
v 0.018931 0.687588 -0.078171
v 0.082951 0.702357 -0.078171
v 0.082951 0.702357 3.357306
v 0.196325 0.765431 3.357306
v 0.196325 0.765431 -0.078171
v 0.269061 0.877128 3.357306
v 0.269061 0.877127 -0.078171
v 0.284495 1.011860 3.357306
v 0.284495 1.011860 -0.078171
v 0.239091 1.138763 3.357306
v 0.239091 1.138763 -0.078171
v 0.143251 1.228764 3.357306
v 0.143251 1.228764 -0.078171
v 0.018931 1.261244 3.357306
v 0.018931 1.261244 -0.078171
v 0.115532 0.449808 6.252646
v 0.303301 0.449808 5.608181
v 0.115532 0.449808 5.608181
v 0.303301 0.449808 6.252646
v -0.265438 0.449808 3.357306
v -0.077670 0.449808 3.851883
v -0.077670 0.449808 3.357306
v -0.265438 0.449808 3.851883
v 0.115532 0.449808 3.851883
v 0.303301 0.449808 3.357306
v 0.115532 0.449808 3.357306
v 0.303301 0.449808 3.851883
v -0.265438 0.449808 4.407802
v -0.077670 0.449808 5.052265
v -0.077670 0.449808 4.407802
v -0.265438 0.449808 5.052265
v -0.265438 0.449808 5.608181
v -0.077670 0.449808 6.252646
v -0.077670 0.449808 5.608181
v -0.265438 0.449808 6.252646
v 0.115532 0.449808 5.052265
v 0.303301 0.449808 4.407802
v 0.115532 0.449808 4.407802
v 0.303301 0.449808 5.052265
v 0.194238 0.466140 5.601251
v 0.236213 0.484569 5.067017
v 0.194238 0.466140 5.059196
v 0.115532 0.466140 5.601251
v 0.115532 0.466140 5.059196
v 0.236213 0.484569 5.593429
v 0.269987 0.520371 5.423478
v 0.275272 0.525972 5.438573
v 0.269987 0.520371 5.234806
v 0.294748 0.546615 5.454607
v 0.348806 0.603917 5.542779
v 0.348806 0.603917 5.468582
v 0.274622 0.525283 5.220565
v 0.291968 0.543670 5.204522
v 0.348806 0.603917 5.117668
v 0.348806 0.603917 5.184564
v 0.194238 0.466140 4.400871
v 0.236213 0.484569 3.866637
v 0.194238 0.466140 3.858816
v 0.115532 0.466140 4.400871
v 0.115532 0.466140 3.858816
v 0.236213 0.484569 4.393050
v 0.269987 0.520371 4.223098
v 0.275272 0.525972 4.238192
v 0.269987 0.520371 4.034424
v 0.294748 0.546615 4.254227
v 0.348806 0.603917 4.342398
v 0.348806 0.603917 4.268200
v 0.276594 0.527373 4.016321
v 0.291968 0.543670 4.004141
v 0.348806 0.603917 3.917287
v 0.348806 0.603917 3.984184
v 0.269987 0.520371 6.435185
v 0.274622 0.525283 6.420945
v 0.236213 0.484569 6.267398
v 0.291968 0.543670 6.404902
v 0.269987 0.520371 6.623859
v 0.348806 0.603917 6.318048
v 0.348806 0.603917 6.384945
v 0.236213 0.484569 6.793809
v 0.275272 0.525972 6.638953
v 0.194238 0.466140 6.259577
v 0.294748 0.546616 6.654988
v 0.348806 0.603917 6.743160
v 0.348806 0.603917 6.668962
v 0.194238 0.466140 6.801632
v 0.115532 0.466140 6.801632
v 0.115532 0.466140 6.259577
v -0.198350 0.484569 3.866637
v -0.156375 0.466140 4.400871
v -0.156375 0.466140 3.858816
v -0.077670 0.466140 4.400871
v -0.077670 0.466140 3.858816
v -0.198350 0.484569 4.393050
v -0.232124 0.520371 4.223098
v -0.237409 0.525972 4.238192
v -0.232124 0.520371 4.034424
v -0.256885 0.546615 4.254227
v -0.310943 0.603917 4.342398
v -0.310943 0.603917 4.268200
v -0.238732 0.527373 4.016321
v -0.254105 0.543670 4.004141
v -0.310943 0.603917 3.917287
v -0.310943 0.603917 3.984184
v -0.198350 0.484569 5.067017
v -0.156375 0.466140 5.601251
v -0.156375 0.466140 5.059196
v -0.077670 0.466140 5.601251
v -0.077670 0.466140 5.059196
v -0.198350 0.484569 5.593429
v -0.232124 0.520371 5.423478
v -0.237409 0.525972 5.438573
v -0.232124 0.520371 5.234806
v -0.256885 0.546615 5.454607
v -0.310943 0.603917 5.542779
v -0.310943 0.603917 5.468582
v -0.236759 0.525283 5.220565
v -0.254105 0.543670 5.204522
v -0.310943 0.603917 5.117668
v -0.310943 0.603917 5.184564
v -0.198350 0.484569 6.793809
v -0.198350 0.484569 6.267398
v -0.232124 0.520371 6.623859
v -0.232124 0.520371 6.435185
v -0.236759 0.525283 6.420945
v -0.237409 0.525972 6.638953
v -0.254105 0.543670 6.404902
v -0.310943 0.603917 6.318048
v -0.310943 0.603917 6.384945
v -0.156375 0.466140 6.259577
v -0.256885 0.546616 6.654988
v -0.310943 0.603917 6.743160
v -0.310943 0.603917 6.668962
v -0.156375 0.466140 6.801632
v -0.077670 0.466140 6.801632
v -0.077670 0.466140 6.259577
v 0.135111 1.212322 9.099836
v 0.018931 1.242675 9.198694
v 0.135111 1.212322 9.198694
v 0.018931 1.242675 9.099836
v 0.224674 1.128216 9.099836
v -0.097248 1.212322 9.198694
v 0.224674 1.128216 9.198694
v -0.097248 1.212322 9.099836
v 0.267104 1.009623 9.099836
v -0.186811 1.128216 9.198694
v 0.267104 1.009623 9.198694
v -0.186811 1.128216 9.099836
v 0.252682 0.883714 9.099836
v -0.229241 1.009623 9.198694
v 0.252682 0.883714 9.198694
v -0.229241 1.009623 9.099836
v 0.184710 0.779331 9.099836
v -0.214819 0.883714 9.198694
v 0.184710 0.779331 9.198694
v -0.214819 0.883714 9.099836
v 0.078759 0.720388 9.099836
v -0.146847 0.779331 9.198694
v 0.078759 0.720388 9.198694
v -0.040896 0.720388 9.099836
v -0.040896 0.720388 9.198694
v -0.146847 0.779331 9.099836
v -0.040896 0.720388 9.198694
v -0.040896 0.720388 9.099836
v -0.250324 -1.041652 -0.505667
v -0.279319 -1.041652 -0.505667
v -0.124302 -0.913583 -0.522545
v -0.279319 -0.328018 -0.599714
v 0.317182 -0.328018 -0.599714
v 0.162165 -0.913583 -0.522545
v 0.317182 -1.041652 -0.505667
v -0.124302 -1.292862 -0.472563
v 0.288187 -1.041652 -0.505667
v 0.162165 -1.292862 -0.472563
v -0.206169 -1.295412 -0.472258
v -0.250324 -1.295412 -0.472258
v -0.124302 -1.374671 -0.497825
v -0.206169 -1.374189 -0.497837
v -0.206169 -1.403552 -0.571954
v -0.124302 -1.403552 -0.571954
v -0.124302 -1.367368 -0.823206
v -0.206169 -1.158100 -2.276347
v 0.162165 -1.367368 -0.823206
v 0.244032 -1.158100 -2.276347
v 0.244032 -1.403552 -0.571954
v 0.162165 -1.403552 -0.571954
v 0.162165 -1.374671 -0.497825
v 0.244032 -1.374189 -0.497837
v 0.244032 -1.295412 -0.472258
v 0.288187 -1.295412 -0.472258
v 0.616298 -0.738812 -0.110086
v 0.616298 -0.595781 -0.165050
v 0.616298 -0.482072 -0.078181
v 0.616298 -0.787814 1.353481
v 0.616298 -0.546940 1.353481
v 0.223832 -0.812039 2.077086
v 0.201084 -0.581626 2.119025
v -0.185969 -0.812039 2.077086
v -0.163221 -0.581626 2.119025
v -0.578435 -0.546940 1.353481
v -0.578435 -0.787814 1.353481
v -0.578435 -0.482072 -0.078181
v -0.578435 -0.738812 -0.110086
v -0.578435 -0.595781 -0.165050
v -0.183828 0.991771 -4.583488
v 0.221691 0.991771 -7.087641
v 0.221691 0.991771 -4.583488
v -0.183828 0.991771 -7.087641
v -0.289664 0.642018 2.887999
v -0.505232 0.588683 2.573328
v -0.528695 0.642018 2.887999
v -0.289664 0.588683 2.573328
v 0.543095 0.588683 2.573328
v 0.327527 0.642018 2.887999
v 0.566558 0.642018 2.887999
v 0.327527 0.588683 2.573328
v -0.077670 0.308139 4.992142
v -0.077670 0.182552 5.721602
v -0.077670 0.308139 5.668306
v -0.077670 0.182552 4.938844
v -0.077670 0.415965 8.337914
v -0.077670 0.308139 6.192523
v -0.077670 0.308139 6.868685
v -0.077670 0.182552 6.139224
v -0.077670 0.182552 6.921984
v -0.077670 0.308139 8.337914
v -0.077670 0.415965 2.258658
v -0.077670 0.308139 4.467925
v -0.045742 0.449808 2.258658
v -0.045742 0.449809 8.337914
v -0.077670 0.308139 3.791761
v -0.077670 0.308139 2.258658
v -0.077670 0.182552 4.521221
v -0.077670 0.182552 3.738464
v 0.083604 0.449809 8.337914
v 0.083604 0.449808 2.258658
v 0.115532 0.415965 8.337914
v 0.115532 0.415965 2.258658
v 0.115532 0.308139 3.791761
v 0.115532 0.308139 2.258658
v 0.115532 0.182552 4.521221
v 0.115532 0.182552 3.738464
v 0.115532 0.308139 4.467925
v 0.115532 0.308139 4.992142
v 0.115532 0.182552 5.721602
v 0.115532 0.182552 4.938844
v 0.115532 0.308139 5.668306
v 0.115532 0.308139 6.192523
v 0.115532 0.308139 6.868685
v 0.115532 0.308139 8.337914
v 0.115532 0.182552 6.139224
v 0.115532 0.182552 6.921984
v 0.267104 1.009623 8.656898
v 0.266466 1.014775 8.925187
v 0.266466 0.940589 8.925187
v 0.224869 1.127917 8.864486
v 0.224674 1.128216 8.656898
v 0.135111 1.212322 8.845918
v 0.135111 1.212322 8.656898
v 0.018931 1.242675 8.845918
v 0.018931 1.242675 8.656898
v 0.327527 0.308139 4.992142
v 0.327527 0.502935 5.074811
v 0.327527 0.528337 4.700180
v 0.327527 0.308139 4.467925
v 0.327527 0.493631 4.389204
v 0.327527 0.423820 6.241617
v 0.327527 0.308139 5.668306
v 0.327527 0.308139 6.192523
v 0.327527 0.467272 5.600771
v -0.289664 0.416368 8.337914
v -0.289664 0.308139 6.868685
v -0.289664 0.416368 6.822754
v -0.289664 0.308139 8.337914
v -0.289664 0.308139 5.668306
v -0.289664 0.423820 6.241617
v -0.289664 0.308139 6.192523
v -0.289664 0.467272 5.600771
v -0.289664 0.528337 4.700180
v -0.289664 0.308139 4.992142
v -0.289664 0.308139 4.467925
v -0.289664 0.502935 5.074811
v -0.289664 0.493631 4.389204
v -0.289664 0.308139 2.258658
v -0.289664 0.524600 2.573328
v -0.289664 0.416368 3.025270
v -0.289664 0.308139 3.791761
v -0.289664 0.416368 3.696877
v -0.289664 0.432863 3.844694
v -0.289664 0.588683 2.573328
v -0.289664 0.855481 2.258658
v -0.289664 0.912703 2.310737
v -0.289664 0.893889 2.275781
v -0.289664 0.912703 2.857539
v -0.289664 0.641998 2.887999
v -0.289664 0.879233 2.887999
v -0.289664 0.901700 2.877984
v 0.327527 0.524600 2.573328
v 0.327527 0.588683 2.573328
v 0.327527 0.308139 2.258658
v 0.327527 0.416368 3.025270
v 0.327527 0.308139 3.791761
v 0.327527 0.416368 3.696877
v 0.327527 0.432863 3.844694
v 0.327527 0.855481 2.258658
v 0.327527 0.912703 2.310737
v 0.327527 0.893889 2.275781
v 0.327527 0.912703 2.857539
v 0.327527 0.641998 2.887999
v 0.327527 0.879233 2.887999
v 0.327527 0.901700 2.877984
v 0.327527 0.308139 6.868685
v 0.327527 0.416368 8.337914
v 0.327527 0.416368 6.822754
v 0.327527 0.308139 8.337914
v -0.289664 0.416368 8.337914
v -0.289664 0.416368 7.965766
v -0.289664 0.482958 7.990278
v -0.289664 0.448990 7.965766
v -0.289664 0.564253 8.306268
v -0.289664 0.536681 8.337914
v 0.327527 0.482958 7.990278
v 0.327527 0.416368 8.337914
v 0.327527 0.564253 8.306268
v 0.327527 0.536681 8.337914
v 0.327527 0.416368 7.965766
v 0.327527 0.448990 7.965766
v 0.396099 0.182552 6.139224
v 0.396099 0.368044 6.843263
v 0.396099 0.368044 6.217945
v 0.396099 0.182552 6.921984
v 0.390887 0.416368 6.351530
v 0.390084 0.423820 6.241617
v 0.390887 0.416368 6.822754
v 0.327527 0.308139 3.791761
v 0.115532 0.308139 2.258658
v 0.115532 0.308139 3.791761
v 0.327527 0.308139 2.258658
v 0.382555 0.493631 4.389204
v 0.396099 0.368044 3.817183
v 0.396099 0.368044 4.442502
v 0.389108 0.432863 3.844694
v 0.396099 0.182552 3.738464
v 0.396099 0.182552 4.521221
v 0.396099 0.368044 5.642882
v 0.381552 0.502935 5.074811
v 0.396099 0.368044 5.017565
v 0.385397 0.467272 5.600771
v 0.396099 0.182552 4.938844
v 0.396099 0.182552 5.721602
v -0.289664 0.308139 6.868685
v -0.077670 0.308139 8.337914
v -0.077670 0.308139 6.868685
v -0.289664 0.308139 8.337914
v -0.358236 0.368044 6.217945
v -0.352221 0.423820 6.241617
v -0.353024 0.416368 6.351530
v -0.358236 0.368044 6.843263
v -0.353024 0.416368 6.822754
v -0.358236 0.182552 6.139224
v -0.358236 0.182552 6.921984
v -0.077670 0.308139 5.668306
v -0.289664 0.308139 6.192523
v -0.077670 0.308139 6.192523
v -0.289664 0.308139 5.668306
v -0.358236 0.368044 5.642882
v -0.358236 0.182552 4.938844
v -0.358236 0.368044 5.017565
v -0.358236 0.182552 5.721602
v -0.343690 0.502935 5.074811
v -0.347534 0.467272 5.600771
v -0.077670 0.308139 4.467925
v -0.289664 0.308139 4.992142
v -0.077670 0.308139 4.992142
v -0.289664 0.308139 4.467925
v -0.358236 0.368044 3.817183
v -0.344692 0.493631 4.389204
v -0.358236 0.368044 4.442502
v -0.351245 0.432863 3.844694
v -0.358236 0.182552 3.738464
v -0.358236 0.182552 4.521221
v -0.077670 0.308139 2.258658
v -0.289664 0.308139 3.791761
v -0.077670 0.308139 3.791761
v -0.289664 0.308139 2.258658
v 0.327527 0.308139 4.992142
v 0.115532 0.308139 4.467925
v 0.115532 0.308139 4.992142
v 0.327527 0.308139 4.467925
v 0.327527 0.308139 6.192523
v 0.115532 0.308139 5.668306
v 0.115532 0.308139 6.192523
v 0.327527 0.308139 5.668306
v 0.115532 0.308139 8.337914
v 0.327527 0.308139 6.868685
v 0.115532 0.308139 6.868685
v 0.327527 0.308139 8.337914
v 0.452393 1.248411 1.306435
v 0.452393 0.706951 1.631825
v 0.452393 1.248411 1.631825
v 0.341180 1.501216 1.306435
v 0.341180 1.501217 1.631825
v 0.452393 0.706951 1.306435
v 0.341180 0.454145 1.631825
v 0.341180 0.454145 1.306435
v -0.414531 1.248411 1.631825
v -0.303317 1.501216 1.306435
v -0.303317 1.501217 1.631825
v -0.414531 1.248411 1.306435
v -0.414531 0.706951 1.631825
v -0.414531 0.706951 1.306435
v -0.303317 0.454145 1.631825
v -0.303317 0.454145 1.306435
v 0.115532 0.182552 5.721602
v 0.396099 0.182552 4.938844
v 0.115532 0.182552 4.938844
v 0.396099 0.182552 5.721602
v -0.358236 0.182552 6.139224
v -0.077670 0.182552 6.921984
v -0.077670 0.182552 6.139224
v -0.358236 0.182552 6.921984
v -0.358236 0.182552 4.938844
v -0.077670 0.182552 5.721602
v -0.077670 0.182552 4.938844
v -0.358236 0.182552 5.721602
v -0.358236 0.182552 3.738464
v -0.077670 0.182552 4.521221
v -0.077670 0.182552 3.738464
v -0.358236 0.182552 4.521221
v 0.115532 0.182552 4.521221
v 0.396099 0.182552 3.738464
v 0.115532 0.182552 3.738464
v 0.396099 0.182552 4.521221
v 0.115532 0.182552 6.921984
v 0.396099 0.182552 6.139224
v 0.115532 0.182552 6.139224
v 0.396099 0.182552 6.921984
v -0.067859 1.475954 7.715802
v 0.144180 1.475953 2.887999
v 0.105722 1.475954 7.715802
v 0.144180 1.475954 7.855705
v -0.106317 1.475953 2.887999
v 0.105722 1.475954 7.855705
v -0.106317 1.475954 7.855705
v 0.178745 1.539414 8.020004
v -0.067859 1.475954 7.855705
v 0.105722 1.593180 8.159211
v -0.140882 1.539414 8.020004
v 0.178745 1.617810 8.222980
v -0.067859 1.593180 8.159211
v -0.140882 1.617810 8.222980
v 0.178745 1.653784 8.246177
v -0.140882 1.653784 8.246177
v -0.140882 1.679493 8.246177
v 0.178745 1.679493 8.246177
v 0.178121 1.754800 8.246177
v 0.211249 1.679493 8.246177
v -0.140258 1.754800 8.246177
v -0.173387 1.679493 8.246177
v -0.386931 -0.098269 2.258658
v -0.386931 0.398401 -0.937342
v -0.386931 0.519577 2.258658
v -0.386931 -0.219497 -0.938694
v -0.386931 0.277225 -4.133340
v -0.386931 -0.340622 -4.133340
v -0.366760 -0.221741 -0.015641
v -0.346284 -0.262555 -0.937341
v -0.366760 -0.168946 1.376808
v -0.346284 -0.227610 -0.015641
v -0.346284 -0.156751 1.853255
v -0.346284 -0.171939 1.452689
v -0.346284 -0.141379 2.258658
v -0.261447 -0.160018 1.767087
v 0.384147 -0.141379 2.258658
v 0.299310 -0.160018 1.767087
v 0.384147 -0.227610 -0.015641
v 0.384147 -0.156751 1.853255
v 0.384147 -0.171939 1.452689
v 0.404623 -0.168946 1.376808
v 0.424794 -0.098269 2.258658
v 0.404623 -0.221741 -0.015641
v 0.384147 -0.262555 -0.937341
v 0.424794 -0.219497 -0.938694
v 0.424794 0.398401 -0.937342
v 0.424794 0.519577 2.258658
v 0.424794 0.277225 -4.133340
v 0.424794 -0.340622 -4.133340
v 0.384147 -0.383733 -4.133340
v 0.190455 -0.305133 -2.060285
v 0.190455 -0.278745 -1.364335
v -0.152592 -0.305133 -2.060285
v -0.152592 -0.278745 -1.364335
v -0.346284 -0.383733 -4.133340
v 0.370662 1.351446 6.668962
v 0.348806 1.351446 6.743160
v 0.348806 1.351446 6.668962
v 0.370662 1.351446 6.743160
v 0.370662 1.351446 6.318048
v 0.348806 1.351446 6.384945
v 0.348806 1.351446 6.318048
v 0.370662 1.351446 6.384945
v -0.310943 1.351446 3.984184
v -0.332799 1.351446 3.917287
v -0.310943 1.351446 3.917287
v -0.332799 1.351446 3.984184
v -0.310943 1.351446 4.342398
v -0.332799 1.351446 4.268200
v -0.310943 1.351446 4.268200
v -0.332799 1.351446 4.342398
v -0.310943 1.351446 5.184564
v -0.332799 1.351446 5.117668
v -0.310943 1.351446 5.117668
v -0.332799 1.351446 5.184564
v -0.310943 1.351446 5.542779
v -0.332799 1.351446 5.468582
v -0.310943 1.351446 5.468582
v -0.332799 1.351446 5.542779
v -0.310943 1.351446 6.384945
v -0.332799 1.351446 6.318048
v -0.310943 1.351446 6.318048
v -0.332799 1.351446 6.384945
v 0.370662 1.351446 5.468582
v 0.348806 1.351446 5.542779
v 0.348806 1.351446 5.468582
v 0.370662 1.351446 5.542779
v -0.310943 1.351446 6.743160
v -0.332799 1.351446 6.668962
v -0.310943 1.351446 6.668962
v -0.332799 1.351446 6.743160
v 0.370662 1.351446 5.117668
v 0.348806 1.351446 5.184564
v 0.348806 1.351446 5.117668
v 0.370662 1.351446 5.184564
v 0.370662 1.351446 4.268200
v 0.348806 1.351446 4.342398
v 0.348806 1.351446 4.268200
v 0.370662 1.351446 4.342398
v 0.370662 1.351446 3.917287
v 0.348806 1.351446 3.984184
v 0.348806 1.351446 3.917287
v 0.370662 1.351446 3.984184
v 0.259904 1.445682 5.077673
v 0.269987 1.434992 5.234806
v 0.269987 1.434992 5.423478
v 0.274622 1.430080 5.220565
v 0.291968 1.411693 5.204522
v 0.348806 1.351446 5.117668
v 0.348806 1.351446 5.184564
v 0.236213 1.470794 3.357306
v 0.259904 1.445682 4.382391
v 0.259904 1.445681 3.877294
v 0.269987 1.434992 4.223098
v 0.275272 1.429389 4.238192
v 0.269987 1.434992 4.034424
v 0.294748 1.408746 4.254227
v 0.348806 1.351446 4.342398
v 0.348806 1.351446 4.268200
v 0.274622 1.430080 4.020184
v 0.291968 1.411693 4.004141
v 0.348806 1.351446 3.917287
v 0.348806 1.351446 3.984184
v -0.222041 1.445682 4.382391
v -0.198350 1.470794 3.357306
v -0.222041 1.445682 5.077673
v -0.222041 1.445681 3.877294
v -0.222041 1.445682 5.582773
v -0.232124 1.434992 5.423478
v -0.237409 1.429389 5.438573
v -0.232124 1.434992 5.234806
v -0.256885 1.408746 5.454607
v -0.310943 1.351446 5.542779
v -0.310943 1.351446 5.468582
v -0.236759 1.430080 5.220565
v -0.254105 1.411693 5.204522
v -0.310943 1.351446 5.117668
v -0.310943 1.351446 5.184564
v -0.232124 1.434992 4.034424
v -0.236759 1.430080 4.020184
v -0.254105 1.411693 4.004141
v -0.232124 1.434992 4.223098
v -0.310943 1.351446 3.917287
v -0.310943 1.351446 3.984184
v -0.237409 1.429389 4.238192
v -0.256885 1.408746 4.254227
v -0.310943 1.351446 4.342398
v -0.310943 1.351446 4.268200
v 0.379672 1.434992 4.223098
v 0.275272 1.429389 4.238192
v 0.269987 1.434992 4.223098
v 0.269987 1.434992 4.034424
v 0.378812 1.427010 4.242251
v 0.379672 1.434992 4.034424
v 0.294748 1.408746 4.254227
v 0.274622 1.430080 4.020184
v 0.376841 1.408746 4.254227
v 0.348806 1.351446 4.268200
v 0.370662 1.351446 4.268200
v 0.378916 1.427990 4.016321
v 0.291968 1.411693 4.004141
v 0.377159 1.411693 4.004141
v 0.348806 1.351446 3.984184
v 0.370662 1.351446 3.984184
v 0.348806 1.351446 5.184564
v 0.377159 1.411693 5.204522
v 0.291968 1.411693 5.204522
v 0.370662 1.351446 5.184564
v 0.378916 1.427990 5.216702
v 0.274622 1.430080 5.220565
v 0.379672 1.434992 5.234806
v 0.269987 1.434992 5.234806
v 0.379672 1.434992 5.423478
v 0.269987 1.434992 5.423478
v 0.275272 1.429389 5.438573
v 0.378812 1.427010 5.442633
v 0.294748 1.408746 5.454607
v 0.376841 1.408746 5.454607
v 0.348806 1.351446 5.468582
v 0.370662 1.351446 5.468582
v 0.378916 1.427990 6.417082
v 0.291968 1.411693 6.404902
v 0.377159 1.411693 6.404902
v 0.348806 1.351446 6.384945
v 0.370662 1.351446 6.384945
v 0.274622 1.430081 6.420945
v 0.379672 1.434992 6.435185
v 0.269987 1.434992 6.435185
v 0.379672 1.434992 6.623859
v 0.269987 1.434992 6.623859
v 0.275272 1.429390 6.638953
v 0.378812 1.427010 6.643013
v 0.294748 1.408746 6.654988
v 0.376841 1.408746 6.654988
v 0.348806 1.351446 6.668962
v 0.370662 1.351446 6.668962
v -0.339296 1.411693 4.004141
v -0.310943 1.351446 3.984184
v -0.254105 1.411693 4.004141
v -0.332799 1.351446 3.984184
v -0.341053 1.427990 4.016321
v -0.236759 1.430080 4.020184
v -0.341809 1.434992 4.034424
v -0.232124 1.434992 4.034424
v -0.341809 1.434992 4.223098
v -0.232124 1.434992 4.223098
v -0.237409 1.429389 4.238192
v -0.340949 1.427010 4.242251
v -0.256885 1.408746 4.254227
v -0.338978 1.408746 4.254227
v -0.310943 1.351446 4.268200
v -0.332799 1.351446 4.268200
v -0.339296 1.411693 5.204522
v -0.310943 1.351446 5.184564
v -0.254105 1.411693 5.204522
v -0.332799 1.351446 5.184564
v -0.341053 1.427990 5.216702
v -0.236759 1.430080 5.220565
v -0.341809 1.434992 5.234806
v -0.232124 1.434992 5.234806
v -0.341809 1.434992 5.423478
v -0.232124 1.434992 5.423478
v -0.237409 1.429389 5.438573
v -0.340949 1.427010 5.442633
v -0.256885 1.408746 5.454607
v -0.338978 1.408746 5.454607
v -0.310943 1.351446 5.468582
v -0.332799 1.351446 5.468582
v -0.339296 1.411693 6.404902
v -0.310943 1.351446 6.384945
v -0.254105 1.411693 6.404902
v -0.332799 1.351446 6.384945
v -0.341053 1.427990 6.417082
v -0.236759 1.430081 6.420945
v -0.341809 1.434992 6.435185
v -0.232124 1.434992 6.435185
v -0.341809 1.434992 6.623859
v -0.232124 1.434992 6.623859
v -0.237409 1.429390 6.638953
v -0.340949 1.427010 6.643013
v -0.256885 1.408746 6.654988
v -0.338978 1.408746 6.654988
v -0.310943 1.351446 6.668962
v -0.332799 1.351446 6.668962
v 0.396099 1.635014 4.997324
v 0.327527 1.635014 4.997324
v 0.396099 1.635014 4.462743
v 0.327527 1.635014 4.462743
v 0.396099 1.635014 3.796942
v 0.396099 1.635014 5.663124
v 0.327527 1.635014 2.887999
v 0.327527 1.635014 3.796942
v 0.452587 1.635014 8.047925
v 0.396099 1.635014 6.197703
v 0.327527 1.635014 5.663124
v 0.327527 1.635014 6.197703
v 0.396099 1.635014 6.863504
v 0.327527 1.635014 6.863504
v 0.327527 1.635014 8.100554
v 0.371755 1.635014 8.090639
v -0.440609 0.103859 -3.183505
v -0.440609 0.005890 -3.183505
v -0.440609 -0.112921 -3.287969
v -0.440609 -0.072698 -3.217667
v -0.440609 0.164947 -3.805954
v -0.440609 0.142438 -3.168498
v -0.440609 -0.128317 -3.694026
v -0.440609 0.164947 -3.147072
v -0.440609 -0.009506 -3.805954
v -0.440609 -0.090476 -3.768951
v -0.522476 0.461368 -3.679153
v -0.485683 0.328151 -3.805954
v -0.522476 0.461368 -2.864930
v -0.522476 1.505837 -2.684990
v -0.522476 1.505837 -1.870766
v -0.323207 1.653738 -2.544214
v -0.323207 1.653738 -1.729990
v -0.310427 1.653738 -2.544214
v -0.258670 1.653738 -2.574141
v -0.374146 1.653739 2.258658
v -0.374146 1.653738 -1.729990
v 0.412009 1.653739 2.258658
v 0.296533 1.653738 -2.574141
v 0.361070 1.653738 -1.729990
v 0.412009 1.653738 -1.729990
v 0.232357 1.653738 -2.663726
v 0.348290 1.653738 -2.544214
v -0.194494 1.653738 -2.663726
v 0.361070 1.653738 -2.544214
v -0.175409 1.653738 -2.703597
v 0.560339 1.505837 -1.870766
v 0.213272 1.653738 -2.703597
v 0.560339 1.505837 -2.684990
v 0.206571 1.653738 -2.750627
v 0.560339 0.461368 -2.864930
v -0.168708 1.653738 -2.750627
v 0.560339 0.461368 -3.679153
v 0.206571 1.653738 -3.333502
v -0.168708 1.653738 -3.333502
v -0.168708 1.442789 -3.528534
v 0.206571 1.442789 -3.528534
v -0.168708 1.325598 -3.675706
v 0.206571 1.325598 -3.675706
v -0.168708 1.261580 -3.847871
v 0.206571 1.261580 -3.847871
v -0.168708 1.205826 -4.133340
v 0.206571 1.205826 -4.133340
v 0.478472 0.164947 -3.147072
v 0.478472 0.164947 -3.805954
v 0.523546 0.328151 -3.805954
v 0.478472 0.142438 -3.168498
v 0.478472 0.103859 -3.183505
v 0.478472 -0.112921 -3.287969
v 0.478472 0.005890 -3.183505
v 0.478472 -0.072698 -3.217667
v 0.478472 -0.128317 -3.694026
v 0.478472 -0.009506 -3.805954
v 0.478472 -0.090476 -3.768951
v -0.345851 0.205751 8.337914
v -0.364669 0.230280 7.965766
v -0.345851 0.416368 8.337914
v -0.364669 0.416368 7.965766
v -0.364242 0.165930 7.974236
v 0.383713 0.416368 8.337914
v 0.402532 0.230280 7.965766
v 0.383713 0.205751 8.337914
v 0.402105 0.165930 7.974236
v 0.402532 0.416368 7.965766
v -0.429333 1.539210 2.887999
v -0.437102 1.633333 2.258658
v -0.437102 1.633333 2.887999
v -0.257555 2.041473 2.258658
v -0.257555 2.041473 2.887999
v -0.429333 1.539210 2.258658
v -0.472819 1.440360 2.321193
v -0.445423 1.502634 2.258658
v -0.472819 1.440360 2.887999
v -0.503350 1.370957 2.390887
v -0.503350 1.370957 2.887999
v 0.474965 1.633333 2.258658
v 0.467196 1.539210 2.887999
v 0.474965 1.633333 2.887999
v 0.295418 2.041473 2.258658
v 0.295418 2.041473 2.887999
v 0.467196 1.539210 2.258658
v 0.510682 1.440360 2.321193
v 0.483286 1.502634 2.258658
v 0.510682 1.440360 2.887999
v 0.541213 1.370957 2.390887
v 0.541213 1.370957 2.887999
v 0.178745 1.489223 6.801632
v 0.194238 1.489223 3.357306
v 0.194238 1.489223 6.801632
v 0.178745 1.489223 3.357306
v 0.236213 1.470794 6.793809
v 0.259904 1.445681 3.357306
v 0.269987 1.434992 6.623859
v 0.275272 1.429390 6.638953
v 0.294748 1.408746 6.654988
v 0.269987 1.434992 6.435185
v 0.348806 1.351446 6.668962
v 0.348806 1.351446 6.743160
v 0.259904 1.445682 6.278055
v 0.274622 1.430081 6.420945
v 0.291968 1.411693 6.404902
v 0.348806 1.351446 6.318048
v 0.348806 1.351446 6.384945
v 0.259904 1.445682 5.582773
v 0.275272 1.429389 5.438573
v 0.294748 1.408746 5.454607
v 0.348806 1.351446 5.542779
v 0.348806 1.351446 5.468582
v -0.198350 1.470794 6.793809
v -0.156375 1.489223 3.357306
v -0.156375 1.489223 6.801632
v -0.140882 1.489223 6.801632
v -0.140882 1.489223 3.357306
v -0.222041 1.445681 3.357306
v -0.237409 1.429390 6.638953
v -0.232124 1.434992 6.623859
v -0.256885 1.408746 6.654988
v -0.310943 1.351446 6.743160
v -0.310943 1.351446 6.668962
v -0.232124 1.434992 6.435185
v -0.222041 1.445682 6.278055
v -0.236759 1.430081 6.420945
v -0.254105 1.411693 6.404902
v -0.310943 1.351446 6.318048
v -0.310943 1.351446 6.384945
v -0.303317 1.501216 1.306435
v 0.341180 1.501217 1.631825
v -0.303317 1.501217 1.631825
v 0.341180 1.501216 1.306435
v 0.404838 1.638334 2.258658
v -0.366975 1.638334 2.258658
v 0.321635 1.981876 2.258658
v 0.444058 1.703592 2.258658
v -0.283772 1.981876 2.258658
v -0.406195 1.703592 2.258658
v -0.279319 -0.320143 -0.392041
v 0.317182 -0.328018 -0.599714
v -0.279319 -0.328018 -0.599714
v 0.317182 -0.320143 -0.392041
v 0.442272 -0.432305 -3.350286
v 0.018931 -0.448006 -3.764400
v -0.404409 -0.432305 -3.350286
v 0.176292 -0.447203 -3.743212
v -0.138429 -0.447203 -3.743212
v 0.455917 -0.399034 -2.472748
v -0.418054 -0.399034 -2.472748
v 0.233857 -0.388704 -2.200345
v -0.195994 -0.388704 -2.200345
v -0.289664 0.641998 2.887999
v -0.460764 0.879233 2.887999
v -0.460764 0.641998 2.887999
v -0.289664 0.879233 2.887999
v -0.460764 0.901700 2.877984
v -0.289664 0.901700 2.877984
v -0.460764 0.912703 2.857539
v -0.289664 0.912703 2.857539
v -0.460764 0.912703 2.310737
v -0.289664 0.912703 2.310737
v -0.460764 0.893889 2.275781
v -0.289664 0.893889 2.275781
v -0.460764 0.855481 2.258658
v -0.289664 0.855481 2.258658
v -0.289664 0.308139 2.258658
v -0.460764 0.172337 2.258658
v -0.077670 0.308139 2.258658
v -0.621066 -0.239930 2.258658
v 0.404838 1.638334 2.887999
v -0.366975 1.638334 2.258658
v 0.404838 1.638334 2.258658
v -0.366975 1.638334 2.887999
v -0.265438 1.679493 4.978447
v -0.140882 1.679492 4.481619
v -0.140882 1.679493 4.978447
v -0.265438 1.679492 4.481619
v -0.289664 1.635014 4.997324
v -0.289664 1.635014 4.462743
v -0.265438 1.679492 3.778065
v -0.289664 1.635014 2.887999
v -0.265438 1.679492 2.887999
v -0.289664 1.635014 3.796942
v -0.140882 1.679492 2.887999
v -0.140882 1.679492 3.778065
v -0.265438 1.679493 6.882380
v -0.289664 1.635014 8.100554
v -0.289664 1.635014 6.863504
v -0.265438 1.679493 8.090950
v -0.140882 1.679493 6.882380
v -0.190278 1.679493 8.155990
v -0.140882 1.679493 8.246177
v -0.173387 1.679493 8.222857
v -0.173387 1.679493 8.246177
v -0.289664 1.635014 6.197703
v -0.265438 1.679493 5.681999
v -0.265438 1.679493 6.178827
v -0.289664 1.635014 5.663124
v -0.140882 1.679493 5.681999
v -0.140882 1.679493 6.178827
v 0.327527 1.635014 8.100554
v 0.303301 1.679493 6.882380
v 0.327527 1.635014 6.863504
v 0.303301 1.679493 8.090950
v 0.178745 1.679493 6.882380
v 0.228141 1.679493 8.155990
v 0.178745 1.679493 8.246177
v 0.211249 1.679493 8.222857
v 0.211249 1.679493 8.246177
v 0.303301 1.679492 4.481619
v 0.327527 1.635014 4.997324
v 0.303301 1.679493 4.978447
v 0.327527 1.635014 4.462743
v 0.178745 1.679492 4.481619
v 0.178745 1.679493 4.978447
v 0.303301 1.679493 5.681999
v 0.327527 1.635014 6.197703
v 0.303301 1.679493 6.178827
v 0.327527 1.635014 5.663124
v 0.178745 1.679493 5.681999
v 0.178745 1.679493 6.178827
v 0.178745 1.679492 2.887999
v 0.303301 1.679492 3.778065
v 0.178745 1.679492 3.778065
v 0.303301 1.679492 2.887999
v 0.327527 1.635014 2.887999
v 0.327527 1.635014 3.796942
v 0.253965 2.347818 -0.357175
v -0.204452 2.375375 -0.369187
v -0.216102 2.347818 -0.357175
v 0.242315 2.375375 -0.369187
v 0.275339 2.315622 -0.343142
v -0.237476 2.315622 -0.343142
v -0.471133 0.162391 2.258658
v -0.621066 -0.165855 2.258658
v -0.077670 0.415965 2.258658
v -0.045742 0.449808 2.258658
v 0.115532 0.308139 2.258658
v 0.083604 0.449808 2.258658
v 0.115532 0.415965 2.258658
v 0.658929 -0.239930 2.258658
v 0.498627 0.172337 2.258658
v 0.327527 0.308139 2.258658
v 0.498627 0.855481 2.258658
v 0.327527 0.855481 2.258658
v 0.327527 0.893889 2.275781
v 0.498627 0.893889 2.275781
v 0.327527 0.912703 2.310737
v 0.498627 0.912703 2.310737
v 0.327527 0.912703 2.857539
v 0.498627 0.912703 2.857539
v 0.327527 0.901700 2.877984
v 0.498627 0.901700 2.877984
v 0.327527 0.879233 2.887999
v 0.498627 0.879233 2.887999
v 0.327527 0.641998 2.887999
v 0.498627 0.641998 2.887999
v 0.508996 0.162391 2.258658
v 0.658929 -0.165855 2.258658
v 0.658929 -0.438041 2.195330
v 0.620242 -0.492591 2.177892
v 0.150356 -0.560825 2.156080
v 0.206675 -0.599794 2.143623
v 0.018931 -0.531725 2.165384
v -0.112493 -0.560825 2.156080
v -0.582379 -0.492591 2.177892
v -0.621066 -0.438041 2.195330
v -0.168812 -0.599794 2.143623
v -0.386533 0.203155 7.533436
v -0.390202 0.195855 7.460907
v -0.497163 0.200107 7.453242
v -0.546681 0.211410 7.540286
v -0.661514 -0.017129 5.269599
v -0.622959 -0.050252 4.965746
v 0.535026 0.200107 7.453242
v 0.424396 0.203155 7.533436
v 0.584544 0.211410 7.540286
v 0.428065 0.195855 7.460907
v 0.699376 -0.017129 5.269599
v 0.660822 -0.050252 4.965746
v 0.136484 -0.482072 -0.078181
v 0.309514 -0.615233 -0.179909
v 0.288187 -0.654944 -0.210245
v 0.288187 -0.808645 -0.327664
v 0.136484 -0.808645 -0.327664
v 0.353058 -0.595781 -0.165050
v 0.616298 -0.482072 -0.078181
v 0.616298 -0.595781 -0.165050
v 0.433172 -0.487438 0.040273
v 0.136484 -0.487438 0.040273
v 0.616298 -0.546940 1.353481
v 0.433172 -0.544100 1.290821
v 0.129039 -0.571555 1.896750
v 0.201084 -0.581626 2.119025
v -0.091176 -0.571555 1.896750
v -0.163221 -0.581626 2.119025
v -0.578435 -0.546940 1.353481
v -0.395310 -0.544100 1.290821
v -0.395310 -0.487438 0.040273
v -0.578435 -0.482072 -0.078181
v -0.098621 -0.482072 -0.078181
v -0.098621 -0.487438 0.040273
v -0.315195 -0.595781 -0.165050
v -0.578435 -0.595781 -0.165050
v -0.271651 -0.615233 -0.179909
v -0.250324 -0.654944 -0.210245
v -0.098621 -0.808645 -0.327664
v -0.250324 -0.808645 -0.327664
v -0.296424 2.248954 6.131223
v -0.370366 2.033610 6.131223
v -0.419710 2.085912 6.280188
v -0.389156 2.231622 6.323302
v -0.419710 2.193026 6.361594
v 0.457573 2.085912 6.280188
v 0.334287 2.248954 6.131223
v 0.427018 2.231622 6.323302
v 0.408229 2.033610 6.131223
v 0.457573 2.193026 6.361594
v -0.437102 1.633333 2.258658
v -0.429333 1.539210 2.258658
v -0.521676 1.540326 2.258658
v -0.445423 1.502634 2.258658
v -0.472819 1.440360 2.321193
v -0.414588 1.900607 2.258658
v -0.576347 1.407039 2.390887
v -0.257555 2.041473 2.258658
v -0.348807 2.050140 2.258658
v -0.307405 2.066113 2.258658
v -0.503350 1.370957 2.390887
v -0.587629 1.412616 2.504557
v -0.503350 1.370957 2.887999
v -0.587629 1.412616 2.887999
v 0.452451 1.900607 2.258658
v 0.559539 1.540326 2.258658
v 0.474965 1.633333 2.258658
v 0.295418 2.041473 2.258658
v 0.386670 2.050140 2.258658
v 0.345268 2.066113 2.258658
v 0.467196 1.539210 2.258658
v 0.483286 1.502634 2.258658
v 0.510682 1.440360 2.321193
v 0.614210 1.407039 2.390887
v 0.541213 1.370957 2.390887
v 0.625492 1.412616 2.504557
v 0.541213 1.370957 2.887999
v 0.625492 1.412616 2.887999
v -0.345851 0.205751 8.337914
v 0.402105 0.165930 7.974236
v -0.364242 0.165930 7.974236
v 0.383713 0.205751 8.337914
v -0.361345 2.024046 6.755966
v -0.419710 2.085912 6.768691
v -0.419710 2.085912 6.280188
v -0.419710 2.193026 6.361594
v -0.419710 2.193026 6.790723
v -0.389156 2.231622 6.798662
v -0.361345 2.024046 6.131223
v -0.370366 2.033610 6.131223
v 0.399208 2.024046 6.131223
v 0.399208 2.024046 6.755966
v 0.457573 2.085912 6.280188
v 0.408229 2.033610 6.131223
v 0.457573 2.085912 6.768691
v 0.457573 2.193026 6.361594
v 0.457573 2.193026 6.790723
v 0.427018 2.231622 6.798662
v 0.427018 2.231622 6.323302
v 0.151090 2.283194 6.809270
v 0.151090 2.283194 6.131223
v 0.334287 2.248954 6.131223
v 0.094952 2.320596 6.131223
v 0.094952 2.320596 6.816964
v 0.072776 2.360909 6.131223
v 0.069953 2.385693 6.830354
v 0.069953 2.483227 6.811194
v 0.069953 2.446325 6.842824
v 0.069953 2.472383 6.834360
v -0.206863 -1.168737 -7.386597
v -0.206863 -1.055281 -7.449747
v -0.206863 -1.037984 -7.493222
v -0.206863 -1.609855 -9.027446
v -0.206863 -1.786855 -9.057401
v -0.206863 -1.646827 -9.052547
v -0.125766 -1.276158 -7.326807
v -0.125766 -1.918077 -9.061951
v 0.163629 -1.276158 -7.326807
v 0.163629 -1.918077 -9.061951
v 0.244726 -1.786855 -9.057401
v 0.244726 -1.168737 -7.386597
v 0.244726 -1.609855 -9.027446
v 0.244726 -1.646827 -9.052547
v 0.244726 -1.037984 -7.493222
v 0.244726 -1.055281 -7.449747
v -0.289664 0.588683 2.573328
v -0.477041 0.524600 2.573328
v -0.505232 0.588683 2.573328
v -0.289664 0.524600 2.573328
v 0.514904 0.524600 2.573328
v 0.327527 0.588683 2.573328
v 0.543095 0.588683 2.573328
v 0.327527 0.524600 2.573328
v -0.321946 2.024045 -1.315146
v 0.359809 2.024045 -1.315146
v 0.359809 2.024045 -0.485373
v -0.321946 2.024045 -0.485373
v -0.318715 2.024045 -0.482145
v 0.356578 2.024045 -0.482145
v 0.178160 -0.752748 0.013712
v 0.288187 -0.810044 -0.037325
v 0.317237 -0.760034 0.007221
v 0.353058 -0.743241 0.022180
v 0.136484 -0.743241 0.022180
v 0.136484 -0.752748 0.013712
v 0.178160 -1.093809 -0.290084
v 0.288187 -1.093809 -0.290084
v 0.178160 -1.742139 -0.204644
v 0.317182 -1.742139 -0.204644
v 0.317182 -1.093809 -0.290084
v -0.250324 -1.093809 -0.290084
v -0.279319 -1.093809 -0.290084
v -0.279319 -1.742139 -0.204644
v -0.140297 -1.742139 -0.204644
v -0.140297 -1.093809 -0.290084
v -0.250324 -0.810044 -0.037325
v -0.140297 -0.752748 0.013712
v -0.279374 -0.760034 0.007221
v -0.315195 -0.743241 0.022180
v -0.098621 -0.743241 0.022180
v -0.098621 -0.752748 0.013712
v -0.188270 -1.893854 -9.439943
v 0.226133 -1.751884 -9.056189
v -0.188270 -1.751884 -9.056189
v 0.226133 -1.893854 -9.439943
v -0.517482 0.416368 4.944054
v -0.410301 0.416368 7.063484
v -0.522912 -0.180790 4.836677
v -0.532054 0.172529 4.655945
v -0.389152 0.122449 7.481646
v -0.390202 0.195855 7.460907
v -0.386533 0.203155 7.533436
v -0.325937 0.046750 7.431747
v -0.455464 -0.246891 4.870489
v 0.363800 0.046750 7.431747
v 0.493327 -0.246891 4.870489
v 0.560775 -0.180790 4.836677
v 0.427015 0.122449 7.481646
v 0.424396 0.203155 7.533436
v 0.428065 0.195855 7.460907
v 0.448164 0.416368 7.063484
v 0.555345 0.416368 4.944054
v 0.569917 0.172529 4.655945
v 0.226133 -1.055281 -7.449747
v -0.188270 -1.037984 -7.493222
v 0.226133 -1.037984 -7.493222
v 0.226133 -1.609855 -9.027446
v -0.188270 -1.055281 -7.449747
v -0.188270 -1.140109 -7.402531
v 0.226133 -1.140109 -7.402531
v -0.188270 -1.609855 -9.027446
v -0.188270 -1.646827 -9.052547
v 0.226133 -1.646827 -9.052547
v 0.226133 -1.751884 -9.056189
v -0.188270 -1.751884 -9.056189
v -0.395310 -0.487438 0.040273
v -0.098621 -0.743846 0.040273
v -0.098621 -0.487438 0.040273
v -0.395310 -0.743846 0.040273
v 0.136484 -0.743846 0.040273
v 0.433172 -0.487438 0.040273
v 0.136484 -0.487438 0.040273
v 0.433172 -0.743846 0.040273
v 0.367809 2.258122 -0.390692
v 0.347420 2.264198 -0.367657
v 0.356578 2.024045 -0.482145
v 0.376181 2.038607 -0.495340
v 0.359809 2.024045 -0.485373
v -0.318715 2.024045 -0.482145
v -0.309557 2.264198 -0.367657
v -0.329946 2.258122 -0.390692
v -0.338318 2.038607 -0.495340
v -0.321946 2.024045 -0.485373
v -0.419281 0.690044 -0.288911
v -0.473524 0.629059 -0.269142
v -0.404777 0.680740 -0.268825
v -0.481494 0.643971 -0.291921
v -0.494945 0.620658 -0.289371
v -0.506515 0.596726 -0.280837
v -0.513458 0.618769 -0.313041
v -0.498347 0.639322 -0.308475
v 0.462138 0.487624 -0.259785
v 0.492547 0.579601 -0.259785
v 0.408142 0.676553 -0.259785
v 0.503176 0.477013 -0.276690
v 0.497636 0.603908 -0.259785
v 0.533804 0.563940 -0.276879
v 0.523481 0.474330 -0.318956
v 0.442639 0.680740 -0.268825
v 0.551238 0.558288 -0.318957
v 0.544378 0.596726 -0.280837
v 0.558967 0.593064 -0.319369
v 0.551321 0.618769 -0.313041
v 0.511387 0.629059 -0.269142
v 0.457144 0.690044 -0.288911
v 0.519357 0.643971 -0.291921
v 0.532808 0.620658 -0.289371
v 0.536210 0.639322 -0.308475
v -0.281079 2.215191 2.887999
v -0.124012 2.131982 2.887999
v -0.265438 1.679492 2.887999
v -0.155536 2.215191 2.887999
v -0.530337 1.757563 2.887999
v -0.414724 1.635014 2.887999
v -0.289664 1.635014 2.887999
v -0.108798 2.113269 2.887999
v -0.140882 1.679492 2.887999
v -0.086747 2.105277 2.887999
v 0.178745 1.679492 2.887999
v 0.124610 2.105277 2.887999
v -0.140882 1.539413 2.887999
v 0.146661 2.113269 2.887999
v 0.178745 1.539413 2.887999
v -0.106317 1.475953 2.887999
v 0.144180 1.475953 2.887999
v 0.303301 1.679492 2.887999
v 0.161875 2.131982 2.887999
v 0.318942 2.215191 2.887999
v 0.193399 2.215191 2.887999
v 0.568200 1.757563 2.887999
v 0.452587 1.635014 2.887999
v 0.327527 1.635014 2.887999
v -0.289310 1.634739 -0.277076
v -0.314052 1.630771 -0.277076
v -0.289310 1.587973 -0.259785
v -0.289310 1.653738 -0.319639
v 0.327173 1.653738 -0.319639
v -0.319448 1.648888 -0.319639
v -0.345769 1.635012 -0.319638
v 0.327173 1.634739 -0.277076
v -0.335802 1.619217 -0.277076
v -0.480800 1.533324 -0.319638
v -0.310441 1.580948 -0.259785
v 0.351915 1.630771 -0.277076
v 0.357311 1.648888 -0.319639
v 0.327173 1.587973 -0.259785
v 0.383632 1.635012 -0.319638
v 0.373665 1.619217 -0.277076
v 0.518663 1.533324 -0.319638
v 0.348304 1.580948 -0.259785
v 0.431016 1.278809 -0.259785
v 0.508282 1.517837 -0.277076
v 0.534052 1.487403 -0.277076
v 0.549919 1.496238 -0.319638
v 0.482730 1.479713 -0.259785
v 0.560339 1.448051 -0.319638
v 0.542415 1.448112 -0.277076
v 0.542415 1.388310 -0.277076
v 0.560339 1.388310 -0.319638
v 0.498296 1.448046 -0.259785
v 0.560339 1.334298 -0.319638
v 0.498296 1.388310 -0.259785
v 0.539106 1.331678 -0.272832
v 0.536496 1.293767 -0.308785
v 0.534176 1.309459 -0.281216
v 0.520362 1.289660 -0.291969
v 0.498296 1.329579 -0.259785
v 0.511884 1.305001 -0.269454
v 0.483559 1.264726 -0.290188
v 0.469514 1.274193 -0.269751
v -0.393153 1.278809 -0.259785
v -0.444867 1.479713 -0.259785
v -0.470419 1.517837 -0.277076
v -0.496189 1.487403 -0.277076
v -0.512056 1.496238 -0.319638
v -0.522476 1.448051 -0.319638
v -0.504552 1.448112 -0.277076
v -0.504552 1.388310 -0.277076
v -0.522476 1.388310 -0.319638
v -0.460433 1.448046 -0.259785
v -0.522476 1.334298 -0.319638
v -0.460433 1.388310 -0.259785
v -0.501244 1.331678 -0.272832
v -0.498634 1.293767 -0.308785
v -0.460433 1.329579 -0.259785
v -0.431651 1.274193 -0.269751
v -0.496314 1.309459 -0.281216
v -0.482500 1.289660 -0.291969
v -0.474021 1.305001 -0.269454
v -0.445696 1.264726 -0.290188
v -0.465313 0.477013 -0.276690
v -0.485618 0.474330 -0.318956
v -0.451502 0.435444 -0.317438
v -0.418983 0.437423 -0.290042
v -0.416559 0.421901 -0.317572
v -0.495941 0.563940 -0.276879
v 0.456846 0.437423 -0.290042
v -0.513375 0.558288 -0.318957
v 0.454422 0.421901 -0.317572
v -0.521104 0.593064 -0.319369
v 0.489365 0.435444 -0.317438
v -0.424275 0.487624 -0.259785
v -0.454685 0.579601 -0.259785
v -0.370279 0.676553 -0.259785
v -0.459774 0.603908 -0.259785
v -0.070794 1.096520 -8.590978
v -0.070929 1.175366 -5.618894
v -0.070929 1.175369 -8.590978
v -0.070794 1.096515 -5.618894
v -0.018100 1.040864 -8.590978
v -0.018100 1.040861 -5.618894
v -0.018425 1.231221 -5.618894
v -0.018425 1.231226 -8.590978
v 0.055963 1.231368 -8.590978
v 0.055963 1.231365 -5.618894
v 0.108657 1.175714 -8.590978
v 0.108657 1.175709 -5.618894
v 0.108792 1.096865 -8.590978
v 0.108792 1.096860 -5.618894
v 0.056288 1.041008 -8.590978
v 0.056288 1.041003 -5.618894
v -0.018100 1.040864 -8.590978
v -0.018100 1.040861 -5.618894
v 0.486656 2.536245 -1.285563
v 0.313127 2.504325 -1.272017
v 0.286520 2.403923 -1.229406
v 0.366805 2.294731 -1.183066
v 0.443623 2.277549 -1.175776
v 0.306854 2.341128 -1.202757
v 0.481920 2.554979 -1.293515
v 0.405649 2.651330 -1.334404
v 0.389064 2.659528 -1.337883
v 0.258437 2.659528 -1.337883
v 0.283001 2.465023 -1.255337
v 0.094311 2.465023 -1.255337
v -0.056448 2.465023 -1.255337
v 0.094311 2.448765 -1.248438
v -0.056448 2.448765 -1.248438
v -0.275264 2.504325 -1.272017
v -0.245138 2.465023 -1.255337
v -0.248657 2.403923 -1.229406
v -0.268991 2.341128 -1.202757
v -0.328942 2.294731 -1.183066
v -0.448793 2.536245 -1.285563
v -0.405760 2.277549 -1.175776
v -0.444058 2.554979 -1.293515
v -0.367786 2.651330 -1.334404
v -0.351202 2.659528 -1.337883
v -0.220574 2.659528 -1.337883
v -0.279319 -1.522016 -0.589869
v -0.206169 -1.291334 -2.191645
v -0.279319 -1.276764 -2.292812
v -0.206169 -1.522016 -0.589869
v -0.206169 -1.498607 -0.506949
v -0.279319 -1.497100 -0.506735
v -0.206169 -1.418282 -0.462006
v -0.279319 -1.419086 -0.462077
v -0.250324 -1.297954 -0.471923
v -0.279319 -1.297954 -0.471923
v -0.206169 -1.295412 -0.472258
v -0.250324 -1.295412 -0.472258
v -0.279319 -1.093809 -0.290084
v -0.250324 -1.093809 -0.290084
v 0.288187 -1.297954 -0.471923
v 0.317182 -1.419086 -0.462077
v 0.244032 -1.418282 -0.462006
v 0.317182 -1.497100 -0.506735
v 0.317182 -1.297954 -0.471923
v 0.244032 -1.498607 -0.506949
v 0.317182 -1.093809 -0.290084
v 0.288187 -1.093809 -0.290084
v 0.244032 -1.295412 -0.472258
v 0.288187 -1.295412 -0.472258
v 0.317182 -1.522016 -0.589869
v 0.244032 -1.522016 -0.589869
v 0.244032 -1.291334 -2.191645
v 0.317182 -1.276764 -2.292812
v -0.393153 1.278809 -0.259785
v -0.431651 1.274193 -0.269751
v -0.445696 1.264726 -0.290188
v -0.475331 1.163721 -0.508246
v 0.513194 1.163721 -0.508246
v 0.431016 1.278809 -0.259785
v -0.428299 1.053754 -0.508246
v 0.483559 1.264726 -0.290188
v 0.469514 1.274193 -0.269751
v 0.466162 1.053754 -0.508246
v 0.455523 0.967144 -0.508246
v -0.417660 0.967144 -0.508246
v -0.427997 0.880500 -0.508246
v 0.465860 0.880500 -0.508246
v 0.500114 0.791641 -0.508246
v -0.462251 0.791641 -0.508246
v 0.408142 0.676553 -0.259785
v 0.457144 0.690044 -0.288911
v 0.442639 0.680740 -0.268825
v -0.370279 0.676553 -0.259785
v -0.419281 0.690044 -0.288911
v -0.404777 0.680740 -0.268825
v -0.279319 -1.041652 -0.505667
v -0.250324 -0.808645 -0.327664
v -0.279319 -0.808645 -0.327664
v -0.250324 -1.041652 -0.505667
v -0.279319 -0.320143 -0.392041
v -0.098621 -0.808645 -0.327664
v 0.136484 -0.808645 -0.327664
v 0.317182 -0.320143 -0.392041
v 0.136484 -0.813093 -0.327078
v -0.098621 -0.813093 -0.327078
v 0.288187 -0.808645 -0.327664
v 0.317182 -0.808645 -0.327664
v 0.317182 -1.041652 -0.505667
v 0.288187 -1.041652 -0.505667
v -0.279319 -1.390260 -2.323899
v -0.329871 -1.354220 -2.300030
v -0.329871 -1.390260 -2.323899
v -0.279319 -1.309429 -2.270366
v 0.367734 -1.354220 -2.300030
v 0.317182 -1.390260 -2.323899
v 0.367734 -1.390260 -2.323899
v 0.317182 -1.309429 -2.270366
v -0.077670 0.308139 3.357306
v -0.265438 0.317027 3.357306
v -0.077670 0.317027 3.357306
v -0.265438 0.308139 3.357306
v 0.303301 0.317027 3.357306
v 0.115532 0.308139 3.357306
v 0.115532 0.317027 3.357306
v 0.303301 0.308139 3.357306
v -0.140297 -1.728729 -0.297770
v 0.178160 -0.831215 -0.429412
v -0.140297 -0.831215 -0.429412
v 0.178160 -1.728729 -0.297770
v -0.017474 2.434091 -0.639778
v -0.081948 2.300175 -0.672422
v -0.081948 2.437543 -0.672422
v -0.123310 2.300175 -0.730231
v -0.017474 2.300175 -0.639778
v -0.123310 2.437543 -0.730231
v 0.055337 2.434091 -0.639778
v -0.132087 2.300175 -0.799962
v 0.055337 2.300175 -0.639778
v -0.132087 2.437543 -0.799962
v 0.119811 2.300175 -0.672422
v -0.106267 2.300175 -0.865640
v 0.119811 2.437543 -0.672422
v -0.106267 2.437543 -0.865640
v 0.161173 2.300175 -0.730231
v -0.051766 2.300175 -0.912220
v 0.161173 2.437543 -0.730231
v -0.051766 2.437543 -0.912220
v 0.018931 2.300175 -0.929030
v 0.018931 2.437543 -0.929030
v 0.169949 2.300175 -0.799962
v 0.169949 2.437543 -0.799962
v 0.144130 2.300175 -0.865640
v 0.144130 2.437543 -0.865640
v 0.089629 2.300175 -0.912220
v 0.089629 2.437543 -0.912220
v 0.018931 2.300175 -0.929030
v 0.018931 2.437543 -0.929030
v 0.304422 2.287796 -0.356407
v 0.275339 2.315622 -0.343142
v 0.356578 2.024045 -0.482145
v 0.347420 2.264198 -0.367657
v -0.318715 2.024045 -0.482145
v -0.237476 2.315622 -0.343142
v -0.266559 2.287796 -0.356407
v -0.309557 2.264198 -0.367657
v 0.303301 0.449808 3.851883
v 0.348806 0.603917 3.917287
v 0.370662 0.603917 3.917287
v 0.236213 0.484569 3.866637
v 0.396099 0.368044 3.817183
v 0.194238 0.466140 3.858816
v 0.115532 0.449808 3.851883
v 0.115532 0.466140 3.858816
v 0.303301 0.308139 3.791761
v 0.396099 0.182552 3.738464
v 0.115532 0.182552 3.738464
v 0.115532 0.308139 3.791761
v -0.310943 0.603917 3.917287
v -0.198350 0.484569 3.866637
v -0.265438 0.449808 3.851883
v -0.332799 0.603917 3.917287
v -0.156375 0.466140 3.858816
v -0.358236 0.368044 3.817183
v -0.077670 0.449808 3.851883
v -0.077670 0.466140 3.858816
v -0.265438 0.308139 3.791761
v -0.358236 0.182552 3.738464
v -0.077670 0.182552 3.738464
v -0.077670 0.308139 3.791761
v 0.223235 2.504325 -1.366564
v 0.223235 2.659528 -1.366564
v 0.147046 2.659528 -1.407449
v 0.258437 2.659528 -1.337883
v 0.313127 2.504325 -1.272017
v 0.125572 2.640428 -1.414956
v 0.102932 2.504325 -1.421245
v -0.109183 2.659528 -1.407449
v -0.185372 2.659528 -1.366564
v -0.185372 2.504325 -1.366564
v -0.220574 2.659528 -1.337883
v -0.275264 2.504325 -1.272017
v -0.087709 2.640428 -1.414956
v -0.065069 2.504325 -1.421245
v 0.194238 0.466140 3.917287
v 0.018931 0.691662 3.917287
v 0.144328 0.724424 3.917287
v -0.156375 0.466140 3.917287
v 0.236213 0.484569 3.917287
v -0.106465 0.724424 3.917287
v 0.240998 0.815203 3.917287
v -0.198350 0.484569 3.917287
v 0.484134 0.747364 3.917287
v -0.203135 0.815203 3.917287
v 0.501520 0.791858 3.917287
v -0.446271 0.747364 3.917287
v 0.286794 0.943205 3.917287
v -0.463657 0.791858 3.917287
v 0.501520 1.163505 3.917287
v -0.248931 0.943205 3.917287
v 0.271228 1.079105 3.917287
v -0.463657 1.163505 3.917287
v 0.484134 1.207999 3.917287
v -0.233365 1.079105 3.917287
v 0.197863 1.191769 3.917287
v -0.446271 1.207999 3.917287
v 0.236213 1.470794 3.917287
v -0.160000 1.191769 3.917287
v 0.083506 1.255389 3.917287
v -0.198350 1.470794 3.917287
v 0.194238 1.489223 3.917287
v -0.045643 1.255389 3.917287
v -0.156375 1.489223 3.917287
v -0.358236 1.587319 3.817183
v -0.358236 1.772809 3.738464
v -0.241340 1.679492 3.778065
v -0.140882 1.772809 3.738464
v -0.140882 1.679492 3.778065
v -0.241340 1.466138 3.868612
v -0.332799 1.351446 3.917287
v -0.310943 1.351446 3.917287
v -0.222041 1.445681 3.877294
v 0.279203 1.466138 3.868612
v 0.279203 1.679492 3.778065
v 0.396099 1.587319 3.817183
v 0.396099 1.772809 3.738464
v 0.178745 1.772809 3.738464
v 0.178745 1.679492 3.778065
v 0.370662 1.351446 3.917287
v 0.348806 1.351446 3.917287
v 0.259904 1.445681 3.877294
v -0.455464 -0.246891 4.870489
v -0.595062 -0.340150 4.918195
v -0.613366 -0.285304 4.890139
v -0.243258 -0.402173 4.949922
v -0.166636 -0.381860 4.939531
v 0.018931 -0.357675 4.927160
v -0.522912 -0.180790 4.836677
v -0.583650 0.172529 4.655945
v -0.532054 0.172529 4.655945
v 0.493327 -0.246891 4.870489
v 0.204498 -0.381860 4.939531
v 0.281121 -0.402173 4.949922
v 0.632924 -0.340150 4.918195
v 0.651229 -0.285304 4.890139
v 0.560775 -0.180790 4.836677
v 0.621513 0.172529 4.655945
v 0.569917 0.172529 4.655945
v -0.289664 0.308139 4.467925
v -0.358236 0.368044 4.442502
v -0.289664 0.493631 4.389204
v -0.344692 0.493631 4.389204
v -0.358236 0.182552 4.521221
v -0.077670 0.182552 4.521221
v -0.077670 0.308139 4.467925
v 0.396099 0.368044 4.442502
v 0.396099 0.182552 4.521221
v 0.327527 0.308139 4.467925
v 0.115532 0.182552 4.521221
v 0.115532 0.308139 4.467925
v 0.327527 0.493631 4.389204
v 0.382555 0.493631 4.389204
v -0.641759 1.562471 -1.816862
v -0.522476 1.505837 -1.870766
v -0.620555 1.605649 -1.775763
v -0.374146 1.653738 -1.729990
v -0.374146 1.788537 -1.601684
v -0.323207 1.653738 -1.729990
v 0.412009 1.788537 -1.601684
v 0.412009 1.653738 -1.729990
v 0.361070 1.653738 -1.729990
v 0.303301 0.449808 5.052265
v 0.348806 0.603917 5.117668
v 0.370662 0.603917 5.117668
v 0.236213 0.484569 5.067017
v 0.396099 0.368044 5.017565
v 0.194238 0.466140 5.059196
v 0.115532 0.449808 5.052265
v 0.115532 0.466140 5.059196
v 0.303301 0.308139 4.992142
v 0.396099 0.182552 4.938844
v 0.115532 0.182552 4.938844
v 0.115532 0.308139 4.992142
v -0.310943 0.603917 5.117668
v -0.198350 0.484569 5.067017
v -0.265438 0.449808 5.052265
v -0.332799 0.603917 5.117668
v -0.156375 0.466140 5.059196
v -0.358236 0.368044 5.017565
v -0.077670 0.449808 5.052265
v -0.077670 0.466140 5.059196
v -0.265438 0.308139 4.992142
v -0.358236 0.182552 4.938844
v -0.077670 0.182552 4.938844
v -0.077670 0.308139 4.992142
v 0.190455 -0.383394 -2.060285
v -0.152592 -0.305133 -2.060285
v -0.152592 -0.383394 -2.060285
v 0.190455 -0.305133 -2.060285
v 0.279203 1.466138 5.068994
v 0.279203 1.679493 4.978447
v 0.396099 1.587319 5.017565
v 0.396099 1.772809 4.938844
v 0.178745 1.772809 4.938844
v 0.178745 1.679493 4.978447
v 0.370662 1.351446 5.117668
v 0.348806 1.351446 5.117668
v 0.259904 1.445682 5.077673
v -0.358236 1.587319 5.017565
v -0.358236 1.772809 4.938844
v -0.241340 1.679493 4.978447
v -0.140882 1.772809 4.938844
v -0.140882 1.679493 4.978447
v -0.241340 1.466138 5.068994
v -0.332799 1.351446 5.117668
v -0.310943 1.351446 5.117668
v -0.222041 1.445682 5.077673
v 0.194238 0.466140 5.116585
v 0.018931 0.691663 5.116585
v 0.144328 0.724424 5.116585
v -0.156375 0.466140 5.116585
v 0.236213 0.484569 5.116585
v -0.106465 0.724424 5.116585
v 0.240998 0.815204 5.116585
v -0.198350 0.484569 5.116585
v 0.484134 0.747365 5.116585
v -0.203135 0.815204 5.116585
v 0.501520 0.791858 5.116585
v -0.446271 0.747365 5.116585
v 0.286794 0.943205 5.116585
v -0.463657 0.791858 5.116585
v 0.501520 1.163505 5.116585
v -0.248931 0.943205 5.116585
v 0.271228 1.079105 5.116585
v -0.463657 1.163505 5.116585
v 0.484134 1.207999 5.116585
v -0.233365 1.079105 5.116585
v 0.197863 1.191769 5.116585
v -0.446271 1.207999 5.116585
v 0.236213 1.470794 5.116585
v -0.160000 1.191769 5.116585
v 0.083506 1.255389 5.116585
v -0.198350 1.470794 5.116585
v 0.194238 1.489223 5.116585
v -0.045643 1.255389 5.116585
v -0.156375 1.489223 5.116585
v -0.289664 0.308139 5.668306
v -0.358236 0.368044 5.642882
v -0.289664 0.467272 5.600771
v -0.347534 0.467272 5.600771
v -0.358236 0.182552 5.721602
v -0.077670 0.182552 5.721602
v -0.077670 0.308139 5.668306
v 0.396099 0.368044 5.642882
v 0.396099 0.182552 5.721602
v 0.327527 0.308139 5.668306
v 0.115532 0.182552 5.721602
v 0.115532 0.308139 5.668306
v 0.327527 0.467272 5.600771
v 0.385397 0.467272 5.600771
v 0.314067 -3.641348 -2.891629
v 0.367734 -2.877608 -3.262596
v 0.314067 -2.877608 -3.262596
v 0.367734 -3.641348 -2.891629
v 0.367734 -2.851758 -3.269969
v 0.314067 -2.851758 -3.269969
v 0.367734 -2.824734 -3.268259
v 0.314067 -2.824734 -3.268259
v 0.367734 -2.800254 -3.257701
v 0.314067 -2.800254 -3.257701
v 0.314067 -1.801221 -2.596068
v 0.367734 -1.801221 -2.596068
v -0.329871 -2.800254 -3.257701
v -0.276204 -1.801221 -2.596068
v -0.329871 -1.801221 -2.596068
v -0.276204 -2.800254 -3.257701
v -0.276204 -2.824734 -3.268259
v -0.329871 -2.824734 -3.268259
v -0.276204 -2.851758 -3.269969
v -0.329871 -2.851758 -3.269969
v -0.276204 -2.877608 -3.262596
v -0.329871 -2.877608 -3.262596
v -0.276204 -3.641348 -2.891629
v -0.329871 -3.641348 -2.891629
v 0.226133 0.238217 -9.549869
v 0.274666 0.289661 -9.698284
v 0.274666 0.289661 -9.498174
v 0.226133 0.238217 -9.692197
v 0.166836 0.175364 -9.498174
v 0.166836 0.175364 -9.544274
v 0.166836 0.218771 -9.364303
v 0.274666 0.316633 -9.414995
v 0.274666 0.381441 -9.351419
v 0.166836 0.323078 -9.261979
v 0.226133 0.431218 -9.270061
v 0.166836 0.431218 -9.203532
v 0.274666 0.766561 -9.143268
v 0.226133 0.766561 -9.088813
v -0.188270 0.238217 -9.549869
v -0.128973 0.175364 -9.498174
v -0.236803 0.289661 -9.498174
v -0.128973 0.175364 -9.544274
v -0.236803 0.289661 -9.698284
v -0.188270 0.238217 -9.692197
v -0.128973 0.218771 -9.364303
v -0.236803 0.316633 -9.414995
v -0.236803 0.381441 -9.351419
v -0.128973 0.323078 -9.261979
v -0.188270 0.431218 -9.270061
v -0.128973 0.431218 -9.203532
v -0.236803 0.766561 -9.143268
v -0.188270 0.766561 -9.088813
v -0.329871 -1.517825 -2.884998
v -0.278398 -1.497414 -2.890336
v -0.329871 -1.497829 -2.890148
v -0.277571 -1.517825 -2.884998
v -0.329871 -1.801221 -2.596068
v -0.276204 -1.801221 -2.596068
v -0.220207 -1.881391 -2.514334
v -0.276204 -1.870463 -2.525477
v 0.314067 -1.801221 -2.596068
v 0.367734 -1.801221 -2.596068
v 0.315434 -1.517825 -2.884998
v 0.367734 -1.517825 -2.884998
v 0.258070 -1.881391 -2.514334
v 0.314067 -1.870463 -2.525477
v 0.316260 -1.497414 -2.890336
v 0.367734 -1.497829 -2.890148
v 0.261103 0.655932 -8.865572
v -0.223240 0.655932 -8.790492
v -0.223240 0.655932 -8.865572
v 0.261103 0.655932 -8.790492
v 0.261103 0.617595 -8.932051
v -0.223240 0.617595 -8.932051
v 0.261103 0.549703 -8.974700
v -0.223240 0.549703 -8.974700
v 0.261103 0.467810 -8.983750
v -0.223240 0.467810 -8.983750
v 0.261103 0.390678 -8.957126
v -0.223240 0.390678 -8.957126
v -0.223240 0.335972 -8.900929
v 0.261103 0.335972 -8.900929
v 0.261103 0.316231 -8.828032
v -0.223240 0.316231 -8.828032
v 0.261103 0.335972 -8.755136
v -0.223240 0.335972 -8.755136
v -0.223240 0.390678 -8.698938
v 0.261103 0.390678 -8.698938
v 0.261103 0.467810 -8.672314
v -0.223240 0.467810 -8.672314
v -0.223240 0.549703 -8.681364
v 0.261103 0.549703 -8.681364
v 0.261103 0.617595 -8.724013
v -0.223240 0.617595 -8.724013
v 0.261103 0.655932 -8.790492
v -0.223240 0.655932 -8.790492
v -0.310943 0.603917 6.318048
v -0.198350 0.484569 6.267398
v -0.265438 0.449808 6.252646
v -0.332799 0.603917 6.318048
v -0.156375 0.466140 6.259577
v -0.358236 0.368044 6.217945
v -0.077670 0.449808 6.252646
v -0.077670 0.466140 6.259577
v -0.265438 0.308139 6.192523
v -0.358236 0.182552 6.139224
v -0.077670 0.182552 6.139224
v -0.077670 0.308139 6.192523
v 0.303301 0.449808 6.252646
v 0.348806 0.603917 6.318048
v 0.370662 0.603917 6.318048
v 0.236213 0.484569 6.267398
v 0.396099 0.368044 6.217945
v 0.194238 0.466140 6.259577
v 0.115532 0.449808 6.252646
v 0.115532 0.466140 6.259577
v 0.303301 0.308139 6.192523
v 0.396099 0.182552 6.139224
v 0.115532 0.182552 6.139224
v 0.115532 0.308139 6.192523
v -0.188270 0.463888 -5.673876
v -0.157448 0.431218 -5.631339
v -0.155263 0.431218 -5.629094
v 0.193126 0.431218 -5.629094
v 0.195310 0.431218 -5.631339
v 0.226133 0.463888 -5.673876
v -0.358236 1.587319 6.217945
v -0.358236 1.772809 6.139224
v -0.241340 1.679493 6.178827
v -0.140882 1.772809 6.139224
v -0.140882 1.679493 6.178827
v -0.241340 1.466138 6.269373
v -0.332799 1.351446 6.318048
v -0.310943 1.351446 6.318048
v -0.222041 1.445682 6.278055
v 0.279203 1.466138 6.269373
v 0.279203 1.679493 6.178827
v 0.396099 1.587319 6.217945
v 0.396099 1.772809 6.139224
v 0.178745 1.772809 6.139224
v 0.178745 1.679493 6.178827
v 0.370662 1.351446 6.318048
v 0.348806 1.351446 6.318048
v 0.259904 1.445682 6.278055
v 0.399208 2.024046 6.131223
v -0.113227 2.283194 6.131223
v 0.151090 2.283194 6.131223
v 0.334287 2.248954 6.131223
v 0.408229 2.033610 6.131223
v -0.361345 2.024046 6.131223
v -0.296424 2.248954 6.131223
v -0.370366 2.033610 6.131223
v -0.057089 2.320596 6.131223
v 0.094952 2.320596 6.131223
v 0.072776 2.360909 6.131223
v -0.034913 2.360909 6.131223
v -0.289664 0.308139 6.868685
v -0.358236 0.368044 6.843263
v -0.289664 0.416368 6.822754
v -0.353024 0.416368 6.822754
v -0.358236 0.182552 6.921984
v -0.077670 0.182552 6.921984
v -0.077670 0.308139 6.868685
v 0.396099 0.368044 6.843263
v 0.396099 0.182552 6.921984
v 0.327527 0.308139 6.868685
v 0.115532 0.182552 6.921984
v 0.115532 0.308139 6.868685
v 0.327527 0.416368 6.822754
v 0.390887 0.416368 6.822754
v 0.367734 -2.900168 -3.554990
v -0.329871 -3.437613 -3.868004
v -0.329871 -2.900168 -3.554990
v 0.367734 -3.437613 -3.868004
v 0.367734 -2.885928 -3.529554
v -0.329871 -2.885928 -3.529554
v 0.367734 -2.903038 -3.505383
v -0.329871 -2.903038 -3.505383
v 0.367734 -3.669134 -3.156354
v -0.329871 -3.669134 -3.156354
v 0.194238 0.466140 6.318510
v 0.018931 0.691663 6.318510
v 0.144328 0.724424 6.318510
v -0.156375 0.466140 6.318510
v 0.236213 0.484569 6.318510
v -0.106465 0.724424 6.318510
v 0.240998 0.815204 6.318510
v -0.198350 0.484569 6.318510
v 0.484134 0.747365 6.318510
v -0.203135 0.815204 6.318510
v 0.501520 0.791858 6.318510
v -0.446271 0.747365 6.318510
v 0.286794 0.943205 6.318510
v -0.463657 0.791858 6.318510
v 0.501520 1.163505 6.318510
v -0.248931 0.943205 6.318510
v 0.271228 1.079105 6.318510
v -0.463657 1.163505 6.318510
v 0.484134 1.207999 6.318510
v -0.233365 1.079105 6.318510
v 0.197863 1.191769 6.318510
v -0.446271 1.207999 6.318510
v 0.236213 1.470794 6.318510
v -0.160000 1.191769 6.318510
v 0.083506 1.255389 6.318510
v -0.198350 1.470794 6.318510
v 0.194238 1.489223 6.318510
v -0.045643 1.255389 6.318510
v -0.156375 1.489223 6.318510
v -0.086747 2.105277 6.772675
v 0.124610 2.105277 6.772675
v 0.419583 2.024046 6.755966
v 0.146661 2.113269 6.774317
v -0.381720 2.024046 6.755966
v 0.337563 2.110987 6.773849
v -0.108798 2.113269 6.774317
v 0.161875 2.131982 6.778168
v 0.301806 2.215191 6.795281
v 0.193399 2.215191 6.795281
v -0.299700 2.110987 6.773849
v -0.124012 2.131982 6.778168
v -0.263943 2.215191 6.795281
v -0.155536 2.215191 6.795281
v 0.226133 -1.075179 -7.227021
v 0.157793 -0.992583 -7.134830
v 0.201148 -1.064765 -7.198871
v 0.164982 -1.026803 -7.151697
v 0.226133 0.431218 -6.803981
v 0.157793 0.431218 -6.734988
v -0.163285 -1.064765 -7.198871
v -0.127119 -1.026803 -7.151697
v -0.119930 -0.992583 -7.134830
v -0.188270 -1.075179 -7.227021
v -0.188270 0.431218 -6.803981
v -0.119930 0.431218 -6.734988
v 0.206571 1.205826 -4.133340
v -0.168708 1.205826 -4.133340
v -0.374146 -0.541491 -4.133340
v -0.374146 1.332798 -4.133340
v -0.353592 1.387480 -4.133340
v 0.412009 -0.541491 -4.133340
v -0.221923 1.532572 -4.133340
v -0.168708 1.544189 -4.133340
v -0.196471 1.544189 -4.133340
v 0.412009 1.332798 -4.133340
v 0.391455 1.387480 -4.133340
v 0.259785 1.532572 -4.133340
v 0.206571 1.544189 -4.133340
v 0.234334 1.544189 -4.133340
v -0.387007 0.863718 10.180051
v -0.189675 0.941718 10.250022
v -0.157770 0.863718 10.180051
v -0.173622 0.879847 10.079156
v -0.387007 0.941718 10.250022
v -0.387007 0.879847 10.079156
v -0.387007 1.049973 10.236698
v -0.193978 0.976043 10.034283
v -0.183189 1.049973 10.236698
v -0.387007 1.102191 10.146186
v -0.155715 1.102191 10.146186
v -0.387007 0.976043 10.034283
v -0.387007 1.061312 10.068103
v -0.173762 1.061312 10.068103
v -0.387007 1.102191 10.146186
v -0.155715 1.102191 10.146186
v 0.221052 1.049973 10.236698
v 0.424870 1.102191 10.146186
v 0.424870 1.049973 10.236698
v 0.193578 1.102191 10.146186
v 0.227538 0.941718 10.250022
v 0.424870 0.941718 10.250022
v 0.424870 0.863718 10.180051
v 0.195633 0.863718 10.180051
v 0.211485 0.879847 10.079156
v 0.424870 0.879847 10.079156
v 0.231841 0.976043 10.034283
v 0.424870 0.976043 10.034283
v 0.424870 1.061312 10.068103
v 0.211625 1.061312 10.068103
v 0.424870 1.102191 10.146186
v 0.193578 1.102191 10.146186
v -0.188270 0.729771 -4.562362
v -0.349920 -0.541491 -4.562362
v 0.226133 0.729771 -4.562362
v -0.349920 0.729771 -4.562362
v 0.387783 -0.541491 -4.562362
v 0.387783 0.729771 -4.562362
v 0.226133 0.991771 -4.562362
v -0.188270 0.991771 -4.562362
v -0.183828 0.991771 -4.583488
v 0.221691 0.991771 -4.583488
v 0.231252 1.014983 -4.562362
v 0.237421 1.008445 -4.568312
v 0.250771 1.022594 -4.581191
v 0.250769 1.475579 -4.581191
v 0.231252 1.464373 -4.562362
v 0.203069 1.477219 -4.562362
v -0.165206 1.477219 -4.562362
v -0.126481 1.509656 -4.562362
v 0.164344 1.509656 -4.562362
v -0.098935 1.553748 -4.562362
v -0.193389 1.014983 -4.562362
v -0.199558 1.008445 -4.568312
v -0.193389 1.464373 -4.562362
v -0.212908 1.022594 -4.581191
v -0.212906 1.475579 -4.581191
v 0.136798 1.553748 -4.562362
v -0.005723 1.658346 -4.562362
v -0.085323 1.605080 -4.562362
v -0.052895 1.642022 -4.562362
v 0.043223 1.658556 -4.562362
v 0.089849 1.640736 -4.562362
v 0.123186 1.605080 -4.562362
v 0.105722 1.475954 7.715802
v 0.105722 1.331949 7.778779
v 0.018931 1.343700 7.773640
v -0.067859 1.475954 7.715802
v -0.067859 1.331949 7.778779
v -0.210047 0.703712 7.907189
v -0.303932 0.847890 7.859430
v -0.158335 0.808231 7.872568
v -0.105227 0.636875 7.929330
v -0.229241 1.009623 7.805856
v 0.018931 0.723586 7.900606
v -0.323853 1.021800 7.801821
v 0.018931 0.611663 7.937681
v -0.265246 1.185603 7.747562
v 0.143090 0.636875 7.929330
v -0.144694 1.160552 7.755860
v 0.196198 0.808231 7.872568
v -0.141538 1.301775 7.709079
v 0.247909 0.703712 7.907189
v 0.341794 0.847890 7.859430
v 0.267104 1.009623 7.805856
v 0.361716 1.021800 7.801821
v 0.303109 1.185603 7.747562
v 0.182557 1.160552 7.755860
v 0.179401 1.301775 7.709079
v 0.018931 1.238005 7.730203
v 0.101567 1.333063 7.698715
v -0.063704 1.333063 7.698715
v 0.018931 1.343700 7.695191
v 0.405421 1.135483 -10.072719
v -0.367558 1.100678 -10.029293
v 0.405421 1.100678 -10.029293
v -0.367558 1.135483 -10.072719
v 0.304983 -0.269553 -5.014030
v 0.387783 -0.219956 -4.928024
v 0.304983 -0.219956 -4.928024
v 0.387783 -0.132122 -4.872848
v 0.387783 -0.269553 -5.014030
v 0.304983 -0.132122 -4.872848
v 0.387783 -0.026175 -4.861139
v 0.304983 -0.026175 -4.861139
v 0.304983 -0.269553 -5.111163
v 0.387783 -0.269553 -5.111163
v 0.304983 -0.219956 -5.197168
v 0.387783 -0.219956 -5.197168
v 0.304983 -0.132122 -5.252346
v 0.387783 -0.132122 -5.252346
v 0.304983 -0.026175 -5.264053
v 0.387783 -0.026175 -5.264053
v 0.304983 0.073615 -5.229610
v 0.387783 0.073615 -5.229610
v 0.304983 0.144386 -5.156906
v 0.387783 0.144386 -5.156906
v 0.304983 0.169928 -5.062597
v 0.387783 0.169928 -5.062597
v 0.304983 0.144386 -4.968287
v 0.387783 0.144386 -4.968287
v 0.304983 0.073615 -4.895583
v 0.387783 0.073615 -4.895583
v 0.304983 -0.026175 -4.861139
v 0.387783 -0.026175 -4.861139
v -0.210047 0.703712 8.007046
v -0.063704 0.622298 8.007046
v -0.289664 0.419568 8.007046
v -0.340359 0.686429 8.007046
v -0.303932 0.847889 8.007046
v -0.385393 0.800156 8.007046
v -0.323853 1.021800 8.007046
v -0.385393 1.151373 8.007046
v -0.265246 1.185603 8.007046
v -0.144929 1.406264 8.007046
v -0.141538 1.301775 8.007046
v -0.067859 1.331949 8.007046
v -0.067859 1.406264 8.007046
v -0.077670 0.415965 8.007046
v -0.289664 0.308139 8.007046
v -0.077670 0.308139 8.007046
v -0.045742 0.449808 8.007046
v 0.101567 0.622298 8.007046
v 0.083604 0.449808 8.007046
v 0.115532 0.415965 8.007046
v 0.327527 0.419568 8.007046
v 0.247909 0.703712 8.007046
v 0.327527 0.308139 8.007046
v 0.115532 0.308139 8.007046
v 0.378222 0.686429 8.007046
v 0.341794 0.847889 8.007046
v 0.423256 0.800156 8.007046
v 0.361716 1.021800 8.007046
v 0.423256 1.151373 8.007046
v 0.303109 1.185603 8.007046
v 0.182792 1.406264 8.007046
v 0.179401 1.301775 8.007046
v 0.105722 1.331949 8.007046
v 0.105722 1.406264 8.007046
v 0.018931 1.343700 8.159211
v -0.067859 1.331949 8.159211
v -0.067859 1.406264 8.159211
v 0.105722 1.406264 8.159211
v 0.105722 1.331949 8.159211
v 0.166836 0.053808 -9.342720
v -0.128973 0.119642 -9.220397
v -0.128973 0.053808 -9.342720
v 0.166836 0.053808 -9.533456
v -0.128973 0.053808 -9.533456
v 0.166836 0.119642 -9.220397
v 0.166836 0.254046 -9.160480
v -0.128973 0.254046 -9.160480
v -0.128973 0.431218 -9.160480
v 0.166836 0.431218 -9.160480
v 0.327527 0.416368 8.337914
v -0.345851 0.205751 8.337914
v -0.289664 0.416368 8.337914
v -0.345851 0.416368 8.337914
v 0.383713 0.205751 8.337914
v 0.383713 0.416368 8.337914
v 0.327527 0.536681 8.337914
v -0.289664 0.536681 8.337914
v 0.226133 -1.140109 -7.402531
v 0.226133 -1.075179 -7.227021
v 0.201148 -1.064765 -7.198871
v -0.163285 -1.064765 -7.198871
v -0.188270 -1.140109 -7.402531
v -0.188270 -1.075179 -7.227021
v -0.127119 -1.026803 -7.151697
v 0.164982 -1.026803 -7.151697
v 0.157793 -0.992583 -7.134830
v -0.119930 -0.992583 -7.134830
v -0.119930 0.431218 -6.734988
v 0.157793 0.431218 -6.734988
v 0.224674 1.128216 8.656898
v 0.135111 1.212322 8.656898
v 0.335346 1.429228 8.656898
v 0.229643 1.493919 8.656898
v 0.546057 1.042371 8.656898
v 0.018931 1.493919 8.656898
v 0.267104 1.009623 8.656898
v 0.018931 1.242675 8.656898
v 0.546057 0.912993 8.656898
v -0.097248 1.212322 8.656898
v 0.252682 0.883714 8.656898
v -0.191780 1.493919 8.656898
v 0.335346 0.526134 8.656898
v -0.297483 1.429228 8.656898
v 0.184710 0.779331 8.656898
v -0.186811 1.128216 8.656898
v 0.229643 0.461445 8.656898
v -0.508194 1.042371 8.656898
v 0.078759 0.720388 8.656898
v -0.229241 1.009623 8.656898
v 0.018931 0.461445 8.656898
v -0.508194 0.912993 8.656898
v -0.040896 0.720388 8.656898
v -0.214819 0.883714 8.656898
v -0.191780 0.461445 8.656898
v -0.297483 0.526134 8.656898
v -0.146847 0.779331 8.656898
v -0.064088 0.080204 -9.430678
v 0.101951 -0.997731 -8.264343
v -0.064088 -0.997731 -8.264343
v 0.101951 0.080204 -9.430678
v 0.101951 0.300380 -9.239432
v 0.101951 -0.884265 -7.957636
v -0.064088 -0.884265 -7.957636
v -0.064088 0.300380 -9.239432
v -0.064088 -0.997731 -8.264343
v -0.064088 0.080204 -9.430678
v -0.146831 1.336938 -8.416061
v -0.216302 1.251053 -8.358862
v -0.214515 1.249566 -8.357872
v 0.252378 1.249566 -8.357872
v 0.184694 1.336938 -8.416061
v 0.254165 1.251053 -8.358862
v 0.018931 0.710335 9.099836
v 0.371694 0.592869 9.099836
v -0.333831 0.592869 9.099836
v 0.120699 0.736616 9.099836
v -0.082837 0.736616 9.099836
v 0.206204 0.801520 9.099836
v -0.168341 0.801520 9.099836
v 0.256876 0.898605 9.099836
v -0.219013 0.898605 9.099836
v 0.546057 0.912993 9.099836
v -0.508194 0.912993 9.099836
v 0.267104 1.009623 9.099836
v -0.229241 1.009623 9.099836
v 0.546057 1.042371 9.099836
v -0.508194 1.042371 9.099836
v 0.224674 1.128216 9.099836
v -0.186811 1.128216 9.099836
v 0.371694 1.362493 9.099836
v -0.333831 1.362493 9.099836
v 0.135111 1.212322 9.099836
v -0.097248 1.212322 9.099836
v 0.018931 1.242675 9.099836
v -0.229241 1.009623 9.198694
v -0.152613 1.103194 9.198694
v -0.187991 1.004313 9.198694
v -0.186811 1.128216 9.198694
v -0.218901 0.898324 9.198694
v -0.097248 1.212322 9.198694
v -0.179480 0.911783 9.198694
v -0.077936 1.173321 9.198694
v -0.137286 0.831070 9.198694
v 0.018931 1.242675 9.198694
v -0.167884 0.800292 9.198694
v 0.018931 1.198628 9.198694
v -0.066152 0.776092 9.198694
v 0.115799 1.173321 9.198694
v -0.081446 0.738645 9.198694
v 0.135111 1.212322 9.198694
v 0.018931 0.756734 9.198694
v 0.224674 1.128216 9.198694
v 0.018931 0.702635 9.198694
v 0.190476 1.103194 9.198694
v 0.119309 0.738645 9.198694
v 0.225854 1.004313 9.198694
v 0.104015 0.776092 9.198694
v 0.267104 1.009623 9.198694
v 0.205747 0.800292 9.198694
v 0.256764 0.898324 9.198694
v 0.175149 0.831070 9.198694
v 0.217343 0.911783 9.198694
v 0.405421 1.135483 -10.072719
v -0.367558 1.227094 -9.978636
v -0.367558 1.135483 -10.072719
v 0.405421 1.227094 -9.978636
v 0.174677 0.766561 -8.564757
v 0.252378 1.249566 -8.357872
v -0.214515 1.249566 -8.357872
v 0.297794 1.178815 -8.447872
v 0.254165 1.251053 -8.358862
v 0.231475 0.766561 -8.624454
v -0.136814 0.766561 -8.564757
v -0.259931 1.178815 -8.447872
v -0.193612 0.766561 -8.624454
v -0.216302 1.251053 -8.358862
v -0.128973 0.053808 -9.533456
v 0.226133 -1.342547 -9.409171
v 0.166836 0.053808 -9.533456
v 0.226133 0.238217 -9.549869
v 0.166836 0.175364 -9.544274
v -0.188270 -1.342547 -9.409171
v -0.188270 0.238217 -9.549869
v -0.128973 0.175364 -9.544274
v -0.188270 -1.893854 -9.439943
v -0.188270 0.238217 -9.692197
v -0.236803 -1.937696 -9.434757
v -0.236803 0.289661 -9.698284
v -0.178480 -2.135913 -9.411304
v 0.216343 -2.135913 -9.411304
v 0.226133 -1.893854 -9.439943
v 0.274666 -1.937696 -9.434757
v 0.226133 0.238217 -9.692197
v 0.274666 0.289661 -9.698284
v 0.405421 -1.879396 -9.709133
v -0.367558 1.038210 -10.054326
v -0.367558 -1.879396 -9.709133
v -0.367558 -1.897888 -9.706946
v 0.405421 1.038210 -10.054326
v 0.405421 1.100678 -10.029293
v -0.367558 1.100678 -10.029293
v 0.405421 -1.897888 -9.706946
v -0.263859 -2.235671 -9.666982
v 0.301722 -2.235671 -9.666982
v -0.032090 2.505020 6.849638
v 0.069953 2.505020 6.849638
v -0.032090 2.515864 6.826472
v 0.069953 2.515864 6.826472
v 0.072776 2.345316 6.167470
v 0.069953 2.583285 6.730543
v -0.032090 2.583285 6.730543
v -0.034913 2.345316 6.167470
vn -0.0000 -0.9340 -0.3573
vn 0.0005 -0.9937 0.1120
vn 0.0005 -0.9340 -0.3573
vn 0.0004 -0.9937 0.1120
vn -0.0005 -0.1672 -0.9859
vn 0.0005 -0.1672 -0.9859
vn 0.0005 -0.1064 -0.9943
vn 0.0003 -0.1064 -0.9943
vn -0.0005 0.0191 -0.9998
vn -0.0000 0.0191 -0.9998
vn 0.0005 0.9031 -0.4293
vn -0.0000 0.9031 -0.4293
vn -0.0005 0.9630 0.2695
vn -0.0000 0.9630 0.2695
vn 0.0005 0.5106 0.8598
vn -0.0000 0.5105 0.8599
vn 0.0005 -0.0199 -0.9998
vn -0.0004 0.3721 -0.9282
vn 0.0005 0.3721 -0.9282
vn -0.0005 -0.0199 -0.9998
vn -0.0005 0.3721 -0.9282
vn -0.0005 0.3720 -0.9282
vn 0.0004 -0.1172 -0.9931
vn 0.0005 -0.1171 -0.9931
vn 0.0005 0.0004 1.0000
vn 0.0005 -0.0004 1.0000
vn 0.0052 -0.0085 1.0000
vn 0.0099 0.0004 1.0000
vn 0.2224 -0.3632 0.9048
vn 0.0099 -0.0004 1.0000
vn 0.4408 0.0004 0.8976
vn 0.0524 -0.0859 0.9949
vn 0.4408 -0.0004 0.8976
vn 0.0525 -0.0858 0.9949
vn 0.1052 -0.0000 0.9945
vn -0.0524 0.0859 0.9949
vn 0.1052 0.0005 0.9945
vn -0.0525 0.0858 0.9949
vn -0.1051 -0.0005 0.9945
vn -0.2224 0.3632 0.9048
vn -0.1052 -0.0000 0.9945
vn -0.4408 0.0004 0.8976
vn -0.0052 0.0085 1.0000
vn -0.0099 -0.0000 1.0000
vn -0.0099 0.0004 1.0000
vn 0.0052 0.0085 1.0000
vn -0.0052 -0.0085 1.0000
vn 0.2224 0.3632 0.9048
vn 0.2223 0.3633 0.9048
vn -0.2224 -0.3632 0.9048
vn 0.0524 0.0859 0.9949
vn 0.0525 0.0858 0.9949
vn -0.0525 -0.0858 0.9949
vn -0.0524 -0.0859 0.9949
vn 0.0004 0.0004 1.0000
vn 0.0005 0.8664 -0.4994
vn 0.0005 0.5319 -0.8468
vn 0.0005 1.0000 -0.0006
vn 0.0005 0.1099 -0.9939
vn 0.0005 1.0000 0.0006
vn 0.0003 0.1099 -0.9939
vn 0.0003 0.8664 0.4994
vn 0.0004 -0.3261 -0.9453
vn -0.0000 0.8663 0.4996
vn 0.0005 0.5319 0.8468
vn 0.0004 -0.7168 -0.6973
vn 0.0003 0.1099 0.9939
vn 0.0004 -0.9653 -0.2611
vn -0.0000 -0.9653 0.2610
vn 0.0005 -0.9653 0.2610
vn 0.0003 -0.3261 0.9453
vn 0.0004 -0.3261 0.9453
vn 0.0004 -0.7168 0.6973
vn -0.0000 -0.9653 0.2611
vn 0.0005 -0.9653 0.2611
vn 0.0004 0.3914 -0.9202
vn 0.0006 0.3915 -0.9202
vn 0.0005 0.3914 -0.9202
vn -0.0005 0.3914 -0.9202
vn -0.0006 0.3915 -0.9202
vn -0.0004 0.3914 -0.9202
vn 0.0005 0.3915 -0.9202
vn -0.0005 0.3915 -0.9202
vn -0.0005 0.1484 -0.9889
vn -0.0000 0.8283 -0.5603
vn -0.0000 0.1484 -0.9889
vn 0.0005 0.8283 -0.5603
vn 0.0003 0.9379 -0.3470
vn 0.0005 0.9379 -0.3470
vn -0.0000 -0.9630 -0.2695
vn 0.0005 -0.9630 -0.2695
vn 0.0005 -1.0000 0.0005
vn 0.0004 0.3148 -0.9492
vn -0.0005 0.3149 -0.9491
vn -0.0004 0.3148 -0.9492
vn 0.0005 0.3149 -0.9491
vn -0.7618 0.6478 -0.0036
vn -0.4512 0.8924 0.0080
vn -0.4508 0.8926 0.0080
vn -0.7614 0.6483 -0.0036
vn -0.0005 0.9997 0.0263
vn -0.9597 0.2811 0.0005
vn -0.9597 0.2811 0.0004
vn 0.4508 0.8926 0.0080
vn -0.9903 -0.1389 -0.0005
vn 0.4508 0.8926 0.0079
vn 0.7618 0.6478 -0.0036
vn -0.8380 -0.5457 0.0004
vn 0.7614 0.6483 -0.0036
vn -0.8380 -0.5457 0.0005
vn 0.9597 0.2811 0.0005
vn -0.4860 -0.8739 0.0003
vn 0.0005 -1.0000 -0.0000
vn 0.9903 -0.1389 -0.0005
vn 0.8380 -0.5457 0.0005
vn 0.4860 -0.8739 0.0003
vn 0.4862 -0.8739 -0.0000
vn 0.0006 -1.0000 -0.0000
vn 0.0006 -1.0000 0.0005
vn -0.0005 0.0004 1.0000
vn -0.0005 -0.0004 1.0000
vn 0.3073 0.6257 0.7170
vn 0.1690 0.6634 0.7289
vn -0.0006 0.6892 0.7246
vn 0.0005 0.6892 0.7245
vn -0.1690 0.6634 0.7289
vn -0.1691 0.6639 0.7284
vn -0.3073 0.6257 0.7170
vn -0.3073 0.6256 0.7170
vn -0.4148 0.5676 0.7111
vn -0.4647 0.5389 0.7026
vn -0.5248 0.4629 0.7144
vn -0.6086 0.3640 0.7051
vn -0.6299 0.3147 0.7100
vn -0.6818 0.2065 0.7018
vn -0.7161 0.0702 0.6945
vn -0.7023 -0.1174 0.7021
vn -0.7023 -0.1175 0.7021
vn -0.6434 -0.2632 0.7188
vn -0.6434 -0.2632 0.7189
vn -0.5389 -0.4315 0.7235
vn -0.4387 -0.5440 0.7153
vn -0.3190 -0.6236 0.7137
vn -0.2309 -0.6824 0.6935
vn -0.1520 -0.7012 0.6966
vn -0.0005 -0.7265 0.6871
vn 0.0004 -0.6892 0.7245
vn 0.3189 -0.6236 0.7137
vn 0.1520 -0.7012 0.6966
vn 0.2309 -0.6824 0.6935
vn 0.0005 -0.6892 0.7245
vn 0.4387 -0.5440 0.7153
vn 0.5389 -0.4315 0.7235
vn 0.6434 -0.2632 0.7189
vn 0.7023 -0.1174 0.7021
vn 0.7023 -0.1175 0.7021
vn 0.7161 0.0702 0.6945
vn 0.6818 0.2065 0.7018
vn 0.6299 0.3147 0.7100
vn 0.6086 0.3640 0.7051
vn 0.5248 0.4629 0.7144
vn 0.4647 0.5389 0.7026
vn 0.4148 0.5676 0.7111
vn 0.3073 0.6256 0.7170
vn 0.0005 0.3149 0.9491
vn -0.0033 -0.3203 0.9473
vn -0.0043 -0.3203 0.9473
vn -0.0005 0.3149 0.9491
vn -0.0000 0.4728 0.8812
vn -0.0052 0.3933 0.9194
vn -0.0053 0.3933 0.9194
vn -0.0024 0.0423 0.9991
vn -0.0005 -0.0734 0.9973
vn -0.0005 -0.6695 0.7428
vn 0.0024 0.0423 0.9991
vn 0.0005 -0.6695 0.7428
vn 0.0005 -0.9986 0.0521
vn 0.0053 0.3933 0.9194
vn -0.0005 -0.9986 0.0521
vn 0.0052 0.3934 0.9194
vn -0.0005 0.4727 0.8812
vn -0.0000 0.3149 0.9491
vn 0.0043 -0.3203 0.9473
vn 0.0005 1.0000 0.0005
vn -0.0005 0.9986 0.0521
vn 0.0005 0.9986 0.0521
vn 0.0005 0.6695 0.7428
vn -0.0005 0.6695 0.7428
vn 0.0005 0.0645 0.9979
vn -0.0005 0.0646 0.9979
vn -0.0005 -0.0031 1.0000
vn 0.0005 -0.0031 1.0000
vn -0.0014 -0.1466 0.9892
vn 0.0014 -0.1466 0.9892
vn 0.0005 -0.0191 0.9998
vn -0.0005 -0.0191 0.9998
vn -0.0043 -0.4263 0.9046
vn 0.0043 -0.4263 0.9046
vn -0.0063 -0.4564 0.8897
vn 0.0063 -0.4564 0.8897
vn -0.0000 0.8765 -0.4814
vn -0.0005 0.9122 -0.4099
vn -0.0005 0.8765 -0.4814
vn 0.0005 0.9122 -0.4099
vn -0.0000 -0.0173 -0.9999
vn 0.0004 0.9122 -0.4098
vn -0.0005 -0.0173 -0.9999
vn 0.0005 -0.2565 -0.9665
vn -0.0000 -0.2565 -0.9665
vn -0.0000 -0.9883 -0.1527
vn 0.0005 -0.9883 -0.1527
vn 0.0005 -0.9772 -0.2122
vn 0.0005 -0.6731 -0.7396
vn 0.0003 -0.6731 -0.7396
vn -0.0000 -0.1099 -0.9939
vn 0.0005 -0.1099 -0.9939
vn 0.0005 0.0004 -1.0000
vn 0.0004 0.0004 -1.0000
vn 0.0005 -0.0004 -1.0000
vn 0.0004 -0.0004 -1.0000
vn 0.0005 -0.0005 -1.0000
vn -0.0006 -0.6893 -0.7245
vn -0.0005 -0.0005 -1.0000
vn -0.6716 0.0031 -0.7409
vn -0.6716 0.0032 -0.7409
vn -0.4416 -0.5692 -0.6935
vn -0.9971 -0.0004 -0.0754
vn -0.7271 -0.6860 -0.0276
vn 0.0005 -0.9993 0.0382
vn -0.9971 -0.0005 -0.0754
vn 0.0006 -0.6892 -0.7246
vn 0.0005 -0.9993 0.0381
vn -0.5241 0.4331 -0.7333
vn -0.7210 0.6425 -0.2595
vn -0.0005 0.9814 -0.1921
vn -0.0005 0.6103 -0.7922
vn 0.0005 0.9814 -0.1921
vn -0.0005 0.0005 -1.0000
vn 0.0005 0.0005 -1.0000
vn 0.0006 0.6103 -0.7922
vn 0.5241 0.4331 -0.7333
vn 0.7210 0.6425 -0.2595
vn 0.9972 0.0005 -0.0754
vn 0.6716 0.0032 -0.7409
vn 0.9972 -0.0004 -0.0754
vn 0.6716 0.0031 -0.7409
vn 0.4416 -0.5692 -0.6935
vn 0.7271 -0.6860 -0.0276
vn -0.9153 0.4027 0.0005
vn -0.8878 0.4307 0.1622
vn -0.9153 0.4027 0.0008
vn -0.7550 0.4738 0.4533
vn -0.4654 0.4145 0.7820
vn -0.4654 0.4145 0.7821
vn -0.4148 0.4177 0.8084
vn -0.3635 0.3638 0.8577
vn -0.4228 0.4254 0.8001
vn 0.9153 0.4027 0.0005
vn 0.8878 0.4307 0.1622
vn 0.9153 0.4027 0.0008
vn 0.7550 0.4738 0.4533
vn 0.4654 0.4145 0.7820
vn 0.4654 0.4145 0.7821
vn 0.4148 0.4177 0.8084
vn 0.3631 0.3634 0.8579
vn 0.4228 0.4254 0.8001
vn 0.4228 0.4254 0.8002
vn -0.0000 0.9186 0.3952
vn -1.0000 0.0021 0.0039
vn -1.0000 -0.0000 -0.0000
vn 0.0004 -0.0605 0.9982
vn 0.0003 -0.0604 0.9982
vn 0.0004 0.3118 0.9501
vn 0.0006 0.3117 0.9502
vn 0.0005 -0.0458 0.9990
vn -0.0000 -0.0458 0.9990
vn 0.0004 -0.2013 0.9795
vn -0.0004 -0.2013 0.9795
vn 0.0005 -0.2013 0.9795
vn -0.0005 -0.2013 0.9795
vn -0.0212 -0.9996 -0.0198
vn -0.1010 -0.9947 -0.0188
vn -0.9944 -0.1019 -0.0268
vn 0.9944 -0.1019 -0.0268
vn 0.1010 -0.9947 -0.0188
vn 0.0212 -0.9996 -0.0198
vn 0.0005 -0.5496 0.8355
vn 0.0005 -0.5495 0.8355
vn -0.0005 -0.5495 0.8355
vn -0.0003 -0.5502 0.8350
vn -0.0005 -0.5496 0.8355
vn -0.0005 -0.9510 -0.3093
vn 0.0005 -0.9510 -0.3093
vn 0.0007 -0.9510 -0.3092
vn -0.0007 -0.9510 -0.3092
vn 0.0004 -0.5934 0.8049
vn 0.0004 -0.8874 0.4609
vn 0.0005 -0.8874 0.4609
vn 0.0005 -1.0000 -0.0080
vn 0.0006 -0.2103 0.9776
vn 0.0004 -0.2103 0.9776
vn 0.0003 0.1968 0.9804
vn 0.0005 0.5819 0.8133
vn 0.0004 0.8803 0.4744
vn 0.0004 1.0000 0.0081
vn 0.0006 0.8874 -0.4610
vn 0.0004 0.5934 -0.8049
vn 0.0004 0.2103 -0.9776
vn 0.0003 -0.1968 -0.9804
vn 0.0005 -0.5819 -0.8133
vn 0.0003 -0.8803 -0.4745
vn 0.0006 -0.8803 -0.4744
vn 0.0005 -1.0000 -0.0081
vn 0.0005 -0.2103 0.9776
vn -0.0000 0.1967 0.9805
vn 0.0005 0.8874 -0.4609
vn 0.0004 0.8874 -0.4609
vn -0.0000 -0.4301 -0.9028
vn 0.0003 -0.4147 -0.9100
vn 0.0005 -0.4301 -0.9028
vn 0.0004 -0.9984 -0.0573
vn -0.0005 -0.5233 0.8521
vn -0.0000 -0.5233 0.8521
vn 0.0004 -0.5030 0.8643
vn 0.0005 -0.5029 0.8643
vn -0.0007 0.3907 0.9205
vn -0.0005 0.3907 0.9205
vn 0.0006 0.3907 0.9205
vn 0.0007 0.3907 0.9205
vn 0.0005 0.3907 0.9205
vn -0.0006 0.3907 0.9205
vn 0.0003 0.3907 0.9205
vn -0.0005 -0.3907 0.9205
vn 0.0005 -0.3907 0.9205
vn -0.0006 -0.3907 0.9205
vn -0.0007 -0.3907 0.9205
vn 0.0006 -0.3907 0.9205
vn 0.0007 -0.3907 0.9205
vn -0.0000 -0.0138 -0.9999
vn 0.0156 -0.0405 -0.9991
vn 0.0072 -0.3149 -0.9491
vn 0.0024 -0.5193 -0.8546
vn -0.0072 -0.3148 -0.9491
vn -0.0024 -0.5193 -0.8546
vn -0.0000 -0.7521 -0.6590
vn -0.0156 -0.0405 -0.9991
vn 0.0004 -0.7521 -0.6591
vn -0.0005 -0.0138 -0.9999
vn 0.0006 -0.9700 -0.2430
vn 0.0005 -0.9700 -0.2431
vn 0.0005 -0.9700 0.2431
vn 0.0006 -0.9700 0.2431
vn 0.0005 -0.7521 0.6591
vn 0.0004 -0.7521 0.6591
vn 0.0004 -0.4016 0.9158
vn 0.0003 -0.4015 0.9158
vn -0.0005 -0.0556 0.9985
vn -0.0000 -0.0556 0.9985
vn 0.0005 0.1572 0.9876
vn 0.0005 0.1798 -0.9837
vn -0.0000 0.1798 -0.9837
vn 0.0005 0.9472 -0.3207
vn -0.0000 -0.7166 0.6975
vn 0.0007 0.1099 0.9939
vn 0.0005 -0.7168 0.6972
vn 0.0006 0.1099 0.9939
vn 0.0003 0.5319 0.8468
vn 0.0005 1.0000 -0.0005
vn 0.0003 0.8664 -0.4994
vn -0.0000 0.8663 -0.4996
vn 0.0004 0.1099 -0.9939
vn 0.0005 -0.9653 -0.2610
vn 0.8576 0.5059 0.0931
vn 0.9075 -0.0389 0.4183
vn 0.9503 -0.1164 -0.2886
vn 0.8509 -0.2177 -0.4780
vn 0.8466 -0.4135 -0.3350
vn 0.8537 0.4950 -0.1618
vn 0.6822 0.7024 0.2028
vn 0.7008 0.6602 -0.2702
vn 0.4249 -0.2746 0.8626
vn 0.2858 -0.2993 0.9104
vn 0.3282 0.4582 0.8261
vn -0.0000 -0.3758 0.9267
vn 0.0005 0.3774 0.9260
vn -0.0000 -0.3140 0.9494
vn 0.3450 -0.0165 0.9385
vn 0.9248 -0.2803 0.2573
vn -0.0000 0.0599 0.9982
vn 0.9980 -0.0217 0.0593
vn 0.9987 -0.0192 -0.0474
vn 0.2870 0.2627 0.9212
vn 0.0004 0.2466 0.9691
vn 0.9996 0.0088 0.0258
vn 0.7059 0.3658 0.6066
vn 1.0000 0.0051 0.0076
vn 1.0000 0.0004 0.0005
vn 1.0000 -0.0003 0.0001
vn 0.9979 0.0106 -0.0633
vn 0.9928 0.0484 -0.1099
vn 0.4513 0.3551 -0.8187
vn 0.4876 0.1434 -0.8612
vn 0.9882 0.0549 -0.1433
vn 1.0000 0.0004 -0.0005
vn 0.9970 0.0189 -0.0745
vn 1.0000 -0.0004 0.0005
vn 0.4603 0.3192 -0.8284
vn 0.4828 0.2221 -0.8471
vn -0.0005 0.2546 -0.9670
vn 0.0005 0.3591 -0.9333
vn -0.0005 0.3944 -0.9189
vn -0.4603 0.3192 -0.8284
vn -0.4829 0.2213 -0.8472
vn -0.9970 0.0151 -0.0755
vn -0.4513 0.3551 -0.8187
vn -0.9883 0.0549 -0.1424
vn -1.0000 -0.0004 0.0005
vn -0.9928 0.0484 -0.1099
vn -0.9979 0.0106 -0.0633
vn -1.0000 -0.0003 0.0001
vn -0.4876 0.1434 -0.8612
vn -0.9987 -0.0161 -0.0482
vn 0.0005 0.1645 -0.9864
vn -0.0005 -0.0609 -0.9981
vn -0.5175 -0.0750 -0.8524
vn 0.5175 -0.0750 -0.8524
vn 0.5609 -0.3596 -0.7457
vn -0.0005 -0.4215 -0.9068
vn -0.5609 -0.3596 -0.7457
vn 0.0005 -0.6705 -0.7419
vn 0.5127 -0.5605 -0.6504
vn 0.7578 -0.2230 -0.6131
vn 0.6017 0.4137 -0.6832
vn 0.4379 -0.6321 -0.6393
vn 0.0005 -0.6556 -0.7551
vn 0.0005 0.2222 -0.9750
vn -0.6017 0.4137 -0.6832
vn -0.4340 -0.6339 -0.6402
vn -0.5127 -0.5605 -0.6504
vn -0.7578 -0.2230 -0.6131
vn -0.7008 0.6602 -0.2702
vn -0.8509 -0.2177 -0.4780
vn -0.8466 -0.4135 -0.3350
vn -0.8537 0.4950 -0.1618
vn -0.6823 0.7024 0.2027
vn -0.9503 -0.1164 -0.2886
vn -0.8576 0.5059 0.0931
vn -0.9075 -0.0389 0.4182
vn -0.7304 -0.1412 0.6683
vn -0.6821 0.4778 0.5535
vn -0.7164 -0.2153 0.6636
vn -0.8555 -0.3668 0.3654
vn -0.8889 -0.1618 0.4287
vn -0.9264 -0.2283 -0.2995
vn -0.8323 -0.4053 -0.3781
vn -0.8114 -0.2738 0.5165
vn -0.9248 -0.2803 0.2573
vn -0.9484 -0.2893 -0.1297
vn -0.7188 -0.1111 0.6863
vn -0.9980 -0.0198 0.0593
vn -0.9996 0.0088 0.0258
vn -0.6952 0.2399 0.6776
vn -1.0000 0.0051 0.0076
vn -0.7059 0.3658 0.6066
vn 0.0098 0.9540 0.2997
vn 0.2492 0.8642 0.4372
vn 0.0139 0.9538 0.3000
vn 0.3221 0.8334 0.4492
vn 0.4950 0.6782 0.5431
vn 0.0005 0.9559 0.2937
vn 0.4047 0.7049 0.5825
vn 0.5554 0.6163 0.5583
vn 0.4360 0.6550 0.6171
vn 0.0625 0.8810 0.4690
vn 0.0743 0.7658 0.6387
vn 0.0901 0.6647 0.7416
vn 0.0046 0.9446 0.3283
vn -0.0744 0.7658 0.6387
vn -0.0901 0.6647 0.7416
vn -0.4360 0.6550 0.6171
vn -0.0046 0.9446 0.3282
vn -0.4047 0.7049 0.5825
vn -0.5554 0.6163 0.5583
vn -0.4950 0.6782 0.5431
vn -0.0625 0.8810 0.4690
vn -0.2492 0.8642 0.4372
vn -0.3221 0.8334 0.4492
vn -0.0139 0.9538 0.3000
vn -0.0098 0.9540 0.2997
vn -0.0005 0.9559 0.2936
vn 0.0004 0.9559 0.2937
vn 0.0005 0.9559 0.2936
vn 0.0004 0.5319 -0.8468
vn 0.0005 0.1099 0.9939
vn 0.0003 -0.9653 -0.2612
vn 0.0004 -0.9653 0.2611
vn 0.0003 -0.7167 0.6973
vn 0.0005 -0.7168 0.6973
vn 0.0003 -0.3907 0.9205
vn -0.0458 0.9561 0.2894
vn 0.0005 0.9594 0.2821
vn -0.0006 0.9594 0.2820
vn -0.0005 0.9594 0.2821
vn 0.0459 0.9563 0.2889
vn 0.0458 0.9561 0.2894
vn 0.8200 0.5000 0.2786
vn 0.8199 0.5000 0.2787
vn 0.8652 0.4176 0.2775
vn 0.8653 0.4176 0.2772
vn 0.8629 -0.4225 0.2774
vn 0.8630 -0.4226 0.2768
vn 0.8454 -0.4605 0.2708
vn 0.8454 -0.4605 0.2706
vn 0.8454 -0.4605 0.2705
vn 0.8225 -0.4961 0.2780
vn 0.8225 -0.4960 0.2784
vn 0.0509 -0.9559 0.2894
vn 0.0509 -0.9558 0.2896
vn 0.0008 -0.3907 0.9205
vn -0.0509 -0.9558 0.2896
vn -0.8225 -0.4961 0.2780
vn -0.0509 -0.9559 0.2894
vn 0.0004 -0.9594 0.2821
vn 0.0509 -0.9559 0.2893
vn -0.8225 -0.4960 0.2784
vn -0.8454 -0.4605 0.2706
vn -0.8454 -0.4605 0.2705
vn -0.8630 -0.4225 0.2768
vn -0.8454 -0.4605 0.2708
vn -0.8629 -0.4225 0.2774
vn -0.8652 0.4176 0.2775
vn -0.8653 0.4176 0.2772
vn -0.8200 0.5001 0.2786
vn -0.8199 0.5000 0.2787
vn -0.0459 0.9563 0.2889
vn -0.0005 -0.9711 0.2388
vn 0.0006 -0.9510 -0.3092
vn -0.0000 -0.9711 0.2388
vn 0.0004 -0.8879 0.4600
vn 0.0005 -0.8879 0.4601
vn -0.0005 -0.8878 0.4601
vn -0.0005 -0.8879 0.4601
vn 0.0006 -0.8878 0.4602
vn -0.0006 -0.8878 0.4602
vn 0.0005 0.6792 -0.7340
vn 0.3246 0.7961 -0.5107
vn 0.0005 0.7313 -0.6820
vn 0.3018 0.8124 -0.4988
vn 0.5228 0.8035 -0.2848
vn 0.5943 0.7911 -0.1445
vn 0.3135 0.9447 -0.0967
vn 0.7308 0.5181 -0.4445
vn 0.8757 0.4333 -0.2132
vn 0.9331 0.2451 -0.2632
vn 0.9654 0.2213 -0.1376
vn 0.6961 0.5329 -0.4812
vn 0.9971 0.0005 -0.0755
vn 0.7111 0.5875 -0.3863
vn 0.7154 0.6569 -0.2382
vn 0.0006 0.8687 -0.4954
vn -0.0006 0.9814 -0.1921
vn -0.0005 0.8687 -0.4953
vn -0.7154 0.6569 -0.2382
vn -0.9972 0.0005 -0.0754
vn -0.9971 -0.0004 -0.0755
vn -0.7111 0.5875 -0.3863
vn -0.9971 0.0005 -0.0755
vn -0.0005 0.7313 -0.6820
vn -0.6961 0.5329 -0.4812
vn -0.9331 0.2451 -0.2632
vn -0.0005 0.6792 -0.7340
vn -0.3246 0.7961 -0.5107
vn -0.7308 0.5181 -0.4444
vn -0.8757 0.4333 -0.2132
vn -0.9654 0.2213 -0.1376
vn -0.5228 0.8035 -0.2848
vn -0.3018 0.8124 -0.4988
vn -0.5943 0.7911 -0.1445
vn -0.3135 0.9447 -0.0967
vn -0.0118 0.9121 -0.4098
vn -0.2549 0.9046 -0.3416
vn -0.0005 1.0000 -0.0006
vn 0.0006 1.0000 -0.0006
vn 0.0118 0.9121 -0.4099
vn 0.2549 0.9046 -0.3416
vn 0.0005 0.9651 -0.2621
vn 0.0005 0.9657 0.2598
vn -0.0000 0.7173 0.6968
vn 0.0006 0.9651 -0.2619
vn 0.0004 0.7173 0.6967
vn 0.0004 0.7159 -0.6982
vn 0.0005 0.3268 0.9451
vn -0.0000 0.7158 -0.6983
vn 0.0004 0.3251 -0.9457
vn -0.0000 -0.1089 0.9941
vn 0.0003 0.3251 -0.9457
vn 0.0003 -0.1109 -0.9938
vn 0.0004 -0.5313 0.8472
vn 0.0005 -0.5313 0.8472
vn 0.0004 -0.5330 -0.8461
vn 0.0005 -0.8657 0.5006
vn -0.0000 -1.0000 0.0017
vn 0.0005 -1.0000 0.0017
vn 0.0004 -0.8668 -0.4986
vn -0.0000 -1.0000 0.0016
vn 0.0005 -1.0000 0.0016
vn -0.0003 0.3907 0.9205
vn -0.0000 0.3907 0.9205
vn -0.9928 0.1075 -0.0522
vn -0.9872 -0.1594 0.0006
vn -0.9841 0.1732 -0.0401
vn -0.9866 -0.1610 -0.0279
vn -0.9815 -0.1648 -0.0979
vn -0.9311 0.3516 -0.0975
vn -0.9815 -0.1647 -0.0978
vn -0.2857 0.9482 -0.1392
vn -0.2857 0.9482 -0.1389
vn -0.8020 0.5910 -0.0866
vn 0.2857 0.9482 -0.1389
vn 0.2857 0.9482 -0.1392
vn 0.9928 0.1075 -0.0522
vn 0.9311 0.3516 -0.0975
vn 0.8020 0.5910 -0.0866
vn 0.9841 0.1732 -0.0401
vn 0.9872 -0.1593 0.0006
vn 0.9866 -0.1610 -0.0279
vn 0.9815 -0.1648 -0.0979
vn 0.9813 -0.1656 -0.0979
vn -0.0005 0.8744 0.4853
vn -0.0004 0.8446 0.5355
vn 0.0004 0.8446 0.5355
vn -0.0005 0.8759 0.4825
vn 0.0005 0.8759 0.4825
vn -0.0005 0.9613 0.2756
vn 0.0005 0.9613 0.2756
vn 0.0005 0.9989 0.0467
vn -0.0005 0.9989 0.0467
vn -0.0005 1.0000 0.0005
vn 0.0004 0.8664 0.4994
vn -0.0000 0.5319 0.8468
vn 0.0004 0.1099 0.9939
vn 0.0169 -0.4289 -0.9032
vn 0.5861 -0.3676 -0.7220
vn 0.0187 -0.4326 -0.9014
vn 0.6680 -0.4075 -0.6227
vn 0.0149 -0.4326 -0.9014
vn 0.0533 -0.4093 -0.9109
vn 0.3410 -0.2677 -0.9012
vn -0.0005 -0.4301 -0.9028
vn 0.0398 -0.3971 -0.9169
vn 0.0505 -0.0610 -0.9969
vn -0.0398 -0.3971 -0.9169
vn 0.0004 -0.4301 -0.9028
vn 0.3116 -0.2567 -0.9149
vn 0.0552 -0.0458 -0.9974
vn 0.3118 -0.2566 -0.9148
vn -0.0505 -0.0610 -0.9969
vn -0.0552 -0.0458 -0.9974
vn -0.3119 -0.2566 -0.9148
vn -0.3120 -0.2565 -0.9148
vn -0.3410 -0.2677 -0.9012
vn -0.0533 -0.4093 -0.9109
vn -0.5861 -0.3676 -0.7220
vn -0.0169 -0.4289 -0.9032
vn -0.0187 -0.4326 -0.9014
vn -0.0149 -0.4326 -0.9014
vn -0.6680 -0.4075 -0.6227
vn -0.0000 0.5759 -0.8175
vn 0.0003 0.5360 -0.8442
vn 0.0005 0.5759 -0.8176
vn 0.0003 0.8183 -0.5748
vn 0.0006 0.8182 -0.5749
vn -0.0000 0.9803 -0.1975
vn -0.0005 0.9803 -0.1975
vn -0.0005 0.9816 -0.1911
vn 0.0005 0.9816 -0.1911
vn -0.0005 0.9998 -0.0177
vn 0.0005 0.9998 -0.0177
vn 0.0003 -0.3590 -0.9333
vn 0.0683 -0.3582 -0.9311
vn 0.7025 -0.2555 -0.6642
vn 0.7026 -0.2555 -0.6642
vn 0.8941 -0.1610 -0.4178
vn 0.8940 -0.1607 -0.4182
vn -0.0683 -0.3582 -0.9312
vn -0.7025 -0.2556 -0.6642
vn -0.7026 -0.2555 -0.6642
vn -0.8941 -0.1610 -0.4178
vn -0.8940 -0.1607 -0.4182
vn -0.0683 -0.3582 -0.9311
vn 0.0003 0.0003 1.0000
vn 0.0004 -0.0004 1.0000
vn 0.0005 0.0005 1.0000
vn -0.0000 -0.3263 -0.9453
vn -0.0000 0.1099 0.9939
vn 0.0005 -0.7169 -0.6972
vn 0.0005 -0.1099 0.9939
vn -0.0000 -0.7166 -0.6975
vn -0.0000 -0.1099 0.9939
vn 0.0005 -0.3261 0.9453
vn 0.6323 0.7544 -0.1765
vn 0.8262 0.5404 -0.1591
vn 0.6386 0.7384 -0.2168
vn 0.7979 0.6011 -0.0440
vn 0.2972 0.7017 0.6475
vn 0.4119 0.6334 0.6551
vn 0.5469 0.8299 -0.1102
vn 0.6947 0.7075 -0.1298
vn 0.6801 0.7033 -0.2069
vn 0.5725 0.4793 0.6652
vn 0.8970 0.4243 -0.1244
vn 0.8104 0.5617 -0.1666
vn 0.9048 0.4233 -0.0465
vn 0.6752 0.2764 0.6839
vn 0.8750 0.4643 -0.1369
vn 0.8806 0.4693 -0.0662
vn 0.6378 0.3577 0.6822
vn 0.6165 0.7550 -0.2235
vn 0.6208 0.7690 -0.1526
vn 0.4273 0.6226 0.6555
vn 0.2038 0.9392 -0.2762
vn 0.2065 0.9573 -0.2022
vn 0.1450 0.7518 0.6432
vn -0.2002 0.9582 -0.2043
vn -0.1381 0.7553 0.6407
vn -0.1987 0.9400 -0.2772
vn -0.4243 0.6216 0.6585
vn -0.6164 0.7724 -0.1535
vn -0.6124 0.7577 -0.2255
vn -0.6424 0.3476 0.6830
vn -0.8873 0.4570 -0.0620
vn -0.8819 0.4521 -0.1338
vn -0.6752 0.2764 0.6839
vn -0.9048 0.4233 -0.0465
vn -0.8970 0.4243 -0.1243
vn -0.5725 0.4793 0.6652
vn -0.6947 0.7075 -0.1298
vn -0.4117 0.6340 0.6547
vn -0.6801 0.7033 -0.2069
vn -0.8103 0.5618 -0.1666
vn -0.6386 0.7384 -0.2168
vn -0.5470 0.8299 -0.1102
vn -0.6338 0.7532 -0.1764
vn -0.8261 0.5406 -0.1592
vn -0.2972 0.7017 0.6475
vn -0.7979 0.6012 -0.0440
vn -0.0000 -0.9932 0.1164
vn -0.0000 -0.9989 -0.0468
vn 0.0005 -0.9932 0.1164
vn 0.0005 -0.9989 -0.0468
vn -0.0000 -0.6603 0.7510
vn -0.0000 -0.6857 -0.7279
vn 0.0005 -0.6603 0.7510
vn 0.0005 -0.1879 0.9822
vn 0.0005 -0.0788 -0.9969
vn -0.0000 -0.0788 -0.9969
vn -0.0000 -0.1189 0.9929
vn -0.0005 -0.1189 0.9929
vn -0.0005 0.6225 -0.7826
vn -0.0005 -0.6852 0.7284
vn 0.0005 -0.6852 0.7284
vn -0.0004 0.6893 -0.7245
vn -0.0004 -0.6893 0.7245
vn 0.0004 0.6893 -0.7245
vn -0.0006 -0.6892 0.7246
vn 0.0006 -0.6892 0.7246
vn -0.0005 0.6892 -0.7245
vn 0.0004 -0.6893 0.7245
vn -0.0003 0.6893 -0.7245
vn -0.0000 0.6894 -0.7243
vn -0.0183 0.6896 -0.7239
vn -0.6184 0.5435 -0.5676
vn -0.7078 0.4870 -0.5117
vn -0.7517 0.4544 -0.4779
vn -0.9283 0.2562 -0.2693
vn -1.0000 0.0042 -0.0046
vn -1.0000 0.0042 -0.0036
vn -1.0000 0.0004 0.0005
vn -1.0000 0.0003 0.0004
vn -1.0000 0.0004 -0.0005
vn -1.0000 0.0004 -0.0004
vn -0.0005 -0.7673 0.6413
vn -0.0000 -0.9482 0.3175
vn -0.0003 -0.7672 0.6414
vn -0.0004 -0.7673 0.6413
vn 0.0004 -0.7673 0.6413
vn -0.0005 -0.9482 0.3175
vn 0.0005 -0.9912 0.1323
vn -0.0000 -0.9912 0.1323
vn -0.0086 -0.8910 0.4539
vn -0.0024 -0.5935 0.8049
vn -0.0024 -0.5935 0.8048
vn 0.0005 -0.5574 0.8302
vn -0.0005 -0.5574 0.8302
vn -0.0005 -0.5574 0.8303
vn 0.0024 -0.5935 0.8049
vn 0.0024 -0.5935 0.8048
vn 0.0086 -0.8910 0.4539
vn 0.0005 -0.9482 0.3175
vn 0.0004 -0.7672 0.6414
vn 0.0004 1.0000 0.0004
vn 0.0006 1.0000 0.0006
vn -0.7235 -0.6902 -0.0162
vn -0.2524 -0.9676 0.0005
vn -0.2525 -0.9676 0.0004
vn -0.7235 -0.6901 -0.0162
vn 0.2525 -0.9676 0.0004
vn -0.8492 -0.5274 -0.0273
vn 0.2524 -0.9676 0.0005
vn -0.9618 -0.2737 -0.0076
vn 0.7235 -0.6902 -0.0162
vn 0.7235 -0.6901 -0.0162
vn -0.9950 0.1001 -0.0046
vn 0.8492 -0.5274 -0.0273
vn 0.9618 -0.2737 -0.0076
vn 0.9950 0.1001 -0.0046
vn -0.8848 0.4657 -0.0159
vn -0.9410 0.3382 -0.0138
vn -0.4721 0.8815 -0.0090
vn 0.0005 1.0000 -0.0000
vn 0.8848 0.4657 -0.0159
vn 0.9410 0.3382 -0.0138
vn 0.4721 0.8815 -0.0090
vn 0.0006 1.0000 -0.0000
vn 0.0006 1.0000 0.0005
vn -0.0005 1.0000 -0.0005
vn -0.0006 1.0000 0.0006
vn 0.0003 0.6731 0.7396
vn 0.0005 0.0147 0.9999
vn -0.0000 0.0147 0.9999
vn -0.0000 0.6731 0.7396
vn -0.0005 0.9906 0.1367
vn -0.0000 0.9906 0.1367
vn 0.0005 0.9906 -0.1367
vn -0.0000 0.9906 -0.1367
vn -0.0000 0.6731 -0.7396
vn 0.0005 0.6731 -0.7396
vn -0.0005 0.0138 -0.9999
vn -0.0000 0.0138 -0.9999
vn 0.0005 0.0138 -0.9999
vn 0.0005 0.9906 0.1367
vn -0.0004 1.0000 0.0004
vn 0.8713 0.4908 0.0015
vn 0.7460 0.6659 0.0005
vn 0.9351 0.3545 0.0026
vn 0.9351 0.3544 0.0036
vn 0.9865 -0.1638 0.0005
vn 0.8316 -0.5554 -0.0015
vn 0.9386 -0.3450 -0.0025
vn 0.4399 0.8981 0.0005
vn 0.9199 0.3922 -0.0015
vn 0.4403 0.8979 0.0005
vn 0.0005 1.0000 0.0016
vn 0.9613 -0.2754 -0.0036
vn 0.9611 -0.2763 -0.0036
vn -0.4403 0.8979 0.0005
vn 0.8316 -0.5554 -0.0016
vn -0.4399 0.8981 0.0005
vn -0.7460 0.6659 -0.0002
vn -0.7460 0.6659 0.0005
vn -0.8713 0.4908 0.0015
vn -0.9351 0.3545 0.0026
vn -0.9199 0.3922 -0.0015
vn -0.9351 0.3544 0.0026
vn -0.9199 0.3922 -0.0026
vn -0.9865 -0.1638 0.0005
vn -0.9613 -0.2754 -0.0036
vn -0.9865 -0.1638 0.0015
vn -0.9611 -0.2763 -0.0036
vn -0.8316 -0.5554 -0.0016
vn -0.9386 -0.3450 -0.0026
vn -0.8316 -0.5554 -0.0015
vn -0.9386 -0.3450 -0.0025
vn -0.4862 -0.8739 -0.0000
vn -0.0005 -0.9994 -0.0338
vn -0.0003 -0.9994 -0.0337
vn -0.0004 -0.9994 -0.0337
vn 0.0004 -0.9994 -0.0337
vn -0.0000 -0.9994 -0.0335
vn 0.0005 -0.9994 -0.0338
vn 0.0003 -0.9994 -0.0337
vn -0.0026 -0.9994 -0.0338
vn 0.0026 -0.9994 -0.0338
vn -0.0026 -0.9994 -0.0334
vn -0.7223 -0.6909 -0.0307
vn -0.8937 -0.4474 -0.0333
vn 0.7223 -0.6909 -0.0308
vn 0.7223 -0.6909 -0.0307
vn 0.8937 -0.4474 -0.0333
vn -0.0005 0.0521 -0.9986
vn -0.0000 0.0521 -0.9986
vn 0.0004 0.6731 -0.7396
vn 0.0005 0.9999 -0.0135
vn -0.0000 0.9999 -0.0135
vn 0.0005 0.9959 0.0906
vn 0.0005 0.4301 0.9028
vn -0.0005 0.9959 0.0906
vn 0.0004 0.4301 0.9028
vn 0.0005 0.9959 -0.0906
vn -0.0005 0.9959 -0.0906
vn 0.0004 0.4301 -0.9028
vn 0.0003 0.4302 -0.9027
vn -0.1825 -0.9764 0.1152
vn -0.0894 -0.9892 0.1163
vn -0.0894 -0.9892 0.1162
vn -0.1822 -0.9765 0.1151
vn 0.1761 -0.9776 0.1151
vn 0.0006 -0.9931 0.1175
vn -0.1761 -0.9776 0.1151
vn 0.0894 -0.9892 0.1162
vn 0.1825 -0.9764 0.1152
vn 0.0005 0.5302 0.8479
vn 0.0003 0.4302 0.9027
vn -0.0005 0.5302 0.8479
vn 0.0005 0.8361 0.5485
vn -0.0005 0.8361 0.5485
vn -0.0005 0.9999 0.0102
vn 0.0005 0.9999 0.0102
vn 0.0005 0.9999 -0.0103
vn -0.0005 0.9999 -0.0102
vn -0.0005 0.8361 -0.5485
vn 0.0005 0.8361 -0.5485
vn -0.0005 0.5302 -0.8479
vn 0.0005 0.5302 -0.8479
vn 0.0005 0.4301 -0.9028
vn 0.0005 0.9999 -0.0102
vn 0.0006 0.4300 0.9028
vn 0.0005 0.8364 -0.5481
vn -0.0005 0.9999 -0.0103
vn 0.0006 0.4300 -0.9028
vn -0.0000 0.9316 -0.3635
vn -0.0000 0.9435 -0.3313
vn -0.0005 0.9316 -0.3635
vn 0.0005 0.9435 -0.3313
vn 0.0005 0.1181 -0.9930
vn -0.0000 0.1181 -0.9930
vn 0.0004 0.0343 -0.9994
vn 0.0003 0.0344 -0.9994
vn 0.0002 0.0344 -0.9994
vn 0.0005 0.5798 0.8148
vn -0.0000 0.5798 0.8148
vn -0.0004 0.4859 0.8740
vn 0.0004 0.4865 0.8737
vn 0.0003 0.4860 0.8740
vn -0.8938 0.4484 -0.0005
vn -0.9351 0.3544 0.0005
vn -0.8938 0.4485 -0.0005
vn -0.5759 0.8175 -0.0016
vn -0.5758 0.8176 -0.0016
vn -0.0296 0.9996 0.0005
vn -0.0295 0.9996 0.0005
vn 0.0295 0.9996 0.0005
vn 0.5758 0.8176 -0.0016
vn 0.5759 0.8175 -0.0016
vn 0.8938 0.4485 -0.0005
vn 0.8938 0.4484 -0.0005
vn 0.9351 0.3545 0.0006
vn 0.9351 0.3544 0.0005
vn -0.2626 0.9649 -0.0005
vn -0.2565 0.9665 0.0005
vn -0.2626 0.9649 0.0005
vn -0.1836 0.9830 -0.0004
vn -0.7501 0.6613 -0.0026
vn -0.9752 0.2214 -0.0002
vn -0.9754 0.2205 -0.0015
vn -1.0000 0.0005 0.0036
vn -1.0000 0.0005 0.0035
vn -0.9032 0.4291 -0.0000
vn -0.9032 0.4291 0.0005
vn -0.5829 0.8126 0.0006
vn -0.0347 0.9994 0.0005
vn -0.0347 0.9994 -0.0000
vn 0.0347 0.9994 -0.0000
vn 0.0347 0.9994 0.0005
vn 0.5829 0.8126 0.0006
vn 0.9032 0.4291 -0.0000
vn 0.9032 0.4291 0.0005
vn 0.9351 0.3544 0.0003
vn 0.9351 0.3544 -0.0005
vn 0.9351 0.3545 0.0007
vn -0.0004 -0.9860 0.1665
vn 0.0003 -0.9861 0.1664
vn 0.0030 -0.9844 0.1761
vn -0.0005 -0.9860 0.1666
vn 0.0004 -0.9860 0.1665
vn 0.0005 -0.9844 0.1761
vn 0.0045 -0.7130 0.7012
vn 0.0045 -0.7129 0.7012
vn 0.0005 -0.9860 0.1666
vn -0.0003 -0.9861 0.1664
vn -0.0005 -0.9844 0.1761
vn -0.0045 -0.7130 0.7012
vn -0.0045 -0.7129 0.7012
vn -0.0000 0.9579 0.2873
vn 0.0005 0.9578 0.2873
vn 0.0005 0.6731 0.7396
vn 0.0006 0.6731 0.7396
vn -0.0005 0.9579 0.2873
vn -0.0000 0.9578 0.2873
vn -0.0005 0.9857 -0.1687
vn 0.0005 0.9857 -0.1687
vn -0.0005 0.9857 0.1687
vn 0.0005 0.9857 0.1687
vn -0.1357 -0.9805 0.1418
vn -0.2376 -0.9613 0.1395
vn -0.1358 -0.9805 0.1418
vn 0.3234 -0.9365 0.1359
vn 0.0004 -0.9896 0.1440
vn -0.0005 -0.9896 0.1441
vn -0.3234 -0.9365 0.1359
vn 0.1357 -0.9805 0.1418
vn 0.1358 -0.9805 0.1419
vn 0.2376 -0.9613 0.1395
vn 0.1691 0.9856 -0.0000
vn -0.1701 0.9854 -0.0059
vn 0.1701 0.9854 -0.0059
vn 0.7274 0.6862 -0.0047
vn 0.7274 0.6862 0.0005
vn 0.7223 0.6297 -0.2860
vn -0.1691 0.9856 0.0005
vn 0.1940 0.8907 -0.4110
vn 0.7137 0.4724 -0.5171
vn -0.7274 0.6862 -0.0057
vn -0.7274 0.6862 0.0006
vn -0.7220 0.6262 -0.2944
vn -0.1971 0.8891 -0.4132
vn -0.7130 0.4699 -0.5204
vn 0.7039 0.3694 -0.6066
vn 0.1917 0.6596 -0.7268
vn -0.7039 0.3630 -0.6106
vn -0.7038 0.3630 -0.6106
vn -0.1896 0.6583 -0.7284
vn 0.0697 0.2384 -0.9687
vn 0.0959 0.1207 -0.9880
vn -0.0659 0.2366 -0.9694
vn -0.0911 0.1180 -0.9888
vn -0.0005 0.0779 -0.9970
vn 0.0005 0.0779 -0.9970
vn -0.0005 0.0778 -0.9970
vn 0.0005 -0.2474 0.9689
vn 0.0003 -0.2720 0.9623
vn -0.0000 -0.2474 0.9689
vn 0.0005 0.0156 0.9999
vn 0.0003 0.0156 0.9999
vn -0.0000 0.2656 0.9641
vn -0.0005 0.2656 0.9641
vn -0.0000 0.2131 0.9770
vn -0.0004 0.2131 0.9770
vn 0.0006 -0.6872 -0.7265
vn -0.0000 -0.6872 -0.7265
vn -0.0000 -0.3914 -0.9202
vn 0.0005 -0.3914 -0.9202
vn -0.0003 0.9772 0.2121
vn -0.0006 0.9772 0.2122
vn -0.0005 0.9772 0.2122
vn 0.0005 0.9772 0.2122
vn 0.0003 0.9772 0.2121
vn 0.0006 0.9772 0.2122
vn -0.0005 0.9075 -0.4201
vn 0.0005 0.9075 -0.4201
vn 0.0006 0.9075 -0.4200
vn 0.0006 0.9075 -0.4201
vn -0.8391 0.5439 0.0077
vn -0.5377 0.8429 0.0185
vn -0.6380 0.7699 0.0100
vn -0.7012 0.7128 0.0110
vn -0.3197 0.9475 0.0048
vn -0.4260 0.9047 0.0038
vn -0.2442 0.9697 0.0059
vn -0.2419 0.9700 0.0241
vn -0.3100 0.7922 0.5256
vn -0.1466 0.8257 0.5448
vn -0.1666 0.6384 0.7514
vn -0.0811 0.6534 0.7526
vn -0.3249 0.5390 0.7771
vn -0.5557 0.6044 0.5709
vn -0.4119 0.4168 0.8103
vn -0.8363 0.5477 0.0222
vn -0.6560 0.3923 0.6448
vn -0.6674 0.3237 0.6707
vn -0.4260 0.3744 0.8236
vn -0.9966 0.0733 0.0370
vn -0.9760 0.2176 0.0015
vn -0.9621 0.2726 0.0026
vn -0.9737 0.2261 0.0280
vn -0.9983 0.0576 0.0005
vn 0.9983 0.0576 0.0005
vn 0.9737 0.2261 0.0280
vn 0.9966 0.0733 0.0370
vn 0.9760 0.2176 0.0015
vn 0.6560 0.3923 0.6448
vn 0.6674 0.3237 0.6707
vn 0.4116 0.4165 0.8107
vn 0.4260 0.3744 0.8236
vn 0.8363 0.5478 0.0222
vn 0.5557 0.6044 0.5709
vn 0.3249 0.5390 0.7771
vn 0.8391 0.5439 0.0077
vn 0.9621 0.2726 0.0025
vn 0.5377 0.8429 0.0185
vn 0.3100 0.7922 0.5256
vn 0.1666 0.6384 0.7514
vn 0.1466 0.8257 0.5448
vn 0.0811 0.6534 0.7526
vn 0.2420 0.9700 0.0241
vn 0.2442 0.9697 0.0059
vn 0.3197 0.9475 0.0048
vn 0.6380 0.7699 0.0100
vn 0.4260 0.9047 0.0038
vn 0.7013 0.7128 0.0110
vn -0.9568 -0.2802 0.0769
vn -0.9569 -0.2802 0.0766
vn 0.9569 -0.2802 0.0766
vn 0.9568 -0.2802 0.0769
vn 0.9568 -0.2802 0.0771
vn -0.3575 0.9339 -0.0000
vn 0.3575 0.9339 -0.0000
vn -0.3575 0.9339 0.0005
vn 0.3575 0.9339 -0.0005
vn -0.9719 0.2353 -0.0000
vn 0.9719 0.2353 -0.0000
vn -0.9719 0.2353 0.0005
vn -0.8574 -0.5147 0.0005
vn 0.9719 0.2353 0.0005
vn 0.8574 -0.5147 0.0005
vn -0.0005 -0.9847 0.1740
vn 0.0005 -0.9847 0.1740
vn -0.0006 -0.9848 0.1740
vn 0.0006 -0.9848 0.1740
vn 0.6567 0.0004 0.7542
vn 0.2395 0.0004 0.9709
vn 0.6566 0.0003 0.7542
vn -0.2225 0.0004 0.9749
vn -0.2225 0.0005 0.9749
vn 0.9340 0.0004 0.3573
vn 0.9910 0.0003 -0.1342
vn 0.9910 0.0004 -0.1342
vn 0.8075 0.0004 -0.5898
vn 0.4437 -0.0000 -0.8962
vn 0.4438 0.0003 -0.8961
vn -0.0089 0.0003 -1.0000
vn -0.0089 0.0004 -1.0000
vn -0.4595 0.0004 -0.8882
vn -0.4596 0.0003 -0.8881
vn -0.8187 0.0004 -0.5743
vn -0.9933 0.0004 -0.1158
vn -0.9272 0.0004 0.3745
vn -0.9272 0.0003 0.3745
vn -0.6426 0.0004 0.7662
vn -0.2226 0.0004 0.9749
vn -0.2226 0.0005 0.9749
vn 0.0004 -0.9955 0.0950
vn 0.0005 -0.9955 0.0949
vn 0.0005 -0.6731 0.7396
vn -0.0000 -0.9428 0.3333
vn 0.0005 -0.9428 0.3333
vn 0.6943 0.0004 -0.7197
vn 0.6903 0.1074 -0.7155
vn 0.7080 0.4753 -0.5223
vn 0.7273 0.6862 -0.0131
vn 0.7273 0.6862 -0.0130
vn -0.6903 0.1074 -0.7155
vn -0.6943 0.0004 -0.7197
vn -0.7081 0.4752 -0.5222
vn -0.7081 0.4753 -0.5222
vn -0.7273 0.6862 -0.0131
vn -0.7273 0.6862 -0.0130
vn -0.7274 0.6862 0.0005
vn -0.0000 -0.7493 -0.6622
vn 0.0005 -0.7498 -0.6616
vn -0.0005 -0.6731 -0.7396
vn -0.0005 -0.9982 0.0596
vn 0.0005 -0.9982 0.0596
vn -0.0000 -0.9941 0.1088
vn -0.0000 -0.6731 -0.7396
vn -0.0005 -0.7493 -0.6622
vn 0.0005 -0.7493 -0.6622
vn 0.0005 -0.6857 -0.7279
vn -0.0005 -0.9989 -0.0468
vn 0.0005 0.6225 -0.7826
vn 0.0005 -0.1189 0.9929
vn -0.0000 -0.6852 0.7284
vn 0.0003 0.6893 -0.7245
vn 0.0183 0.6896 -0.7239
vn 0.6184 0.5435 -0.5676
vn 0.7078 0.4870 -0.5117
vn 0.7517 0.4544 -0.4779
vn 0.9283 0.2562 -0.2693
vn 1.0000 0.0042 -0.0046
vn 1.0000 0.0042 -0.0036
vn 1.0000 0.0003 0.0004
vn 1.0000 0.0004 0.0004
vn 0.0947 0.9955 -0.0000
vn 0.4431 0.8965 0.0005
vn 0.0947 0.9955 0.0005
vn -0.8859 0.4639 0.0005
vn -0.8859 0.4639 -0.0000
vn -0.9308 0.3636 -0.0362
vn -0.9380 0.3447 -0.0362
vn -0.9277 0.3732 -0.0000
vn -0.9456 -0.3252 0.0005
vn -0.9669 0.2344 -0.1011
vn -0.9530 0.2829 -0.1084
vn -0.4431 0.8965 0.0005
vn -0.0947 0.9955 -0.0005
vn -0.0947 0.9955 -0.0000
vn 0.8859 0.4639 -0.0000
vn 0.8859 0.4639 0.0005
vn 0.9308 0.3636 -0.0362
vn 0.9380 0.3447 -0.0352
vn 0.9277 0.3732 0.0005
vn 0.9456 -0.3252 0.0005
vn 0.9669 0.2344 -0.1011
vn 0.9530 0.2829 -0.1084
vn 0.9529 0.2832 -0.1085
vn 0.9172 0.3979 -0.0199
vn 0.8688 0.4952 0.0077
vn 0.8011 0.5985 0.0036
vn 0.8650 0.5014 0.0180
vn 0.8739 0.4859 0.0118
vn 0.8962 0.4407 0.0518
vn 0.8780 0.4782 -0.0221
vn 0.9280 0.3706 0.0383
vn 0.9459 0.3244 -0.0005
vn 0.9459 0.3245 -0.0003
vn 0.9459 0.3244 0.0003
vn 0.8473 0.4615 -0.2628
vn 0.7772 0.6293 0.0057
vn 0.9459 0.3245 0.0003
vn 0.9459 0.3244 0.0005
vn 0.8144 -0.5801 -0.0170
vn 0.7714 -0.6361 -0.0192
vn 0.7806 -0.6250 -0.0005
vn 0.5129 -0.8585 -0.0000
vn 0.9204 0.3911 0.0005
vn 0.8032 0.5957 -0.0005
vn 0.7274 0.6862 0.0006
vn 0.7274 0.6862 -0.0000
vn 0.7274 0.6863 -0.0000
vn 0.7368 0.6761 0.0005
vn 0.7797 0.6261 0.0005
vn 0.9459 0.3246 -0.0000
vn 0.0324 0.9541 -0.2978
vn 0.6786 0.7010 -0.2192
vn 0.6787 0.7010 -0.2192
vn 0.0324 0.9541 -0.2976
vn 0.0006 0.9546 -0.2978
vn 0.0003 0.9546 -0.2979
vn -0.0324 0.9541 -0.2976
vn -0.0000 0.9546 -0.2980
vn -0.0324 0.9541 -0.2978
vn -0.6786 0.7010 -0.2193
vn -0.6787 0.7010 -0.2192
vn -0.7245 0.6580 -0.2050
vn -0.7492 0.6323 -0.1974
vn -0.7483 0.6333 -0.1974
vn -1.0000 0.0042 -0.0015
vn -1.0000 0.0004 0.0004
vn -0.5077 0.0004 -0.8616
vn 0.5077 -0.0004 -0.8616
vn 0.5077 0.0005 -0.8616
vn 0.9655 -0.0003 -0.2603
vn -0.5077 -0.0004 -0.8615
vn 0.9984 0.0005 -0.0563
vn -0.9655 -0.0003 -0.2603
vn 0.9984 -0.0005 -0.0562
vn -0.9984 0.0005 -0.0563
vn 0.8885 0.0005 0.4588
vn -0.9984 0.0005 -0.0562
vn -0.8886 -0.0005 0.4588
vn 0.8885 -0.0000 0.4588
vn -0.8885 -0.0005 0.4588
vn -0.9696 -0.2448 -0.0005
vn -0.9696 -0.2448 0.0005
vn -0.9737 -0.2279 0.0005
vn -0.9696 -0.2448 0.0004
vn -0.9739 -0.2270 0.0005
vn -1.0000 -0.0051 -0.0005
vn -0.9998 0.0189 0.0005
vn -0.9998 0.0199 0.0005
vn -0.6121 0.7908 -0.0005
vn -0.9696 -0.2447 0.0006
vn -0.5962 0.8028 0.0004
vn -0.6160 0.7877 0.0005
vn -0.6160 0.7878 -0.0000
vn -0.7845 0.6202 0.0006
vn -0.7844 0.6202 -0.0005
vn -0.9075 0.4199 0.0005
vn -0.9153 0.4027 0.0007
vn -0.9153 0.4027 0.0006
vn -0.9153 0.4027 0.0004
vn -0.9153 0.4027 -0.0006
vn -0.9153 0.4027 -0.0005
vn 0.9696 -0.2448 -0.0005
vn 0.9696 -0.2448 0.0005
vn 0.9737 -0.2279 0.0005
vn 0.9696 -0.2448 -0.0004
vn 0.9696 -0.2447 0.0006
vn 0.9739 -0.2270 0.0005
vn 0.9696 -0.2448 0.0004
vn 1.0000 -0.0051 -0.0005
vn 0.9998 0.0189 0.0005
vn 0.9998 0.0199 -0.0005
vn 0.6121 0.7908 -0.0005
vn 0.5963 0.8028 0.0006
vn 0.6160 0.7877 -0.0005
vn 0.5962 0.8028 0.0005
vn 0.6160 0.7877 0.0005
vn 0.5962 0.8028 0.0004
vn 0.7845 0.6202 0.0006
vn 0.7844 0.6202 0.0005
vn 0.9075 0.4199 -0.0005
vn 0.9075 0.4199 -0.0000
vn 0.9153 0.4027 0.0007
vn 0.9153 0.4027 0.0006
vn 0.9153 0.4027 -0.0006
vn 0.9153 0.4027 0.0004
vn 0.9153 0.4027 -0.0004
vn 0.9153 0.4027 -0.0007
vn 1.0000 -0.0014 -0.0015
vn 0.4908 -0.8708 0.0291
vn 0.4659 -0.6191 -0.6322
vn 0.4529 -0.1054 -0.8853
vn 1.0000 -0.0004 -0.0066
vn 0.9963 -0.0863 0.0026
vn 1.0000 0.0004 -0.0066
vn 0.9963 0.0862 -0.0036
vn 0.9963 -0.0862 0.0036
vn 0.2398 -0.6793 -0.6936
vn 0.2533 -0.9669 0.0315
vn 0.4525 0.0462 -0.8905
vn 1.0000 0.0014 -0.0015
vn 0.4634 0.5723 -0.6766
vn 0.4910 0.8702 -0.0408
vn 0.2382 0.6272 -0.7416
vn 0.2319 0.0593 -0.9709
vn 0.2323 -0.1246 -0.9646
vn -0.9494 -0.3140 0.0117
vn -0.9493 -0.3140 0.0117
vn -0.7337 -0.6790 0.0243
vn -1.0000 -0.0005 -0.0005
vn -0.0006 -0.9993 0.0381
vn -0.0005 -0.9993 0.0381
vn -0.7337 -0.6790 0.0255
vn -0.8034 -0.5949 -0.0264
vn -0.7271 -0.6859 -0.0276
vn -0.9971 -0.0005 -0.0755
vn -0.9971 -0.0003 -0.0755
vn -0.9971 0.0003 -0.0755
vn -0.9972 -0.0005 -0.0754
vn -0.8926 0.4339 -0.1224
vn -0.8901 0.4425 -0.1091
vn -0.5944 0.7911 -0.1445
vn -0.5943 0.7911 -0.1444
vn -0.5976 0.7914 -0.1287
vn -0.5998 0.7916 -0.1172
vn -0.3135 0.9447 -0.0966
vn -0.6057 0.7923 -0.0741
vn -0.3186 0.9454 -0.0688
vn -0.0006 1.0000 -0.0005
vn 0.0006 1.0000 -0.0005
vn -0.8824 0.4664 -0.0621
vn -0.9972 -0.0004 -0.0754
vn -1.0000 0.0005 -0.0005
vn -0.8990 0.4379 -0.0005
vn -0.6014 0.7990 0.0005
vn -0.8991 0.4377 -0.0005
vn -0.6014 0.7990 -0.0000
vn -1.0000 0.0005 0.0005
vn -0.6013 0.7990 -0.0005
vn -0.6013 0.7990 0.0005
vn -0.3216 0.9461 -0.0389
vn -0.3178 0.9481 -0.0005
vn -0.3180 0.9481 -0.0006
vn -0.0005 1.0000 -0.0002
vn -0.0006 1.0000 0.0005
vn 0.3178 0.9481 -0.0005
vn 0.3188 0.9478 -0.0005
vn 0.6013 0.7990 -0.0002
vn 0.3219 0.9460 -0.0390
vn 0.6013 0.7990 -0.0005
vn 0.6014 0.7990 0.0005
vn 0.3186 0.9454 -0.0688
vn 0.3135 0.9447 -0.0966
vn 0.6057 0.7923 -0.0741
vn 0.6014 0.7990 -0.0005
vn 0.8987 0.4385 -0.0005
vn 0.5998 0.7916 -0.1172
vn 0.0005 -0.9075 -0.4201
vn 0.0006 -0.9075 -0.4201
vn 0.0004 -0.9075 -0.4201
vn 0.0006 -0.9075 -0.4200
vn -0.0005 -0.9075 -0.4201
vn 0.9484 -0.2893 -0.1297
vn 0.8555 -0.3668 0.3654
vn 0.8114 -0.2738 0.5165
vn 0.8323 -0.4053 -0.3781
vn 0.8889 -0.1618 0.4287
vn 0.9264 -0.2283 -0.2995
vn 0.0005 0.5642 -0.8257
vn 0.0006 0.8896 -0.4568
vn 0.0004 0.9797 -0.2006
vn 0.0003 0.9797 -0.2007
vn -0.0000 0.5636 -0.8261
vn -0.0000 0.4649 -0.8854
vn 0.0005 0.4649 -0.8854
vn 0.0004 0.1915 -0.9815
vn 0.0003 0.0306 -0.9995
vn 0.0004 0.0307 -0.9995
vn -0.9886 0.1463 0.0350
vn -0.9886 0.1462 0.0348
vn -0.9886 0.1464 0.0353
vn 0.9886 0.1463 0.0350
vn 0.9886 0.1462 0.0348
vn -0.9967 -0.0807 0.0036
vn -0.9959 0.0900 -0.0035
vn -0.9943 0.1066 -0.0035
vn -0.5612 0.8271 -0.0311
vn -0.5607 0.8274 -0.0311
vn 0.0005 0.9993 -0.0381
vn 0.0003 0.9993 -0.0380
vn -0.9957 -0.0927 0.0035
vn -0.3044 -0.9519 0.0358
vn -0.2009 -0.9789 0.0371
vn 0.0003 -0.9993 0.0380
vn 0.3044 -0.9519 0.0361
vn 0.0006 -0.9993 0.0381
vn 0.2009 -0.9789 0.0370
vn 0.9967 -0.0807 0.0035
vn 0.9957 -0.0927 0.0035
vn 0.9959 0.0900 -0.0035
vn 0.9943 0.1066 -0.0035
vn 0.5612 0.8271 -0.0311
vn 0.5607 0.8274 -0.0311
vn -0.0005 0.9993 -0.0381
vn 0.9731 -0.1915 0.1283
vn 0.9986 -0.0042 0.0532
vn 0.9986 0.0217 0.0491
vn 0.9228 -0.3853 0.0005
vn 1.0000 -0.0051 -0.0000
vn 0.9153 -0.4027 0.0005
vn 0.9153 -0.4027 0.0007
vn 0.9153 -0.4027 0.0006
vn 0.9722 -0.1916 0.1344
vn 0.9490 0.3093 0.0616
vn 0.9533 0.2970 0.0545
vn -0.9358 0.3525 0.0015
vn -0.9200 0.2968 -0.2561
vn -0.9787 0.1277 -0.1606
vn -0.9041 0.2539 -0.3438
vn -0.9292 0.0969 -0.3567
vn -0.9788 0.1259 0.1616
vn -0.9197 0.2936 0.2605
vn -0.9051 0.2474 0.3458
vn -0.9300 0.0932 0.3556
vn -0.9797 -0.1249 0.1565
vn -0.9321 -0.0950 0.3496
vn -0.9795 -0.1240 -0.1585
vn -0.9123 -0.2429 0.3297
vn -0.9274 -0.2833 0.2442
vn -0.9427 -0.3336 -0.0015
vn -0.9312 -0.0923 -0.3526
vn -0.9263 -0.2815 -0.2503
vn -0.9116 -0.2391 -0.3345
vn 0.9358 0.3525 0.0015
vn 0.9787 0.1277 -0.1606
vn 0.9197 0.2973 -0.2565
vn 0.9041 0.2539 -0.3438
vn 0.9292 0.0969 -0.3567
vn 0.9788 0.1259 0.1616
vn 0.9193 0.2943 0.2614
vn 0.9051 0.2474 0.3458
vn 0.9300 0.0932 0.3556
vn 0.9797 -0.1249 0.1565
vn 0.9321 -0.0950 0.3496
vn 0.9795 -0.1240 -0.1585
vn 0.9123 -0.2429 0.3297
vn 0.9312 -0.0923 -0.3527
vn 0.9274 -0.2833 0.2442
vn 0.9116 -0.2391 -0.3345
vn 0.9427 -0.3336 -0.0015
vn 0.9263 -0.2815 -0.2503
vn -0.6140 0.6820 0.3972
vn -0.6077 0.6741 0.4198
vn -0.4054 0.6627 0.6297
vn -0.4973 0.6182 0.6087
vn -0.7046 0.7007 0.1121
vn -0.2773 0.6737 0.6850
vn 0.0004 0.6741 0.7386
vn -0.7011 0.7089 -0.0777
vn -0.6835 0.7084 -0.1757
vn -0.5717 0.6748 -0.4666
vn -0.3639 0.6692 -0.6479
vn 0.2773 0.6738 0.6850
vn 0.4054 0.6627 0.6297
vn 0.6140 0.6820 0.3972
vn 0.0005 0.6741 0.7386
vn 0.6077 0.6741 0.4198
vn 0.4973 0.6182 0.6087
vn 0.7046 0.7007 0.1121
vn 0.7011 0.7089 -0.0777
vn 0.6835 0.7084 -0.1757
vn 0.5718 0.6748 -0.4666
vn 0.5717 0.6748 -0.4666
vn 0.3639 0.6692 -0.6479
vn -1.0000 0.0003 -0.0004
vn -1.0000 0.0005 0.0006
vn 1.0000 0.0005 0.0006
vn 1.0000 0.0003 -0.0004
vn -0.9985 0.0419 -0.0360
vn -0.9993 0.0198 0.0319
vn -0.9993 0.0208 0.0319
vn -0.9987 -0.0004 0.0502
vn -0.9987 -0.0005 0.0501
vn -0.9985 0.0420 -0.0360
vn -0.9987 -0.0004 0.0501
vn -0.9987 0.0004 0.0502
vn -0.9987 0.0004 0.0501
vn 0.9985 0.0419 -0.0360
vn 0.9993 0.0198 0.0319
vn 0.9985 0.0420 -0.0360
vn 0.9993 0.0208 0.0319
vn 0.9987 -0.0004 0.0502
vn 0.9987 -0.0004 0.0501
vn 0.9987 0.0004 0.0502
vn 0.9987 0.0004 0.0501
vn 0.0254 0.9997 -0.0000
vn 0.8932 0.4496 -0.0000
vn 0.8932 0.4496 0.0005
vn 0.0254 0.9997 0.0005
vn -0.0254 0.9997 -0.0000
vn -0.0254 0.9997 0.0005
vn -0.8932 0.4496 0.0005
vn -0.8932 0.4496 -0.0000
vn -0.9285 0.3713 -0.0000
vn -0.9285 0.3713 0.0005
vn -0.9788 0.2047 0.0003
vn -0.9998 0.0217 0.0005
vn -0.9998 0.0216 -0.0005
vn -0.9998 -0.0217 -0.0000
vn -0.9998 -0.0217 -0.0005
vn -0.9788 -0.2046 0.0005
vn -0.9285 -0.3713 0.0005
vn -1.0000 -0.0005 0.0036
vn -0.9285 -0.3713 -0.0000
vn -0.9476 -0.0005 0.3194
vn -0.8932 -0.4496 -0.0000
vn -0.9476 0.0005 0.3194
vn -0.8932 -0.4496 0.0005
vn -0.5592 -0.8290 0.0005
vn -0.9760 0.0005 0.2179
vn -0.9762 -0.0005 0.2169
vn 0.8928 0.4504 -0.0000
vn 0.9273 0.3744 -0.0000
vn 0.8928 0.4504 0.0005
vn 0.9996 0.0272 0.0005
vn 0.9999 -0.0125 -0.0000
vn 0.9999 -0.0125 -0.0005
vn 0.9285 -0.3713 -0.0000
vn 0.9285 -0.3713 0.0005
vn 0.8932 -0.4496 -0.0005
vn 0.8932 -0.4496 -0.0000
vn 0.5592 -0.8290 0.0006
vn -0.8928 0.4504 0.0005
vn -0.8928 0.4504 -0.0000
vn -0.9533 0.2970 0.0545
vn -0.9273 0.3744 0.0005
vn -0.9490 0.3092 0.0616
vn -0.9986 0.0217 0.0491
vn -0.9731 -0.1915 0.1283
vn -0.9722 -0.1916 0.1344
vn -0.9153 -0.4027 0.0006
vn -0.9153 -0.4027 0.0005
vn -0.9153 -0.4027 0.0007
vn -0.9228 -0.3853 -0.0000
vn -0.9986 -0.0042 0.0532
vn -1.0000 -0.0051 0.0005
vn -0.9996 0.0272 -0.0000
vn -0.9999 -0.0125 -0.0005
vn -0.9999 -0.0125 -0.0000
vn -0.5592 -0.8290 0.0006
vn -0.9723 0.1517 0.1779
vn -0.9243 0.3818 0.0005
vn -0.9723 0.1517 -0.1779
vn -0.9256 0.3533 0.1362
vn -0.9256 0.3533 -0.1362
vn -0.8894 0.2938 0.3502
vn -0.8894 0.2939 -0.3502
vn -0.9122 0.1032 0.3965
vn -0.9086 -0.0151 0.4173
vn -0.8894 0.2938 -0.3502
vn -0.9122 0.1032 -0.3965
vn -0.9086 -0.0151 -0.4173
vn -0.9719 -0.1712 0.1617
vn -0.9069 -0.0995 0.4094
vn -0.8719 -0.3142 0.3756
vn -0.9173 -0.3864 0.0966
vn -0.9148 -0.4038 0.0005
vn -0.9719 -0.1712 -0.1618
vn -0.9073 -0.0995 -0.4085
vn -0.9149 -0.4037 0.0005
vn -0.8722 -0.3143 -0.3748
vn -0.9173 -0.3864 -0.0966
vn 0.9723 0.1517 -0.1779
vn 0.9243 0.3818 -0.0005
vn 0.9723 0.1517 0.1779
vn 0.9256 0.3533 0.1362
vn 0.9256 0.3533 -0.1362
vn 0.8894 0.2938 0.3502
vn 0.8894 0.2939 -0.3502
vn 0.8894 0.2938 0.3503
vn 0.9122 0.1032 0.3965
vn 0.9086 -0.0151 0.4173
vn 0.8894 0.2938 -0.3502
vn 0.9122 0.1031 -0.3965
vn 0.9086 -0.0151 -0.4173
vn 0.9719 -0.1712 0.1617
vn 0.9069 -0.0995 0.4094
vn 0.8719 -0.3142 0.3756
vn 0.9173 -0.3864 0.0966
vn 0.9149 -0.4037 0.0005
vn 0.9719 -0.1712 -0.1618
vn 0.9073 -0.0995 -0.4085
vn 0.9148 -0.4038 -0.0005
vn 0.8722 -0.3143 -0.3748
vn 0.9173 -0.3864 -0.0966
vn -0.9177 0.0344 -0.3957
vn -0.7028 -0.0974 -0.7046
vn -0.7023 0.0503 -0.7101
vn -0.9175 0.2569 -0.3037
vn -0.9178 -0.0610 -0.3923
vn -0.9185 -0.2767 -0.2826
vn -0.2319 0.0593 -0.9709
vn -0.7315 0.4405 -0.5205
vn -0.7279 0.6848 -0.0339
vn -0.9313 0.3638 -0.0189
vn -0.7282 0.6850 -0.0213
vn -0.9314 0.3639 -0.0107
vn -0.9183 0.2769 0.2828
vn -0.2532 0.9669 -0.0315
vn -0.7338 0.4752 0.4855
vn -0.2533 0.9663 -0.0466
vn -0.2382 0.6269 -0.7418
vn -0.4910 0.8702 -0.0408
vn -0.7028 0.0975 0.7046
vn -0.9178 0.0610 0.3923
vn -0.2397 0.6795 0.6934
vn -0.7023 -0.0503 0.7101
vn -0.9177 -0.0344 0.3957
vn -0.9175 -0.2569 0.3035
vn -0.2323 0.1246 0.9646
vn -0.2319 -0.0593 0.9709
vn -0.7315 -0.4405 0.5205
vn -0.4529 0.1054 0.8853
vn -0.2382 -0.6269 0.7418
vn -0.7279 -0.6848 0.0339
vn -0.9313 -0.3638 0.0189
vn -0.2533 -0.9663 0.0466
vn -0.7282 -0.6850 0.0213
vn -0.9314 -0.3639 0.0107
vn -0.2532 -0.9669 0.0315
vn -0.7338 -0.4753 -0.4855
vn -0.4918 -0.8697 0.0408
vn -0.2323 -0.1246 -0.9646
vn -0.2398 -0.6795 -0.6934
vn -0.4916 -0.8703 0.0291
vn -0.4529 -0.1054 -0.8853
vn -0.4659 -0.6191 -0.6322
vn -1.0000 -0.0014 -0.0015
vn -0.9963 -0.0862 0.0036
vn -1.0000 -0.0005 -0.0066
vn -0.9963 -0.0863 0.0026
vn -1.0000 0.0005 -0.0066
vn -0.4525 0.0462 -0.8906
vn -0.4634 0.5723 -0.6766
vn -1.0000 0.0014 -0.0016
vn -0.9963 0.0862 -0.0036
vn -0.9963 0.0863 -0.0025
vn -0.4908 0.8708 -0.0291
vn -0.4659 0.6191 0.6322
vn -1.0000 0.0014 0.0015
vn -1.0000 0.0005 0.0066
vn -0.4526 -0.0462 0.8905
vn -1.0000 -0.0004 0.0066
vn -1.0000 -0.0014 0.0015
vn -0.4634 -0.5723 0.6766
vn -0.3394 -0.0005 -0.9406
vn -0.3394 0.0005 -0.9406
vn -0.7057 -0.0005 -0.7086
vn -0.7057 -0.0005 -0.7085
vn -0.9964 -0.0005 -0.0845
vn -0.9964 0.0005 -0.0845
vn -0.9964 -0.0005 0.0845
vn -0.9964 0.0005 0.0845
vn -0.7057 0.0005 0.7086
vn -0.7057 0.0005 0.7085
vn -0.3394 -0.0005 0.9406
vn -0.3394 0.0005 0.9406
vn 0.9476 -0.0005 0.3194
vn 1.0000 -0.0005 0.0036
vn 1.0000 0.0005 0.0036
vn 0.9476 0.0005 0.3194
vn 0.9760 0.0005 0.2179
vn 0.9998 0.0216 -0.0005
vn 0.9762 -0.0005 0.2169
vn 0.9998 -0.0217 -0.0005
vn 0.9998 -0.0217 0.0005
vn 0.9788 -0.2046 0.0005
vn 0.9998 0.0217 -0.0000
vn 0.9788 0.2047 0.0003
vn 0.9285 -0.3713 -0.0005
vn 0.9285 0.3713 0.0005
vn 0.8932 -0.4496 0.0005
vn 0.9285 0.3713 -0.0000
vn 0.5592 -0.8290 0.0005
vn 0.9964 0.0005 0.0845
vn 0.7057 -0.0005 0.7086
vn 0.7052 -0.0005 0.7090
vn 0.5009 0.0003 0.8655
vn 0.5008 -0.0000 0.8656
vn 0.9964 -0.0005 0.0845
vn 0.9964 0.0005 -0.0845
vn 0.9964 -0.0005 -0.0845
vn 0.7057 0.0005 -0.7086
vn 0.7057 0.0005 -0.7085
vn 0.3394 -0.0005 -0.9406
vn 0.3394 0.0005 -0.9406
vn 0.7492 0.6323 -0.1974
vn 1.0000 0.0042 -0.0015
vn 0.7245 0.6580 -0.2050
vn 1.0000 0.0004 -0.0004
vn 0.7483 0.6333 -0.1974
vn -0.9021 0.3858 0.1934
vn -0.9651 0.0299 0.2600
vn -0.8762 0.3788 0.2980
vn -0.9978 -0.0668 0.0025
vn -0.6359 0.7001 0.3247
vn -0.7290 0.5662 0.3847
vn -0.5555 0.6755 0.4849
vn -0.6572 0.6426 0.3940
vn -0.7084 0.6026 0.3674
vn -0.7906 0.4334 0.4325
vn -0.9118 0.3538 0.2084
vn -0.8188 0.3726 0.4368
vn -0.8407 0.2567 0.4768
vn -0.8610 0.2124 0.4621
vn -0.9408 0.2377 0.2419
vn -0.8740 0.0068 0.4859
vn -0.9517 0.1746 0.2526
vn -0.8950 0.0123 0.4460
vn -1.0000 -0.0005 0.0005
vn -0.8728 -0.2062 0.4425
vn -0.8418 -0.2659 0.4698
vn -0.8559 -0.3430 0.3870
vn -0.7911 -0.4350 0.4301
vn -0.9789 -0.1786 0.0989
vn -0.9883 -0.0023 0.1523
vn -0.9512 -0.2388 0.1953
vn -0.7910 -0.5331 0.3003
vn -0.7679 -0.5763 0.2798
vn -0.6445 -0.6645 0.3783
vn -0.4985 -0.6729 0.5466
vn 0.9978 -0.0668 0.0026
vn 0.9651 0.0299 0.2600
vn 0.9494 -0.3140 0.0117
vn 1.0000 -0.0005 -0.0005
vn 0.9021 0.3858 0.1934
vn 0.8762 0.3788 0.2980
vn 0.6359 0.7001 0.3246
vn 0.7290 0.5662 0.3847
vn 0.5562 0.6751 0.4846
vn 0.6571 0.6426 0.3940
vn 0.7084 0.6026 0.3674
vn 0.7906 0.4334 0.4325
vn 0.9118 0.3538 0.2084
vn 0.8188 0.3726 0.4368
vn 0.8407 0.2567 0.4768
vn 1.0000 0.0005 0.0005
vn 0.8610 0.2124 0.4621
vn 0.9408 0.2377 0.2419
vn 0.8740 0.0068 0.4859
vn 0.9517 0.1746 0.2526
vn 0.8950 0.0124 0.4460
vn 1.0000 -0.0005 0.0005
vn 0.8728 -0.2062 0.4425
vn 0.8416 -0.2649 0.4707
vn 0.8559 -0.3430 0.3870
vn 0.7911 -0.4350 0.4301
vn 1.0000 0.0005 -0.0004
vn 0.9789 -0.1786 0.0989
vn 0.9883 -0.0023 0.1523
vn 0.9512 -0.2388 0.1954
vn 0.7910 -0.5331 0.3003
vn 0.7679 -0.5763 0.2798
vn 0.6445 -0.6645 0.3783
vn 0.4985 -0.6729 0.5466
vn 0.9923 0.1241 0.0005
vn 0.8335 0.5525 0.0005
vn 0.9923 0.1241 -0.0005
vn 0.9451 -0.3269 0.0005
vn 0.5329 0.8462 0.0048
vn 0.9451 -0.3269 -0.0005
vn 0.7326 -0.6807 -0.0005
vn 0.3754 -0.9268 -0.0005
vn 0.3745 -0.9272 -0.0005
vn -0.0005 -1.0000 -0.0005
vn 0.0006 -1.0000 -0.0005
vn 0.5329 0.8462 0.0047
vn 0.2962 0.9551 0.0102
vn 0.2963 0.9551 0.0101
vn 0.2962 0.9551 0.0101
vn -0.2962 0.9551 0.0102
vn -0.2962 0.9551 0.0101
vn -0.2963 0.9551 0.0101
vn -0.5329 0.8462 0.0047
vn -0.5329 0.8462 0.0048
vn -0.8335 0.5525 0.0005
vn -0.9923 0.1241 0.0005
vn -0.9451 -0.3269 0.0005
vn -0.9451 -0.3269 -0.0005
vn -0.7326 -0.6807 -0.0005
vn -0.7326 -0.6807 -0.0002
vn -0.3754 -0.9268 -0.0005
vn -0.3745 -0.9272 -0.0005
vn 0.0005 -1.0000 -0.0005
vn 0.4859 0.8740 -0.0005
vn 0.4859 0.8740 -0.0000
vn 0.6843 0.7292 -0.0005
vn 0.8383 0.5452 -0.0005
vn 0.8385 0.5450 -0.0005
vn -0.4859 0.8740 -0.0005
vn -0.6843 0.7292 -0.0000
vn -0.8381 0.5455 -0.0005
vn -0.8385 0.5450 -0.0005
vn 0.9936 0.1129 -0.0005
vn -0.9936 0.1129 -0.0005
vn 0.7338 -0.4752 -0.4855
vn 0.7028 -0.0974 -0.7046
vn 0.7315 0.4405 -0.5205
vn 0.9185 -0.2767 -0.2826
vn 0.9178 -0.0610 -0.3923
vn 0.9179 0.0344 -0.3954
vn 0.7282 -0.6851 0.0213
vn 0.9314 -0.3638 0.0107
vn 0.9314 -0.3636 0.0189
vn 0.7023 0.0503 -0.7101
vn 0.9175 0.2569 -0.3037
vn 0.7279 -0.6848 0.0339
vn 0.9175 -0.2569 0.3037
vn 0.7279 0.6848 -0.0339
vn 0.9314 0.3636 -0.0189
vn 0.2534 0.9663 -0.0466
vn 0.2532 0.9669 -0.0315
vn 0.7282 0.6851 -0.0213
vn 0.9314 0.3638 -0.0107
vn 0.9183 0.2769 0.2828
vn 0.7338 0.4752 0.4855
vn 0.4908 0.8708 -0.0291
vn 0.7028 0.0975 0.7046
vn 0.9178 0.0610 0.3923
vn 0.2397 0.6795 0.6934
vn 0.2323 0.1246 0.9646
vn 0.7023 -0.0503 0.7101
vn 0.9179 -0.0344 0.3954
vn 0.2319 -0.0593 0.9709
vn 0.7315 -0.4405 0.5205
vn 0.4529 0.1054 0.8853
vn 0.4659 0.6191 0.6322
vn 1.0000 0.0014 0.0015
vn 0.9963 0.0862 -0.0025
vn 1.0000 0.0005 0.0066
vn 1.0000 -0.0004 0.0066
vn 0.4526 -0.0462 0.8905
vn 1.0000 -0.0014 0.0015
vn 0.4918 -0.8697 0.0408
vn 0.4634 -0.5722 0.6766
vn 0.2382 -0.6272 0.7416
vn 0.2533 -0.9663 0.0466
vn -0.7783 0.6239 -0.0700
vn -0.9889 0.1445 -0.0350
vn -0.9185 0.3930 -0.0434
vn -0.6909 0.7211 -0.0507
vn -0.6911 0.7210 -0.0508
vn -0.9479 0.3185 -0.0025
vn -0.8203 0.5719 -0.0057
vn -0.9066 -0.4023 0.1273
vn -0.9916 -0.1231 0.0390
vn -0.7272 -0.6837 0.0612
vn -0.7267 -0.6799 0.0984
vn -0.9904 -0.1371 0.0198
vn -0.7207 -0.6110 0.3276
vn -0.9967 -0.0715 0.0380
vn -0.7111 -0.5009 0.4933
vn -0.9980 -0.0447 0.0441
vn -0.7999 -0.5715 0.1832
vn -0.7056 -0.4044 0.5818
vn -0.9961 -0.0844 0.0269
vn -0.9971 -0.0752 0.0106
vn -0.7997 -0.5942 0.0864
vn 0.7111 -0.5009 0.4933
vn 0.9967 -0.0715 0.0380
vn 0.7207 -0.6110 0.3276
vn 0.9904 -0.1371 0.0198
vn 0.7267 -0.6799 0.0984
vn 0.9980 -0.0447 0.0441
vn 0.9916 -0.1231 0.0390
vn 0.7272 -0.6837 0.0612
vn 0.9066 -0.4023 0.1272
vn 0.9185 0.3930 -0.0434
vn 0.9479 0.3185 -0.0025
vn 0.8203 0.5719 -0.0057
vn 0.6913 0.7208 -0.0510
vn 0.6909 0.7212 -0.0507
vn 0.7783 0.6239 -0.0700
vn 0.9889 0.1445 -0.0350
vn 0.9961 -0.0844 0.0269
vn 0.9971 -0.0752 0.0107
vn 0.7999 -0.5715 0.1832
vn 0.7994 -0.5945 0.0863
vn 0.7056 -0.4044 0.5818
vn -1.0000 0.0005 -0.0006
vn 0.6911 0.5375 -0.4832
vn 0.6707 0.7394 0.0581
vn 0.7354 0.6186 -0.2765
vn 0.7142 0.4374 0.5465
vn 0.6821 0.6690 0.2952
vn 0.6777 0.3258 0.6593
vn 0.6975 0.0457 0.7151
vn 0.6837 0.1965 0.7028
vn 0.6776 -0.1747 0.7144
vn 0.6854 -0.4211 0.5941
vn 0.6756 -0.3679 0.6389
vn 0.6301 -0.6613 0.4070
vn 0.6865 -0.7266 -0.0277
vn 0.6112 -0.7722 0.1734
vn 0.6350 -0.6479 -0.4207
vn 0.7023 -0.2437 -0.6689
vn 0.5946 -0.4461 -0.6689
vn 0.6869 -0.1055 -0.7190
vn 0.7158 0.1540 -0.6811
vn 0.6911 0.0213 -0.7224
vn 0.6937 0.3954 -0.6020
vn -0.6911 0.0213 -0.7224
vn -0.7158 0.1540 -0.6811
vn -0.6937 0.3954 -0.6020
vn -0.6911 0.5375 -0.4832
vn -0.6869 -0.1055 -0.7190
vn -0.7354 0.6186 -0.2765
vn -0.7023 -0.2437 -0.6689
vn -0.6707 0.7394 0.0581
vn -0.5946 -0.4461 -0.6689
vn -0.7142 0.4374 0.5465
vn -0.6350 -0.6479 -0.4207
vn -0.6821 0.6690 0.2952
vn -0.6865 -0.7266 -0.0277
vn -0.6777 0.3258 0.6593
vn -0.6112 -0.7722 0.1734
vn -0.6975 0.0457 0.7151
vn -0.6301 -0.6613 0.4070
vn -0.6837 0.1965 0.7028
vn -0.6854 -0.4211 0.5941
vn -0.6776 -0.1747 0.7144
vn -0.6756 -0.3679 0.6389
vn -0.5129 -0.8585 -0.0005
vn -0.0005 -1.0000 0.0005
vn -0.5129 -0.8585 0.0005
vn -0.7806 -0.6250 -0.0005
vn -0.8144 -0.5801 -0.0170
vn -0.7714 -0.6361 -0.0192
vn -0.8474 0.4615 -0.2625
vn -0.9172 0.3979 -0.0200
vn -0.8781 0.4780 -0.0221
vn -0.9204 0.3911 -0.0005
vn -0.8739 0.4859 0.0118
vn -0.8011 0.5985 0.0036
vn -0.8650 0.5014 0.0180
vn -0.8032 0.5957 -0.0006
vn -0.8962 0.4407 0.0518
vn -0.9280 0.3706 0.0383
vn -0.8688 0.4952 0.0077
vn -0.9459 0.3244 -0.0005
vn -0.9459 0.3245 -0.0003
vn -0.9459 0.3246 -0.0000
vn -0.7772 0.6293 0.0057
vn -0.9459 0.3245 0.0003
vn -0.9459 0.3244 0.0005
vn -0.7274 0.6862 0.0004
vn -0.7368 0.6761 -0.0005
vn -0.7368 0.6761 0.0005
vn -0.7797 0.6261 -0.0000
vn -0.9459 0.3244 0.0003
vn -0.9459 0.3245 -0.0000
vn -0.9875 -0.0005 -0.1574
vn -0.7581 -0.0004 -0.6522
vn -0.7581 -0.0000 -0.6522
vn 0.7581 -0.0000 -0.6522
vn 0.7581 -0.0005 -0.6522
vn 0.9875 0.0005 -0.1574
vn 0.9875 -0.0005 -0.1574
vn -0.0026 -0.9135 0.4069
vn -0.0026 -0.9135 -0.4069
vn -0.0026 -0.9139 0.4060
vn -0.0026 -0.9139 -0.4060
vn -0.0054 -0.6947 0.7193
vn -0.0054 -0.6947 -0.7193
vn -0.0082 -0.4095 0.9123
vn -0.0082 -0.4095 -0.9123
vn -0.0080 -0.1682 0.9857
vn -0.0070 -0.0262 0.9996
vn -0.0080 -0.1682 -0.9857
vn -0.0070 -0.0262 -0.9996
vn 0.0080 -0.1682 -0.9857
vn 0.0070 -0.0262 -0.9996
vn 0.0082 -0.4095 -0.9123
vn 0.0054 -0.6947 -0.7193
vn 0.0054 -0.6947 -0.7192
vn 0.0026 -0.9135 -0.4069
vn 0.0026 -0.9139 0.4060
vn 0.0054 -0.6947 0.7193
vn 0.0082 -0.4095 0.9123
vn 0.0080 -0.1682 0.9857
vn 0.0070 -0.0262 0.9996
vn 0.8783 -0.4781 -0.0004
vn 0.8783 -0.4781 0.0004
vn 0.8861 -0.4635 0.0015
vn 0.8793 -0.4762 0.0005
vn 0.9753 -0.2205 0.0117
vn 0.9999 0.0005 0.0147
vn 0.9753 0.2205 0.0117
vn 0.8861 0.4635 0.0015
vn 0.8793 0.4762 0.0005
vn 0.8783 0.4781 -0.0004
vn 0.8783 0.4782 -0.0003
vn 0.8783 0.4782 0.0003
vn -0.9566 -0.2896 0.0329
vn -0.9566 -0.2895 0.0330
vn -0.9997 -0.0254 0.0025
vn -0.9997 -0.0253 0.0025
vn 0.9997 -0.0255 0.0009
vn 0.9566 -0.2895 0.0330
vn 0.9566 -0.2896 0.0329
vn 0.9997 -0.0254 0.0025
vn 0.9565 -0.2898 0.0327
vn -0.9351 0.3545 0.0006
vn -0.9351 0.3544 0.0003
vn -0.9351 0.3545 0.0007
vn -0.9351 0.3544 -0.0005
vn -0.9351 0.3544 -0.0003
vn -0.8783 -0.4781 -0.0004
vn -0.8783 -0.4781 0.0004
vn -0.8839 -0.4676 0.0005
vn -0.8793 -0.4762 0.0005
vn -0.9522 -0.3053 0.0036
vn -1.0000 0.0005 0.0045
vn -1.0000 -0.0004 -0.0066
vn -0.9522 0.3053 0.0036
vn -0.8839 0.4676 0.0005
vn -0.8793 0.4762 0.0005
vn -0.8782 0.4783 -0.0000
vn -0.8783 0.4782 -0.0003
vn -0.8783 0.4782 0.0003
vn 0.9996 -0.0088 -0.0259
vn 0.9135 0.0447 -0.4043
vn 0.9150 -0.1317 -0.3815
vn 0.9996 -0.0189 -0.0188
vn 0.9207 -0.2794 -0.2725
vn 0.9996 0.0032 -0.0279
vn 0.9997 -0.0245 -0.0066
vn 0.9259 -0.3646 -0.0985
vn 0.9997 -0.0244 0.0066
vn 0.9258 -0.3648 0.0988
vn 0.9996 -0.0189 0.0188
vn 0.9207 -0.2794 0.2725
vn 0.9996 -0.0088 0.0269
vn 0.9150 -0.1317 0.3815
vn 0.9996 0.0032 0.0279
vn 0.9135 0.0447 0.4043
vn 0.9996 0.0143 0.0228
vn 0.9176 0.2115 0.3367
vn 0.9997 0.0226 0.0127
vn 0.9237 0.3321 0.1909
vn 0.9266 0.3760 -0.0000
vn 0.9997 0.0226 -0.0005
vn 0.9237 0.3321 -0.1911
vn 0.9922 0.1075 -0.0623
vn 0.9178 0.2113 -0.3363
vn 0.9997 0.0124 -0.0208
vn -0.9135 0.0447 -0.4043
vn -0.9997 0.0124 -0.0198
vn -0.9996 0.0032 -0.0279
vn -0.9177 0.2113 -0.3364
vn -0.9996 -0.0088 -0.0259
vn -0.9150 -0.1317 -0.3815
vn -0.9922 0.1075 -0.0623
vn -0.9237 0.3321 -0.1909
vn -0.9997 0.0226 0.0005
vn -0.9266 0.3760 -0.0000
vn -0.9997 0.0226 0.0127
vn -0.9237 0.3322 0.1909
vn -0.9177 0.2113 0.3364
vn -0.9996 0.0143 0.0228
vn -0.9135 0.0447 0.4043
vn -0.9996 0.0032 0.0279
vn -0.9150 -0.1317 0.3815
vn -0.9996 -0.0088 0.0269
vn -0.9207 -0.2797 0.2722
vn -0.9996 -0.0189 0.0188
vn -0.9258 -0.3648 0.0988
vn -0.9997 -0.0244 0.0066
vn -0.9259 -0.3646 -0.0985
vn -0.9997 -0.0245 -0.0066
vn -0.9207 -0.2794 -0.2725
vn -0.9996 -0.0189 -0.0188
vn -0.9912 -0.1324 -0.0000
vn -0.9912 -0.1324 0.0005
vn -0.9698 -0.2439 0.0005
vn -0.9698 -0.2439 -0.0000
vn -0.9958 -0.0918 -0.0005
vn -0.9958 -0.0918 -0.0000
vn -0.9573 0.2869 0.0362
vn -0.9824 0.1778 0.0563
vn -0.2286 0.9711 0.0680
vn -0.9671 0.2493 -0.0503
vn -0.9916 0.1204 -0.0481
vn -0.1577 0.9857 -0.0595
vn -0.3127 0.9480 -0.0593
vn -0.3554 0.9338 0.0421
vn 0.2286 0.9711 0.0679
vn 0.3554 0.9338 0.0421
vn 0.9573 0.2869 0.0362
vn 0.9824 0.1778 0.0563
vn 0.3127 0.9480 -0.0593
vn 0.9958 -0.0918 0.0005
vn 0.1577 0.9857 -0.0595
vn 0.9958 -0.0918 -0.0000
vn 0.9671 0.2493 -0.0503
vn 0.9916 0.1204 -0.0482
vn 0.9698 -0.2439 -0.0000
vn 0.9698 -0.2439 -0.0005
vn 0.9912 -0.1324 0.0005
vn 0.9912 -0.1324 -0.0000
vn 0.0006 -1.0000 0.0006
vn -0.8855 -0.4646 -0.0005
vn -0.8855 0.4646 -0.0000
vn -0.8855 0.4646 0.0005
vn -0.8783 0.4781 0.0004
vn -0.8855 -0.4646 0.0005
vn -0.8783 -0.4781 0.0005
vn -0.8491 -0.5283 -0.0000
vn -0.8783 0.4781 0.0005
vn -0.8783 0.4781 -0.0006
vn -0.8782 0.4783 -0.0001
vn -0.8498 0.5271 0.0005
vn -0.8498 0.5272 0.0005
vn -0.8783 0.4781 -0.0004
vn -0.8923 0.4514 -0.0005
vn -0.8923 -0.4514 0.0005
vn -0.8491 -0.5283 -0.0005
vn -0.5218 -0.8531 0.0005
vn -0.5217 -0.8531 0.0006
vn 0.9989 0.0474 0.0005
vn 0.9942 0.1075 0.0005
vn 0.9989 0.0475 0.0005
vn 0.9942 0.1075 0.0004
vn 0.9942 0.1074 0.0004
vn 0.9942 0.1075 -0.0005
vn 0.9942 0.1075 -0.0004
vn 0.9942 0.1075 0.0006
vn 0.9989 0.0475 -0.0005
vn 0.9942 0.1074 0.0003
vn 0.0004 -1.0000 0.0004
vn -0.9989 0.0474 0.0005
vn -0.9989 0.0475 -0.0005
vn -0.9942 0.1075 -0.0004
vn -0.9942 0.1075 -0.0005
vn -0.9942 0.1075 0.0004
vn -0.9942 0.1075 0.0005
vn -0.9942 0.1074 0.0004
vn -0.9989 0.0475 0.0005
vn -0.9942 0.1074 0.0003
vn -0.9942 0.1075 0.0006
vn -0.9942 0.1074 -0.0003
vn -0.9942 0.1075 -0.0006
vn -0.0000 -0.1745 -0.9847
vn 0.0005 -0.1744 -0.9847
vn -0.0000 -0.9934 -0.1143
vn 0.0005 -0.9934 -0.1143
vn -0.0000 -0.9934 0.1143
vn 0.0005 -0.9934 0.1143
vn 0.0005 -0.1745 0.9847
vn -0.0000 -0.1745 0.9847
vn 0.9942 -0.1075 -0.0004
vn 0.9942 -0.1075 0.0005
vn 0.9989 -0.0474 0.0005
vn 0.9942 -0.1074 -0.0003
vn 0.9989 -0.0474 -0.0005
vn 0.9942 -0.1075 0.0004
vn 0.9942 -0.1074 0.0004
vn 0.9942 -0.1075 -0.0005
vn 0.9942 -0.1075 0.0006
vn -0.9942 -0.1075 0.0005
vn -0.9989 -0.0474 -0.0005
vn -0.9989 -0.0474 0.0005
vn -0.9942 -0.1075 0.0004
vn -0.9942 -0.1075 -0.0004
vn -0.9942 -0.1075 0.0006
vn -0.9942 -0.1074 0.0003
vn -0.9942 -0.1074 0.0004
vn -0.9942 -0.1075 -0.0005
vn 1.0000 0.0005 -0.0006
vn -0.1479 -0.1244 0.9811
vn 0.0005 -0.3626 0.9319
vn -0.0005 -0.1261 0.9920
vn -0.1372 -0.3594 0.9230
vn 0.1479 -0.1244 0.9811
vn -0.0005 0.2383 0.9712
vn -0.1370 0.2366 0.9619
vn 0.1372 -0.3594 0.9230
vn 0.1370 0.2366 0.9619
vn 0.0005 -0.1180 0.9930
vn -0.1374 -0.1172 0.9836
vn 0.1374 -0.1172 0.9836
vn 0.0005 -0.0182 0.9998
vn 0.1382 -0.0183 0.9902
vn -0.1382 -0.0183 0.9902
vn 0.0005 0.1860 0.9826
vn 0.1367 0.1843 0.9733
vn -0.1367 0.1834 0.9735
vn 0.0004 0.3322 0.9432
vn 0.1358 0.3296 0.9343
vn -0.1358 0.3296 0.9343
vn 0.0005 -0.3203 0.9473
vn -0.1396 -0.3178 0.9378
vn 0.1396 -0.3178 0.9378
vn -0.1407 -0.5618 0.8152
vn 0.1407 -0.5618 0.8152
vn 0.0005 -0.5675 0.8234
vn -0.1450 -0.2804 0.9489
vn 0.1450 -0.2804 0.9489
vn 0.0005 -0.2829 0.9591
vn -0.0005 -0.2275 0.9738
vn -0.1398 -0.2249 0.9643
vn 0.1398 -0.2249 0.9643
vn -0.1383 -0.3852 0.9124
vn -0.1384 -0.3851 0.9124
vn 0.1383 -0.3852 0.9124
vn 0.1384 -0.3851 0.9124
vn 0.0005 -0.4620 0.8869
vn -0.1267 -0.4587 0.8795
vn 0.1267 -0.4587 0.8795
vn 0.0005 -0.6690 0.7432
vn -0.1148 -0.6641 0.7388
vn 0.1148 -0.6641 0.7388
vn 0.0005 -0.9970 -0.0778
vn -0.0057 -0.9939 -0.1099
vn 0.0057 -0.9939 -0.1099
vn -0.0005 -0.9897 -0.1431
vn 0.0004 -0.9897 -0.1430
vn 0.0005 -0.9897 -0.1431
vn -0.0004 -0.9897 -0.1429
vn -0.0004 -0.9897 -0.1430
vn 0.1185 -0.9930 0.0005
vn 0.7966 -0.6045 -0.0000
vn 0.7966 -0.6045 0.0005
vn -0.1184 -0.9930 -0.0005
vn -0.1184 -0.9930 0.0005
vn 0.8783 -0.4782 0.0003
vn 0.8948 -0.4465 0.0005
vn 0.9162 -0.4007 0.0005
vn 0.8783 -0.4782 -0.0003
vn 0.8944 0.4473 -0.0000
vn 0.8944 0.4473 0.0005
vn 0.8783 0.4781 0.0004
vn 0.8783 0.4781 0.0005
vn 0.9162 -0.4007 -0.0005
vn 0.7958 0.6056 0.0005
vn 0.9150 0.4034 -0.0000
vn 0.8783 0.4781 -0.0005
vn 0.1174 0.9931 -0.0000
vn 0.1175 0.9931 -0.0005
vn 0.9150 0.4034 0.0005
vn -0.1175 0.9931 0.0005
vn -0.1174 0.9931 0.0005
vn -0.7958 0.6056 -0.0005
vn -0.7958 0.6056 -0.0000
vn -0.8944 0.4473 0.0005
vn -0.8948 -0.4465 0.0005
vn -0.8948 -0.4465 -0.0000
vn -0.8783 -0.4782 0.0003
vn -0.7966 -0.6045 0.0005
vn -0.1185 -0.9930 -0.0006
vn -0.1185 -0.9930 0.0005
vn -0.9162 -0.4007 -0.0000
vn -0.9162 -0.4007 0.0005
vn -0.9150 0.4034 0.0005
vn -0.9150 0.4034 -0.0005
vn 0.0368 0.9993 -0.0006
vn 0.0368 0.9993 -0.0000
vn 0.7519 0.6593 -0.0005
vn -0.0410 0.9992 0.0005
vn 0.7519 0.6592 0.0005
vn -0.0409 0.9992 -0.0005
vn 0.7844 0.6203 -0.0005
vn -0.9588 0.2840 -0.0005
vn 0.8196 0.5730 -0.0005
vn -0.9588 0.2840 -0.0000
vn -0.9865 0.1640 0.0005
vn -0.9865 0.1640 0.0003
vn 0.8196 0.5729 -0.0005
vn 0.9878 -0.1555 0.0005
vn 0.9878 -0.1555 -0.0005
vn 0.9865 -0.1639 0.0006
vn 0.9865 -0.1640 -0.0005
vn 0.9865 -0.1640 0.0005
vn 0.9494 -0.3141 -0.0005
vn 0.9865 -0.1639 -0.0006
vn 0.6642 -0.7475 0.0005
vn 0.6642 -0.7476 0.0005
vn 0.6643 -0.7475 0.0004
vn 0.6641 -0.7477 -0.0006
vn 0.9588 0.2840 -0.0005
vn 0.9865 0.1640 0.0005
vn 0.9865 0.1640 0.0003
vn 0.0410 0.9992 -0.0000
vn 0.0409 0.9992 0.0005
vn -0.0368 0.9993 -0.0005
vn -0.0368 0.9993 -0.0000
vn -0.7519 0.6593 -0.0000
vn -0.7519 0.6592 0.0005
vn -0.7844 0.6203 -0.0005
vn -0.8196 0.5730 -0.0005
vn -0.8196 0.5729 -0.0005
vn -0.9878 -0.1555 0.0005
vn -0.9865 -0.1640 0.0003
vn -0.9865 -0.1640 -0.0005
vn -0.9865 -0.1640 0.0005
vn -0.9494 -0.3141 0.0005
vn -0.6642 -0.7475 -0.0005
vn -0.6641 -0.7476 -0.0006
vn -0.6642 -0.7475 0.0005
vn -0.6642 -0.7476 -0.0005
vn -0.6641 -0.7476 -0.0005
vn 0.0004 -0.9860 0.1666
vn 0.0004 -0.9860 0.1667
vn 0.4860 -0.8740 0.0005
vn 0.8380 -0.5457 0.0004
vn 0.8380 -0.5457 -0.0000
vn 0.9935 -0.1139 0.0004
vn 0.9935 -0.1139 0.0005
vn 0.9416 0.3367 0.0003
vn 0.9416 0.3367 0.0005
vn 0.6844 0.7291 0.0003
vn 0.6843 0.7292 0.0004
vn 0.2525 0.9676 0.0004
vn -0.2525 0.9676 0.0004
vn -0.2524 0.9676 0.0005
vn -0.6843 0.7292 0.0004
vn -0.6844 0.7291 0.0003
vn -0.9416 0.3367 0.0005
vn -0.9416 0.3367 0.0003
vn -0.9935 -0.1139 0.0005
vn -0.9935 -0.1139 0.0004
vn -0.4860 -0.8740 0.0005
vn -0.0006 -1.0000 -0.0000
vn 0.9756 -0.2196 -0.0000
vn 0.9756 -0.2196 0.0005
vn 0.2052 -0.9787 -0.0000
vn 0.2052 -0.9787 0.0005
vn -0.2052 -0.9787 0.0005
vn -0.2052 -0.9787 -0.0000
vn -0.9756 -0.2196 -0.0000
vn -0.9756 -0.2196 -0.0005
vn 0.9999 -0.0152 0.0015
vn 0.9599 -0.2787 0.0314
vn 0.9600 -0.2784 0.0311
vn -0.9999 -0.0152 0.0015
vn -0.9599 -0.2787 0.0314
vn -0.9600 -0.2784 0.0311
vn 0.0005 -0.0387 -0.9992
vn -0.0005 -0.9998 -0.0199
vn -0.0000 -0.0387 -0.9992
vn -0.0000 -0.9998 -0.0199
vn -0.0000 -0.9995 0.0328
vn 0.0005 -0.9995 0.0328
vn -0.0000 -0.6731 0.7396
vn -0.0005 -0.0370 0.9993
vn -0.0000 -0.0370 0.9993
vn 0.0005 -0.9998 -0.0199
vn 0.9969 0.0789 -0.0000
vn 1.0000 -0.0004 -0.0005
vn 0.9981 0.0613 0.0005
vn 0.9528 0.3036 0.0005
vn -0.9528 0.3036 0.0005
vn -0.9969 0.0789 0.0005
vn -0.9981 0.0613 -0.0000
vn -1.0000 -0.0004 -0.0005
vn 0.4860 0.8740 0.0005
vn 0.4860 0.8739 0.0003
vn 0.8380 0.5457 0.0005
vn -0.4860 0.8740 0.0005
vn 0.8380 0.5457 0.0004
vn -0.4860 0.8739 0.0003
vn 0.9935 0.1139 0.0004
vn -0.8380 0.5457 0.0004
vn 0.9935 0.1139 0.0006
vn -0.8380 0.5457 0.0005
vn 0.9416 -0.3367 0.0005
vn -0.9935 0.1139 0.0005
vn 0.9416 -0.3367 0.0003
vn -0.9935 0.1139 0.0004
vn 0.6843 -0.7292 0.0004
vn -0.9416 -0.3366 0.0006
vn 0.6843 -0.7292 0.0005
vn 0.2524 -0.9676 -0.0000
vn -0.9416 -0.3367 0.0005
vn -0.6844 -0.7291 0.0003
vn -0.6843 -0.7292 0.0005
vn 0.9910 0.1342 -0.0005
vn 0.9909 0.1342 -0.0000
vn 0.7283 0.6852 0.0005
vn 0.1382 0.9904 -0.0000
vn 0.1382 0.9904 -0.0005
vn -0.1382 0.9904 -0.0000
vn -0.1382 0.9904 0.0005
vn -0.7283 0.6852 0.0005
vn -0.9909 0.1342 -0.0005
vn -0.9910 0.1342 -0.0005
vn 0.9935 0.1139 0.0005
vn -0.9416 -0.3369 -0.0000
vn -0.6843 -0.7292 0.0004
vn 0.4862 0.8739 -0.0000
vn 0.9416 -0.3366 0.0006
vn -0.9935 0.1139 0.0006
vn 0.6844 -0.7291 0.0003
vn -0.9416 -0.3367 0.0003
vn 0.5943 0.7911 -0.1444
vn 0.5976 0.7914 -0.1287
vn 0.8990 0.4378 -0.0005
vn 0.5944 0.7911 -0.1444
vn 0.8923 0.4345 -0.1223
vn 0.8901 0.4425 -0.1091
vn 0.9971 0.0003 -0.0755
vn 0.8824 0.4664 -0.0621
vn 0.9971 0.0005 -0.0754
vn 0.9971 -0.0005 -0.0754
vn 0.9971 -0.0004 -0.0755
vn 0.9972 -0.0005 -0.0754
vn 0.9493 -0.3140 0.0117
vn 0.7337 -0.6790 0.0255
vn 0.9971 -0.0005 -0.0755
vn 0.8034 -0.5949 -0.0264
vn 0.7271 -0.6859 -0.0276
vn 0.0005 -0.9993 0.0378
vn 0.8491 -0.5283 0.0005
vn 0.8923 -0.4514 0.0005
vn 0.8923 0.4514 0.0005
vn 0.8498 0.5272 -0.0005
vn 0.8498 0.5271 -0.0000
vn 0.0596 0.9982 0.0006
vn 0.0596 0.9982 0.0005
vn -0.0596 0.9982 -0.0000
vn -0.0596 0.9982 0.0005
vn 0.8783 0.4782 -0.0004
vn 0.8855 0.4646 0.0005
vn 0.8855 -0.4646 -0.0005
vn 0.8855 -0.4646 -0.0000
vn 0.8783 -0.4781 0.0005
vn 0.0596 -0.9982 -0.0000
vn 0.0596 -0.9982 0.0005
vn -0.9946 -0.1038 0.0005
vn -0.7274 -0.6862 0.0004
vn -0.9946 -0.1038 -0.0000
vn -0.7274 -0.6862 0.0006
vn 0.7274 -0.6862 -0.0000
vn 0.9946 -0.1038 0.0005
vn 0.9653 -0.1692 -0.1991
vn 0.7274 -0.6862 0.0004
vn 0.5139 -0.7947 -0.3231
vn -0.9961 -0.0881 0.0005
vn -0.7274 -0.6862 0.0005
vn 0.9961 -0.0881 -0.0000
vn 0.9961 -0.0881 -0.0005
vn 0.7274 -0.6862 0.0005
vn -0.9920 0.0003 -0.1260
vn -0.9920 0.0004 -0.1261
vn -0.9920 -0.0004 -0.1261
vn -0.9920 -0.0005 -0.1261
vn -0.9920 0.0006 -0.1261
vn 0.9920 0.0004 -0.1261
vn 0.9920 0.0003 -0.1260
vn 0.9920 0.0005 -0.1261
vn 0.9955 -0.0946 -0.0005
vn -0.9955 -0.0946 0.0005
vn -0.7274 -0.6862 -0.0000
vn -0.9955 -0.0945 0.0005
vn 0.9955 -0.0945 -0.0005
vn 0.7274 -0.6862 0.0006
vn -0.6985 0.2591 0.6670
vn -0.9998 0.0161 0.0117
vn -0.9991 0.0152 0.0401
vn -0.7380 0.5351 0.4110
vn -0.7273 0.6861 0.0172
vn -0.9961 0.0881 0.0025
vn -0.7273 0.6861 -0.0172
vn -0.9944 -0.1019 0.0269
vn -0.0212 -0.9996 0.0198
vn -0.9961 0.0880 -0.0025
vn -0.9944 -0.1019 -0.0269
vn -0.9998 0.0161 -0.0117
vn -0.7381 0.5348 -0.4114
vn -0.9991 0.0153 -0.0400
vn -0.6986 0.2583 -0.6673
vn -0.0212 -0.9996 -0.0199
vn -0.1010 -0.9947 0.0188
vn 0.1010 -0.9947 0.0188
vn 0.0212 -0.9996 0.0199
vn 0.9944 -0.1019 0.0269
vn 0.6986 0.2591 0.6669
vn 0.0212 -0.9996 0.0198
vn 0.9944 -0.1019 -0.0269
vn 0.6987 0.2583 -0.6672
vn 0.9991 0.0152 0.0401
vn 0.9991 0.0153 -0.0400
vn 0.9961 0.0881 0.0025
vn 0.9998 0.0161 0.0117
vn 0.7380 0.5351 0.4110
vn 0.7273 0.6861 0.0172
vn 0.9961 0.0881 -0.0025
vn 0.7273 0.6861 -0.0172
vn 0.9998 0.0161 -0.0117
vn 0.7381 0.5348 -0.4114
vn 0.9717 -0.0106 0.2360
vn 0.9931 -0.0032 0.1170
vn 0.9752 -0.0115 0.2210
vn 0.9968 0.0003 0.0796
vn 0.9968 -0.0000 0.0798
vn 0.9277 0.0004 0.3733
vn -0.9931 -0.0032 0.1170
vn -0.9717 -0.0106 0.2360
vn -0.9277 0.0004 0.3733
vn -0.9752 -0.0115 0.2210
vn -0.9968 0.0003 0.0796
vn -0.9968 0.0004 0.0795
vn -0.6958 0.7182 -0.0005
vn -0.9513 0.3081 0.0076
vn -0.6958 0.7182 0.0005
vn -0.2534 0.9674 0.0007
vn -0.2535 0.9673 0.0006
vn 0.2535 0.9673 0.0006
vn 0.2534 0.9674 0.0007
vn 0.6958 0.7182 -0.0005
vn 0.9513 0.3081 0.0076
vn 0.9945 -0.1047 0.0086
vn 0.9944 0.1046 0.0127
vn 0.8473 -0.5312 0.0015
vn 0.4919 -0.8707 -0.0005
vn 0.4918 -0.8707 -0.0005
vn -0.9940 -0.0115 0.1088
vn -0.9965 -0.0613 -0.0573
vn -0.9915 -0.0078 0.1301
vn -0.9746 -0.0833 -0.2079
vn -0.9900 -0.0032 0.1412
vn -0.9637 -0.1027 -0.2463
vn -0.9900 -0.0032 0.1413
vn -0.9570 -0.0943 -0.2744
vn -0.9559 -0.0942 -0.2783
vn -0.9558 -0.0943 -0.2784
vn 0.9637 -0.1027 -0.2463
vn 0.9746 -0.0833 -0.2079
vn 0.9965 -0.0613 -0.0573
vn 0.9940 -0.0115 0.1088
vn 0.9915 -0.0078 0.1301
vn 0.9570 -0.0943 -0.2744
vn 0.9559 -0.0934 -0.2784
vn 0.9558 -0.0943 -0.2784
vn 0.9900 -0.0032 0.1412
vn 0.9900 -0.0032 0.1413
vn -0.0006 -0.9998 -0.0220
vn -0.0005 -0.9998 -0.0220
vn -0.2903 -0.9567 -0.0208
vn -0.5298 -0.8481 -0.0090
vn -0.9416 0.3367 0.0004
vn -0.6843 0.7292 0.0005
vn -0.2524 0.9676 0.0080
vn 0.0005 0.9999 0.0156
vn 0.2524 0.9676 0.0080
vn 0.9935 -0.1139 0.0006
vn 0.5298 -0.8481 -0.0090
vn 0.2903 -0.9567 -0.0208
vn -0.9907 -0.1361 -0.0005
vn -0.9907 -0.1362 0.0005
vn 0.9907 -0.1362 -0.0000
vn 0.9907 -0.1361 -0.0005
vn -0.0000 -0.9991 0.0435
vn -0.0000 -0.9991 -0.0435
vn -0.0005 -0.9991 -0.0435
vn 0.0003 -0.7930 -0.6093
vn -0.0005 -0.9991 0.0435
vn 0.0004 -0.7929 -0.6093
vn 0.0004 -0.7924 0.6100
vn 0.0005 -0.3907 -0.9205
vn 0.0005 -0.7924 0.6100
vn -0.0000 -0.3907 -0.9205
vn 0.0004 -0.3157 -0.9489
vn -0.0005 -0.3896 0.9210
vn -0.0000 -0.3896 0.9210
vn 0.0003 -0.3147 0.9492
vn 0.0004 -0.3148 0.9492
vn 0.0004 0.7600 -0.6499
vn -0.0000 0.5111 -0.8595
vn 0.0003 0.2247 -0.9744
vn -0.0000 0.7600 -0.6499
vn -0.0000 0.2246 -0.9745
vn 0.0004 0.9356 -0.3529
vn -0.0000 -0.0752 -0.9972
vn 0.0004 -0.3710 -0.9286
vn 0.0005 -0.3710 -0.9286
vn 0.0004 0.9356 0.3529
vn -0.0000 -0.6422 -0.7665
vn -0.0000 0.7600 0.6499
vn 0.0004 -0.8595 -0.5112
vn 0.0005 -0.8594 -0.5112
vn -0.0000 0.5111 0.8595
vn 0.0004 -0.9836 -0.1804
vn -0.0000 -0.9836 -0.1803
vn 0.0005 -0.9836 0.1803
vn 0.0005 0.2247 0.9744
vn 0.0005 -0.0751 0.9972
vn -0.0000 -0.0752 0.9972
vn 0.0004 -0.3710 0.9286
vn -0.0000 -0.6422 0.7665
vn 0.0004 -0.6422 0.7666
vn 0.0004 -0.8595 0.5112
vn 0.0005 -0.8594 0.5112
vn 0.0005 -0.9836 0.1804
vn 0.0004 0.7929 0.6093
vn 0.0005 0.9996 0.0274
vn -0.0000 0.9996 0.0274
vn 0.0005 0.3630 0.9318
vn 0.0005 0.9996 -0.0274
vn -0.0000 0.3630 0.9318
vn 0.0004 0.3157 0.9489
vn 0.0003 0.3158 0.9488
vn -0.0000 0.9996 -0.0274
vn 0.0003 0.7925 -0.6099
vn -0.0000 0.7926 -0.6098
vn -0.0005 0.3618 -0.9322
vn -0.0000 0.3618 -0.9322
vn -0.0472 -0.9989 0.0005
vn -0.6958 -0.7182 -0.0005
vn -0.0472 -0.9989 0.0006
vn -0.6958 -0.7183 -0.0000
vn -0.7574 -0.6530 -0.0005
vn -0.7574 -0.6530 -0.0000
vn -0.9991 -0.0420 -0.0005
vn -0.9991 -0.0420 -0.0000
vn -0.9991 0.0420 0.0005
vn -0.9991 0.0420 -0.0000
vn -0.7574 0.6530 0.0005
vn -0.7574 0.6530 -0.0000
vn -0.6958 0.7183 -0.0000
vn -0.0472 0.9989 0.0005
vn -0.0471 0.9989 -0.0000
vn 0.0471 0.9989 -0.0000
vn 0.0472 0.9989 0.0005
vn 0.6958 0.7182 0.0005
vn 0.6958 0.7183 -0.0000
vn 0.7574 0.6530 0.0005
vn 0.7574 0.6530 -0.0000
vn 0.9991 0.0420 0.0005
vn 0.9991 0.0420 -0.0000
vn 0.9991 -0.0420 0.0005
vn 0.9991 -0.0420 -0.0000
vn 0.7574 -0.6530 0.0005
vn 0.7574 -0.6530 -0.0000
vn 0.6958 -0.7182 0.0005
vn 0.6958 -0.7183 -0.0000
vn 0.0472 -0.9989 0.0005
vn 0.0471 -0.9989 -0.0000
vn -0.0471 -0.9989 0.0005
vn -0.7574 -0.6530 0.0005
vn -0.9991 -0.0420 0.0005
vn -0.7574 0.6530 -0.0005
vn 0.7574 -0.6530 -0.0005
vn 0.0004 -0.9726 -0.2324
vn 0.0005 -0.9726 -0.2323
vn 0.0005 0.9916 0.1292
vn -0.0005 0.9952 -0.0982
vn 0.0005 0.9915 0.1302
vn 0.0003 0.8744 0.4853
vn 0.0005 0.8743 0.4853
vn 0.0005 0.9952 -0.0982
vn -0.0000 0.7633 -0.6460
vn 0.0005 0.7632 -0.6461
vn -0.0003 0.8744 0.4853
vn -0.0005 0.7632 -0.6461
vn 0.0005 0.9726 0.2324
vn 0.0005 0.9954 0.0960
vn 0.0005 0.9954 0.0961
vn -0.0005 0.9981 -0.0617
vn -0.0005 0.9982 -0.0606
vn -0.0004 0.9938 -0.1109
vn -0.0000 0.9938 -0.1109
vn -0.0005 0.9938 -0.1110
vn 0.0005 1.0000 0.0080
vn 0.0005 1.0000 0.0081
vn -0.0005 0.9977 0.0681
vn 0.0005 0.9977 0.0681
vn -0.0004 0.9977 0.0680
vn 0.0004 0.9977 0.0681
vn 0.0005 0.9991 0.0413
vn 0.0006 0.9977 0.0682
vn -0.0005 0.9991 0.0414
vn 0.0005 0.9977 0.0682
vn -0.0004 0.9977 0.0681
vn 0.0004 0.9977 0.0680
vn -0.0005 1.0000 0.0081
vn 0.0005 0.9938 -0.1110
vn 0.0005 0.9981 -0.0617
vn 0.0005 0.9982 -0.0606
vn -0.0005 0.9954 0.0960
vn -0.0000 0.7600 -0.6500
vn -0.0000 0.9357 -0.3529
vn 0.9935 0.1139 -0.0005
vn 0.9416 0.3367 -0.0005
vn 0.9420 -0.3355 -0.0005
vn 0.9935 -0.1139 -0.0005
vn 0.9420 -0.3356 -0.0005
vn 0.8380 -0.5457 -0.0005
vn 0.6844 -0.7291 -0.0003
vn 0.6847 -0.7288 -0.0005
vn -0.2524 -0.9676 0.0006
vn -0.9416 0.3367 -0.0005
vn -0.9935 0.1139 -0.0005
vn -0.9420 -0.3355 -0.0005
vn -0.9935 -0.1139 -0.0006
vn -0.9417 -0.3364 -0.0005
vn -0.8380 -0.5457 -0.0005
vn -0.6847 -0.7289 -0.0005
vn -0.6853 -0.7283 -0.0000
vn -0.2525 -0.9676 0.0006
vn -0.2525 -0.9676 0.0005
vn 0.0005 0.4215 0.9068
vn -0.0006 0.8033 0.5956
vn -0.0005 0.8033 0.5955
vn 0.0005 0.9995 0.0328
vn 0.0005 0.9995 0.0327
vn -0.0005 0.9995 -0.0317
vn 0.0045 0.7769 -0.6297
vn 0.0045 0.7768 -0.6297
vn 0.0043 0.3880 -0.9216
vn 0.0043 0.3877 -0.9218
vn 0.0005 0.2366 -0.9716
vn -0.0005 0.9996 0.0285
vn 0.0035 0.8020 0.5973
vn 0.0034 0.4413 0.8974
vn 0.0004 0.3148 0.9492
vn 0.0004 0.2367 -0.9716
vn -0.0005 0.9996 0.0284
vn -0.0005 0.4215 0.9068
vn 0.0005 0.8033 0.5956
vn -0.0005 0.9995 0.0327
vn 0.0005 0.9995 -0.0317
vn -0.0045 0.7769 -0.6297
vn -0.0045 0.7768 -0.6297
vn -0.0043 0.3880 -0.9216
vn -0.0030 0.4412 0.8974
vn -0.0034 0.4413 0.8974
vn -0.0035 0.8020 0.5973
vn 0.0005 0.9996 0.0285
vn 0.0006 0.2365 -0.9716
vn 0.0004 0.2366 -0.9716
vn -0.0043 0.3877 -0.9218
vn 0.0005 0.9996 0.0284
vn -0.9602 -0.2794 -0.0000
vn -0.9602 0.2794 -0.0000
vn -0.9602 0.2794 0.0005
vn -0.9602 -0.2794 0.0005
vn -0.3086 0.9512 -0.0000
vn -0.9153 -0.4027 -0.0005
vn -0.3086 -0.9512 -0.0005
vn -0.9153 -0.4027 -0.0006
vn -0.3086 -0.9512 0.0005
vn -0.3086 0.9512 0.0005
vn 0.3087 0.9512 0.0005
vn 0.3086 0.9512 -0.0000
vn 0.9153 0.4027 -0.0005
vn 0.9153 0.4027 0.0003
vn 0.9602 0.2794 -0.0000
vn 0.9602 0.2794 0.0005
vn 0.9602 -0.2794 -0.0005
vn 0.9602 -0.2794 -0.0000
vn 0.9153 -0.4027 -0.0005
vn 0.3086 -0.9512 -0.0000
vn 0.9153 -0.4027 -0.0006
vn 0.3086 -0.9512 -0.0005
vn 0.9602 -0.2794 0.0005
vn -0.0000 0.9472 -0.3207
vn 0.0005 0.9450 0.3270
vn -0.0000 0.9450 0.3269
vn 0.0003 0.7540 0.6569
vn 0.0005 0.1573 0.9876
vn 0.0004 0.1573 0.9876
vn -0.0000 0.7540 0.6569
vn 0.0005 0.9450 0.3269
vn -0.0000 0.9450 0.3270
vn 0.9991 0.0420 -0.0005
vn 0.8380 -0.5457 0.0007
vn 0.9416 0.3366 0.0006
vn 0.3838 0.9234 -0.0005
vn 0.3838 0.9234 -0.0000
vn -0.0005 1.0000 -0.0016
vn 0.0005 1.0000 -0.0016
vn -0.3838 0.9234 -0.0005
vn -0.9416 0.3366 0.0006
vn -0.8380 -0.5457 -0.0000
vn -0.8380 -0.5457 0.0007
vn -0.1494 0.9888 -0.0005
vn -0.6293 0.7771 -0.0005
vn -0.1495 0.9888 0.0005
vn -0.6293 0.7772 0.0005
vn -0.7274 0.6862 -0.0000
vn -0.7274 0.6862 -0.0004
vn -0.6293 0.7772 -0.0005
vn -0.7274 0.6862 -0.0005
vn 0.6293 0.7771 -0.0005
vn 0.1494 0.9888 -0.0005
vn 0.1495 0.9888 0.0005
vn 0.6293 0.7772 0.0005
vn 0.7274 0.6862 0.0004
vn 0.7274 0.6862 -0.0005
vn 0.7274 0.6862 -0.0004
vn 0.4860 0.8739 0.0004
vn -0.4860 0.8740 0.0004
vn -0.9416 -0.3367 0.0004
vn 0.0003 -0.1306 -0.9914
vn 0.0005 -0.1306 -0.9914
vn -0.0000 -0.1307 -0.9914
vn -0.0003 -0.1306 -0.9914
vn -0.0005 -0.1306 -0.9914
vn -0.0024 -0.1243 -0.9922
vn -0.0006 -0.1305 -0.9914
vn 0.0005 -0.1243 -0.9922
vn -0.0005 -0.1243 -0.9922
vn 0.0003 -0.1305 -0.9914
vn -0.0015 0.6731 -0.7395
vn -0.0015 0.6731 -0.7396
vn 0.0013 0.9905 0.1377
vn 0.0005 0.9905 0.1377
vn -0.0004 0.9897 0.1429
vn 0.0004 0.9897 0.1430
vn 0.0005 0.9897 0.1431
vn -0.0005 0.9905 0.1377
vn -0.0000 0.9905 0.1377
vn 0.0015 0.6731 -0.7395
vn 0.0015 0.6731 -0.7396
vn 0.0016 -0.1243 -0.9922
vn 0.9850 0.0005 0.1725
vn 0.6884 -0.0638 0.7226
vn 0.6884 -0.0638 0.7225
vn -0.6884 -0.0638 0.7225
vn -0.6884 -0.0638 0.7226
vn -0.9850 0.0005 0.1725
vn 0.0006 0.9858 -0.1677
vn 0.0005 0.9859 -0.1676
vn 0.0007 0.9858 -0.1677
vn -0.9857 0.1685 -0.0005
vn -0.9857 0.1685 -0.0000
vn -0.2053 0.9787 0.0005
vn -0.2053 0.9787 -0.0000
vn 0.2052 0.9787 -0.0005
vn 0.2053 0.9787 -0.0000
vn 0.9857 0.1685 -0.0000
vn 0.9857 0.1685 -0.0005
vn -0.9945 -0.1047 0.0086
vn -0.9944 0.1047 0.0127
vn -0.8473 -0.5312 0.0015
vn -0.8473 -0.5311 0.0015
vn -0.4919 -0.8707 -0.0005
vn -0.4918 -0.8707 -0.0005
vn -0.9998 -0.0198 -0.0005
vn -0.9998 -0.0198 0.0005
vn -0.9995 -0.0328 0.0005
vn -0.9995 -0.0327 -0.0005
vn -0.9993 -0.0364 0.0005
vn 0.9998 -0.0198 0.0005
vn 0.9998 -0.0198 -0.0005
vn 0.9993 -0.0364 -0.0005
vn 0.9993 -0.0364 0.0005
vn 0.9995 -0.0328 0.0005
vn 0.9995 -0.0327 -0.0005
vn -0.9903 -0.1389 0.0005
vn -0.9903 0.1389 -0.0005
vn -0.9903 -0.1389 -0.0000
vn -0.3175 -0.9483 -0.0000
vn -0.3175 -0.9483 0.0006
vn -0.9903 0.1389 -0.0000
vn 0.9903 -0.1389 0.0005
vn 0.9903 -0.1389 -0.0000
vn 0.9903 0.1389 -0.0000
vn 0.9903 0.1389 0.0005
vn -0.0005 -0.9998 0.0178
vn -0.0000 -0.9998 0.0177
vn -0.0000 -0.9998 0.0178
vn 0.0005 -0.9328 0.3604
vn 0.0005 -0.9998 0.0177
vn 0.0003 -0.9328 0.3604
vn -0.0005 -0.9328 0.3604
vn -0.0005 -0.8885 0.4589
vn -0.0000 -0.8885 0.4589
vn -0.0000 -0.1583 0.9874
vn -0.0005 -0.1583 0.9874
vn 0.9989 0.0475 -0.0015
vn 0.9985 0.0549 -0.0026
vn 0.9981 0.0613 -0.0025
vn 0.7893 0.6135 -0.0241
vn 0.1403 0.9894 -0.0370
vn 0.7893 0.6135 -0.0233
vn 0.0730 0.9966 -0.0381
vn 0.2573 0.9656 -0.0369
vn 0.2564 0.9659 -0.0369
vn -0.2573 0.9656 -0.0369
vn -0.0730 0.9968 -0.0338
vn -0.7893 0.6135 -0.0233
vn -0.9989 0.0475 -0.0015
vn -0.7893 0.6136 -0.0233
vn -0.1403 0.9895 -0.0349
vn -0.9985 0.0549 -0.0025
vn -0.9981 0.0613 -0.0025
vn -0.0472 0.9982 -0.0382
vn 0.0006 0.9993 -0.0381
vn -0.0006 0.9993 -0.0381
vn 0.0471 0.9982 -0.0381
vn -0.7274 -0.6862 -0.0005
vn -0.7274 -0.6862 0.0003
vn -0.7274 -0.6862 -0.0006
vn -0.6002 -0.7998 -0.0005
vn -0.7274 -0.6862 -0.0004
vn 0.7274 -0.6862 0.0007
vn 0.6002 -0.7998 0.0005
vn 0.7274 -0.6862 -0.0006
vn 0.7274 -0.6862 -0.0005
vn 0.7274 -0.6862 -0.0004
vn -0.0005 -0.9995 -0.0317
vn 0.0045 -0.7769 -0.6297
vn -0.0005 -0.9996 0.0285
vn 0.0045 -0.7768 -0.6297
vn 0.0043 -0.3880 -0.9216
vn 0.0035 -0.8020 0.5973
vn 0.0043 -0.3877 -0.9218
vn 0.0005 -0.2366 -0.9716
vn 0.0006 -0.2365 -0.9716
vn 0.0034 -0.4413 0.8974
vn 0.0030 -0.4412 0.8974
vn 0.0005 -0.3149 0.9491
vn 0.0045 -0.7769 -0.6296
vn 0.0004 -0.2367 -0.9716
vn -0.0034 -0.4413 0.8974
vn -0.0035 -0.8020 0.5973
vn 0.0005 -0.9996 0.0285
vn 0.0005 -0.9995 -0.0317
vn -0.0045 -0.7769 -0.6297
vn -0.0045 -0.7768 -0.6297
vn -0.0043 -0.3880 -0.9216
vn 0.0003 -0.3148 0.9492
vn -0.0045 -0.7769 -0.6296
vn -0.0043 -0.3877 -0.9218
vn 0.5129 -0.8585 -0.0005
vn 0.9877 0.1564 0.0005
vn 0.9983 0.0586 0.0005
vn 0.9639 0.2661 0.0005
vn 0.9863 -0.1649 -0.0005
vn 0.9863 -0.1648 -0.0005
vn 0.0295 -0.9996 0.0005
vn 0.0285 -0.9996 0.0005
vn -0.0285 -0.9996 -0.0000
vn -0.0295 -0.9996 0.0006
vn -0.9863 -0.1648 0.0005
vn -0.9863 -0.1649 -0.0005
vn -0.9983 0.0586 0.0005
vn 0.0005 -0.9998 0.0199
vn -0.0000 -0.9998 0.0199
vn 0.0005 -0.7222 0.6917
vn 0.0006 -0.8698 0.4933
vn 0.0005 -0.8698 0.4934
vn 0.0005 -0.9673 0.2536
vn 0.0005 -0.9814 0.1921
vn 0.0004 -0.9814 0.1920
vn -0.9877 0.1564 0.0005
vn -0.9639 0.2661 0.0005
vn 0.9987 -0.0004 -0.0501
vn 0.9987 -0.0004 -0.0502
vn 0.9987 0.0004 -0.0502
vn -0.9987 0.0004 -0.0502
vn -0.9987 -0.0003 -0.0503
vn -0.9987 -0.0004 -0.0501
vn 0.9841 -0.1777 0.0005
vn 0.9463 -0.3232 -0.0005
vn 0.9463 -0.3232 -0.0000
vn 0.9841 -0.1777 -0.0005
vn -0.9463 -0.3232 -0.0000
vn -0.9841 -0.1777 -0.0005
vn -0.9463 -0.3232 0.0005
vn -0.9153 -0.4027 -0.0007
vn -0.3055 -0.9522 0.0005
vn -0.3055 -0.9522 -0.0000
vn -0.6002 -0.7998 0.0005
vn 0.3055 -0.9522 -0.0000
vn 0.3055 -0.9522 0.0005
vn 0.7274 -0.6862 0.0003
vn -0.3175 -0.9483 0.0005
vn -0.0000 0.0387 0.9993
vn 0.0005 0.0387 0.9992
vn 0.0005 0.9998 0.0199
vn -0.0000 0.9998 0.0199
vn -0.0000 0.9995 -0.0328
vn -0.0005 0.9995 -0.0328
vn 0.0005 0.0041 -1.0000
vn -0.0000 0.0040 -1.0000
vn 0.0003 0.0003 -1.0000
vn -0.0005 0.1028 -0.9947
vn 0.2953 -0.9554 0.0005
vn 0.2954 -0.9554 0.0005
vn 0.2892 -0.9573 0.0005
vn 0.2891 -0.9573 0.0005
vn 0.2760 -0.9612 0.0005
vn 0.2953 -0.9554 -0.0005
vn 0.8782 -0.4783 -0.0000
vn -0.2760 -0.9612 -0.0005
vn -0.2760 -0.9612 0.0006
vn -0.2954 -0.9554 -0.0005
vn -0.2953 -0.9554 -0.0005
vn -0.2954 -0.9554 0.0005
vn -0.2892 -0.9573 -0.0005
vn -0.2891 -0.9573 -0.0000
vn 0.0005 0.3997 0.9166
vn 0.0004 0.3997 0.9166
vn 0.0003 0.3997 0.9167
vn 0.0003 -0.0003 -1.0000
vn -0.0000 0.1028 -0.9947
vn -0.0000 0.0041 -1.0000
vn 0.0005 0.0040 -1.0000
vn -0.0000 0.0387 0.9992
vn 0.0005 0.0387 0.9993
vn 0.0003 0.3047 -0.9525
vn 0.0005 0.3048 -0.9524
vn -0.0005 0.3048 -0.9524
vn 0.0004 0.3047 -0.9524
vn -0.0004 0.3047 -0.9524
vn 0.0468 0.9936 -0.1024
vn 0.0472 0.9936 -0.1024
vn 0.0473 0.9936 -0.1024
vn -0.0468 0.9936 -0.1024
vn -0.0472 0.9936 -0.1024
vn -0.0000 0.9989 -0.0468
vn 0.0005 0.6075 -0.7943
vn 0.0004 0.6075 -0.7943
vn 0.0005 0.6076 -0.7942
vn -0.0004 0.6075 -0.7943
vn -0.0005 0.9989 -0.0467
vn 0.0004 0.9990 0.0456
vn 0.0005 0.9990 0.0456
vn -0.0005 0.9990 0.0456
vn -0.0004 0.9990 0.0456
vn 0.0006 0.9990 0.0457
vn -0.0000 0.9989 -0.0467
vn 0.0005 0.9989 -0.0468
vn -0.0004 0.6074 -0.7944
vn -0.0005 0.6076 -0.7942
vn -0.8700 0.2984 -0.3926
vn -0.8700 0.2982 -0.3925
vn -0.8701 0.2982 -0.3925
vn 0.8699 0.2984 -0.3927
vn 0.8700 0.2982 -0.3925
vn 0.8700 0.2983 -0.3926
vn -0.0856 -0.1736 -0.9811
vn -0.0866 -0.1736 -0.9810
vn -0.3000 -0.6070 -0.7359
vn -0.4336 -0.8773 -0.2060
vn -0.4336 -0.8772 -0.2060
vn -0.4431 -0.8965 0.0005
vn -0.4431 -0.8965 0.0006
vn -0.4431 -0.8965 0.0007
vn 0.0856 -0.1736 -0.9811
vn 0.0861 -0.1742 -0.9809
vn 0.3000 -0.6070 -0.7359
vn 0.4336 -0.8773 -0.2060
vn 0.4335 -0.8773 -0.2060
vn 0.4431 -0.8965 0.0004
vn 0.4431 -0.8965 0.0006
vn 0.4431 -0.8965 0.0007
vn 0.0004 0.9941 -0.1088
vn 0.0005 0.9941 -0.1088
vn -0.0689 -0.9976 -0.0005
vn -0.9307 -0.3658 -0.0005
vn -0.9304 -0.3666 0.0005
vn -0.9792 0.2029 -0.0005
vn -0.2566 0.9665 0.0005
vn -0.0689 -0.9976 -0.0000
vn 0.0689 -0.9976 -0.0005
vn 0.0689 -0.9976 -0.0000
vn 0.9304 -0.3666 -0.0005
vn 0.9307 -0.3658 -0.0005
vn 0.9792 0.2029 -0.0005
vn 0.2566 0.9665 0.0005
vn 0.2565 0.9665 -0.0005
vn 0.2626 0.9649 0.0005
vn 0.2626 0.9649 -0.0000
vn 0.1836 0.9830 -0.0005
vn 0.7501 0.6613 -0.0026
vn 0.9752 0.2214 -0.0015
vn 0.9754 0.2205 -0.0015
vn 1.0000 0.0005 0.0035
vn -0.9583 -0.2680 0.0992
vn -0.3078 -0.8922 0.3306
vn -0.3078 -0.8923 0.3301
vn 0.3078 -0.8924 0.3301
vn 0.3078 -0.8922 0.3306
vn 0.9583 -0.2680 0.0992
vn 0.0004 -0.6650 0.7469
vn 0.0004 -0.6649 0.7469
vn 0.0003 -0.6650 0.7468
vn 0.0005 -0.6649 0.7469
vn -0.0005 -0.1825 0.9832
vn 0.0005 -0.1816 0.9834
vn 0.0005 0.1306 0.9914
vn 0.0003 0.1306 0.9914
vn -0.0005 -0.1816 0.9834
vn -0.0000 -0.1825 0.9832
vn -0.0004 -0.6650 0.7469
vn 0.0007 -0.9378 0.3471
vn 0.0005 -0.9379 0.3470
vn 0.9901 0.1250 -0.0644
vn 0.0791 0.9899 -0.1174
vn 0.0792 0.9899 -0.1174
vn -0.0792 0.9899 -0.1174
vn -0.9901 0.1250 -0.0644
vn -0.9987 0.0005 -0.0501
vn -0.9987 0.0004 -0.0501
vn -0.9987 -0.0004 -0.0502
vn 0.0005 -0.6639 -0.7478
vn 0.0005 -0.9435 0.3313
vn -0.0000 -0.9435 0.3313
vn 0.0005 -0.9316 0.3635
vn -0.0000 -0.6639 -0.7478
vn 0.0005 -0.4866 -0.8737
vn 0.0003 -0.4865 -0.8737
vn -0.0000 -0.9316 0.3635
vn -0.0005 -0.1986 0.9801
vn -0.0000 -0.1986 0.9801
vn 0.0004 -0.0343 0.9994
vn 0.6751 -0.2958 0.6758
vn 0.6751 -0.2959 0.6758
vn 0.6751 -0.2960 0.6758
vn -0.6751 -0.2960 0.6758
vn -0.6751 -0.2959 0.6758
vn -0.6571 0.6425 0.3941
vn -0.3999 0.4145 0.8175
vn -0.3411 0.4383 0.8316
vn -0.5556 0.6754 0.4850
vn -0.7061 0.3581 0.6110
vn -0.7209 0.0449 0.6915
vn -0.8762 0.3788 0.2981
vn -0.7290 0.5662 0.3848
vn 0.0005 -0.0005 1.0000
vn 0.1703 -0.0467 0.9843
vn 0.6021 -0.3545 0.7154
vn 0.2665 0.1469 0.9526
vn 0.6601 -0.2000 0.7241
vn 0.3411 0.4383 0.8316
vn 0.9493 -0.3140 0.0118
vn 0.7209 0.0449 0.6915
vn 0.9651 0.0299 0.2601
vn 0.8762 0.3788 0.2981
vn 0.3999 0.4145 0.8175
vn 0.6571 0.6425 0.3941
vn 0.5562 0.6750 0.4847
vn 0.7061 0.3581 0.6110
vn 0.7290 0.5662 0.3848
vn -0.2322 0.6964 0.6790
vn -0.0005 0.0005 1.0000
vn -0.0005 1.0000 0.0006
vn -0.6013 0.7990 0.0006
vn -0.4064 0.5606 0.7215
vn -0.0684 0.0966 0.9930
vn 0.2313 0.6966 0.6792
vn 0.6013 0.7990 0.0006
vn 0.4064 0.5606 0.7215
vn 0.6013 0.7990 0.0005
vn 0.0684 0.0966 0.9930
vn 0.4434 0.5419 0.7140
vn 0.6672 0.3264 0.6695
vn 0.8987 0.4386 -0.0005
vn 0.0760 0.0886 0.9932
vn 0.7323 0.0594 0.6784
vn 0.6913 0.0032 0.7226
vn 0.3213 0.0402 0.9461
vn 0.1637 0.0058 0.9865
vn 0.7101 -0.1057 0.6962
vn 0.6882 -0.4363 0.5797
vn 0.4985 -0.6728 0.5466
vn 0.2198 -0.0977 0.9707
vn 0.3629 -0.4426 0.8200
vn 0.3179 -0.4365 0.8417
vn -0.0760 0.0886 0.9932
vn -0.4434 0.5419 0.7140
vn -0.6672 0.3264 0.6695
vn -0.8991 0.4378 -0.0005
vn -0.7323 0.0594 0.6784
vn -0.6913 0.0032 0.7226
vn -0.3213 0.0406 0.9461
vn -0.9512 -0.2388 0.1954
vn -0.1637 0.0058 0.9865
vn -0.7101 -0.1057 0.6962
vn -0.7679 -0.5762 0.2798
vn -0.2198 -0.0977 0.9707
vn -0.3179 -0.4365 0.8417
vn -0.6884 -0.4356 0.5799
vn -0.4985 -0.6728 0.5466
vn -0.3629 -0.4426 0.8200
vn -0.6444 -0.6645 0.3783
vn -0.6021 -0.3545 0.7154
vn -0.0005 -0.6598 0.7514
vn -0.6601 -0.2000 0.7241
vn 0.0006 -0.6598 0.7515
vn -0.9494 -0.3140 0.0118
vn -0.9651 0.0299 0.2601
vn 0.7337 -0.6789 0.0255
vn -0.0005 -0.0005 1.0000
vn -0.1703 -0.0467 0.9843
vn -0.2674 0.1469 0.9523
vn -0.9307 -0.3657 -0.0003
vn -0.9322 0.3619 0.0005
vn -0.9322 0.3620 0.0004
vn -0.3998 -0.9166 -0.0005
vn -0.3999 -0.9166 -0.0006
vn -0.4039 0.9148 0.0005
vn -0.4040 0.9148 0.0005
vn 0.3998 0.9166 0.0005
vn 0.9307 0.3658 0.0005
vn 0.9307 0.3657 0.0003
vn 0.9322 -0.3620 -0.0004
vn 0.4039 -0.9148 -0.0003
vn 0.4040 -0.9148 -0.0005
vn -0.3998 -0.9166 -0.0006
vn 0.0005 0.9926 0.1216
vn -0.0004 0.9897 0.1430
vn -0.0003 0.9897 0.1429
vn 0.0055 0.7777 -0.6286
vn 0.0008 0.1699 -0.9855
vn 0.0005 0.1699 -0.9855
vn -0.0004 0.2919 -0.9564
vn 0.0005 0.2920 -0.9564
vn 0.0005 -0.0823 -0.9966
vn 0.0006 0.6649 -0.7470
vn 0.0005 0.6649 -0.7469
vn 0.0005 0.2919 -0.9564
vn -0.0005 0.1699 -0.9855
vn -0.0055 0.7777 -0.6286
vn -0.0005 -0.0823 -0.9966
vn -0.0005 0.9926 0.1216
vn -0.0000 0.9926 0.1216
vn 0.0005 -0.9075 0.4201
vn -0.0005 -0.9075 0.4201
vn -0.0006 -0.9075 0.4200
vn 0.0007 -0.9075 0.4200
vn 0.0005 0.9075 0.4201
vn -0.0005 0.9075 0.4201
vn -0.0004 0.9075 0.4201
vn -0.0006 0.9075 0.4201
vn 0.0006 0.9075 0.4200
vn 0.0004 -0.6075 0.7943
vn 0.0005 0.1108 0.9938
vn 0.0005 0.1109 0.9938
vn 0.0005 -0.6076 0.7942
vn 0.0004 0.1306 0.9914
vn 0.0005 0.1305 0.9914
vn -0.0005 0.1108 0.9938
vn -0.0000 0.1109 0.9938
vn 0.0005 -0.5524 0.8336
vn 0.0004 -0.5524 0.8336
vn -0.0004 -0.5523 0.8336
vn 0.0006 0.1447 0.9895
vn 0.0005 0.1448 0.9895
vn 0.2328 -0.0004 -0.9725
vn 0.6503 0.0004 -0.7597
vn 0.6510 0.0004 -0.7591
vn 0.9307 0.0004 -0.3657
vn 0.2327 -0.0004 -0.9725
vn -0.2328 0.0005 -0.9725
vn 0.9922 0.0006 0.1250
vn -0.2327 0.0004 -0.9725
vn -0.6504 0.0005 -0.7596
vn 0.8133 -0.0000 0.5819
vn -0.6510 0.0004 -0.7591
vn 0.8133 0.0003 0.5819
vn -0.9307 0.0003 -0.3657
vn 0.4515 0.0004 0.8923
vn -0.9307 0.0004 -0.3657
vn 0.4517 -0.0000 0.8922
vn 0.0005 -0.0000 1.0000
vn -0.9922 0.0006 0.1250
vn -0.8133 -0.0000 0.5819
vn -0.8133 0.0003 0.5819
vn -0.4515 0.0004 0.8923
vn -0.4517 -0.0000 0.8922
vn 0.0004 -0.0000 1.0000
vn 0.0003 -0.4302 0.9027
vn 0.0004 -0.4301 0.9028
vn 0.0006 -0.4300 0.9028
vn -0.0005 0.3907 -0.9205
vn 0.0005 0.3907 -0.9205
vn -0.0006 0.3907 -0.9205
vn 0.0006 0.3907 -0.9205
vn -0.0007 0.3906 -0.9205
vn 0.0007 0.3906 -0.9205
vn 0.0007 0.3907 -0.9205
vn -0.0008 0.3907 -0.9205
vn -0.0007 0.3907 -0.9205
vn -0.5534 0.0247 0.8326
vn -0.5534 0.0247 0.8325
vn -0.4303 0.0219 0.9024
vn -0.7014 0.0276 0.7122
vn -0.7015 0.0276 0.7122
vn 0.4303 0.0219 0.9024
vn 0.5534 0.0247 0.8325
vn 0.5534 0.0247 0.8326
vn 0.7014 0.0276 0.7122
vn 0.7015 0.0276 0.7122
vn 0.0006 -0.3907 -0.9205
vn 0.0007 -0.3907 -0.9205
vn -0.0006 -0.3907 -0.9205
vn -0.0007 -0.3907 -0.9205
vn -0.0005 -0.3907 -0.9205
vn -0.0000 -0.4554 -0.8903
vn -0.0005 -0.4553 -0.8903
vn 0.0003 -0.4553 -0.8903
vn 0.0005 -0.4553 -0.8903
vn -0.0003 -0.4553 -0.8903
vn 0.0003 0.4368 0.8995
vn -0.0000 0.4319 0.9019
vn -0.0005 0.4319 0.9019
vn -0.0000 0.4369 0.8995
vn 0.0003 0.1064 0.9943
vn 0.0005 0.1064 0.9943
vn 0.0006 -0.2320 0.9727
vn 0.0004 -0.2319 0.9727
vn 0.0005 -0.5484 0.8362
vn -0.0000 -0.5484 0.8362
vn 0.0004 -0.5523 0.8336
vn 0.0005 0.4319 0.9019
vn 0.7232 -0.6823 0.1067
vn 0.7140 -0.5937 0.3712
vn 0.7136 -0.5939 0.3714
vn 0.7037 -0.3910 0.5932
vn 0.7025 -0.3384 0.6261
vn 0.7023 -0.3384 0.6264
vn 0.7022 -0.3384 0.6265
vn -0.7232 -0.6823 0.1066
vn -0.7232 -0.6823 0.1067
vn -0.7136 -0.5939 0.3714
vn -0.7037 -0.3910 0.5932
vn -0.7023 -0.3384 0.6264
vn -0.7022 -0.3383 0.6265
vn -0.7022 -0.3384 0.6265
vn 0.0005 0.7026 0.7116
vn 0.0005 0.2510 0.9680
vn -0.0000 0.7139 0.7002
vn 0.0005 0.7139 0.7002
vn -0.0005 0.7026 0.7116
vn -0.0006 0.7026 0.7116
vn 0.0004 0.7139 0.7002
vn -0.0005 0.2510 0.9680
vn -0.0000 -0.9653 -0.2610
vn 0.0003 -0.9653 0.2612
vn 0.0003 -0.7167 0.6974
vn 0.0005 -0.3260 0.9454
vn 0.0005 0.8664 0.4994
vn 0.0005 0.8664 -0.4993
vn 0.0003 -0.3261 -0.9453
vn 0.0003 -0.7167 -0.6974
vn -0.0000 -0.9653 -0.2611
vn 0.0005 -0.9653 -0.2611
vn 0.0003 0.3907 -0.9205
vn -0.9944 -0.1019 0.0268
vn -0.0212 -0.9996 0.0199
vn 0.9944 -0.1019 0.0268
vn -0.0000 0.5233 -0.8521
vn 0.0004 0.5030 -0.8643
vn -0.0005 0.5233 -0.8521
vn -0.0005 0.9984 0.0574
vn 0.0005 0.9984 0.0573
vn -0.0000 0.4301 0.9028
vn 0.0004 0.4147 0.9099
vn 0.0003 0.4147 0.9100
vn 0.0003 0.2014 -0.9795
vn -0.0005 0.2013 -0.9795
vn 0.0004 0.2013 -0.9795
vn -0.0004 0.2014 -0.9795
vn -0.0004 0.2013 -0.9795
vn 0.0005 0.2013 -0.9795
vn -0.0003 0.2014 -0.9795
vn 0.6970 -0.1939 0.6904
vn 0.6968 -0.1941 0.6905
vn 0.6970 -0.1938 0.6904
vn -0.6968 -0.1941 0.6905
vn -0.6970 -0.1938 0.6904
vn -0.6970 -0.1939 0.6904
vn 0.0005 0.9436 -0.3311
vn 0.0005 0.3040 -0.9527
vn -0.0005 0.9436 -0.3311
vn 0.0005 0.8055 0.5926
vn 0.0005 -0.5602 -0.8283
vn 0.0005 0.0609 0.9981
vn 0.0005 -0.5603 -0.8283
vn 0.0005 -0.9981 -0.0618
vn -0.0005 0.0609 0.9981
vn 0.0005 -0.6761 0.7368
vn 0.0005 -0.6762 0.7368
vn -0.0000 -0.9981 -0.0617
vn 0.0005 -0.9981 -0.0617
vn -0.0005 -0.5603 -0.8283
vn -0.0000 -0.9981 -0.0618
vn -0.0005 0.3040 -0.9527
vn -0.0005 0.8055 0.5926
vn -0.0000 0.0609 0.9981
vn -0.0005 -0.6762 0.7368
vn 0.0006 -0.9981 -0.0617
vn 0.0006 -0.6731 0.7396
vn 0.0335 -0.0351 0.9988
vn 0.5915 0.0076 0.8062
vn 0.4674 -0.0668 0.8815
vn 0.6943 0.0005 0.7197
vn 0.0354 -0.0004 0.9994
vn -0.0335 -0.0351 0.9988
vn -0.3818 -0.3984 0.8340
vn -0.0354 -0.0005 0.9994
vn -0.6943 -0.0003 0.7197
vn -0.6943 0.0003 0.7197
vn -0.0000 -0.4007 -0.9162
vn 0.0003 -0.4008 -0.9162
vn -0.0003 -0.4008 -0.9162
vn 0.0004 -0.3148 -0.9492
vn -0.0004 -0.3148 -0.9492
vn -0.0005 -0.3149 -0.9491
vn -0.0003 -0.3147 -0.9492
vn 0.0005 -0.3149 -0.9491
vn 0.0003 -0.3147 -0.9492
vn 0.0003 -0.3148 -0.9492
vn -0.0003 -0.3148 -0.9492
vn 0.0005 0.7800 0.6258
vn 0.0006 0.7799 0.6259
vn 0.0005 -0.9786 0.2059
vn -0.0000 -0.9786 0.2059
vn 0.0003 -0.6731 0.7396
vn 0.0005 -0.1888 0.9820
vn -0.0005 -0.1888 0.9820
vn -0.0000 -0.9379 0.3470
vn -0.0005 -0.9161 0.4008
vn 0.0005 -0.9161 0.4009
vn 0.0003 -0.9379 0.3470
vn -0.0005 -0.6746 0.7382
vn 0.0005 -0.6746 0.7382
vn -0.0000 -0.2747 0.9615
vn 0.0005 -0.2747 0.9615
vn 0.0003 -0.2703 0.9628
vn -0.8788 -0.3505 -0.3239
vn 0.8788 -0.3504 -0.3240
vn 0.8787 -0.3505 -0.3240
vn 0.8587 0.3766 0.3476
vn 0.8590 0.3763 0.3473
vn -0.8589 0.3762 0.3473
vn -0.8587 0.3766 0.3476
vn -0.8788 -0.3504 -0.3240
vn -0.0004 0.5545 0.8322
vn -0.0005 0.5541 0.8324
vn -0.0003 0.5541 0.8324
vn 0.0005 0.5546 0.8321
vn 0.0004 0.5545 0.8322
vn -0.0000 -0.7165 0.6976
vn 0.1137 -0.4068 0.9064
vn 0.1733 -0.4115 0.8948
vn -0.1137 -0.4068 0.9064
vn 0.6699 -0.3808 0.6374
vn 0.6701 -0.3807 0.6373
vn -0.2341 -0.4149 0.8793
vn -0.6699 -0.3808 0.6374
vn -0.6701 -0.3809 0.6371
vn -0.6701 -0.3807 0.6373
vn -0.0006 0.0885 0.9961
vn 0.0005 0.0885 0.9961
vn 0.0006 0.0885 0.9961
vn -0.0005 0.0885 0.9961
vn -0.0005 0.1172 0.9931
vn -0.0004 0.1172 0.9931
vn -0.0005 0.1171 0.9931
vn 0.0004 0.1172 0.9931
vn 0.0005 0.1171 0.9931
vn 0.0005 0.1172 0.9931
vn 0.0005 0.1081 0.9941
vn -0.0000 0.1081 0.9941
vn 0.0005 -0.3721 0.9282
vn -0.0000 0.7679 -0.6406
vn 0.0019 0.7657 -0.6431
vn -0.0000 0.9581 -0.2864
vn 0.0009 0.9594 -0.2821
vn 1.0000 -0.0000 -0.0000
vn 0.0005 0.9211 -0.3893
vn 0.0002 0.9978 -0.0667
vn 0.0017 0.9976 -0.0687
vn 1.0000 0.0021 0.0039
vt 0.975254 0.429070
vt 0.997195 0.455494
vt 0.975254 0.455494
vt 0.997195 0.429070
vt 0.957051 0.460051
vt 0.957051 0.424513
vt 0.956161 0.424225
vt 0.956161 0.460339
vt 0.823993 0.460339
vt 0.823993 0.424225
vt 0.800673 0.460339
vt 0.800673 0.424225
vt 0.786879 0.460339
vt 0.786879 0.424225
vt 0.781864 0.460339
vt 0.781864 0.424225
vt 0.582792 0.654724
vt 0.582765 0.654594
vt 0.584700 0.651720
vt 0.602096 0.654724
vt 0.600188 0.651720
vt 0.602122 0.654594
vt 0.600111 0.666797
vt 0.584777 0.666797
vt 0.819206 0.617584
vt 0.819206 0.626806
vt 0.814801 0.628168
vt 0.814801 0.616221
vt 0.754047 0.616221
vt 0.754047 0.628168
vt 0.268332 0.853514
vt 0.271764 0.853191
vt 0.280630 0.868535
vt 0.268331 0.850998
vt 0.278637 0.871347
vt 0.271764 0.851319
vt 0.280816 0.872605
vt 0.270322 0.847546
vt 0.282252 0.869470
vt 0.273037 0.849112
vt 0.284802 0.872603
vt 0.273664 0.847846
vt 0.284800 0.869470
vt 0.271027 0.846325
vt 0.286211 0.869558
vt 0.274153 0.846500
vt 0.286212 0.872603
vt 0.271732 0.845103
vt 0.287621 0.869806
vt 0.275608 0.838383
vt 0.287622 0.872602
vt 0.278030 0.839780
vt 0.295379 0.869803
vt 0.276313 0.837161
vt 0.295380 0.872599
vt 0.278949 0.838682
vt 0.296790 0.872598
vt 0.277017 0.835940
vt 0.296789 0.869554
vt 0.279732 0.837505
vt 0.298200 0.872598
vt 0.281005 0.835299
vt 0.298199 0.869464
vt 0.279009 0.832487
vt 0.300747 0.869464
vt 0.281187 0.831228
vt 0.302186 0.872596
vt 0.282626 0.834361
vt 0.302369 0.868526
vt 0.300347 0.834355
vt 0.304365 0.871338
vt 0.301784 0.831221
vt 0.314656 0.853497
vt 0.303963 0.832478
vt 0.311223 0.853177
vt 0.301969 0.835291
vt 0.311222 0.851304
vt 0.305957 0.835929
vt 0.314655 0.850981
vt 0.303244 0.837497
vt 0.312661 0.847530
vt 0.304027 0.838673
vt 0.309948 0.849098
vt 0.306663 0.837150
vt 0.309319 0.847832
vt 0.304947 0.839770
vt 0.311955 0.846309
vt 0.307368 0.838371
vt 0.308829 0.846487
vt 0.311250 0.845088
vt 0.405004 0.925601
vt 0.405932 0.914803
vt 0.408880 0.918413
vt 0.396899 0.911564
vt 0.406626 0.926538
vt 0.404999 0.910236
vt 0.412645 0.919991
vt 0.396899 0.909691
vt 0.416723 0.920184
vt 0.400952 0.902673
vt 0.422834 0.926538
vt 0.406296 0.905759
vt 0.420410 0.918431
vt 0.409525 0.902397
vt 0.424457 0.925601
vt 0.405004 0.895654
vt 0.428508 0.918583
vt 0.406626 0.894718
vt 0.423364 0.915613
vt 0.413946 0.900921
vt 0.424328 0.911645
vt 0.422834 0.894718
vt 0.432561 0.911564
vt 0.418547 0.901668
vt 0.432561 0.909691
vt 0.424457 0.895654
vt 0.424003 0.907576
vt 0.421797 0.904141
vt 0.946193 0.668726
vt 0.947970 0.690919
vt 0.946193 0.690919
vt 0.947970 0.668726
vt 0.944416 0.668726
vt 0.949747 0.690919
vt 0.944416 0.690919
vt 0.949747 0.668726
vt 0.942639 0.668726
vt 0.951524 0.690919
vt 0.942639 0.690919
vt 0.951524 0.668726
vt 0.940862 0.668726
vt 0.953301 0.690919
vt 0.940862 0.690919
vt 0.953301 0.668726
vt 0.939085 0.668726
vt 0.955078 0.690919
vt 0.939085 0.690919
vt 0.955078 0.668726
vt 0.956855 0.690919
vt 0.956855 0.668726
vt 0.937308 0.668726
vt 0.937308 0.690919
vt 0.935531 0.668726
vt 0.935531 0.690919
vt 0.933753 0.668726
vt 0.933753 0.690919
vt 0.029956 0.196897
vt 0.040200 0.196897
vt 0.044755 0.199666
vt 0.042420 0.196897
vt 0.044755 0.199474
vt 0.040200 0.192174
vt 0.025401 0.199666
vt 0.027736 0.196897
vt 0.025401 0.199474
vt 0.029956 0.192174
vt 0.037527 0.189223
vt 0.039321 0.190193
vt 0.032629 0.189223
vt 0.030835 0.190193
vt 0.246432 0.624576
vt 0.213559 0.605217
vt 0.246432 0.605217
vt 0.213559 0.624576
vt 0.117271 0.605217
vt 0.117271 0.624576
vt 0.262578 0.624576
vt 0.262578 0.605217
vt 0.323793 0.605217
vt 0.323793 0.624576
vt 0.382781 0.954217
vt 0.384140 0.955663
vt 0.384140 0.966035
vt 0.381139 0.969228
vt 0.363830 0.954217
vt 0.365471 0.969228
vt 0.362471 0.966035
vt 0.362471 0.955663
vt 0.242924 0.972224
vt 0.237824 0.974133
vt 0.237824 0.972224
vt 0.242924 0.974133
vt 0.232785 0.972224
vt 0.232785 0.974133
vt 0.227746 0.974133
vt 0.227746 0.972224
vt 0.222706 0.974133
vt 0.222706 0.972224
vt 0.217667 0.974133
vt 0.217667 0.972224
vt 0.212567 0.974133
vt 0.212567 0.972224
vt 0.207468 0.974133
vt 0.207468 0.972224
vt 0.202369 0.972224
vt 0.202369 0.974133
vt 0.197329 0.972224
vt 0.197329 0.974133
vt 0.192290 0.972224
vt 0.192290 0.974133
vt 0.187250 0.972224
vt 0.187250 0.974133
vt 0.182211 0.974133
vt 0.182211 0.972224
vt 0.177112 0.972224
vt 0.177112 0.974133
vt 0.922386 0.002279
vt 0.923371 0.001334
vt 0.923359 0.002291
vt 0.922389 0.001322
vt 0.924349 0.001354
vt 0.921400 0.002265
vt 0.924349 0.002314
vt 0.921411 0.001307
vt 0.925338 0.002291
vt 0.920415 0.002250
vt 0.925327 0.001334
vt 0.920428 0.001294
vt 0.926311 0.002279
vt 0.919297 0.002235
vt 0.926309 0.001322
vt 0.919311 0.001278
vt 0.927298 0.002265
vt 0.918180 0.002219
vt 0.927287 0.001307
vt 0.918193 0.001262
vt 0.917062 0.002203
vt 0.917076 0.001246
vt 0.928283 0.002250
vt 0.928270 0.001294
vt 0.929401 0.002235
vt 0.929387 0.001278
vt 0.930518 0.002219
vt 0.930505 0.001262
vt 0.931636 0.002203
vt 0.931622 0.001246
vt 0.047202 0.902860
vt 0.041813 0.908254
vt 0.042029 0.900321
vt 0.037648 0.906679
vt 0.048863 0.896727
vt 0.036724 0.914345
vt 0.055473 0.901245
vt 0.042887 0.917669
vt 0.056584 0.896721
vt 0.039468 0.921562
vt 0.063424 0.900303
vt 0.043541 0.925623
vt 0.062055 0.906507
vt 0.050062 0.923277
vt 0.067815 0.906654
vt 0.048889 0.928053
vt 0.064332 0.913785
vt 0.054755 0.928377
vt 0.068752 0.914318
vt 0.059018 0.921631
vt 0.066021 0.921539
vt 0.060245 0.926664
vt 0.515951 0.883042
vt 0.510128 0.885250
vt 0.511345 0.880723
vt 0.523829 0.880723
vt 0.502284 0.889783
vt 0.522132 0.883792
vt 0.505998 0.889911
vt 0.527872 0.882420
vt 0.504508 0.895957
vt 0.502284 0.902132
vt 0.505998 0.902004
vt 0.510128 0.906665
vt 0.511345 0.911192
vt 0.515951 0.908873
vt 0.523829 0.911192
vt 0.522132 0.908123
vt 0.527872 0.909495
vt 0.527257 0.904585
vt 0.537358 0.907585
vt 0.530151 0.899071
vt 0.537486 0.899597
vt 0.541319 0.907585
vt 0.541319 0.899597
vt 0.536283 0.898394
vt 0.530529 0.895958
vt 0.536283 0.893521
vt 0.530151 0.892844
vt 0.527257 0.887330
vt 0.537486 0.892318
vt 0.537358 0.884330
vt 0.541319 0.884330
vt 0.541319 0.892318
vt 0.417575 0.956733
vt 0.405051 0.952222
vt 0.426598 0.956733
vt 0.419066 0.962974
vt 0.417575 0.961483
vt 0.425107 0.962974
vt 0.426598 0.961483
vt 0.407675 0.956733
vt 0.405051 0.961501
vt 0.407675 0.961501
vt 0.439122 0.952222
vt 0.436498 0.956733
vt 0.439122 0.961501
vt 0.436498 0.961501
vt 0.156288 0.998501
vt 0.164113 0.994222
vt 0.164340 0.998501
vt 0.171037 0.994222
vt 0.171037 0.998501
vt 0.177735 0.998501
vt 0.177961 0.994222
vt 0.185786 0.998501
vt 0.183898 0.994222
vt 0.189252 0.998501
vt 0.191132 0.994222
vt 0.196609 0.998501
vt 0.199699 0.994222
vt 0.203980 0.998501
vt 0.208238 0.994222
vt 0.211306 0.998501
vt 0.216801 0.994222
vt 0.218709 0.998501
vt 0.222177 0.998501
vt 0.224038 0.994222
vt 0.232576 0.994222
vt 0.231951 0.998501
vt 0.241673 0.998501
vt 0.241086 0.994222
vt 0.251509 0.998501
vt 0.249660 0.994222
vt 0.254975 0.998501
vt 0.256894 0.994222
vt 0.262303 0.998501
vt 0.269653 0.994222
vt 0.269653 0.998501
vt 0.390355 0.338219
vt 0.390355 0.349732
vt 0.386300 0.349214
vt 0.382246 0.338219
vt 0.382246 0.349732
vt 0.087099 0.998501
vt 0.079771 0.998501
vt 0.085180 0.994222
vt 0.072421 0.994222
vt 0.072421 0.998501
vt 0.092414 0.994222
vt 0.090565 0.998501
vt 0.100988 0.994222
vt 0.100401 0.998501
vt 0.109498 0.994222
vt 0.110123 0.998501
vt 0.119897 0.998501
vt 0.118036 0.994222
vt 0.125274 0.994222
vt 0.123365 0.998501
vt 0.130768 0.998501
vt 0.133836 0.994222
vt 0.138094 0.998501
vt 0.142376 0.994222
vt 0.145466 0.998501
vt 0.150942 0.994222
vt 0.152822 0.998501
vt 0.158176 0.994222
vt 0.421863 0.744919
vt 0.418576 0.757977
vt 0.418590 0.744916
vt 0.421843 0.757982
vt 0.423252 0.757986
vt 0.428209 0.755532
vt 0.427660 0.742985
vt 0.430509 0.754253
vt 0.431498 0.738790
vt 0.436448 0.750817
vt 0.432838 0.733355
vt 0.436448 0.715894
vt 0.437704 0.750166
vt 0.431498 0.727920
vt 0.437704 0.716545
vt 0.430509 0.712458
vt 0.438959 0.749847
vt 0.427660 0.723726
vt 0.438960 0.716864
vt 0.449584 0.749847
vt 0.449584 0.716864
vt 0.428210 0.711179
vt 0.421863 0.721792
vt 0.423252 0.708725
vt 0.421843 0.708728
vt 0.418576 0.708733
vt 0.418590 0.721794
vt 0.390871 0.749823
vt 0.401481 0.716888
vt 0.401481 0.749823
vt 0.390871 0.716888
vt 0.402734 0.716570
vt 0.402734 0.750142
vt 0.403988 0.750792
vt 0.403988 0.715920
vt 0.407929 0.736148
vt 0.407930 0.730563
vt 0.410527 0.741095
vt 0.410528 0.725616
vt 0.409922 0.754223
vt 0.409922 0.712488
vt 0.412218 0.755508
vt 0.412218 0.711203
vt 0.415716 0.744284
vt 0.415716 0.722427
vt 0.417167 0.757975
vt 0.417167 0.708735
vt 0.894645 0.539685
vt 0.893388 0.512776
vt 0.894645 0.505225
vt 0.842030 0.505225
vt 0.842030 0.512776
vt 0.897998 0.505225
vt 0.893388 0.532134
vt 0.842030 0.539685
vt 0.842030 0.532134
vt 0.897998 0.539685
vt 0.924596 0.505225
vt 0.924596 0.539685
vt 0.934611 0.505225
vt 0.934611 0.539685
vt 0.975363 0.539685
vt 0.975363 0.505225
vt 0.769392 0.431219
vt 0.771439 0.450587
vt 0.769392 0.450587
vt 0.771439 0.431219
vt 0.772982 0.450587
vt 0.772982 0.431219
vt 0.774525 0.450587
vt 0.774525 0.431219
vt 0.778729 0.450587
vt 0.778729 0.431219
vt 0.492447 0.651721
vt 0.483129 0.660023
vt 0.490037 0.652682
vt 0.483641 0.658834
vt 0.483129 0.680152
vt 0.492447 0.688453
vt 0.490037 0.687493
vt 0.483641 0.681341
vt 0.569161 0.688453
vt 0.569161 0.651721
vt 0.732906 0.816069
vt 0.736355 0.812922
vt 0.736355 0.853335
vt 0.732906 0.850188
vt 0.731007 0.814170
vt 0.731007 0.852087
vt 0.731382 0.810721
vt 0.731382 0.855536
vt 0.705985 0.810721
vt 0.703779 0.814170
vt 0.703779 0.812925
vt 0.705985 0.855536
vt 0.703779 0.852087
vt 0.703779 0.853332
vt 0.613925 0.772359
vt 0.647585 0.769579
vt 0.646614 0.772664
vt 0.649921 0.771716
vt 0.649803 0.805668
vt 0.649921 0.769891
vt 0.652412 0.770350
vt 0.651400 0.768041
vt 0.649026 0.766452
vt 0.653463 0.807207
vt 0.612945 0.769286
vt 0.611521 0.766219
vt 0.649724 0.807148
vt 0.652519 0.808763
vt 0.649606 0.810689
vt 0.647954 0.807211
vt 0.611047 0.810689
vt 0.647335 0.805021
vt 0.613316 0.804931
vt 0.612695 0.807131
vt 0.610908 0.807080
vt 0.608081 0.808728
vt 0.607124 0.807155
vt 0.610822 0.805586
vt 0.608141 0.770060
vt 0.610628 0.771422
vt 0.610626 0.769606
vt 0.609166 0.767768
vt 0.090861 0.381739
vt 0.091331 0.385542
vt 0.090220 0.385344
vt 0.093206 0.381448
vt 0.094532 0.386470
vt 0.097007 0.381367
vt 0.098480 0.381635
vt 0.098496 0.389025
vt 0.102857 0.382635
vt 0.099241 0.392701
vt 0.097736 0.391207
vt 0.102618 0.395371
vt 0.105399 0.382228
vt 0.113614 0.395371
vt 0.116846 0.389367
vt 0.114981 0.394560
vt 0.116875 0.387554
vt 0.108469 0.380906
vt 0.932771 0.555855
vt 0.933241 0.552052
vt 0.935116 0.556146
vt 0.932130 0.552250
vt 0.936442 0.551124
vt 0.938917 0.556227
vt 0.940390 0.555958
vt 0.940406 0.548569
vt 0.944767 0.554959
vt 0.941151 0.544894
vt 0.939646 0.546387
vt 0.944528 0.542223
vt 0.947309 0.555366
vt 0.955524 0.542223
vt 0.958755 0.548227
vt 0.956890 0.543034
vt 0.958784 0.550040
vt 0.950378 0.556688
vt 0.000000 0.000000
vt 0.591906 0.681096
vt 0.591906 0.676329
vt 0.590687 0.676329
vt 0.590687 0.681096
vt 0.587947 0.681096
vt 0.587947 0.676329
vt 0.585006 0.682264
vt 0.585006 0.675161
vt 0.583316 0.684886
vt 0.583316 0.672539
vt 0.571607 0.660948
vt 0.580986 0.659648
vt 0.574402 0.658221
vt 0.579242 0.658221
vt 0.571607 0.696477
vt 0.580986 0.697777
vt 0.574402 0.699204
vt 0.579242 0.699204
vt 0.270654 0.734221
vt 0.270595 0.734364
vt 0.268562 0.736812
vt 0.288791 0.736807
vt 0.286758 0.734364
vt 0.286699 0.734221
vt 0.532941 0.837737
vt 0.533668 0.831747
vt 0.543700 0.841457
vt 0.543700 0.825076
vt 0.542888 0.843418
vt 0.531528 0.826106
vt 0.529513 0.842703
vt 0.542888 0.823115
vt 0.531305 0.855002
vt 0.531305 0.811532
vt 0.524170 0.845507
vt 0.527012 0.822104
vt 0.529344 0.855814
vt 0.529344 0.810720
vt 0.512963 0.855814
vt 0.521153 0.820660
vt 0.518136 0.845507
vt 0.512963 0.810720
vt 0.511001 0.855002
vt 0.515294 0.822104
vt 0.512793 0.842703
vt 0.511001 0.811532
vt 0.499419 0.843418
vt 0.510778 0.826106
vt 0.509366 0.837737
vt 0.499419 0.823115
vt 0.498606 0.841457
vt 0.498606 0.825076
vt 0.508638 0.831747
vt 0.442419 0.904278
vt 0.474640 0.904278
vt 0.458529 0.910699
vt 0.467198 0.912212
vt 0.449861 0.912212
vt 0.470785 0.913486
vt 0.446274 0.913486
vt 0.481741 0.910899
vt 0.435317 0.910899
vt 0.477593 0.900159
vt 0.484952 0.895318
vt 0.477470 0.895807
vt 0.439466 0.900159
vt 0.432107 0.895318
vt 0.439588 0.895807
vt 0.948687 0.197310
vt 0.948687 0.164722
vt 0.965996 0.181016
vt 0.965337 0.173115
vt 0.956903 0.164722
vt 0.965337 0.188917
vt 0.956903 0.197310
vt 0.582618 0.861217
vt 0.618552 0.893800
vt 0.582618 0.893800
vt 0.618552 0.861217
vt 0.341400 0.254724
vt 0.338075 0.256269
vt 0.341400 0.256269
vt 0.338075 0.254724
vt 0.334749 0.256269
vt 0.334749 0.254724
vt 0.344725 0.254724
vt 0.344725 0.256269
vt 0.348051 0.254724
vt 0.348051 0.256269
vt 0.351376 0.254724
vt 0.351376 0.256269
vt 0.354702 0.254724
vt 0.354702 0.256269
vt 0.358027 0.254724
vt 0.358027 0.256269
vt 0.361353 0.254724
vt 0.361353 0.256269
vt 0.364678 0.254724
vt 0.364678 0.256269
vt 0.368003 0.254724
vt 0.368003 0.256269
vt 0.371329 0.254724
vt 0.371329 0.256269
vt 0.374654 0.254724
vt 0.374654 0.256269
vt 0.377980 0.254724
vt 0.377980 0.256269
vt 0.381305 0.254724
vt 0.381305 0.256269
vt 0.531111 0.191769
vt 0.534436 0.190224
vt 0.534436 0.191769
vt 0.537762 0.190224
vt 0.531111 0.190224
vt 0.527786 0.191769
vt 0.527786 0.190224
vt 0.537762 0.191769
vt 0.541087 0.190224
vt 0.541087 0.191769
vt 0.544413 0.190224
vt 0.544413 0.191769
vt 0.547738 0.190224
vt 0.547738 0.191769
vt 0.551064 0.190224
vt 0.551064 0.191769
vt 0.554389 0.190224
vt 0.554389 0.191769
vt 0.557714 0.190224
vt 0.557714 0.191769
vt 0.561040 0.190224
vt 0.561040 0.191769
vt 0.564365 0.190224
vt 0.564365 0.191769
vt 0.567691 0.190224
vt 0.567691 0.191769
vt 0.571016 0.190224
vt 0.571016 0.191769
vt 0.574342 0.190224
vt 0.574342 0.191769
vt 0.555099 0.449404
vt 0.561617 0.456955
vt 0.555099 0.456955
vt 0.561617 0.449404
vt 0.561617 0.449126
vt 0.555099 0.449126
vt 0.555099 0.448847
vt 0.561617 0.448847
vt 0.561617 0.443224
vt 0.555099 0.443224
vt 0.611766 0.991829
vt 0.602746 0.991829
vt 0.605659 0.987494
vt 0.611766 0.978723
vt 0.605659 0.978723
vt 0.598770 0.987494
vt 0.591276 0.990641
vt 0.591276 0.989620
vt 0.597080 0.984360
vt 0.597976 0.982399
vt 0.598770 0.978723
vt 0.597976 0.978723
vt 0.847441 0.847687
vt 0.847441 0.856705
vt 0.843107 0.850600
vt 0.834338 0.856705
vt 0.834338 0.850600
vt 0.843107 0.843713
vt 0.846253 0.836221
vt 0.845232 0.836221
vt 0.839974 0.842022
vt 0.838013 0.842919
vt 0.834338 0.843713
vt 0.834338 0.842919
vt 0.404305 0.026720
vt 0.390532 0.030298
vt 0.380663 0.030298
vt 0.391562 0.030650
vt 0.366891 0.026720
vt 0.400475 0.030550
vt 0.379634 0.030650
vt 0.392272 0.031475
vt 0.398806 0.035140
vt 0.393744 0.035140
vt 0.370720 0.030550
vt 0.378923 0.031475
vt 0.372390 0.035140
vt 0.377451 0.035140
vt 0.877322 0.218186
vt 0.876758 0.222157
vt 0.875862 0.220196
vt 0.870055 0.214933
vt 0.870055 0.213912
vt 0.877322 0.222881
vt 0.876758 0.222881
vt 0.881531 0.212723
vt 0.886015 0.218186
vt 0.890555 0.212723
vt 0.890555 0.222881
vt 0.886015 0.222881
vt 0.936251 0.463218
vt 0.936251 0.472242
vt 0.930788 0.467758
vt 0.926093 0.463218
vt 0.926093 0.467758
vt 0.930788 0.476451
vt 0.935062 0.483716
vt 0.934041 0.483716
vt 0.928779 0.477911
vt 0.926817 0.477014
vt 0.926093 0.476451
vt 0.926093 0.477014
vt 0.666572 0.297579
vt 0.660022 0.297579
vt 0.664971 0.294527
vt 0.660022 0.294527
vt 0.666572 0.293071
vt 0.664971 0.291716
vt 0.666432 0.291716
vt 0.177447 0.216277
vt 0.172497 0.213225
vt 0.179048 0.213225
vt 0.172497 0.216277
vt 0.179048 0.217733
vt 0.177447 0.219089
vt 0.178908 0.219089
vt 0.934169 0.698624
vt 0.934156 0.700611
vt 0.931307 0.698580
vt 0.929695 0.700587
vt 0.931307 0.662804
vt 0.929695 0.660797
vt 0.925243 0.660797
vt 0.934156 0.660773
vt 0.925243 0.700587
vt 0.934169 0.662760
vt 0.920790 0.660797
vt 0.942381 0.662725
vt 0.920790 0.700587
vt 0.916337 0.660797
vt 0.916337 0.700587
vt 0.911885 0.700587
vt 0.911885 0.660797
vt 0.907432 0.660797
vt 0.907432 0.700587
vt 0.902980 0.660797
vt 0.902980 0.700587
vt 0.891067 0.660797
vt 0.891067 0.700587
vt 0.943817 0.660732
vt 0.943824 0.666236
vt 0.942383 0.666237
vt 0.945739 0.666235
vt 0.144812 0.986720
vt 0.137988 0.988672
vt 0.137988 0.986720
vt 0.131164 0.988672
vt 0.144812 0.988672
vt 0.151635 0.986720
vt 0.151635 0.988672
vt 0.131164 0.986720
vt 0.124340 0.988672
vt 0.124340 0.986720
vt 0.117516 0.988672
vt 0.117516 0.986720
vt 0.110693 0.988672
vt 0.110693 0.986720
vt 0.103869 0.988672
vt 0.103869 0.986720
vt 0.097045 0.988672
vt 0.097045 0.986720
vt 0.090221 0.988672
vt 0.090221 0.986720
vt 0.083397 0.988672
vt 0.083397 0.986720
vt 0.076574 0.988672
vt 0.076574 0.986720
vt 0.069750 0.988672
vt 0.069750 0.986720
vt 0.062926 0.988672
vt 0.062926 0.986720
vt 0.359273 0.859262
vt 0.364023 0.855541
vt 0.364251 0.869500
vt 0.375834 0.857917
vt 0.362290 0.870313
vt 0.366500 0.850038
vt 0.353338 0.860349
vt 0.376646 0.855956
vt 0.345909 0.870312
vt 0.376646 0.839576
vt 0.347578 0.858554
vt 0.366135 0.844016
vt 0.343948 0.869500
vt 0.375834 0.837615
vt 0.332365 0.857917
vt 0.363014 0.838852
vt 0.343311 0.854288
vt 0.364251 0.826032
vt 0.331553 0.855956
vt 0.357850 0.835731
vt 0.341516 0.848527
vt 0.362290 0.825220
vt 0.331553 0.839576
vt 0.351827 0.835366
vt 0.342604 0.842592
vt 0.345910 0.825220
vt 0.332366 0.837615
vt 0.343948 0.826032
vt 0.346325 0.837843
vt 0.845527 0.035309
vt 0.846315 0.034945
vt 0.843327 0.072315
vt 0.840746 0.074594
vt 0.849045 0.071851
vt 0.840014 0.073963
vt 0.844334 0.034446
vt 0.838652 0.074582
vt 0.847546 0.019614
vt 0.857852 0.023576
vt 0.845673 0.019306
vt 0.850788 0.001222
vt 0.848810 0.001316
vt 0.861425 0.003301
vt 0.869390 0.026472
vt 0.860066 0.035358
vt 0.872134 0.005020
vt 0.867895 0.035121
vt 0.863722 0.076358
vt 0.880852 0.026812
vt 0.883249 0.006320
vt 0.882324 0.034366
vt 0.887089 0.024987
vt 0.885462 0.030189
vt 0.888616 0.032157
vt 0.886966 0.029614
vt 0.889746 0.033516
vt 0.888969 0.057702
vt 0.881901 0.077107
vt 0.889645 0.058354
vt 0.901009 0.079667
vt 0.890446 0.057964
vt 0.899144 0.042607
vt 0.946203 0.057291
vt 0.899406 0.092859
vt 0.880164 0.091469
vt 0.943522 0.083733
vt 0.953708 0.067501
vt 0.947304 0.057387
vt 0.953996 0.066242
vt 0.948364 0.057076
vt 0.949238 0.056399
vt 0.977860 0.040703
vt 0.972670 0.029971
vt 0.977453 0.034660
vt 0.954647 0.068380
vt 0.980857 0.082903
vt 0.980626 0.075068
vt 0.948624 0.094574
vt 0.980987 0.094372
vt 0.981019 0.101994
vt 0.948512 0.101852
vt 0.898783 0.101622
vt 0.948560 0.109132
vt 0.980922 0.109614
vt 0.980694 0.121083
vt 0.899324 0.110390
vt 0.943362 0.119929
vt 0.980397 0.128916
vt 0.954361 0.135384
vt 0.953414 0.136256
vt 0.945817 0.146411
vt 0.946919 0.146324
vt 0.953692 0.137518
vt 0.947978 0.146645
vt 0.948847 0.147329
vt 0.977360 0.163279
vt 0.972075 0.173976
vt 0.976901 0.169323
vt 0.900803 0.123603
vt 0.898577 0.160724
vt 0.890005 0.145267
vt 0.889205 0.144867
vt 0.881663 0.125957
vt 0.888519 0.145514
vt 0.880072 0.111589
vt 0.863509 0.126465
vt 0.879885 0.101530
vt 0.864014 0.101462
vt 0.863295 0.111833
vt 0.863378 0.091071
vt 0.855457 0.091622
vt 0.857231 0.101439
vt 0.855403 0.111231
vt 0.846819 0.101419
vt 0.845333 0.092934
vt 0.834889 0.094584
vt 0.832990 0.094670
vt 0.835002 0.094972
vt 0.834168 0.101419
vt 0.832261 0.101420
vt 0.832999 0.108162
vt 0.835008 0.107860
vt 0.845318 0.109893
vt 0.834895 0.108247
vt 0.838668 0.128170
vt 0.840749 0.128153
vt 0.848980 0.130852
vt 0.840023 0.128782
vt 0.844464 0.167941
vt 0.843318 0.130408
vt 0.845645 0.167084
vt 0.846429 0.167444
vt 0.847820 0.184902
vt 0.845646 0.184718
vt 0.858346 0.178077
vt 0.853160 0.164772
vt 0.850247 0.164625
vt 0.846075 0.131566
vt 0.847518 0.131697
vt 0.851770 0.164313
vt 0.860021 0.166630
vt 0.854606 0.127814
vt 0.868771 0.174520
vt 0.867525 0.166735
vt 0.881094 0.168240
vt 0.888330 0.169512
vt 0.879056 0.175514
vt 0.887134 0.170785
vt 0.883883 0.172537
vt 0.885083 0.177812
vt 0.885337 0.173202
vt 0.620247 0.315049
vt 0.617609 0.316758
vt 0.617726 0.311249
vt 0.614557 0.314551
vt 0.613219 0.316817
vt 0.618380 0.309883
vt 0.616781 0.319288
vt 0.611911 0.319991
vt 0.615560 0.323032
vt 0.620525 0.318842
vt 0.620718 0.320849
vt 0.619847 0.324622
vt 0.621542 0.317134
vt 0.631163 0.320860
vt 0.632061 0.324595
vt 0.636322 0.322996
vt 0.630322 0.317132
vt 0.635092 0.319272
vt 0.639950 0.319958
vt 0.638640 0.316798
vt 0.631349 0.318844
vt 0.634257 0.316747
vt 0.637301 0.314539
vt 0.634135 0.311246
vt 0.631613 0.315039
vt 0.633485 0.309883
vt 0.633111 0.306080
vt 0.618753 0.306080
vt 0.633408 0.303723
vt 0.618457 0.303723
vt 0.399905 0.330833
vt 0.390882 0.330833
vt 0.393796 0.326497
vt 0.399905 0.317722
vt 0.393796 0.317722
vt 0.386905 0.326497
vt 0.379409 0.329645
vt 0.379409 0.328623
vt 0.385214 0.323362
vt 0.386111 0.321400
vt 0.386905 0.317722
vt 0.386111 0.317722
vt 0.190794 0.220225
vt 0.199817 0.220225
vt 0.193708 0.224562
vt 0.199817 0.233337
vt 0.193708 0.233337
vt 0.186817 0.224562
vt 0.179321 0.221414
vt 0.179321 0.222436
vt 0.185126 0.227697
vt 0.186023 0.229659
vt 0.186817 0.233337
vt 0.186023 0.233337
vt 0.215252 0.982088
vt 0.210545 0.978217
vt 0.215252 0.978217
vt 0.210545 0.982088
vt 0.219958 0.982088
vt 0.205839 0.978217
vt 0.219958 0.978217
vt 0.205839 0.982088
vt 0.224665 0.982088
vt 0.201133 0.978217
vt 0.224665 0.978217
vt 0.201133 0.982088
vt 0.196426 0.978217
vt 0.196426 0.982088
vt 0.229371 0.982088
vt 0.229371 0.978217
vt 0.234078 0.982088
vt 0.234078 0.978217
vt 0.238784 0.982088
vt 0.238784 0.978217
vt 0.243491 0.982088
vt 0.243491 0.978217
vt 0.248197 0.982088
vt 0.248197 0.978217
vt 0.252904 0.982088
vt 0.252904 0.978217
vt 0.257610 0.982088
vt 0.257610 0.978217
vt 0.699623 0.792717
vt 0.695469 0.788133
vt 0.696371 0.787138
vt 0.700644 0.792717
vt 0.701833 0.781243
vt 0.696371 0.776760
vt 0.701833 0.772220
vt 0.691676 0.772220
vt 0.691676 0.776760
vt 0.211334 0.849223
vt 0.212355 0.849223
vt 0.208083 0.854799
vt 0.207182 0.853805
vt 0.213543 0.860690
vt 0.208083 0.865171
vt 0.213543 0.869707
vt 0.203392 0.869707
vt 0.203392 0.865171
vt 0.435717 0.840685
vt 0.427291 0.840685
vt 0.432268 0.835247
vt 0.431193 0.834279
vt 0.423389 0.834280
vt 0.422317 0.835250
vt 0.418866 0.840685
vt 0.421125 0.835641
vt 0.418869 0.835641
vt 0.416918 0.840685
vt 0.417339 0.835641
vt 0.400067 0.840685
vt 0.399656 0.835641
vt 0.398120 0.840685
vt 0.398112 0.835641
vt 0.395852 0.835641
vt 0.394658 0.835302
vt 0.384599 0.835189
vt 0.393587 0.834314
vt 0.385692 0.834225
vt 0.381268 0.840685
vt 0.383249 0.835641
vt 0.380704 0.835641
vt 0.379088 0.840685
vt 0.379088 0.835641
vt 0.421572 0.190717
vt 0.428124 0.190717
vt 0.423173 0.193769
vt 0.428124 0.193769
vt 0.421572 0.195225
vt 0.423173 0.198504
vt 0.421912 0.198504
vt 0.827911 0.057819
vt 0.824859 0.062768
vt 0.824859 0.056218
vt 0.827911 0.062768
vt 0.829367 0.056218
vt 0.832645 0.057819
vt 0.832645 0.056558
vt 0.475262 0.840685
vt 0.473288 0.835641
vt 0.474852 0.835641
vt 0.483688 0.840685
vt 0.492465 0.835641
vt 0.492465 0.840685
vt 0.473315 0.840685
vt 0.471033 0.835641
vt 0.469863 0.835331
vt 0.456463 0.840685
vt 0.459924 0.835376
vt 0.468789 0.834372
vt 0.460989 0.834407
vt 0.458744 0.835641
vt 0.456501 0.835641
vt 0.454959 0.835641
vt 0.454516 0.840685
vt 0.437267 0.835641
vt 0.437664 0.840685
vt 0.435728 0.835641
vt 0.433464 0.835641
vt 0.628013 0.840239
vt 0.628740 0.834250
vt 0.638772 0.843959
vt 0.638772 0.827579
vt 0.637959 0.845920
vt 0.626600 0.828608
vt 0.624585 0.845205
vt 0.637959 0.825618
vt 0.626377 0.857503
vt 0.626377 0.814035
vt 0.619243 0.848009
vt 0.622084 0.824607
vt 0.624416 0.858315
vt 0.624416 0.813223
vt 0.608035 0.858315
vt 0.616226 0.823163
vt 0.613209 0.848009
vt 0.608035 0.813223
vt 0.606074 0.857503
vt 0.610367 0.824607
vt 0.607866 0.845205
vt 0.606074 0.814035
vt 0.594492 0.845920
vt 0.605851 0.828608
vt 0.604439 0.840239
vt 0.594492 0.825618
vt 0.593680 0.843959
vt 0.593680 0.827579
vt 0.603711 0.834250
vt 0.455664 0.760719
vt 0.462207 0.793311
vt 0.455664 0.793311
vt 0.462207 0.760719
vt 0.469443 0.790803
vt 0.469443 0.793311
vt 0.469443 0.763227
vt 0.469443 0.760720
vt 0.479048 0.777015
vt 0.477130 0.790803
vt 0.477130 0.763227
vt 0.862390 0.824604
vt 0.851919 0.814798
vt 0.852721 0.813201
vt 0.861018 0.825514
vt 0.850969 0.815893
vt 0.859988 0.826231
vt 0.861416 0.826841
vt 0.850638 0.814985
vt 0.849617 0.815758
vt 0.848625 0.813661
vt 0.848456 0.815181
vt 0.850663 0.813328
vt 0.848424 0.804065
vt 0.850524 0.804164
vt 0.849421 0.794563
vt 0.852355 0.784494
vt 0.850960 0.784337
vt 0.851469 0.794973
vt 0.854970 0.784762
vt 0.852664 0.804266
vt 0.853576 0.795287
vt 0.890574 0.784796
vt 0.892938 0.804225
vt 0.891997 0.795221
vt 0.894098 0.794904
vt 0.893166 0.784513
vt 0.896140 0.794486
vt 0.894549 0.784347
vt 0.895086 0.804121
vt 0.897198 0.804016
vt 0.892883 0.813240
vt 0.894950 0.813355
vt 0.896998 0.813686
vt 0.883398 0.824679
vt 0.893697 0.814834
vt 0.894980 0.815015
vt 0.896003 0.815788
vt 0.897168 0.815210
vt 0.894652 0.815924
vt 0.884745 0.825566
vt 0.885764 0.826272
vt 0.884351 0.826868
vt 0.883133 0.826206
vt 0.884046 0.826305
vt 0.883063 0.827301
vt 0.862730 0.827293
vt 0.862662 0.826170
vt 0.861729 0.826269
vt 0.809719 0.877686
vt 0.812783 0.843222
vt 0.812783 0.877686
vt 0.815848 0.877686
vt 0.809719 0.843222
vt 0.815848 0.843222
vt 0.806655 0.877686
vt 0.818912 0.877686
vt 0.806655 0.843222
vt 0.818912 0.843222
vt 0.803590 0.877686
vt 0.821976 0.843222
vt 0.803590 0.843222
vt 0.821976 0.877686
vt 0.800526 0.843222
vt 0.825041 0.877686
vt 0.800526 0.877686
vt 0.825041 0.843222
vt 0.797462 0.877686
vt 0.828105 0.843222
vt 0.797462 0.843222
vt 0.828105 0.877686
vt 0.831170 0.877686
vt 0.831170 0.843222
vt 0.794397 0.843222
vt 0.794397 0.877686
vt 0.791333 0.843222
vt 0.791333 0.877686
vt 0.671111 0.358477
vt 0.683917 0.355721
vt 0.683917 0.358477
vt 0.671111 0.355721
vt 0.274480 0.991326
vt 0.265461 0.991326
vt 0.268374 0.986991
vt 0.274480 0.978220
vt 0.268374 0.978220
vt 0.261485 0.986991
vt 0.253992 0.990138
vt 0.253992 0.989117
vt 0.259795 0.983857
vt 0.260691 0.981896
vt 0.261485 0.978220
vt 0.260691 0.978220
vt 0.941073 0.616827
vt 0.932057 0.616827
vt 0.938162 0.612493
vt 0.932057 0.603725
vt 0.938162 0.603725
vt 0.945048 0.612493
vt 0.952539 0.615639
vt 0.952539 0.614618
vt 0.946738 0.609361
vt 0.945842 0.607400
vt 0.945048 0.603725
vt 0.945842 0.603725
vt 0.791139 0.553349
vt 0.834170 0.534326
vt 0.845513 0.551484
vt 0.790368 0.541151
vt 0.768072 0.544113
vt 0.768072 0.556562
vt 0.768005 0.556447
vt 0.768072 0.560054
vt 0.848102 0.560082
vt 0.850302 0.554751
vt 0.768072 0.575667
vt 0.848102 0.575639
vt 0.791139 0.582372
vt 0.768072 0.579159
vt 0.850302 0.580970
vt 0.845513 0.584237
vt 0.834170 0.601395
vt 0.790368 0.594570
vt 0.768072 0.591608
vt 0.768005 0.579274
vt 0.140409 0.881925
vt 0.135827 0.886078
vt 0.134832 0.885176
vt 0.140409 0.880904
vt 0.128940 0.879716
vt 0.124457 0.885176
vt 0.119920 0.879716
vt 0.119920 0.889869
vt 0.124457 0.889869
vt 0.027828 0.636212
vt 0.026807 0.636212
vt 0.031080 0.630633
vt 0.031982 0.631628
vt 0.025619 0.624740
vt 0.031080 0.620257
vt 0.025618 0.615718
vt 0.035774 0.615718
vt 0.035774 0.620257
vt 0.892170 0.013542
vt 0.901306 0.018607
vt 0.892170 0.018607
vt 0.901306 0.013542
vt 0.908641 0.020080
vt 0.910492 0.011872
vt 0.910501 0.021011
vt 0.918045 0.008095
vt 0.910995 0.021821
vt 0.918045 0.045421
vt 0.910995 0.031695
vt 0.925590 0.005208
vt 0.910501 0.032505
vt 0.925590 0.048309
vt 0.910492 0.041645
vt 0.908641 0.033437
vt 0.901306 0.039974
vt 0.901306 0.034909
vt 0.892170 0.039974
vt 0.892170 0.034909
vt 0.933136 0.049294
vt 0.933136 0.004223
vt 0.946416 0.032866
vt 0.946416 0.020650
vt 0.948297 0.036912
vt 0.946683 0.049294
vt 0.951832 0.039892
vt 0.948297 0.016604
vt 0.946683 0.004223
vt 0.951832 0.013625
vt 0.107119 0.241323
vt 0.104064 0.246277
vt 0.104064 0.239721
vt 0.107119 0.246277
vt 0.108576 0.239721
vt 0.110152 0.241323
vt 0.110152 0.239884
vt 0.561662 0.296273
vt 0.561662 0.289719
vt 0.564716 0.294671
vt 0.564716 0.289719
vt 0.566172 0.296273
vt 0.567749 0.294671
vt 0.567749 0.296109
vt 0.879471 0.981221
vt 0.886295 0.983173
vt 0.879471 0.983173
vt 0.886295 0.981221
vt 0.872647 0.981221
vt 0.893120 0.983173
vt 0.872647 0.983173
vt 0.893120 0.981221
vt 0.865823 0.981221
vt 0.899944 0.983173
vt 0.865823 0.983173
vt 0.899944 0.981221
vt 0.858998 0.981221
vt 0.906768 0.983173
vt 0.858998 0.983173
vt 0.906768 0.981221
vt 0.852174 0.981221
vt 0.913592 0.983173
vt 0.852174 0.983173
vt 0.913592 0.981221
vt 0.845350 0.981221
vt 0.920417 0.983173
vt 0.845350 0.983173
vt 0.838526 0.981221
vt 0.838526 0.983173
vt 0.920417 0.981221
vt 0.927241 0.983173
vt 0.927241 0.981221
vt 0.420558 0.869321
vt 0.418055 0.870591
vt 0.420666 0.866704
vt 0.418855 0.863605
vt 0.421213 0.862732
vt 0.421050 0.871149
vt 0.416944 0.877943
vt 0.421736 0.862219
vt 0.424939 0.878087
vt 0.424653 0.879727
vt 0.450601 0.878015
vt 0.453817 0.862219
vt 0.415618 0.886125
vt 0.416810 0.888171
vt 0.415872 0.887019
vt 0.419478 0.891510
vt 0.420255 0.891896
vt 0.431745 0.892032
vt 0.433876 0.885116
vt 0.432766 0.891185
vt 0.441699 0.885117
vt 0.450893 0.879652
vt 0.443878 0.892007
vt 0.442852 0.891170
vt 0.455345 0.891790
vt 0.458764 0.888054
vt 0.456119 0.891401
vt 0.459944 0.886005
vt 0.459695 0.886899
vt 0.458581 0.877853
vt 0.454488 0.871098
vt 0.457468 0.870544
vt 0.454979 0.869280
vt 0.454875 0.866678
vt 0.454337 0.862729
vt 0.456679 0.863599
vt 0.638574 0.755257
vt 0.629346 0.737721
vt 0.638574 0.737721
vt 0.629346 0.755257
vt 0.641658 0.755257
vt 0.641658 0.737721
vt 0.644741 0.737721
vt 0.644741 0.755257
vt 0.718144 0.755257
vt 0.718144 0.737721
vt 0.763964 0.741461
vt 0.763964 0.751517
vt 0.765937 0.751437
vt 0.765937 0.741541
vt 0.774561 0.751437
vt 0.774561 0.741541
vt 0.894619 0.861050
vt 0.881443 0.865990
vt 0.882459 0.859224
vt 0.893603 0.867816
vt 0.880144 0.859392
vt 0.879109 0.866286
vt 0.877750 0.860085
vt 0.876675 0.867240
vt 0.356086 0.505063
vt 0.362683 0.506367
vt 0.355789 0.507398
vt 0.361989 0.508761
vt 0.354833 0.509831
vt 0.362853 0.504052
vt 0.361034 0.491890
vt 0.354267 0.492902
vt 0.007794 0.716635
vt 0.009713 0.712843
vt 0.019274 0.718293
vt 0.023240 0.713816
vt 0.017842 0.724102
vt 0.008606 0.713950
vt 0.007794 0.715911
vt 0.010821 0.700719
vt 0.028834 0.711695
vt 0.008811 0.711942
vt 0.002105 0.704784
vt 0.001221 0.706171
vt 0.001221 0.711942
vt 0.049859 0.700719
vt 0.034772 0.712416
vt 0.039695 0.715814
vt 0.053607 0.710816
vt 0.058585 0.704789
vt 0.042475 0.721111
vt 0.058585 0.709684
vt 0.059459 0.710816
vt 0.059459 0.709684
vt 0.053607 0.719589
vt 0.042763 0.724102
vt 0.059459 0.724102
vt 0.059459 0.719589
vt 0.053607 0.728615
vt 0.059459 0.728615
vt 0.042475 0.727093
vt 0.053607 0.737388
vt 0.039695 0.732390
vt 0.049859 0.747484
vt 0.034772 0.735788
vt 0.028834 0.736509
vt 0.058585 0.743415
vt 0.058585 0.738519
vt 0.059459 0.737388
vt 0.059459 0.738519
vt 0.010821 0.747484
vt 0.023240 0.734388
vt 0.009713 0.735360
vt 0.019273 0.729910
vt 0.008811 0.736262
vt 0.002105 0.743419
vt 0.001221 0.742033
vt 0.001221 0.736262
vt 0.007793 0.731568
vt 0.008606 0.734253
vt 0.007793 0.732292
vt 0.001221 0.724102
vt 0.001221 0.731568
vt 0.001221 0.716635
vt 0.676297 0.606557
vt 0.681919 0.612834
vt 0.665521 0.612834
vt 0.681919 0.605079
vt 0.665521 0.605079
vt 0.567008 0.376719
vt 0.574766 0.376719
vt 0.573287 0.382343
vt 0.567008 0.393123
vt 0.574766 0.393123
vt 0.285813 0.588957
vt 0.327967 0.586711
vt 0.327967 0.588957
vt 0.285813 0.586711
vt 0.285813 0.591203
vt 0.327967 0.584465
vt 0.327967 0.591203
vt 0.285813 0.584465
vt 0.285813 0.593450
vt 0.327967 0.582219
vt 0.327967 0.593450
vt 0.285813 0.582219
vt 0.285813 0.595696
vt 0.327967 0.579973
vt 0.327967 0.595696
vt 0.285813 0.579973
vt 0.285813 0.597942
vt 0.327967 0.579406
vt 0.327967 0.597942
vt 0.285813 0.579406
vt 0.285813 0.600188
vt 0.327967 0.577715
vt 0.327967 0.600188
vt 0.285813 0.602434
vt 0.327967 0.602434
vt 0.285813 0.577715
vt 0.327967 0.575469
vt 0.285813 0.575469
vt 0.327967 0.573223
vt 0.285813 0.573223
vt 0.733907 0.520165
vt 0.735617 0.539507
vt 0.734446 0.539650
vt 0.735019 0.519666
vt 0.734898 0.518117
vt 0.735143 0.519468
vt 0.733528 0.517690
vt 0.732931 0.519939
vt 0.730979 0.519535
vt 0.732533 0.541165
vt 0.731391 0.517225
vt 0.730278 0.540863
vt 0.731806 0.541508
vt 0.729003 0.519223
vt 0.729101 0.516906
vt 0.728245 0.540373
vt 0.727112 0.519104
vt 0.726548 0.517003
vt 0.725091 0.539837
vt 0.724289 0.519210
vt 0.723984 0.516828
vt 0.721710 0.539536
vt 0.721408 0.519106
vt 0.721272 0.516726
vt 0.718596 0.519113
vt 0.718685 0.516843
vt 0.718436 0.539551
vt 0.716062 0.516978
vt 0.715786 0.519293
vt 0.715060 0.539818
vt 0.713533 0.517105
vt 0.712984 0.519188
vt 0.711899 0.540372
vt 0.711002 0.517012
vt 0.711105 0.519312
vt 0.709876 0.540863
vt 0.708726 0.517330
vt 0.709139 0.519626
vt 0.706600 0.517795
vt 0.707631 0.541167
vt 0.708355 0.541508
vt 0.705723 0.539662
vt 0.707197 0.520032
vt 0.706226 0.520259
vt 0.704557 0.539521
vt 0.705237 0.518222
vt 0.705119 0.519764
vt 0.704995 0.519566
vt 0.542912 0.195118
vt 0.562588 0.199621
vt 0.542912 0.199621
vt 0.562588 0.195118
vt 0.539073 0.195118
vt 0.566582 0.199621
vt 0.539073 0.199621
vt 0.566582 0.195118
vt 0.535235 0.195118
vt 0.570575 0.199621
vt 0.535235 0.199621
vt 0.570575 0.195118
vt 0.532567 0.195118
vt 0.573922 0.195118
vt 0.530917 0.199621
vt 0.578264 0.199621
vt 0.530917 0.194676
vt 0.585458 0.192027
vt 0.529067 0.199621
vt 0.585458 0.197515
vt 0.529067 0.194221
vt 0.593954 0.195796
vt 0.527632 0.199621
vt 0.593756 0.190491
vt 0.508727 0.195796
vt 0.596698 0.190223
vt 0.508925 0.190491
vt 0.660567 0.195796
vt 0.505983 0.190223
vt 0.664179 0.190223
vt 0.666932 0.191214
vt 0.669999 0.205106
vt 0.681613 0.205703
vt 0.669999 0.205703
vt 0.668952 0.208320
vt 0.682963 0.207796
vt 0.683426 0.209772
vt 0.665807 0.212553
vt 0.684699 0.211248
vt 0.686657 0.212600
vt 0.688024 0.214208
vt 0.664407 0.214155
vt 0.687346 0.215812
vt 0.662758 0.215756
vt 0.681124 0.221734
vt 0.642311 0.235218
vt 0.619929 0.262251
vt 0.629060 0.234996
vt 0.620336 0.236168
vt 0.612351 0.239873
vt 0.610926 0.258427
vt 0.600643 0.247625
vt 0.617075 0.263419
vt 0.613992 0.263406
vt 0.604950 0.261567
vt 0.743622 0.365468
vt 0.730611 0.371016
vt 0.731705 0.361225
vt 0.753793 0.361282
vt 0.760656 0.365512
vt 0.743607 0.371050
vt 0.730635 0.361798
vt 0.697996 0.361714
vt 0.697972 0.370932
vt 0.689130 0.370909
vt 0.689154 0.361691
vt 0.682290 0.370892
vt 0.680312 0.361663
vt 0.676469 0.361648
vt 0.671599 0.378927
vt 0.673476 0.381577
vt 0.674951 0.387721
vt 0.682290 0.404551
vt 0.673476 0.393865
vt 0.671599 0.396516
vt 0.676469 0.413795
vt 0.680312 0.413780
vt 0.689154 0.413751
vt 0.689130 0.404533
vt 0.697996 0.413729
vt 0.697972 0.404510
vt 0.730611 0.404427
vt 0.730635 0.413645
vt 0.731705 0.414218
vt 0.743622 0.409975
vt 0.743607 0.404393
vt 0.753793 0.414161
vt 0.760656 0.409931
vt 0.648622 0.909332
vt 0.658555 0.906884
vt 0.666545 0.917065
vt 0.667932 0.916182
vt 0.630699 0.917065
vt 0.665380 0.901225
vt 0.674275 0.902578
vt 0.674575 0.901225
vt 0.638690 0.906884
vt 0.629313 0.916182
vt 0.631865 0.901225
vt 0.622970 0.902578
vt 0.622669 0.901225
vt 0.595390 0.909081
vt 0.586329 0.913837
vt 0.582577 0.900723
vt 0.605625 0.909081
vt 0.581190 0.901607
vt 0.618438 0.900723
vt 0.574844 0.915216
vt 0.583743 0.916569
vt 0.574544 0.916569
vt 0.614686 0.913837
vt 0.619825 0.901607
vt 0.626171 0.915216
vt 0.617272 0.916569
vt 0.626471 0.916569
vt 0.657022 0.447903
vt 0.664870 0.447903
vt 0.674689 0.455130
vt 0.670490 0.450551
vt 0.647202 0.455130
vt 0.651402 0.450551
vt 0.664870 0.445224
vt 0.657022 0.445224
vt 0.155332 0.585553
vt 0.157379 0.583794
vt 0.157379 0.585553
vt 0.158402 0.583794
vt 0.155332 0.583794
vt 0.159426 0.585553
vt 0.154580 0.585553
vt 0.159426 0.583794
vt 0.153285 0.583784
vt 0.161472 0.585553
vt 0.153384 0.587950
vt 0.161472 0.583794
vt 0.151209 0.587934
vt 0.162225 0.585553
vt 0.151239 0.583769
vt 0.163519 0.583784
vt 0.163421 0.587950
vt 0.165596 0.587934
vt 0.165566 0.583769
vt 0.148908 0.585511
vt 0.150046 0.587936
vt 0.149192 0.583752
vt 0.147145 0.583741
vt 0.147135 0.585500
vt 0.145088 0.585488
vt 0.145099 0.583729
vt 0.167896 0.585511
vt 0.166759 0.587936
vt 0.167612 0.583752
vt 0.169659 0.583741
vt 0.169670 0.585500
vt 0.171716 0.585488
vt 0.171706 0.583729
vt 0.918112 0.563868
vt 0.917112 0.565500
vt 0.913389 0.566912
vt 0.918112 0.565440
vt 0.897899 0.563868
vt 0.910578 0.570237
vt 0.895204 0.570237
vt 0.896086 0.563067
vt 0.895204 0.561421
vt 0.277196 0.469363
vt 0.279008 0.468562
vt 0.279891 0.475729
vt 0.279891 0.466916
vt 0.264523 0.475729
vt 0.261713 0.472405
vt 0.256992 0.469363
vt 0.257992 0.470994
vt 0.256992 0.470934
vt 0.504125 0.201745
vt 0.489148 0.205268
vt 0.489148 0.198223
vt 0.504990 0.205268
vt 0.504990 0.198223
vt 0.817253 0.212750
vt 0.825007 0.218110
vt 0.817244 0.226862
vt 0.820621 0.226454
vt 0.823422 0.224523
vt 0.825005 0.221512
vt 0.823428 0.215097
vt 0.820630 0.213163
vt 0.811814 0.216500
vt 0.814071 0.213955
vt 0.814064 0.225653
vt 0.811810 0.223106
vt 0.810998 0.219802
vt 0.160139 0.932219
vt 0.158222 0.936471
vt 0.158222 0.932219
vt 0.109537 0.936471
vt 0.103704 0.932219
vt 0.107126 0.935510
vt 0.160139 0.936471
vt 0.162056 0.932219
vt 0.162056 0.936471
vt 0.167053 0.936471
vt 0.167053 0.932219
vt 0.168970 0.932219
vt 0.168970 0.936471
vt 0.170886 0.932219
vt 0.170886 0.936471
vt 0.222448 0.936471
vt 0.228281 0.932219
vt 0.224860 0.935510
vt 0.154838 0.943219
vt 0.160668 0.947470
vt 0.103295 0.947470
vt 0.157248 0.944180
vt 0.103295 0.943219
vt 0.101379 0.943219
vt 0.101379 0.947470
vt 0.099463 0.943219
vt 0.099463 0.947470
vt 0.094468 0.947470
vt 0.094468 0.943219
vt 0.092552 0.943219
vt 0.092552 0.947470
vt 0.090636 0.943219
vt 0.090636 0.947470
vt 0.041970 0.943219
vt 0.036140 0.947470
vt 0.039560 0.944180
vt 0.276194 0.187657
vt 0.275298 0.188451
vt 0.274519 0.186670
vt 0.276332 0.185718
vt 0.273357 0.188355
vt 0.277355 0.187371
vt 0.274965 0.188964
vt 0.278379 0.185718
vt 0.274874 0.189570
vt 0.278517 0.187657
vt 0.273111 0.190387
vt 0.280191 0.186669
vt 0.275019 0.190757
vt 0.279413 0.188450
vt 0.273837 0.192301
vt 0.281354 0.188353
vt 0.275699 0.191742
vt 0.279837 0.189569
vt 0.275369 0.193658
vt 0.281601 0.190385
vt 0.276758 0.192298
vt 0.279693 0.190756
vt 0.277357 0.194147
vt 0.281239 0.191342
vt 0.277955 0.192297
vt 0.280876 0.192299
vt 0.279344 0.193657
vt 0.279014 0.191741
vt 0.066072 0.207360
vt 0.063502 0.207360
vt 0.062046 0.205905
vt 0.066072 0.187509
vt 0.062046 0.177481
vt 0.068154 0.183902
vt 0.068154 0.179094
vt 0.063809 0.175718
vt 0.068154 0.175718
vt 0.730193 0.822829
vt 0.730193 0.818487
vt 0.726819 0.822829
vt 0.728431 0.816725
vt 0.722014 0.822829
vt 0.718409 0.820748
vt 0.700025 0.816725
vt 0.698570 0.820748
vt 0.698570 0.818180
vt 0.646826 0.943869
vt 0.644993 0.940992
vt 0.650714 0.928723
vt 0.682894 0.943869
vt 0.679006 0.928723
vt 0.684727 0.940992
vt 0.927808 0.817391
vt 0.922862 0.821769
vt 0.914518 0.817385
vt 0.925874 0.820189
vt 0.919460 0.821767
vt 0.916449 0.820185
vt 0.927015 0.810834
vt 0.928219 0.814015
vt 0.921167 0.807761
vt 0.924470 0.808577
vt 0.917864 0.808574
vt 0.915317 0.810828
vt 0.914110 0.814008
vt 0.214409 0.969166
vt 0.227261 0.950717
vt 0.227261 0.969166
vt 0.214409 0.950717
vt 0.563312 0.581339
vt 0.553801 0.581679
vt 0.562333 0.581142
vt 0.553802 0.580861
vt 0.561896 0.580281
vt 0.553802 0.580036
vt 0.553802 0.579099
vt 0.562222 0.579514
vt 0.562978 0.579125
vt 0.567166 0.581680
vt 0.553801 0.582502
vt 0.563987 0.580592
vt 0.567166 0.582497
vt 0.567163 0.580853
vt 0.553802 0.583316
vt 0.567159 0.580025
vt 0.567167 0.583315
vt 0.563854 0.579642
vt 0.567167 0.584132
vt 0.567154 0.579082
vt 0.553801 0.584130
vt 0.567153 0.578150
vt 0.553801 0.578167
vt 0.567152 0.577218
vt 0.553800 0.577235
vt 0.567167 0.584949
vt 0.553801 0.584953
vt 0.563313 0.585291
vt 0.562333 0.585489
vt 0.563987 0.586038
vt 0.553802 0.585771
vt 0.567164 0.585776
vt 0.561897 0.586350
vt 0.567160 0.586604
vt 0.553802 0.586596
vt 0.563855 0.586988
vt 0.567156 0.587547
vt 0.562979 0.587505
vt 0.553802 0.587533
vt 0.562223 0.587116
vt 0.567155 0.588479
vt 0.553801 0.588465
vt 0.567154 0.589412
vt 0.553800 0.589397
vt 0.738790 0.844217
vt 0.761401 0.854108
vt 0.738790 0.854108
vt 0.761401 0.844217
vt 0.116471 0.414716
vt 0.093642 0.424606
vt 0.093642 0.414716
vt 0.116471 0.424606
vt 0.881996 0.409721
vt 0.905238 0.419615
vt 0.881996 0.419615
vt 0.905238 0.409721
vt 0.352144 0.478785
vt 0.375225 0.473719
vt 0.375225 0.478785
vt 0.352144 0.473719
vt 0.464589 0.962220
vt 0.470880 0.965014
vt 0.438945 0.970078
vt 0.445604 0.962220
vt 0.438945 0.964213
vt 0.480029 0.970078
vt 0.480029 0.965014
vt 0.998395 0.426784
vt 0.975308 0.421717
vt 0.998395 0.421717
vt 0.975308 0.426784
vt 0.482468 0.962717
vt 0.523533 0.962717
vt 0.514387 0.967779
vt 0.523533 0.967779
vt 0.508099 0.970571
vt 0.489124 0.970571
vt 0.482468 0.968579
vt 0.335474 0.573219
vt 0.330407 0.607654
vt 0.330407 0.573219
vt 0.335474 0.607654
vt 0.626541 0.746221
vt 0.592129 0.751284
vt 0.592129 0.746221
vt 0.626542 0.751284
vt 0.770619 0.530768
vt 0.779356 0.535196
vt 0.744300 0.553530
vt 0.779356 0.516052
vt 0.741264 0.544975
vt 0.770619 0.520481
vt 0.744300 0.497718
vt 0.741264 0.506273
vt 0.680680 0.544975
vt 0.673396 0.553530
vt 0.680680 0.506273
vt 0.673396 0.497718
vt 0.673396 0.541233
vt 0.673396 0.510016
vt 0.679804 0.541233
vt 0.680680 0.531116
vt 0.679804 0.531116
vt 0.679102 0.539394
vt 0.672756 0.538968
vt 0.677031 0.536737
vt 0.671470 0.536693
vt 0.679804 0.510016
vt 0.680680 0.520133
vt 0.679804 0.520133
vt 0.679102 0.511854
vt 0.672756 0.512281
vt 0.677031 0.514512
vt 0.671470 0.514556
vt 0.876390 0.887424
vt 0.876390 0.872723
vt 0.876852 0.882525
vt 0.877731 0.884322
vt 0.876852 0.877621
vt 0.879528 0.885202
vt 0.877731 0.875825
vt 0.880868 0.887424
vt 0.879528 0.874945
vt 0.880868 0.885202
vt 0.880868 0.872723
vt 0.883116 0.885202
vt 0.880868 0.874945
vt 0.883116 0.887424
vt 0.883116 0.874945
vt 0.885364 0.885202
vt 0.883116 0.872723
vt 0.885364 0.887424
vt 0.953316 0.885202
vt 0.953316 0.887424
vt 0.885364 0.874945
vt 0.885364 0.872723
vt 0.953316 0.874945
vt 0.953316 0.872723
vt 0.004138 0.962530
vt 0.001217 0.951426
vt 0.004138 0.950220
vt 0.001217 0.961323
vt 0.031134 0.962530
vt 0.031134 0.950220
vt 0.034055 0.961323
vt 0.034055 0.951426
vt 0.039416 0.962526
vt 0.036494 0.951423
vt 0.039416 0.950217
vt 0.036494 0.961319
vt 0.066407 0.962526
vt 0.066407 0.950217
vt 0.069328 0.961319
vt 0.069328 0.951423
vt 0.010825 0.432337
vt 0.128006 0.443470
vt 0.012558 0.443462
vt 0.129242 0.426783
vt 0.128411 0.447172
vt 0.011705 0.447172
vt 0.128893 0.455914
vt 0.010692 0.455914
vt 0.011705 0.464656
vt 0.128411 0.464656
vt 0.012558 0.468365
vt 0.128006 0.468358
vt 0.010825 0.479490
vt 0.129242 0.485044
vt 0.684555 0.098119
vt 0.683089 0.092582
vt 0.684555 0.092060
vt 0.683089 0.097647
vt 0.685402 0.098338
vt 0.685402 0.091819
vt 0.686249 0.098429
vt 0.686249 0.091718
vt 0.711319 0.091718
vt 0.711319 0.098429
vt 0.712166 0.091819
vt 0.712166 0.098338
vt 0.713013 0.092060
vt 0.713013 0.098119
vt 0.714479 0.092582
vt 0.714479 0.097647
vt 0.785731 0.648433
vt 0.784884 0.641825
vt 0.785731 0.641724
vt 0.810797 0.641724
vt 0.784884 0.648342
vt 0.810797 0.648434
vt 0.784037 0.642066
vt 0.811643 0.641825
vt 0.784037 0.648124
vt 0.782571 0.642587
vt 0.782571 0.647651
vt 0.811643 0.648342
vt 0.812490 0.642066
vt 0.812490 0.648124
vt 0.813956 0.642587
vt 0.813956 0.647652
vt 0.602476 0.796615
vt 0.603941 0.791080
vt 0.603941 0.796143
vt 0.602476 0.790558
vt 0.601629 0.796833
vt 0.601629 0.790318
vt 0.600783 0.796924
vt 0.600783 0.790217
vt 0.575724 0.790217
vt 0.575724 0.796924
vt 0.574877 0.790318
vt 0.574877 0.796833
vt 0.574031 0.790558
vt 0.574031 0.796615
vt 0.572566 0.791080
vt 0.572566 0.796143
vt 0.030579 0.980534
vt 0.029114 0.986068
vt 0.029114 0.981006
vt 0.030579 0.986589
vt 0.031425 0.980316
vt 0.031425 0.986830
vt 0.032272 0.980224
vt 0.032272 0.986931
vt 0.057328 0.986931
vt 0.057328 0.980224
vt 0.058174 0.986830
vt 0.058174 0.980316
vt 0.059020 0.986589
vt 0.059020 0.980534
vt 0.060485 0.986068
vt 0.060485 0.981006
vt 0.507252 0.766219
vt 0.585721 0.787320
vt 0.507252 0.787320
vt 0.585721 0.766219
vt 0.505219 0.766219
vt 0.505219 0.787320
vt 0.499042 0.766219
vt 0.499042 0.787320
vt 0.493253 0.783531
vt 0.493253 0.770009
vt 0.587960 0.787320
vt 0.587960 0.766219
vt 0.599373 0.770009
vt 0.593823 0.766219
vt 0.599373 0.783531
vt 0.593823 0.787320
vt 0.227452 0.748397
vt 0.237419 0.752341
vt 0.228284 0.752349
vt 0.243768 0.748384
vt 0.227265 0.747309
vt 0.245378 0.747067
vt 0.227185 0.746220
vt 0.245806 0.746220
vt 0.245806 0.736346
vt 0.227185 0.736346
vt 0.245378 0.735499
vt 0.227265 0.735257
vt 0.243768 0.734182
vt 0.227452 0.734169
vt 0.237419 0.730225
vt 0.228284 0.730217
vt 0.615190 0.641225
vt 0.627158 0.651599
vt 0.612791 0.673564
vt 0.623594 0.641225
vt 0.612250 0.641225
vt 0.609660 0.673564
vt 0.610317 0.641225
vt 0.606484 0.673564
vt 0.602453 0.672149
vt 0.603734 0.673564
vt 0.602784 0.673137
vt 0.635633 0.638351
vt 0.594547 0.638351
vt 0.594547 0.634399
vt 0.751603 0.634399
vt 0.594547 0.633310
vt 0.751603 0.633310
vt 0.594547 0.632222
vt 0.751603 0.632222
vt 0.594547 0.622348
vt 0.751603 0.622348
vt 0.751603 0.621259
vt 0.594547 0.621259
vt 0.751603 0.620170
vt 0.594547 0.620170
vt 0.717182 0.616218
vt 0.751603 0.616218
vt 0.716502 0.617617
vt 0.715904 0.618263
vt 0.715095 0.618534
vt 0.690030 0.618534
vt 0.662783 0.618534
vt 0.689222 0.618263
vt 0.663591 0.618263
vt 0.664189 0.617617
vt 0.688624 0.617617
vt 0.687944 0.616218
vt 0.664869 0.616218
vt 0.637718 0.618534
vt 0.636910 0.618263
vt 0.636312 0.617617
vt 0.635632 0.616218
vt 0.594547 0.616218
vt 0.836977 0.162218
vt 0.834614 0.162218
vt 0.839803 0.153306
vt 0.834614 0.135168
vt 0.840091 0.161755
vt 0.838652 0.169511
vt 0.836977 0.175149
vt 0.837126 0.135168
vt 0.837020 0.134223
vt 0.834614 0.134218
vt 0.054702 0.544991
vt 0.056140 0.552742
vt 0.053028 0.552279
vt 0.053028 0.539356
vt 0.055852 0.561186
vt 0.050666 0.552279
vt 0.050666 0.579313
vt 0.053177 0.579313
vt 0.053071 0.580258
vt 0.050666 0.580263
vt 0.026678 0.988995
vt 0.010048 0.980224
vt 0.026678 0.980224
vt 0.010048 0.988995
vt 0.001220 0.980224
vt 0.001220 0.988995
vt 0.630840 0.978719
vt 0.614207 0.987491
vt 0.614207 0.978719
vt 0.630840 0.987491
vt 0.639671 0.978719
vt 0.639671 0.987491
vt 0.694144 0.477352
vt 0.704148 0.491378
vt 0.694144 0.487245
vt 0.704148 0.473220
vt 0.744487 0.491378
vt 0.744487 0.473220
vt 0.754491 0.487245
vt 0.754491 0.477352
vt 0.081741 0.742231
vt 0.064008 0.745034
vt 0.061909 0.742769
vt 0.061909 0.702999
vt 0.081741 0.700735
vt 0.084833 0.701558
vt 0.084833 0.743225
vt 0.091091 0.702173
vt 0.091091 0.744094
vt 0.097350 0.743225
vt 0.097350 0.701558
vt 0.100442 0.742231
vt 0.100442 0.700735
vt 0.120274 0.702999
vt 0.120274 0.742769
vt 0.118175 0.745034
vt 0.499841 0.862225
vt 0.462405 0.892480
vt 0.462405 0.862225
vt 0.499841 0.892480
vt 0.972370 0.708054
vt 0.883964 0.723769
vt 0.884019 0.707175
vt 0.884775 0.703052
vt 0.973488 0.703870
vt 0.881503 0.702725
vt 0.972375 0.723007
vt 0.881362 0.707059
vt 0.878231 0.702851
vt 0.884683 0.727884
vt 0.973488 0.727197
vt 0.881326 0.728176
vt 0.881263 0.723848
vt 0.877951 0.727989
vt 0.875163 0.704373
vt 0.875441 0.703376
vt 0.876059 0.706495
vt 0.878717 0.707047
vt 0.875353 0.727450
vt 0.875083 0.726447
vt 0.876005 0.724324
vt 0.878542 0.723799
vt 0.876130 0.707280
vt 0.875953 0.707292
vt 0.876085 0.723540
vt 0.875909 0.723525
vt 0.874513 0.722501
vt 0.874516 0.708314
vt 0.868726 0.717006
vt 0.872414 0.721870
vt 0.869946 0.719998
vt 0.868655 0.713804
vt 0.872418 0.708944
vt 0.870021 0.710857
vt 0.081837 0.364721
vt 0.106224 0.378809
vt 0.081837 0.378809
vt 0.106224 0.364721
vt 0.076805 0.364721
vt 0.076805 0.378809
vt 0.071774 0.364721
vt 0.071774 0.378809
vt 0.057715 0.364721
vt 0.057715 0.378809
vt 0.056243 0.364721
vt 0.056243 0.378809
vt 0.024766 0.364721
vt 0.024766 0.378809
vt 0.001218 0.378809
vt 0.001218 0.364721
vt 0.998502 0.268204
vt 0.995680 0.260218
vt 0.998502 0.260218
vt 0.995680 0.268204
vt 0.059528 0.175724
vt 0.056701 0.183726
vt 0.056701 0.175724
vt 0.059528 0.183726
vt 0.084086 0.869711
vt 0.087772 0.874903
vt 0.086267 0.878007
vt 0.090490 0.872440
vt 0.093302 0.869820
vt 0.093302 0.871391
vt 0.072912 0.869273
vt 0.072912 0.890142
vt 0.086267 0.881408
vt 0.084086 0.889704
vt 0.087772 0.884512
vt 0.090490 0.886975
vt 0.093302 0.889595
vt 0.093302 0.888025
vt 0.642776 0.980019
vt 0.650265 0.983788
vt 0.650264 0.985896
vt 0.650880 0.981804
vt 0.650447 0.978882
vt 0.641739 0.993371
vt 0.650601 0.988172
vt 0.650837 0.992023
vt 0.302601 0.885015
vt 0.295111 0.888785
vt 0.302600 0.882906
vt 0.303216 0.887000
vt 0.302783 0.889921
vt 0.294074 0.875431
vt 0.302937 0.880630
vt 0.303173 0.876779
vt 0.242926 0.068717
vt 0.263704 0.105448
vt 0.242926 0.105448
vt 0.263704 0.068717
vt 0.525083 0.920955
vt 0.487159 0.916071
vt 0.525072 0.917305
vt 0.525789 0.919170
vt 0.523296 0.914016
vt 0.524479 0.914989
vt 0.507045 0.913130
vt 0.501329 0.911961
vt 0.499301 0.911231
vt 0.486974 0.911618
vt 0.485861 0.915771
vt 0.485536 0.911846
vt 0.484413 0.915836
vt 0.484124 0.912084
vt 0.483689 0.919516
vt 0.485182 0.920099
vt 0.482022 0.922502
vt 0.486435 0.921343
vt 0.483587 0.923692
vt 0.482001 0.926045
vt 0.480182 0.925154
vt 0.484140 0.926480
vt 0.513262 0.924692
vt 0.524504 0.922330
vt 0.485173 0.924695
vt 0.504275 0.926480
vt 0.949248 0.914225
vt 0.930154 0.916009
vt 0.929121 0.914225
vt 0.958231 0.916012
vt 0.928569 0.917012
vt 0.926983 0.914659
vt 0.927004 0.918201
vt 0.925165 0.915550
vt 0.931416 0.919359
vt 0.930163 0.920603
vt 0.928671 0.921186
vt 0.970048 0.919747
vt 0.969469 0.918373
vt 0.932139 0.924630
vt 0.930842 0.924930
vt 0.929394 0.924864
vt 0.930517 0.928852
vt 0.929105 0.928615
vt 0.931954 0.929080
vt 0.944276 0.929468
vt 0.946303 0.928737
vt 0.952017 0.927569
vt 0.968262 0.926684
vt 0.970036 0.923396
vt 0.969444 0.925711
vt 0.970753 0.921532
vt 0.498972 0.846719
vt 0.509155 0.858944
vt 0.398590 0.859817
vt 0.380411 0.846719
vt 0.379259 0.849383
vt 0.176198 0.453720
vt 0.276585 0.466819
vt 0.158017 0.466819
vt 0.286768 0.454593
vt 0.156865 0.464155
vt 0.557917 0.072194
vt 0.529633 0.041717
vt 0.557917 0.041717
vt 0.529633 0.072194
vt 0.571450 0.072194
vt 0.516100 0.041717
vt 0.571450 0.041717
vt 0.574860 0.072194
vt 0.574860 0.041717
vt 0.516100 0.072194
vt 0.512690 0.041717
vt 0.512690 0.072194
vt 0.920316 0.773164
vt 0.925332 0.771218
vt 0.925332 0.786086
vt 0.903611 0.771218
vt 0.903611 0.773164
vt 0.920316 0.784140
vt 0.903611 0.786086
vt 0.903611 0.784140
vt 0.001224 0.431519
vt 0.007864 0.428119
vt 0.007864 0.431519
vt 0.001224 0.428119
vt 0.007864 0.424718
vt 0.001224 0.424718
vt 0.001224 0.434919
vt 0.007864 0.434919
vt 0.001224 0.438319
vt 0.007864 0.438319
vt 0.001224 0.441719
vt 0.007864 0.441719
vt 0.001224 0.445119
vt 0.007864 0.445119
vt 0.001224 0.448519
vt 0.007864 0.448519
vt 0.001224 0.451919
vt 0.007864 0.451919
vt 0.001224 0.455319
vt 0.007864 0.455319
vt 0.001224 0.458719
vt 0.007864 0.458719
vt 0.001224 0.462119
vt 0.007864 0.462119
vt 0.001224 0.465520
vt 0.007864 0.465520
vt 0.001224 0.468920
vt 0.007864 0.468920
vt 0.388434 0.742379
vt 0.310218 0.708722
vt 0.388434 0.708722
vt 0.310218 0.742379
vt 0.042340 0.874417
vt 0.053478 0.869724
vt 0.053478 0.874417
vt 0.042340 0.869724
vt 0.070054 0.874417
vt 0.070054 0.869724
vt 0.809894 0.959416
vt 0.798761 0.954725
vt 0.809894 0.954725
vt 0.798761 0.959416
vt 0.826464 0.954725
vt 0.826464 0.959416
vt 0.365956 0.358938
vt 0.371144 0.356934
vt 0.368744 0.360710
vt 0.368356 0.355162
vt 0.371369 0.352486
vt 0.372823 0.355442
vt 0.375030 0.355022
vt 0.375327 0.351733
vt 0.442646 0.361133
vt 0.444030 0.357941
vt 0.369961 0.418996
vt 0.364776 0.416994
vt 0.367562 0.415223
vt 0.367175 0.420768
vt 0.370186 0.423442
vt 0.371640 0.420487
vt 0.373845 0.420907
vt 0.374142 0.424195
vt 0.441425 0.414797
vt 0.442808 0.417987
vt 0.821345 0.905913
vt 0.845405 0.901220
vt 0.845405 0.905913
vt 0.821345 0.901220
vt 0.933260 0.790514
vt 0.928564 0.769724
vt 0.933260 0.769724
vt 0.928564 0.790514
vt 0.864785 0.683284
vt 0.860092 0.659224
vt 0.864785 0.659224
vt 0.860092 0.683284
vt 0.895428 0.900724
vt 0.890736 0.924779
vt 0.890736 0.900724
vt 0.895428 0.924779
vt 0.392919 0.986721
vt 0.416973 0.991413
vt 0.392919 0.991413
vt 0.416973 0.986721
vt 0.232823 0.793719
vt 0.253617 0.798416
vt 0.232823 0.798416
vt 0.253617 0.793719
vt 0.366465 0.366446
vt 0.372461 0.362739
vt 0.373716 0.372028
vt 0.373716 0.362800
vt 0.362772 0.372028
vt 0.362772 0.366446
vt 0.387756 0.372028
vt 0.391522 0.363414
vt 0.391522 0.414301
vt 0.564570 0.371815
vt 0.564569 0.405900
vt 0.387756 0.405687
vt 0.373716 0.414915
vt 0.373716 0.405687
vt 0.372461 0.414976
vt 0.366465 0.411268
vt 0.362772 0.405687
vt 0.362772 0.411268
vt 0.541077 0.327522
vt 0.545070 0.323019
vt 0.545070 0.327522
vt 0.541077 0.323019
vt 0.549064 0.323019
vt 0.521399 0.327522
vt 0.549064 0.327522
vt 0.521399 0.323019
vt 0.552411 0.327522
vt 0.517560 0.327522
vt 0.556753 0.323019
vt 0.517560 0.323019
vt 0.563947 0.330613
vt 0.513722 0.327522
vt 0.563947 0.325125
vt 0.513722 0.323019
vt 0.572443 0.326844
vt 0.511054 0.327522
vt 0.572246 0.332150
vt 0.509403 0.323019
vt 0.575188 0.332417
vt 0.509403 0.327964
vt 0.639060 0.326844
vt 0.507554 0.323019
vt 0.642672 0.332417
vt 0.507554 0.328419
vt 0.645425 0.331427
vt 0.506119 0.323019
vt 0.648493 0.317534
vt 0.487213 0.326844
vt 0.660106 0.316937
vt 0.487411 0.332150
vt 0.648493 0.316937
vt 0.484468 0.332417
vt 0.647445 0.314319
vt 0.661457 0.314844
vt 0.661920 0.312867
vt 0.420597 0.326844
vt 0.416985 0.332417
vt 0.414231 0.331426
vt 0.644300 0.310086
vt 0.663193 0.311392
vt 0.665151 0.310039
vt 0.666519 0.308431
vt 0.642900 0.308484
vt 0.665840 0.306828
vt 0.641251 0.306883
vt 0.659618 0.300905
vt 0.620803 0.287420
vt 0.598420 0.260386
vt 0.607551 0.287643
vt 0.598827 0.286470
vt 0.590842 0.282765
vt 0.589416 0.264210
vt 0.579133 0.275013
vt 0.595566 0.259218
vt 0.592482 0.259231
vt 0.583440 0.261070
vt 0.893053 0.856299
vt 0.852643 0.856299
vt 0.889907 0.852850
vt 0.855789 0.852850
vt 0.891805 0.850951
vt 0.853891 0.850951
vt 0.895254 0.851327
vt 0.850442 0.851327
vt 0.895254 0.825930
vt 0.891805 0.823725
vt 0.893050 0.823725
vt 0.850442 0.825930
vt 0.853891 0.823725
vt 0.852646 0.823725
vt 0.768328 0.913587
vt 0.752457 0.926405
vt 0.746480 0.913587
vt 0.762351 0.926405
vt 0.769369 0.911953
vt 0.745439 0.911952
vt 0.775768 0.901223
vt 0.770798 0.910643
vt 0.775768 0.907164
vt 0.739040 0.901222
vt 0.744010 0.910643
vt 0.739040 0.907164
vt 0.998366 0.897665
vt 0.967745 0.900201
vt 0.967749 0.897619
vt 0.998362 0.900247
vt 0.998369 0.895598
vt 0.967752 0.895552
vt 0.967763 0.888247
vt 0.994161 0.867330
vt 0.998223 0.867253
vt 0.998165 0.864749
vt 0.979728 0.865259
vt 0.967745 0.871575
vt 0.974186 0.865189
vt 0.309767 0.867726
vt 0.312303 0.898347
vt 0.312349 0.867729
vt 0.309721 0.898343
vt 0.314371 0.898350
vt 0.314416 0.867733
vt 0.321722 0.867743
vt 0.342639 0.894142
vt 0.342717 0.898204
vt 0.345220 0.898146
vt 0.344710 0.879709
vt 0.338394 0.867726
vt 0.344780 0.874166
vt 0.545002 0.220419
vt 0.511776 0.226987
vt 0.505286 0.225840
vt 0.518244 0.230672
vt 0.526816 0.241471
vt 0.515694 0.240778
vt 0.546179 0.240979
vt 0.520095 0.243251
vt 0.510904 0.243377
vt 0.510205 0.241991
vt 0.509597 0.241355
vt 0.553201 0.241563
vt 0.505184 0.238507
vt 0.508785 0.241090
vt 0.483797 0.241108
vt 0.548076 0.219095
vt 0.551648 0.218424
vt 0.308951 0.219149
vt 0.551983 0.210563
vt 0.309829 0.220498
vt 0.311077 0.225871
vt 0.324660 0.227681
vt 0.311123 0.227683
vt 0.394825 0.233068
vt 0.332132 0.229072
vt 0.364603 0.233070
vt 0.339096 0.233151
vt 0.345630 0.238485
vt 0.363739 0.238484
vt 0.353576 0.243366
vt 0.362702 0.243366
vt 0.394825 0.238511
vt 0.456545 0.241114
vt 0.457353 0.241382
vt 0.482989 0.241375
vt 0.482391 0.242014
vt 0.457951 0.242020
vt 0.458632 0.243401
vt 0.481711 0.243396
vt 0.431420 0.241115
vt 0.430610 0.241384
vt 0.430010 0.242023
vt 0.429329 0.243408
vt 0.394825 0.243409
vt 0.246312 0.570343
vt 0.247609 0.549217
vt 0.247609 0.570343
vt 0.246312 0.549217
vt 0.244173 0.555891
vt 0.244173 0.549217
vt 0.228359 0.570343
vt 0.230532 0.555908
vt 0.228359 0.549217
vt 0.230532 0.549217
vt 0.225880 0.549217
vt 0.225880 0.570343
vt 0.222850 0.554532
vt 0.218159 0.549217
vt 0.222850 0.564782
vt 0.218159 0.554538
vt 0.218159 0.570343
vt 0.215556 0.549217
vt 0.218159 0.564891
vt 0.215556 0.554622
vt 0.215556 0.565330
vt 0.165798 0.554836
vt 0.215556 0.570343
vt 0.136125 0.549217
vt 0.165852 0.565208
vt 0.164089 0.555785
vt 0.163272 0.557623
vt 0.135303 0.570343
vt 0.164086 0.564396
vt 0.163228 0.562681
vt 0.133338 0.929649
vt 0.153935 0.926724
vt 0.153993 0.929649
vt 0.166404 0.929649
vt 0.133271 0.926724
vt 0.169348 0.926724
vt 0.120927 0.929649
vt 0.169400 0.929649
vt 0.117858 0.926724
vt 0.222596 0.929649
vt 0.117932 0.929649
vt 0.064735 0.929649
vt 0.064638 0.926724
vt 0.222568 0.926724
vt 0.223378 0.929649
vt 0.250282 0.929649
vt 0.250994 0.926724
vt 0.251063 0.929649
vt 0.235109 0.184946
vt 0.237809 0.186825
vt 0.232225 0.193601
vt 0.241032 0.187521
vt 0.244255 0.186825
vt 0.226227 0.187663
vt 0.233339 0.182195
vt 0.232609 0.179007
vt 0.226227 0.175720
vt 0.232524 0.175720
vt 0.271659 0.193601
vt 0.234352 0.195652
vt 0.246955 0.184946
vt 0.273786 0.195652
vt 0.283128 0.242289
vt 0.257100 0.179189
vt 0.322562 0.242289
vt 0.248725 0.182195
vt 0.285118 0.244435
vt 0.249454 0.179007
vt 0.324552 0.244435
vt 0.256373 0.177428
vt 0.249539 0.175720
vt 0.256373 0.175720
vt 0.295729 0.262124
vt 0.296261 0.264557
vt 0.332983 0.258489
vt 0.519946 0.264557
vt 0.519945 0.258489
vt 0.519946 0.266495
vt 0.295656 0.266495
vt 0.295859 0.268433
vt 0.519945 0.268433
vt 0.519945 0.282578
vt 0.497107 0.282578
vt 0.495752 0.279723
vt 0.468763 0.279723
vt 0.467407 0.282578
vt 0.444789 0.282578
vt 0.443433 0.279723
vt 0.387204 0.272799
vt 0.416444 0.279723
vt 0.391847 0.282578
vt 0.415089 0.282578
vt 0.346861 0.272799
vt 0.342218 0.282578
vt 0.333595 0.282578
vt 0.331630 0.282387
vt 0.296618 0.270689
vt 0.296687 0.272799
vt 0.295111 0.273540
vt 0.286521 0.273540
vt 0.610436 0.213322
vt 0.613658 0.214018
vt 0.622464 0.220097
vt 0.616881 0.213322
vt 0.619581 0.211443
vt 0.628462 0.214160
vt 0.621351 0.208692
vt 0.622081 0.205504
vt 0.628462 0.202217
vt 0.622166 0.202217
vt 0.583032 0.220097
vt 0.607736 0.211443
vt 0.620338 0.222148
vt 0.597591 0.205685
vt 0.580906 0.222148
vt 0.605965 0.208692
vt 0.571564 0.268783
vt 0.605236 0.205504
vt 0.532132 0.268783
vt 0.598318 0.203925
vt 0.605151 0.202217
vt 0.598318 0.202217
vt 0.569574 0.270929
vt 0.530142 0.270929
vt 0.558963 0.288617
vt 0.558431 0.291050
vt 0.521711 0.284983
vt 0.334757 0.291050
vt 0.334757 0.284983
vt 0.334758 0.292988
vt 0.559036 0.292988
vt 0.558833 0.294926
vt 0.334757 0.294926
vt 0.357595 0.309070
vt 0.334758 0.309070
vt 0.358950 0.306216
vt 0.385938 0.306216
vt 0.409911 0.309070
vt 0.387293 0.309070
vt 0.411266 0.306216
vt 0.467493 0.299291
vt 0.438254 0.306216
vt 0.462850 0.309070
vt 0.439609 0.309070
vt 0.507834 0.299291
vt 0.521100 0.309070
vt 0.512477 0.309070
vt 0.523065 0.308879
vt 0.558075 0.297182
vt 0.558006 0.299291
vt 0.559581 0.300032
vt 0.568172 0.300032
vt 0.232172 0.815606
vt 0.231650 0.814060
vt 0.232921 0.814849
vt 0.233710 0.816113
vt 0.232604 0.816463
vt 0.231295 0.815191
vt 0.232601 0.821287
vt 0.231280 0.822586
vt 0.126469 0.815175
vt 0.233501 0.814266
vt 0.231912 0.813303
vt 0.233705 0.821644
vt 0.232166 0.822162
vt 0.232928 0.822928
vt 0.231653 0.823745
vt 0.233519 0.823514
vt 0.234471 0.821892
vt 0.234434 0.815861
vt 0.457201 0.057649
vt 0.459643 0.182836
vt 0.455704 0.182921
vt 0.461254 0.040204
vt 0.461988 0.182876
vt 0.454588 0.061457
vt 0.463731 0.182869
vt 0.464787 0.092308
vt 0.464424 0.036052
vt 0.465477 0.031737
vt 0.462648 0.035886
vt 0.463029 0.031570
vt 0.466929 0.001563
vt 0.464632 0.001376
vt 0.460891 0.035753
vt 0.461194 0.031460
vt 0.462613 0.001217
vt 0.423919 0.012198
vt 0.425652 0.001520
vt 0.420880 0.021552
vt 0.460325 0.039984
vt 0.456271 0.057435
vt 0.414649 0.032322
vt 0.415411 0.029714
vt 0.413874 0.047363
vt 0.414741 0.031129
vt 0.413331 0.032240
vt 0.413404 0.031039
vt 0.412572 0.047292
vt 0.412005 0.032172
vt 0.412082 0.030569
vt 0.399853 0.038077
vt 0.411269 0.047234
vt 0.401565 0.047141
vt 0.398315 0.038404
vt 0.402728 0.055762
vt 0.400135 0.047415
vt 0.396958 0.038707
vt 0.398704 0.047695
vt 0.375208 0.038619
vt 0.410961 0.055273
vt 0.412475 0.055331
vt 0.413938 0.055411
vt 0.414890 0.062375
vt 0.412688 0.064122
vt 0.410621 0.064290
vt 0.413370 0.182864
vt 0.411182 0.182874
vt 0.415548 0.182853
vt 0.403082 0.064307
vt 0.403426 0.182902
vt 0.401319 0.055893
vt 0.401677 0.064302
vt 0.402057 0.182907
vt 0.400637 0.182911
vt 0.400271 0.064293
vt 0.399908 0.056026
vt 0.371365 0.182963
vt 0.372234 0.055991
vt 0.371864 0.064267
vt 0.370457 0.064274
vt 0.369944 0.182957
vt 0.368574 0.182951
vt 0.373461 0.047661
vt 0.370822 0.055857
vt 0.369051 0.064277
vt 0.360812 0.182915
vt 0.372026 0.047376
vt 0.373843 0.038318
vt 0.369412 0.055724
vt 0.361509 0.064253
vt 0.358622 0.182903
vt 0.370591 0.047100
vt 0.436021 0.179367
vt 0.438130 0.179366
vt 0.441901 0.186857
vt 0.440115 0.178751
vt 0.443037 0.179183
vt 0.428546 0.187896
vt 0.433745 0.179030
vt 0.429893 0.178795
vt 0.663925 0.860779
vt 0.656435 0.857008
vt 0.656436 0.854899
vt 0.655820 0.858993
vt 0.656252 0.861914
vt 0.664964 0.847426
vt 0.656099 0.852623
vt 0.655864 0.848772
vt 0.854723 0.074937
vt 0.853106 0.037482
vt 0.851704 0.037969
vt 0.847562 0.071001
vt 0.850164 0.037678
vt 0.846104 0.071139
vt 0.402611 0.945485
vt 0.389228 0.941603
vt 0.402611 0.941603
vt 0.402611 0.937721
vt 0.389228 0.937720
vt 0.389228 0.945485
vt 0.402611 0.957183
vt 0.389228 0.957183
vt 0.389228 0.960786
vt 0.402611 0.960786
vt 0.389228 0.964390
vt 0.402611 0.964390
vt 0.251207 0.831539
vt 0.250223 0.810721
vt 0.353484 0.822067
vt 0.371351 0.810721
vt 0.239375 0.823995
vt 0.478091 0.820223
vt 0.374858 0.831566
vt 0.375842 0.810753
vt 0.364013 0.818294
vt 0.495954 0.831566
vt 0.778967 0.030949
vt 0.720347 0.023471
vt 0.721565 0.020997
vt 0.717868 0.024678
vt 0.614198 0.024459
vt 0.778967 0.005577
vt 0.721577 0.015330
vt 0.720370 0.012852
vt 0.717896 0.011634
vt 0.614226 0.011415
vt 0.469420 0.005587
vt 0.611747 0.012622
vt 0.778967 0.002462
vt 0.610529 0.015096
vt 0.469420 0.002472
vt 0.623631 0.001116
vt 0.469420 0.001227
vt 0.778967 0.001218
vt 0.469420 0.030958
vt 0.610517 0.020762
vt 0.611724 0.023241
vt 0.469420 0.036391
vt 0.778967 0.036381
vt 0.512687 0.038579
vt 0.493787 0.043496
vt 0.493788 0.069678
vt 0.580120 0.038576
vt 0.469420 0.076785
vt 0.512688 0.074595
vt 0.580120 0.074593
vt 0.645434 0.064591
vt 0.645433 0.048574
vt 0.679136 0.048573
vt 0.679137 0.064590
vt 0.778967 0.076776
vt 0.778967 0.082209
vt 0.469420 0.082218
vt 0.720349 0.089690
vt 0.717871 0.088483
vt 0.614200 0.088708
vt 0.721568 0.092164
vt 0.611727 0.089927
vt 0.778967 0.107580
vt 0.610520 0.092405
vt 0.610532 0.098072
vt 0.721580 0.097830
vt 0.469420 0.107589
vt 0.720373 0.100309
vt 0.717899 0.101527
vt 0.614229 0.101753
vt 0.611750 0.100545
vt 0.778967 0.110695
vt 0.469420 0.110704
vt 0.623635 0.112051
vt 0.778967 0.111940
vt 0.469420 0.111949
vt 0.272410 0.267015
vt 0.269654 0.269738
vt 0.246503 0.270273
vt 0.273038 0.280201
vt 0.270116 0.280333
vt 0.262623 0.280609
vt 0.261643 0.281106
vt 0.261174 0.282099
vt 0.273224 0.280192
vt 0.261329 0.308608
vt 0.279693 0.295064
vt 0.276592 0.295225
vt 0.286821 0.256806
vt 0.277195 0.257336
vt 0.238394 0.258130
vt 0.243600 0.267678
vt 0.851387 0.575782
vt 0.852183 0.572426
vt 0.856452 0.573216
vt 0.854336 0.569731
vt 0.857444 0.568222
vt 0.856406 0.578273
vt 0.852187 0.579138
vt 0.854352 0.581824
vt 0.857468 0.583314
vt 0.861570 0.578285
vt 0.860887 0.583254
vt 0.861613 0.573216
vt 0.863954 0.581747
vt 0.866079 0.579069
vt 0.866860 0.575734
vt 0.860858 0.568254
vt 0.866069 0.572403
vt 0.863932 0.569737
vt 0.773894 0.508730
vt 0.771328 0.503664
vt 0.770538 0.507933
vt 0.767843 0.505780
vt 0.766334 0.502673
vt 0.776385 0.503710
vt 0.777249 0.507929
vt 0.779936 0.505764
vt 0.781425 0.502648
vt 0.776396 0.498546
vt 0.781365 0.499229
vt 0.771328 0.498504
vt 0.779859 0.496163
vt 0.766366 0.499258
vt 0.777180 0.494038
vt 0.767849 0.496185
vt 0.773846 0.493257
vt 0.770515 0.494047
vt 0.956476 0.001720
vt 0.956441 0.003429
vt 0.952844 0.002386
vt 0.952318 0.003257
vt 0.960160 0.003420
vt 0.952852 0.001720
vt 0.949227 0.001720
vt 0.949114 0.002431
vt 0.960101 0.001720
vt 0.960966 0.003501
vt 0.963726 0.001720
vt 0.963726 0.002677
vt 0.967342 0.001907
vt 0.967351 0.001720
vt 0.970979 0.001720
vt 0.883093 0.001225
vt 0.883100 0.001895
vt 0.879467 0.001225
vt 0.886719 0.001225
vt 0.886833 0.001936
vt 0.879481 0.002933
vt 0.883626 0.002772
vt 0.875761 0.002927
vt 0.875841 0.001225
vt 0.874967 0.003002
vt 0.872215 0.001225
vt 0.872214 0.002181
vt 0.868597 0.001412
vt 0.868589 0.001225
vt 0.864959 0.001225
vt 0.112609 0.230605
vt 0.104061 0.231777
vt 0.112022 0.213600
vt 0.105853 0.235346
vt 0.109481 0.237014
vt 0.112826 0.236898
vt 0.104061 0.212099
vt 0.105715 0.208635
vt 0.109120 0.206862
vt 0.111786 0.206770
vt 0.115822 0.230401
vt 0.115242 0.213582
vt 0.118901 0.229530
vt 0.118373 0.214238
vt 0.121477 0.227636
vt 0.121074 0.215950
vt 0.123158 0.224892
vt 0.122940 0.218572
vt 0.123708 0.221709
vt 0.572252 0.214112
vt 0.573933 0.216856
vt 0.573715 0.223175
vt 0.574483 0.220038
vt 0.571849 0.225797
vt 0.569148 0.227509
vt 0.569676 0.212217
vt 0.566017 0.228166
vt 0.566598 0.211347
vt 0.562797 0.228148
vt 0.563384 0.211143
vt 0.560257 0.204734
vt 0.563601 0.204850
vt 0.556628 0.206402
vt 0.554836 0.209971
vt 0.554836 0.229648
vt 0.556490 0.233112
vt 0.559895 0.234885
vt 0.562562 0.234977
vt 0.563559 0.337655
vt 0.580432 0.357182
vt 0.558988 0.338786
vt 0.579176 0.357162
vt 0.566375 0.369552
vt 0.587374 0.355951
vt 0.490714 0.341919
vt 0.394273 0.349688
vt 0.394419 0.340407
vt 0.577513 0.345633
vt 0.591067 0.355951
vt 0.571506 0.337165
vt 0.620093 0.342099
vt 0.689740 0.352855
vt 0.652616 0.342099
vt 0.674502 0.337329
vt 0.689740 0.322746
vt 0.674502 0.334505
vt 0.687218 0.320224
vt 0.688911 0.321054
vt 0.660738 0.320224
vt 0.659263 0.332155
vt 0.659263 0.321700
vt 0.659748 0.320709
vt 0.818357 0.343650
vt 0.801484 0.363177
vt 0.794542 0.361946
vt 0.822928 0.344781
vt 0.802740 0.363157
vt 0.815541 0.375547
vt 0.891203 0.347914
vt 0.987646 0.355684
vt 0.987500 0.346402
vt 0.804403 0.351628
vt 0.790849 0.361946
vt 0.810410 0.343159
vt 0.761823 0.348094
vt 0.692175 0.358849
vt 0.729299 0.348094
vt 0.707413 0.343324
vt 0.692175 0.328741
vt 0.707413 0.340499
vt 0.694697 0.326219
vt 0.693004 0.327048
vt 0.721177 0.326219
vt 0.722652 0.338150
vt 0.722652 0.327694
vt 0.722167 0.326704
vt 0.732307 0.241493
vt 0.730663 0.317340
vt 0.730663 0.241493
vt 0.732307 0.317340
vt 0.768167 0.317340
vt 0.768167 0.241493
vt 0.769812 0.317340
vt 0.769812 0.241493
vt 0.784827 0.317340
vt 0.784827 0.241493
vt 0.786214 0.241493
vt 0.787743 0.317340
vt 0.787743 0.237951
vt 0.811300 0.317340
vt 0.811300 0.237951
vt 0.812830 0.241493
vt 0.810406 0.235831
vt 0.814216 0.317340
vt 0.788637 0.235831
vt 0.814216 0.241493
vt 0.809596 0.233884
vt 0.829232 0.317340
vt 0.789447 0.233884
vt 0.829232 0.241493
vt 0.830876 0.317340
vt 0.830876 0.241493
vt 0.808869 0.231938
vt 0.790175 0.231938
vt 0.791322 0.229216
vt 0.807721 0.229216
vt 0.228668 0.257986
vt 0.243765 0.341647
vt 0.228668 0.341665
vt 0.246691 0.341640
vt 0.262164 0.310306
vt 0.263865 0.311135
vt 0.270339 0.341596
vt 0.270283 0.311123
vt 0.273210 0.311118
vt 0.273266 0.341591
vt 0.288284 0.311090
vt 0.288340 0.341563
vt 0.289935 0.311087
vt 0.289991 0.341560
vt 0.227021 0.341665
vt 0.227021 0.257986
vt 0.221242 0.262664
vt 0.221242 0.257986
vt 0.216542 0.262664
vt 0.201588 0.262664
vt 0.209065 0.257986
vt 0.216542 0.257986
vt 0.201588 0.257986
vt 0.191110 0.341665
vt 0.196889 0.262664
vt 0.191110 0.257986
vt 0.196889 0.257986
vt 0.189463 0.257986
vt 0.189463 0.341665
vt 0.174530 0.267677
vt 0.174365 0.341647
vt 0.179737 0.258130
vt 0.171628 0.270273
vt 0.145721 0.267015
vt 0.140936 0.257336
vt 0.131309 0.256806
vt 0.144907 0.280192
vt 0.138437 0.295064
vt 0.141539 0.295225
vt 0.145093 0.280201
vt 0.148477 0.269738
vt 0.148015 0.280333
vt 0.155508 0.280609
vt 0.156487 0.281106
vt 0.156957 0.282099
vt 0.156802 0.308608
vt 0.171440 0.341640
vt 0.155966 0.310306
vt 0.154265 0.311135
vt 0.147791 0.341596
vt 0.147848 0.311123
vt 0.144921 0.311118
vt 0.144864 0.341591
vt 0.129847 0.311090
vt 0.129790 0.341563
vt 0.128196 0.311087
vt 0.128140 0.341560
vt 0.759616 0.524707
vt 0.758446 0.521033
vt 0.762024 0.522495
vt 0.757441 0.522369
vt 0.759860 0.520137
vt 0.756909 0.523954
vt 0.761481 0.519732
vt 0.756912 0.525625
vt 0.757448 0.527208
vt 0.758458 0.528543
vt 0.763145 0.519863
vt 0.764681 0.520515
vt 0.765935 0.521618
vt 0.761915 0.527151
vt 0.759885 0.529438
vt 0.761522 0.529838
vt 0.763204 0.529695
vt 0.764756 0.529024
vt 0.764318 0.524943
vt 0.766720 0.523098
vt 0.765955 0.527867
vt 0.766995 0.524746
vt 0.766728 0.526393
vt 0.662887 0.206841
vt 0.664349 0.203261
vt 0.660674 0.204432
vt 0.663012 0.202256
vt 0.665246 0.204675
vt 0.661428 0.201725
vt 0.665651 0.206297
vt 0.659756 0.201728
vt 0.658173 0.202264
vt 0.656838 0.203274
vt 0.665519 0.207962
vt 0.664867 0.209498
vt 0.663764 0.210752
vt 0.658230 0.206731
vt 0.655943 0.204701
vt 0.655543 0.206339
vt 0.655686 0.208021
vt 0.656357 0.209572
vt 0.660438 0.209135
vt 0.662284 0.211536
vt 0.657514 0.210771
vt 0.660635 0.211812
vt 0.658989 0.211545
vt 0.001261 0.822316
vt 0.002703 0.815550
vt 0.002716 0.822216
vt 0.002962 0.825534
vt 0.001226 0.815474
vt 0.002923 0.812212
vt 0.004021 0.821886
vt 0.003957 0.824508
vt 0.006223 0.825678
vt 0.006164 0.826986
vt 0.113002 0.825778
vt 0.113061 0.827121
vt 0.116323 0.825628
vt 0.112664 0.824525
vt 0.115310 0.824585
vt 0.006556 0.824424
vt 0.004973 0.823482
vt 0.006816 0.823698
vt 0.116565 0.822267
vt 0.118037 0.822360
vt 0.114271 0.823546
vt 0.116515 0.815535
vt 0.118003 0.815450
vt 0.116281 0.812180
vt 0.115207 0.821928
vt 0.115199 0.815867
vt 0.115271 0.813216
vt 0.114477 0.821680
vt 0.114242 0.814250
vt 0.112983 0.812031
vt 0.113043 0.810719
vt 0.112645 0.813291
vt 0.006225 0.812060
vt 0.006165 0.810719
vt 0.006561 0.813309
vt 0.003935 0.813247
vt 0.112380 0.814020
vt 0.004045 0.815883
vt 0.004968 0.814278
vt 0.006825 0.814067
vt 0.004768 0.816130
vt 0.005552 0.814862
vt 0.006303 0.815618
vt 0.112007 0.815175
vt 0.005872 0.816477
vt 0.007181 0.815202
vt 0.005874 0.821279
vt 0.004780 0.821635
vt 0.005555 0.822901
vt 0.006306 0.822144
vt 0.007181 0.822564
vt 0.112034 0.822607
vt 0.112397 0.823763
vt 0.113683 0.822957
vt 0.112922 0.822186
vt 0.113361 0.821314
vt 0.114431 0.816121
vt 0.113326 0.816467
vt 0.112892 0.815598
vt 0.113652 0.814835
vt 0.132782 0.704328
vt 0.133657 0.732747
vt 0.132782 0.734623
vt 0.133657 0.706204
vt 0.131326 0.737302
vt 0.131326 0.701649
vt 0.130298 0.700722
vt 0.130298 0.738229
vt 0.126077 0.700722
vt 0.126077 0.738229
vt 0.125049 0.701649
vt 0.125049 0.737302
vt 0.123592 0.704328
vt 0.123592 0.734623
vt 0.122718 0.732747
vt 0.122718 0.706204
vt 0.690879 0.233884
vt 0.711838 0.235831
vt 0.690069 0.235831
vt 0.711028 0.233884
vt 0.691606 0.231938
vt 0.712732 0.237951
vt 0.710300 0.231938
vt 0.709153 0.229216
vt 0.692754 0.229216
vt 0.689175 0.237951
vt 0.689175 0.317340
vt 0.687645 0.241493
vt 0.712732 0.317340
vt 0.686259 0.317340
vt 0.714261 0.241493
vt 0.686259 0.241493
vt 0.715648 0.317340
vt 0.671243 0.317340
vt 0.715648 0.241493
vt 0.671243 0.241493
vt 0.669599 0.317340
vt 0.669599 0.241493
vt 0.524115 0.755207
vt 0.487527 0.754179
vt 0.523187 0.754179
vt 0.490206 0.752722
vt 0.520508 0.752722
vt 0.486599 0.755207
vt 0.524115 0.759429
vt 0.486599 0.759429
vt 0.523187 0.760457
vt 0.487527 0.760457
vt 0.490206 0.761914
vt 0.520508 0.761914
vt 0.518631 0.762789
vt 0.492082 0.762789
vt 0.255370 0.554541
vt 0.257872 0.549217
vt 0.257872 0.554624
vt 0.308849 0.554841
vt 0.255370 0.549217
vt 0.338922 0.549217
vt 0.251819 0.554528
vt 0.310555 0.555791
vt 0.311370 0.557631
vt 0.338922 0.570343
vt 0.311415 0.562687
vt 0.310558 0.564400
vt 0.308793 0.565211
vt 0.260308 0.570343
vt 0.260308 0.565333
vt 0.257783 0.570343
vt 0.257783 0.564893
vt 0.251819 0.564779
vt 0.452238 0.181795
vt 0.454153 0.182950
vt 0.453012 0.183310
vt 0.453179 0.180904
vt 0.451544 0.182372
vt 0.451935 0.183666
vt 0.451388 0.184621
vt 0.448100 0.185491
vt 0.448339 0.174858
vt 0.444529 0.174825
vt 0.448867 0.174528
vt 0.445853 0.171120
vt 0.440625 0.175251
vt 0.449797 0.173953
vt 0.441009 0.166837
vt 0.445197 0.169272
vt 0.437040 0.175395
vt 0.445281 0.168392
vt 0.440918 0.166153
vt 0.440210 0.165283
vt 0.437319 0.165826
vt 0.436416 0.164803
vt 0.433637 0.166599
vt 0.433461 0.175259
vt 0.432626 0.165892
vt 0.428217 0.170737
vt 0.428594 0.174681
vt 0.427373 0.169992
vt 0.423527 0.175660
vt 0.418083 0.182923
vt 0.420372 0.182992
vt 0.425081 0.176497
vt 0.422332 0.183681
vt 0.424712 0.185151
vt 0.422830 0.184633
vt 0.318787 0.180893
vt 0.317810 0.182938
vt 0.316258 0.182906
vt 0.317569 0.061414
vt 0.319728 0.181785
vt 0.318951 0.183300
vt 0.320421 0.182364
vt 0.320027 0.183657
vt 0.320574 0.184614
vt 0.323862 0.185490
vt 0.323639 0.174850
vt 0.327451 0.174823
vt 0.323111 0.174519
vt 0.326132 0.171113
vt 0.331358 0.175254
vt 0.322181 0.173943
vt 0.330984 0.166835
vt 0.326791 0.169265
vt 0.334945 0.175403
vt 0.326708 0.168384
vt 0.331077 0.166151
vt 0.331786 0.165281
vt 0.334678 0.165828
vt 0.335582 0.164806
vt 0.357240 0.062334
vt 0.338360 0.166606
vt 0.338527 0.175272
vt 0.339373 0.165900
vt 0.343780 0.170752
vt 0.343397 0.174698
vt 0.344625 0.170008
vt 0.356443 0.182889
vt 0.348467 0.175683
vt 0.353907 0.182956
vt 0.351616 0.183024
vt 0.346911 0.176519
vt 0.349654 0.183711
vt 0.347271 0.185179
vt 0.349155 0.184663
vt 0.515457 0.600206
vt 0.507668 0.569795
vt 0.515390 0.569778
vt 0.507742 0.602851
vt 0.523173 0.597399
vt 0.499947 0.569812
vt 0.523111 0.569761
vt 0.530889 0.595069
vt 0.530833 0.569744
vt 0.536601 0.593984
vt 0.536584 0.569731
vt 0.542507 0.593568
vt 0.542459 0.569719
vt 0.500024 0.604731
vt 0.496297 0.582940
vt 0.492222 0.569821
vt 0.496324 0.601358
vt 0.492222 0.582936
vt 0.496128 0.605245
vt 0.488147 0.582940
vt 0.492222 0.601607
vt 0.492222 0.605420
vt 0.488316 0.605245
vt 0.488119 0.601358
vt 0.484419 0.604731
vt 0.484496 0.569812
vt 0.476701 0.602850
vt 0.476775 0.569795
vt 0.468986 0.600206
vt 0.469053 0.569778
vt 0.461271 0.597399
vt 0.461332 0.569761
vt 0.453555 0.595069
vt 0.453611 0.569744
vt 0.447842 0.593984
vt 0.447859 0.569731
vt 0.441937 0.593567
vt 0.441984 0.569719
vt 0.832172 0.148310
vt 0.470646 0.148315
vt 0.470646 0.144645
vt 0.470646 0.153905
vt 0.832172 0.142720
vt 0.832172 0.153900
vt 0.469755 0.142688
vt 0.470647 0.159495
vt 0.832172 0.159490
vt 0.470647 0.163164
vt 0.832172 0.165080
vt 0.469755 0.165122
vt 0.832172 0.137131
vt 0.832173 0.170670
vt 0.234523 0.813241
vt 0.235749 0.815533
vt 0.234557 0.824554
vt 0.235525 0.812215
vt 0.237208 0.815433
vt 0.237302 0.822308
vt 0.232246 0.812058
vt 0.232308 0.810721
vt 0.125441 0.810721
vt 0.235818 0.822231
vt 0.235569 0.825598
vt 0.125500 0.812032
vt 0.122210 0.812177
vt 0.232257 0.825739
vt 0.232314 0.827052
vt 0.231919 0.824475
vt 0.125816 0.824462
vt 0.125481 0.825711
vt 0.125421 0.827052
vt 0.122180 0.825560
vt 0.123188 0.824525
vt 0.126081 0.823703
vt 0.121943 0.822220
vt 0.120479 0.822313
vt 0.124222 0.823492
vt 0.123294 0.821882
vt 0.121976 0.815522
vt 0.120494 0.815439
vt 0.123284 0.815851
vt 0.123216 0.813212
vt 0.124021 0.821635
vt 0.124807 0.822908
vt 0.125560 0.822150
vt 0.126439 0.822569
vt 0.125130 0.821288
vt 0.125147 0.816465
vt 0.124047 0.816104
vt 0.125585 0.815595
vt 0.126099 0.814019
vt 0.124828 0.814829
vt 0.124241 0.814244
vt 0.125836 0.813291
vt 0.438782 0.712992
vt 0.437622 0.696784
vt 0.490295 0.703602
vt 0.438809 0.713652
vt 0.550773 0.713652
vt 0.518477 0.703613
vt 0.544967 0.707906
vt 0.526920 0.694197
vt 0.509476 0.697613
vt 0.526081 0.693333
vt 0.494181 0.691572
vt 0.493863 0.697040
vt 0.485501 0.689731
vt 0.483446 0.695003
vt 0.477834 0.685185
vt 0.474382 0.689494
vt 0.472092 0.683755
vt 0.474975 0.682548
vt 0.471295 0.686605
vt 0.437310 0.693456
vt 0.433404 0.684761
vt 0.432396 0.681806
vt 0.659868 0.679258
vt 0.654318 0.689048
vt 0.652299 0.683877
vt 0.643933 0.691101
vt 0.643632 0.685604
vt 0.663360 0.683558
vt 0.628305 0.691650
vt 0.611689 0.687361
vt 0.610850 0.688225
vt 0.647476 0.697640
vt 0.619298 0.697650
vt 0.592792 0.701944
vt 0.586983 0.707693
vt 0.698983 0.707693
vt 0.699010 0.707033
vt 0.700170 0.690816
vt 0.666442 0.680657
vt 0.700479 0.687483
vt 0.704386 0.678769
vt 0.665635 0.677801
vt 0.705392 0.675808
vt 0.662733 0.676598
vt 0.141309 0.254936
vt 0.136088 0.250841
vt 0.141871 0.245722
vt 0.140744 0.254970
vt 0.138563 0.254431
vt 0.136883 0.252941
vt 0.144606 0.252945
vt 0.142925 0.254433
vt 0.145404 0.250845
vt 0.145134 0.248616
vt 0.143859 0.246767
vt 0.139625 0.245721
vt 0.137636 0.246764
vt 0.136359 0.248611
vt 0.240489 0.184930
vt 0.236668 0.178609
vt 0.244166 0.176760
vt 0.242178 0.175717
vt 0.239932 0.175717
vt 0.237943 0.176760
vt 0.236397 0.180838
vt 0.237193 0.182938
vt 0.238874 0.184427
vt 0.243235 0.184427
vt 0.241055 0.184964
vt 0.245713 0.180838
vt 0.244916 0.182938
vt 0.245442 0.178608
vt 0.793201 0.365925
vt 0.796858 0.365245
vt 0.795329 0.366660
vt 0.799610 0.367566
vt 0.800449 0.366053
vt 0.803623 0.368229
vt 0.801152 0.371939
vt 0.806276 0.370875
vt 0.806152 0.373519
vt 0.799784 0.375728
vt 0.803391 0.375983
vt 0.800162 0.377868
vt 0.796514 0.377721
vt 0.796510 0.378802
vt 0.792943 0.377575
vt 0.792946 0.374860
vt 0.789919 0.375546
vt 0.787215 0.372925
vt 0.792514 0.370146
vt 0.787215 0.370289
vt 0.790023 0.367772
vt 0.574116 0.293226
vt 0.574384 0.287962
vt 0.576677 0.290506
vt 0.578607 0.287411
vt 0.571477 0.293226
vt 0.577956 0.285274
vt 0.569667 0.287422
vt 0.579421 0.283823
vt 0.568898 0.290442
vt 0.577247 0.281014
vt 0.566946 0.287337
vt 0.578780 0.280245
vt 0.566933 0.283744
vt 0.576754 0.276991
vt 0.565846 0.283702
vt 0.572950 0.279305
vt 0.566950 0.280054
vt 0.574231 0.274226
vt 0.569091 0.280526
vt 0.571577 0.274232
vt 0.568988 0.276893
vt 0.119422 0.350059
vt 0.221580 0.347420
vt 0.253826 0.347420
vt 0.195689 0.347420
vt 0.221580 0.344216
vt 0.195689 0.344216
vt 0.163443 0.347420
vt 0.119422 0.344216
vt 0.163443 0.344216
vt 0.369327 0.350060
vt 0.279716 0.347420
vt 0.253826 0.344217
vt 0.279716 0.344217
vt 0.311963 0.347420
vt 0.311963 0.344216
vt 0.371876 0.344216
vt 0.371396 0.346283
vt 0.362454 0.358647
vt 0.123329 0.358592
vt 0.119756 0.357920
vt 0.118204 0.381060
vt 0.126403 0.359916
vt 0.125226 0.380476
vt 0.361576 0.359995
vt 0.144589 0.380968
vt 0.166119 0.365337
vt 0.153161 0.370169
vt 0.360329 0.365368
vt 0.155711 0.380275
vt 0.151309 0.382748
vt 0.159628 0.366484
vt 0.160501 0.382874
vt 0.161200 0.381488
vt 0.161807 0.380852
vt 0.166221 0.378004
vt 0.162620 0.380587
vt 0.187607 0.380605
vt 0.346745 0.367178
vt 0.360282 0.367180
vt 0.276580 0.372566
vt 0.339273 0.368569
vt 0.306802 0.372568
vt 0.332309 0.372648
vt 0.325775 0.377982
vt 0.307667 0.377981
vt 0.317829 0.382863
vt 0.308703 0.382863
vt 0.276580 0.378008
vt 0.214860 0.380611
vt 0.214052 0.380879
vt 0.188416 0.380872
vt 0.189014 0.381510
vt 0.213454 0.381517
vt 0.189694 0.382893
vt 0.212773 0.382898
vt 0.239985 0.380612
vt 0.240795 0.380881
vt 0.241395 0.381520
vt 0.242076 0.382905
vt 0.276580 0.382906
vt 0.719472 0.960972
vt 0.711646 0.964741
vt 0.715989 0.945711
vt 0.719472 0.948489
vt 0.721405 0.952503
vt 0.721405 0.956958
vt 0.715989 0.963750
vt 0.711646 0.944720
vt 0.700509 0.945907
vt 0.702006 0.944720
vt 0.696926 0.961209
vt 0.699726 0.964741
vt 0.972712 0.948507
vt 0.978128 0.941715
vt 0.982472 0.960746
vt 0.974645 0.944493
vt 0.982472 0.940723
vt 0.978128 0.959755
vt 0.974645 0.956977
vt 0.972712 0.952963
vt 0.993609 0.941911
vt 0.992112 0.940723
vt 0.997193 0.957214
vt 0.994392 0.960746
vt 0.412276 0.807838
vt 0.326623 0.800216
vt 0.412276 0.800216
vt 0.326623 0.807838
vt 0.458381 0.807838
vt 0.458381 0.800216
vt 0.472923 0.807838
vt 0.472923 0.800216
vt 0.519028 0.800216
vt 0.519028 0.807838
vt 0.604681 0.800216
vt 0.604681 0.807838
vt 0.104353 0.508672
vt 0.107645 0.505797
vt 0.107645 0.508852
vt 0.110938 0.508672
vt 0.104415 0.505797
vt 0.110876 0.505797
vt 0.101099 0.508181
vt 0.114191 0.508181
vt 0.101196 0.505792
vt 0.114094 0.505792
vt 0.097909 0.507455
vt 0.117382 0.507455
vt 0.097998 0.505779
vt 0.117293 0.505779
vt 0.094749 0.506609
vt 0.094799 0.505758
vt 0.091578 0.505736
vt 0.120542 0.506609
vt 0.120492 0.505758
vt 0.123713 0.505736
vt 0.928160 0.755601
vt 0.924989 0.754728
vt 0.928210 0.754751
vt 0.931410 0.754771
vt 0.931321 0.756447
vt 0.934608 0.754785
vt 0.934511 0.757173
vt 0.937826 0.754790
vt 0.937764 0.757665
vt 0.941057 0.754790
vt 0.941057 0.757845
vt 0.944350 0.757665
vt 0.944287 0.754790
vt 0.947603 0.757173
vt 0.947506 0.754785
vt 0.950793 0.756447
vt 0.950704 0.754771
vt 0.953953 0.755601
vt 0.953904 0.754751
vt 0.957124 0.754728
vt 0.334176 0.632663
vt 0.521024 0.626725
vt 0.521024 0.632663
vt 0.327966 0.626725
vt 0.525378 0.252163
vt 0.338312 0.246218
vt 0.525378 0.246218
vt 0.332094 0.252163
vt 0.971771 0.931721
vt 0.971814 0.944018
vt 0.961637 0.944054
vt 0.955143 0.931779
vt 0.955175 0.940784
vt 0.954157 0.940241
vt 0.952511 0.931783
vt 0.952511 0.940241
vt 0.950865 0.940241
vt 0.949878 0.931779
vt 0.949846 0.940784
vt 0.943384 0.944054
vt 0.933250 0.931721
vt 0.933207 0.944018
vt 0.484939 0.482221
vt 0.484345 0.460290
vt 0.500120 0.460269
vt 0.501014 0.493294
vt 0.500079 0.493305
vt 0.500941 0.460269
vt 0.630607 0.460269
vt 0.633162 0.491686
vt 0.644686 0.471414
vt 0.634973 0.460600
vt 0.633181 0.458712
vt 0.642908 0.457737
vt 0.638389 0.455561
vt 0.347574 0.546786
vt 0.363649 0.535713
vt 0.348509 0.546798
vt 0.348468 0.513761
vt 0.364242 0.513782
vt 0.347646 0.513761
vt 0.217980 0.513761
vt 0.215426 0.545178
vt 0.203901 0.524907
vt 0.213614 0.514092
vt 0.215406 0.512204
vt 0.205680 0.511229
vt 0.210198 0.509054
vt 0.688625 0.636952
vt 0.664870 0.638351
vt 0.664190 0.636952
vt 0.687945 0.638351
vt 0.689223 0.636306
vt 0.663592 0.636306
vt 0.662784 0.636035
vt 0.690031 0.636035
vt 0.715096 0.636035
vt 0.715904 0.636306
vt 0.716502 0.636952
vt 0.717182 0.638351
vt 0.751603 0.638351
vt 0.637719 0.636035
vt 0.636911 0.636306
vt 0.636313 0.636952
vt 0.810930 0.942505
vt 0.800753 0.942516
vt 0.800740 0.930218
vt 0.817368 0.930200
vt 0.817378 0.939205
vt 0.818393 0.938658
vt 0.820082 0.930196
vt 0.820082 0.938655
vt 0.821770 0.938658
vt 0.822795 0.930200
vt 0.822786 0.939205
vt 0.829233 0.942505
vt 0.839424 0.930218
vt 0.839411 0.942516
vt 0.980443 0.773351
vt 0.976716 0.781763
vt 0.975889 0.775066
vt 0.975314 0.765903
vt 0.972120 0.769504
vt 0.981507 0.782345
vt 0.967309 0.761717
vt 0.966162 0.766425
vt 0.987148 0.745317
vt 0.958246 0.761756
vt 0.959411 0.766475
vt 0.938123 0.765419
vt 0.987148 0.801638
vt 0.950236 0.765944
vt 0.953428 0.769553
vt 0.945109 0.773380
vt 0.936363 0.768296
vt 0.949645 0.775084
vt 0.944089 0.782334
vt 0.938806 0.794909
vt 0.948853 0.781737
vt 0.947287 0.790740
vt 0.946162 0.801622
vt 0.951260 0.787991
vt 0.954028 0.796710
vt 0.956261 0.792447
vt 0.962796 0.794006
vt 0.962792 0.798860
vt 0.969355 0.792437
vt 0.971591 0.796726
vt 0.974390 0.788034
vt 0.978339 0.790756
vt 0.695764 0.767719
vt 0.686756 0.766114
vt 0.695164 0.762934
vt 0.689491 0.770076
vt 0.704143 0.763977
vt 0.702451 0.768512
vt 0.680803 0.772846
vt 0.685048 0.775066
vt 0.675902 0.757332
vt 0.678672 0.781584
vt 0.683488 0.781582
vt 0.675902 0.798191
vt 0.732205 0.757225
vt 0.680812 0.790338
vt 0.685090 0.788099
vt 0.689534 0.793122
vt 0.686786 0.797081
vt 0.682595 0.805562
vt 0.695802 0.795528
vt 0.695188 0.800315
vt 0.709250 0.808094
vt 0.702475 0.794771
vt 0.704169 0.799320
vt 0.712139 0.806327
vt 0.708006 0.791002
vt 0.711614 0.794196
vt 0.711074 0.785023
vt 0.715793 0.786181
vt 0.711105 0.778273
vt 0.715819 0.777112
vt 0.707994 0.772314
vt 0.711610 0.769090
vt 0.039763 0.721666
vt 0.036434 0.725542
vt 0.036434 0.722477
vt 0.039759 0.726371
vt 0.037580 0.717499
vt 0.035011 0.728256
vt 0.035009 0.719763
vt 0.037569 0.730535
vt 0.033711 0.714823
vt 0.032489 0.729997
vt 0.032487 0.718023
vt 0.033694 0.733204
vt 0.029041 0.714252
vt 0.029446 0.730367
vt 0.029444 0.717654
vt 0.029024 0.733767
vt 0.024640 0.715916
vt 0.026580 0.729281
vt 0.026579 0.718741
vt 0.024626 0.732095
vt 0.021518 0.719435
vt 0.024547 0.726987
vt 0.024547 0.721035
vt 0.021509 0.728570
vt 0.020388 0.724002
vt 0.023814 0.724011
vt 0.648412 0.481353
vt 0.644641 0.477907
vt 0.648043 0.478310
vt 0.646305 0.473506
vt 0.645212 0.482577
vt 0.649130 0.475444
vt 0.650153 0.483876
vt 0.649824 0.470383
vt 0.647888 0.486447
vt 0.651425 0.473412
vt 0.652867 0.485301
vt 0.654392 0.469252
vt 0.652056 0.488630
vt 0.654401 0.472679
vt 0.655932 0.485301
vt 0.658961 0.470374
vt 0.656762 0.488626
vt 0.657377 0.473413
vt 0.658646 0.483877
vt 0.662486 0.473491
vt 0.660926 0.486435
vt 0.659671 0.475446
vt 0.660388 0.481355
vt 0.664158 0.477889
vt 0.663595 0.482561
vt 0.660758 0.478312
vt 0.386939 0.188221
vt 0.391202 0.202268
vt 0.386932 0.202268
vt 0.391233 0.188221
vt 0.376435 0.188221
vt 0.376500 0.202268
vt 0.371633 0.188221
vt 0.371773 0.202268
vt 0.357059 0.197033
vt 0.358314 0.202268
vt 0.344500 0.202268
vt 0.357278 0.191771
vt 0.358224 0.188221
vt 0.344745 0.188221
vt 0.345640 0.191746
vt 0.341614 0.188221
vt 0.345881 0.196947
vt 0.341328 0.194750
vt 0.331188 0.202268
vt 0.334380 0.194748
vt 0.329814 0.196944
vt 0.318629 0.197030
vt 0.317374 0.202268
vt 0.330059 0.191737
vt 0.334093 0.188221
vt 0.303915 0.202268
vt 0.330955 0.188221
vt 0.304052 0.188221
vt 0.318410 0.191766
vt 0.317463 0.188221
vt 0.299251 0.188221
vt 0.299188 0.202268
vt 0.288748 0.188221
vt 0.288756 0.202268
vt 0.284486 0.202268
vt 0.284454 0.188221
vt 0.998572 0.153769
vt 0.998572 0.163673
vt 0.998582 0.176114
vt 0.998582 0.166217
vt 0.972051 0.325415
vt 0.969535 0.342537
vt 0.969535 0.325415
vt 0.965549 0.342537
vt 0.972051 0.342537
vt 0.964178 0.342871
vt 0.974806 0.323146
vt 0.966793 0.323069
vt 0.992650 0.342537
vt 0.976804 0.320209
vt 0.977553 0.316732
vt 0.954293 0.342871
vt 0.963115 0.343798
vt 0.955356 0.343798
vt 0.952922 0.342537
vt 0.964769 0.320193
vt 0.948936 0.342537
vt 0.964035 0.316711
vt 0.948936 0.273650
vt 0.964790 0.313249
vt 0.953979 0.275411
vt 0.966774 0.310289
vt 0.959305 0.275936
vt 0.969535 0.308049
vt 0.964538 0.274982
vt 0.969535 0.273000
vt 0.972051 0.308049
vt 0.972051 0.272910
vt 0.978851 0.274940
vt 0.985902 0.274620
vt 0.974806 0.310319
vt 0.976804 0.313256
vt 0.992650 0.272280
vt 0.995166 0.342537
vt 0.995166 0.272236
vt 0.885631 0.948534
vt 0.883547 0.919225
vt 0.885638 0.920414
vt 0.884940 0.919221
vt 0.851109 0.938544
vt 0.726292 0.950334
vt 0.725104 0.948242
vt 0.754414 0.950337
vt 0.744437 0.915809
vt 0.725100 0.949635
vt 0.370700 0.926688
vt 0.390357 0.919930
vt 0.400983 0.926688
vt 0.391285 0.919576
vt 0.391865 0.918766
vt 0.396135 0.916224
vt 0.392542 0.916224
vt 0.404795 0.934863
vt 0.366888 0.934863
vt 0.381220 0.919930
vt 0.380344 0.919619
vt 0.379754 0.918896
vt 0.375548 0.916224
vt 0.378787 0.916224
vt 0.515014 0.936687
vt 0.549105 0.944861
vt 0.511202 0.944861
vt 0.545293 0.936687
vt 0.534669 0.929930
vt 0.535596 0.929576
vt 0.525533 0.929930
vt 0.536176 0.928766
vt 0.540446 0.926224
vt 0.536853 0.926224
vt 0.524656 0.929619
vt 0.524066 0.928896
vt 0.519861 0.926224
vt 0.523100 0.926224
vt 0.734716 0.689238
vt 0.787919 0.703655
vt 0.734716 0.718071
vt 0.787919 0.699142
vt 0.787919 0.690369
vt 0.787919 0.689238
vt 0.787919 0.708167
vt 0.787919 0.716940
vt 0.787919 0.718071
vt 0.704360 0.685725
vt 0.734716 0.685725
vt 0.704360 0.721584
vt 0.734716 0.721584
vt 0.793839 0.929689
vt 0.763556 0.929689
vt 0.783214 0.922931
vt 0.784142 0.922577
vt 0.784721 0.921767
vt 0.788991 0.919225
vt 0.785398 0.919225
vt 0.797651 0.937864
vt 0.759744 0.937864
vt 0.774077 0.922931
vt 0.773200 0.922621
vt 0.772610 0.921898
vt 0.768404 0.919225
vt 0.771644 0.919225
vt 0.356067 0.920221
vt 0.321974 0.928396
vt 0.318161 0.920221
vt 0.352255 0.928396
vt 0.341630 0.935153
vt 0.342558 0.935507
vt 0.332494 0.935153
vt 0.343138 0.936317
vt 0.347408 0.938859
vt 0.343815 0.938859
vt 0.331617 0.935464
vt 0.331027 0.936187
vt 0.326821 0.938859
vt 0.330061 0.938859
vt 0.424970 0.933368
vt 0.459072 0.925191
vt 0.462885 0.933368
vt 0.428783 0.925191
vt 0.439411 0.918432
vt 0.438483 0.918078
vt 0.448549 0.918432
vt 0.437903 0.917267
vt 0.433632 0.914725
vt 0.437226 0.914725
vt 0.449426 0.918121
vt 0.450016 0.917398
vt 0.454223 0.914725
vt 0.450983 0.914725
vt 0.286224 0.938854
vt 0.320317 0.930679
vt 0.324129 0.938854
vt 0.290036 0.930679
vt 0.300660 0.923922
vt 0.299733 0.923568
vt 0.309797 0.923922
vt 0.299153 0.922758
vt 0.294883 0.920216
vt 0.298476 0.920216
vt 0.310674 0.923612
vt 0.311264 0.922889
vt 0.315469 0.920216
vt 0.312230 0.920216
vt 0.866211 0.721584
vt 0.790362 0.685723
vt 0.866211 0.685723
vt 0.790362 0.721584
vt 0.145808 0.923455
vt 0.067567 0.923455
vt 0.098492 0.918698
vt 0.087504 0.911751
vt 0.076598 0.912701
vt 0.131139 0.918518
vt 0.139839 0.920109
vt 0.750825 0.324977
vt 0.719921 0.320224
vt 0.798107 0.320224
vt 0.739845 0.331919
vt 0.728946 0.330970
vt 0.783449 0.325157
vt 0.792143 0.323567
vt 0.375598 0.023852
vt 0.370044 0.002858
vt 0.375598 0.001224
vt 0.357763 0.001224
vt 0.355264 0.002858
vt 0.355264 0.002067
vt 0.370044 0.022218
vt 0.378192 0.001224
vt 0.357763 0.023852
vt 0.355264 0.022218
vt 0.355264 0.023009
vt 0.378192 0.023852
vt 0.393938 0.023852
vt 0.393938 0.001224
vt 0.396532 0.023852
vt 0.396532 0.001224
vt 0.402086 0.022218
vt 0.414367 0.023852
vt 0.416866 0.022218
vt 0.416866 0.023009
vt 0.402086 0.002858
vt 0.414367 0.001224
vt 0.416865 0.002858
vt 0.416865 0.002067
vt 0.906652 0.923431
vt 0.915789 0.923431
vt 0.926310 0.930189
vt 0.916666 0.923121
vt 0.917255 0.922398
vt 0.921462 0.919725
vt 0.918222 0.919725
vt 0.896026 0.930189
vt 0.905724 0.923077
vt 0.930122 0.938365
vt 0.892214 0.938365
vt 0.905144 0.922267
vt 0.900874 0.919725
vt 0.904467 0.919725
vt 0.589742 0.930426
vt 0.598879 0.930426
vt 0.609399 0.937184
vt 0.599756 0.930116
vt 0.600345 0.929393
vt 0.604552 0.926720
vt 0.601312 0.926720
vt 0.579117 0.937184
vt 0.588815 0.930072
vt 0.613211 0.945359
vt 0.575305 0.945359
vt 0.588235 0.929262
vt 0.583965 0.926720
vt 0.587558 0.926720
vt 0.824420 0.912429
vt 0.833557 0.912429
vt 0.844079 0.919187
vt 0.834434 0.912119
vt 0.835024 0.911396
vt 0.839231 0.908723
vt 0.835991 0.908723
vt 0.813793 0.919187
vt 0.823492 0.912075
vt 0.847891 0.927364
vt 0.809981 0.927364
vt 0.822912 0.911265
vt 0.818642 0.908723
vt 0.822235 0.908723
vt 0.983469 0.917349
vt 0.990227 0.906724
vt 0.990227 0.937006
vt 0.983115 0.916422
vt 0.983469 0.926486
vt 0.983159 0.927363
vt 0.982305 0.915842
vt 0.982436 0.927952
vt 0.979763 0.932159
vt 0.979763 0.928919
vt 0.998402 0.940818
vt 0.998402 0.902912
vt 0.979763 0.911572
vt 0.979763 0.915165
vt 0.557807 0.941653
vt 0.547183 0.934896
vt 0.577464 0.934896
vt 0.556880 0.942007
vt 0.566944 0.941653
vt 0.567821 0.941964
vt 0.556300 0.942817
vt 0.568411 0.942686
vt 0.572617 0.945359
vt 0.569377 0.945359
vt 0.581276 0.926721
vt 0.543371 0.926721
vt 0.552030 0.945359
vt 0.555623 0.945359
vt 0.281091 0.936682
vt 0.246999 0.944856
vt 0.250811 0.936682
vt 0.284902 0.944856
vt 0.270467 0.929925
vt 0.271394 0.929571
vt 0.261331 0.929925
vt 0.271974 0.928761
vt 0.276243 0.926219
vt 0.272651 0.926219
vt 0.260454 0.929614
vt 0.259864 0.928891
vt 0.255658 0.926219
vt 0.258898 0.926219
vt 0.687526 0.717775
vt 0.686684 0.719495
vt 0.684964 0.720337
vt 0.684964 0.710218
vt 0.687526 0.712781
vt 0.686684 0.711061
vt 0.630482 0.720337
vt 0.627607 0.710218
vt 0.649075 0.352725
vt 0.651639 0.355289
vt 0.649075 0.362850
vt 0.650796 0.353568
vt 0.651639 0.360285
vt 0.650796 0.362007
vt 0.594566 0.352725
vt 0.591690 0.362850
vt 0.641728 0.258725
vt 0.637155 0.266342
vt 0.635743 0.266342
vt 0.641728 0.285321
vt 0.641291 0.285321
vt 0.629865 0.258725
vt 0.628604 0.259986
vt 0.629019 0.259140
vt 0.628604 0.273222
vt 0.634568 0.273960
vt 0.629342 0.273960
vt 0.628847 0.273717
vt 0.493864 0.320345
vt 0.493864 0.308478
vt 0.501484 0.314358
vt 0.495125 0.307217
vt 0.494279 0.307632
vt 0.508366 0.307217
vt 0.501484 0.315771
vt 0.520469 0.320345
vt 0.520469 0.319908
vt 0.509104 0.313183
vt 0.509104 0.307955
vt 0.508862 0.307460
vt 0.156059 0.847587
vt 0.169126 0.847567
vt 0.162482 0.872280
vt 0.163826 0.844634
vt 0.174950 0.849187
vt 0.180978 0.848877
vt 0.186607 0.846671
vt 0.210529 0.846651
vt 0.203592 0.843614
vt 0.207981 0.842843
vt 0.191522 0.843143
vt 0.159073 0.872043
vt 0.147825 0.848777
vt 0.161343 0.872637
vt 0.160152 0.872554
vt 0.139698 0.847222
vt 0.128227 0.849585
vt 0.132434 0.843152
vt 0.222869 0.180722
vt 0.206959 0.189528
vt 0.203110 0.187916
vt 0.208656 0.193219
vt 0.215051 0.208516
vt 0.207490 0.198450
vt 0.134677 0.180717
vt 0.131503 0.186360
vt 0.119934 0.187912
vt 0.121199 0.186625
vt 0.119092 0.182756
vt 0.852320 0.976716
vt 0.829479 0.966718
vt 0.851223 0.966718
vt 0.820555 0.976716
vt 0.175408 0.964217
vt 0.152551 0.974222
vt 0.143621 0.964217
vt 0.174310 0.974222
vt 0.862834 0.253417
vt 0.839426 0.271912
vt 0.839737 0.265883
vt 0.838118 0.260059
vt 0.837219 0.277542
vt 0.835185 0.254758
vt 0.838139 0.246990
vt 0.837197 0.301467
vt 0.834160 0.294528
vt 0.833690 0.282457
vt 0.833388 0.298918
vt 0.863109 0.251086
vt 0.863191 0.252277
vt 0.862597 0.250007
vt 0.839330 0.238755
vt 0.837776 0.230626
vt 0.840141 0.219154
vt 0.833706 0.223361
vt 0.684000 0.190232
vt 0.703762 0.197427
vt 0.699912 0.199040
vt 0.698215 0.202731
vt 0.691819 0.218031
vt 0.699382 0.207963
vt 0.772205 0.190225
vt 0.775379 0.195869
vt 0.786950 0.197420
vt 0.785685 0.196134
vt 0.787792 0.192264
vt 0.169373 0.509192
vt 0.177015 0.522376
vt 0.169317 0.522376
vt 0.177433 0.508761
vt 0.169373 0.535559
vt 0.163646 0.522376
vt 0.163539 0.508831
vt 0.177433 0.535990
vt 0.163539 0.535921
vt 0.185094 0.522376
vt 0.185500 0.508506
vt 0.185500 0.536245
vt 0.157778 0.522376
vt 0.157721 0.536133
vt 0.157721 0.508618
vt 0.193260 0.522376
vt 0.193573 0.536303
vt 0.193573 0.508449
vt 0.201353 0.522376
vt 0.201794 0.536116
vt 0.201794 0.508635
vt 0.151844 0.522376
vt 0.151887 0.508579
vt 0.151887 0.536172
vt 0.146045 0.508729
vt 0.146045 0.536023
vt 0.145934 0.522376
vt 0.140200 0.509025
vt 0.140200 0.535726
vt 0.140180 0.522376
vt 0.128033 0.522376
vt 0.128425 0.508617
vt 0.128425 0.536135
vt 0.124319 0.511177
vt 0.124080 0.508541
vt 0.124319 0.533574
vt 0.124080 0.536211
vt 0.116020 0.522376
vt 0.116338 0.511684
vt 0.116338 0.533067
vt 0.109753 0.522376
vt 0.108968 0.511854
vt 0.108968 0.532897
vt 0.098549 0.522376
vt 0.100321 0.510546
vt 0.100321 0.534205
vt 0.090822 0.536531
vt 0.090822 0.508220
vt 0.005846 0.529933
vt 0.001226 0.536531
vt 0.001226 0.529933
vt 0.005846 0.514818
vt 0.001226 0.508220
vt 0.001226 0.514818
vt 0.263685 0.576932
vt 0.257983 0.602440
vt 0.257983 0.576841
vt 0.263685 0.602440
vt 0.273528 0.602440
vt 0.273528 0.574867
vt 0.283371 0.576932
vt 0.283371 0.602440
vt 0.254587 0.591608
vt 0.254587 0.580991
vt 0.253949 0.592735
vt 0.251515 0.574879
vt 0.252648 0.593287
vt 0.244812 0.574603
vt 0.245788 0.593287
vt 0.238296 0.580991
vt 0.238296 0.602440
vt 0.238296 0.576286
vt 0.243224 0.592681
vt 0.232594 0.580991
vt 0.232594 0.576098
vt 0.226167 0.574036
vt 0.216303 0.580991
vt 0.219439 0.573814
vt 0.238296 0.590165
vt 0.212907 0.575527
vt 0.216303 0.591608
vt 0.232594 0.602440
vt 0.212907 0.602440
vt 0.216940 0.592735
vt 0.218242 0.593287
vt 0.225102 0.593287
vt 0.207205 0.602440
vt 0.227666 0.592681
vt 0.207205 0.575430
vt 0.232594 0.590165
vt 0.233810 0.589448
vt 0.237080 0.589448
vt 0.197362 0.602440
vt 0.202776 0.573917
vt 0.197362 0.573232
vt 0.191947 0.573917
vt 0.187518 0.575430
vt 0.187518 0.602440
vt 0.181816 0.575527
vt 0.181816 0.602440
vt 0.178420 0.591608
vt 0.177783 0.592735
vt 0.178420 0.580991
vt 0.176482 0.593287
vt 0.175285 0.573814
vt 0.169621 0.593287
vt 0.168557 0.574036
vt 0.162130 0.580991
vt 0.162130 0.576098
vt 0.156428 0.576286
vt 0.156428 0.580991
vt 0.149911 0.574603
vt 0.140137 0.580991
vt 0.143208 0.574879
vt 0.136741 0.576841
vt 0.140137 0.591608
vt 0.136741 0.602440
vt 0.131039 0.576932
vt 0.131039 0.602440
vt 0.140774 0.592735
vt 0.142075 0.593287
vt 0.148936 0.593287
vt 0.156428 0.602440
vt 0.151499 0.592681
vt 0.156428 0.590165
vt 0.162130 0.602440
vt 0.157644 0.589448
vt 0.160913 0.589448
vt 0.162130 0.590165
vt 0.167058 0.592681
vt 0.279581 0.860864
vt 0.281556 0.855973
vt 0.284675 0.859496
vt 0.276410 0.854817
vt 0.285199 0.864744
vt 0.280432 0.851404
vt 0.289073 0.861166
vt 0.276413 0.847989
vt 0.291976 0.865569
vt 0.281559 0.846837
vt 0.293744 0.860600
vt 0.279588 0.841945
vt 0.298361 0.863151
vt 0.284681 0.843316
vt 0.297617 0.857929
vt 0.285208 0.838068
vt 0.302890 0.858042
vt 0.289081 0.841649
vt 0.299805 0.853764
vt 0.291986 0.837248
vt 0.304527 0.851413
vt 0.293751 0.842218
vt 0.299807 0.849059
vt 0.298369 0.839671
vt 0.302895 0.844783
vt 0.297622 0.844892
vt 0.869391 0.910532
vt 0.866719 0.906661
vt 0.871939 0.905915
vt 0.866830 0.901389
vt 0.874360 0.912298
vt 0.862554 0.904475
vt 0.869959 0.915201
vt 0.860202 0.899756
vt 0.873537 0.919074
vt 0.857851 0.904475
vt 0.868291 0.919599
vt 0.853575 0.901390
vt 0.869660 0.924691
vt 0.853686 0.906661
vt 0.864770 0.922718
vt 0.848466 0.905916
vt 0.863616 0.927864
vt 0.851014 0.910532
vt 0.860203 0.923844
vt 0.846046 0.912299
vt 0.856790 0.927864
vt 0.850447 0.915202
vt 0.855636 0.922719
vt 0.846868 0.919075
vt 0.850746 0.924692
vt 0.852115 0.919600
vt 0.890302 0.643728
vt 0.890302 0.636385
vt 0.891470 0.635217
vt 0.891470 0.644896
vt 0.951209 0.644896
vt 0.951209 0.635217
vt 0.052887 0.213030
vt 0.052887 0.206928
vt 0.059603 0.206928
vt 0.054276 0.214674
vt 0.059603 0.206073
vt 0.059603 0.218233
vt 0.052719 0.206073
vt 0.056256 0.218233
vt 0.059603 0.201861
vt 0.056619 0.219543
vt 0.058987 0.200530
vt 0.059603 0.219543
vt 0.056924 0.225633
vt 0.059603 0.225633
vt 0.050739 0.200530
vt 0.058654 0.199676
vt 0.050354 0.199676
vt 0.056735 0.191757
vt 0.045038 0.188099
vt 0.054325 0.184901
vt 0.051126 0.178701
vt 0.044085 0.187071
vt 0.042751 0.186636
vt 0.030711 0.186636
vt 0.028730 0.182207
vt 0.026900 0.178701
vt 0.051786 0.175720
vt 0.052018 0.176408
vt 0.023118 0.177830
vt 0.011607 0.175720
vt 0.012090 0.176718
vt 0.833158 0.067310
vt 0.830478 0.061219
vt 0.833158 0.061219
vt 0.830173 0.067310
vt 0.833158 0.068620
vt 0.829810 0.068620
vt 0.827830 0.072179
vt 0.833158 0.079927
vt 0.826441 0.073824
vt 0.826441 0.079927
vt 0.833158 0.080782
vt 0.826272 0.080782
vt 0.833158 0.084995
vt 0.832541 0.086326
vt 0.824292 0.086326
vt 0.832209 0.087181
vt 0.823907 0.087180
vt 0.830289 0.095101
vt 0.818590 0.098759
vt 0.827879 0.101957
vt 0.824680 0.108159
vt 0.817637 0.099787
vt 0.816302 0.100223
vt 0.802280 0.104651
vt 0.804262 0.100223
vt 0.800449 0.108159
vt 0.825340 0.111140
vt 0.825571 0.110451
vt 0.796667 0.109030
vt 0.785154 0.111139
vt 0.785637 0.110141
vt 0.530711 0.330612
vt 0.551763 0.330220
vt 0.530711 0.336468
vt 0.554676 0.336468
vt 0.530711 0.330220
vt 0.473476 0.895223
vt 0.445186 0.901465
vt 0.442275 0.895223
vt 0.470565 0.901465
vt 0.490080 0.302111
vt 0.490080 0.307960
vt 0.469050 0.301719
vt 0.466139 0.307960
vt 0.490080 0.301719
vt 0.167197 0.716468
vt 0.195488 0.710226
vt 0.198398 0.716468
vt 0.170108 0.710226
vt 0.808343 0.979225
vt 0.836634 0.985467
vt 0.805432 0.985467
vt 0.833723 0.979225
vt 0.125658 0.308335
vt 0.119410 0.336650
vt 0.119410 0.305421
vt 0.125658 0.333737
vt 0.631769 0.676223
vt 0.645488 0.682466
vt 0.628858 0.682466
vt 0.651730 0.676223
vt 0.508823 0.878561
vt 0.502576 0.864834
vt 0.508823 0.861921
vt 0.502576 0.884807
vt 0.998093 0.360639
vt 0.990102 0.345225
vt 0.998093 0.345225
vt 0.990102 0.360639
vt 0.563174 0.841138
vt 0.571165 0.825724
vt 0.571165 0.841138
vt 0.563174 0.825724
vt 0.544120 0.409422
vt 0.557995 0.412983
vt 0.552208 0.419208
vt 0.561043 0.419544
vt 0.561601 0.408751
vt 0.538813 0.418699
vt 0.531615 0.409992
vt 0.531543 0.409904
vt 0.796762 0.967629
vt 0.802553 0.973855
vt 0.788671 0.977419
vt 0.805602 0.967292
vt 0.806161 0.978089
vt 0.783362 0.968139
vt 0.776161 0.976851
vt 0.776089 0.976938
vt 0.464040 0.498554
vt 0.653342 0.496224
vt 0.653342 0.498554
vt 0.464040 0.496224
vt 0.464040 0.500884
vt 0.653342 0.500884
vt 0.464040 0.503215
vt 0.653342 0.503215
vt 0.464040 0.505545
vt 0.653342 0.505545
vt 0.464040 0.507876
vt 0.653342 0.507876
vt 0.464040 0.510206
vt 0.653342 0.510206
vt 0.464040 0.512536
vt 0.653342 0.512536
vt 0.464040 0.514867
vt 0.653342 0.514867
vt 0.464040 0.517197
vt 0.653342 0.517197
vt 0.464040 0.519527
vt 0.653342 0.519527
vt 0.464040 0.521858
vt 0.653342 0.521858
vt 0.464040 0.524188
vt 0.653342 0.524188
vt 0.464040 0.526518
vt 0.653342 0.526519
vt 0.998569 0.134768
vt 0.998569 0.150790
vt 0.322508 0.909094
vt 0.335409 0.901221
vt 0.339081 0.909094
vt 0.314635 0.901221
vt 0.588623 0.683718
vt 0.601526 0.691592
vt 0.584951 0.691592
vt 0.609401 0.683718
vt 0.980693 0.034724
vt 0.980167 0.038332
vt 0.979991 0.034724
vt 0.980693 0.038332
vt 0.359432 0.019476
vt 0.363036 0.018951
vt 0.363036 0.019476
vt 0.359432 0.018775
vt 0.839079 0.632613
vt 0.860099 0.602583
vt 0.861946 0.619764
vt 0.844563 0.590398
vt 0.960608 0.632603
vt 0.863195 0.610153
vt 0.862535 0.606005
vt 0.960955 0.619755
vt 0.969831 0.632613
vt 0.970178 0.619766
vt 0.154000 0.308081
vt 0.150505 0.291914
vt 0.154000 0.288722
vt 0.147164 0.288722
vt 0.150505 0.304889
vt 0.147164 0.308081
vt 0.781734 0.858991
vt 0.788126 0.856221
vt 0.788126 0.875579
vt 0.776427 0.856221
vt 0.779649 0.858991
vt 0.781734 0.872809
vt 0.776427 0.875579
vt 0.779649 0.872809
vt 0.983451 0.024258
vt 0.966273 0.022411
vt 0.996298 0.001394
vt 0.954090 0.006878
vt 0.996288 0.122906
vt 0.973842 0.025507
vt 0.969694 0.024847
vt 0.983443 0.123253
vt 0.996298 0.132127
vt 0.983453 0.132474
vt 0.712480 0.213089
vt 0.713583 0.201216
vt 0.713583 0.213089
vt 0.714685 0.201216
vt 0.712480 0.201216
vt 0.714685 0.213089
vt 0.705043 0.213089
vt 0.741155 0.201216
vt 0.702029 0.201216
vt 0.702198 0.212458
vt 0.702029 0.212379
vt 0.741155 0.213089
vt 0.743040 0.201216
vt 0.743040 0.213089
vt 0.744924 0.201216
vt 0.744924 0.213089
vt 0.751315 0.213089
vt 0.754160 0.212458
vt 0.768647 0.201216
vt 0.767764 0.206114
vt 0.768647 0.204728
vt 0.306043 0.757104
vt 0.309059 0.745222
vt 0.316502 0.757104
vt 0.306211 0.745853
vt 0.306043 0.745932
vt 0.316502 0.745222
vt 0.317605 0.757104
vt 0.317605 0.745222
vt 0.318708 0.757104
vt 0.318708 0.745222
vt 0.345199 0.757104
vt 0.345199 0.745222
vt 0.347085 0.757104
vt 0.347085 0.745222
vt 0.348971 0.757104
vt 0.348971 0.745222
vt 0.355366 0.745222
vt 0.358214 0.745853
vt 0.372713 0.757104
vt 0.371829 0.752202
vt 0.372713 0.753589
vt 0.458056 0.526637
vt 0.447388 0.524471
vt 0.450997 0.524033
vt 0.453989 0.521967
vt 0.455679 0.518748
vt 0.440220 0.526637
vt 0.443988 0.523182
vt 0.438386 0.524803
vt 0.441577 0.520460
vt 0.440706 0.516930
vt 0.438386 0.509056
vt 0.441577 0.513399
vt 0.443988 0.510678
vt 0.440220 0.507222
vt 0.447388 0.509388
vt 0.458056 0.507222
vt 0.450997 0.509826
vt 0.453989 0.511892
vt 0.455679 0.515112
vt 0.460694 0.507222
vt 0.460694 0.526637
vt 0.881998 0.370722
vt 0.884636 0.390139
vt 0.881998 0.390139
vt 0.884636 0.370722
vt 0.888703 0.385468
vt 0.891696 0.387534
vt 0.887013 0.382248
vt 0.895306 0.387972
vt 0.902474 0.390139
vt 0.898706 0.386683
vt 0.904308 0.388304
vt 0.901117 0.383961
vt 0.901987 0.380430
vt 0.904308 0.372556
vt 0.901117 0.376899
vt 0.898706 0.374178
vt 0.902473 0.370722
vt 0.895306 0.372888
vt 0.891696 0.373326
vt 0.888703 0.375392
vt 0.887013 0.378612
vt 0.913724 0.491640
vt 0.917248 0.488621
vt 0.915450 0.492063
vt 0.916782 0.493238
vt 0.913717 0.487758
vt 0.919973 0.491027
vt 0.910189 0.488634
vt 0.921268 0.494424
vt 0.912000 0.492069
vt 0.917415 0.494899
vt 0.910672 0.493249
vt 0.917204 0.496663
vt 0.907472 0.491049
vt 0.920837 0.498033
vt 0.906189 0.494450
vt 0.918777 0.501029
vt 0.910044 0.494911
vt 0.916197 0.498127
vt 0.906634 0.498058
vt 0.915561 0.502723
vt 0.910262 0.496675
vt 0.914625 0.498955
vt 0.911274 0.498135
vt 0.912848 0.498958
vt 0.908704 0.501046
vt 0.911926 0.502730
vt 0.893825 0.485543
vt 0.897245 0.482405
vt 0.897457 0.484169
vt 0.898466 0.485633
vt 0.893390 0.481933
vt 0.895888 0.488537
vt 0.894683 0.478535
vt 0.899105 0.490229
vt 0.897877 0.480744
vt 0.900038 0.486460
vt 0.899208 0.479567
vt 0.901815 0.486461
vt 0.897406 0.476127
vt 0.902741 0.490233
vt 0.900937 0.475260
vt 0.905962 0.488546
vt 0.900934 0.479143
vt 0.903389 0.485637
vt 0.904466 0.476133
vt 0.908030 0.485556
vt 0.902659 0.479570
vt 0.904400 0.484176
vt 0.903988 0.480750
vt 0.904616 0.482412
vt 0.907185 0.478547
vt 0.908471 0.481947
vt 0.974111 0.378131
vt 0.969888 0.363722
vt 0.974111 0.363722
vt 0.969888 0.378131
vt 0.978334 0.378131
vt 0.965665 0.363722
vt 0.978334 0.363722
vt 0.965665 0.378131
vt 0.982557 0.378131
vt 0.961441 0.363722
vt 0.982557 0.363722
vt 0.961441 0.378131
vt 0.986780 0.378131
vt 0.957218 0.363722
vt 0.986780 0.363722
vt 0.957218 0.378131
vt 0.991003 0.378131
vt 0.952995 0.363722
vt 0.991003 0.363722
vt 0.995226 0.378131
vt 0.995226 0.363722
vt 0.952995 0.378131
vt 0.948772 0.363722
vt 0.948772 0.378131
vt 0.944549 0.363722
vt 0.944549 0.378131
vt 0.940326 0.363722
vt 0.940326 0.378131
vt 0.675935 0.923813
vt 0.675935 0.904912
vt 0.678956 0.906837
vt 0.683857 0.901218
vt 0.678956 0.921889
vt 0.684526 0.904239
vt 0.683857 0.927507
vt 0.697126 0.901218
vt 0.684526 0.924486
vt 0.696456 0.904239
vt 0.696456 0.924486
vt 0.702026 0.906837
vt 0.697126 0.927507
vt 0.705048 0.904912
vt 0.702026 0.921889
vt 0.705048 0.923813
vt 0.974420 0.237828
vt 0.976393 0.239529
vt 0.974695 0.243322
vt 0.975197 0.234224
vt 0.971029 0.239577
vt 0.970847 0.244867
vt 0.892619 0.244867
vt 0.887790 0.239578
vt 0.116814 0.544819
vt 0.117089 0.539326
vt 0.120479 0.541075
vt 0.115116 0.541027
vt 0.116312 0.535723
vt 0.120661 0.546364
vt 0.198877 0.546364
vt 0.203706 0.541076
vt 0.698366 0.431224
vt 0.766256 0.431224
vt 0.764257 0.435505
vt 0.695424 0.435505
vt 0.763419 0.437504
vt 0.695424 0.434167
vt 0.696296 0.432097
vt 0.695424 0.437504
vt 0.763009 0.439502
vt 0.695424 0.439502
vt 0.695424 0.444402
vt 0.763009 0.444402
vt 0.695424 0.446401
vt 0.763419 0.446401
vt 0.695424 0.448399
vt 0.764257 0.448399
vt 0.698366 0.452680
vt 0.766256 0.452680
vt 0.695424 0.449738
vt 0.696296 0.451808
vt 0.227595 0.781633
vt 0.223372 0.767224
vt 0.227595 0.767224
vt 0.223372 0.781633
vt 0.231818 0.781633
vt 0.219149 0.767224
vt 0.231818 0.767224
vt 0.219149 0.781633
vt 0.236041 0.781633
vt 0.214926 0.767224
vt 0.236041 0.767224
vt 0.214926 0.781633
vt 0.240264 0.781633
vt 0.210703 0.767223
vt 0.240264 0.767224
vt 0.210703 0.781633
vt 0.244487 0.781633
vt 0.206480 0.767223
vt 0.244487 0.767224
vt 0.248710 0.781633
vt 0.248711 0.767224
vt 0.206480 0.781633
vt 0.202257 0.767223
vt 0.202257 0.781633
vt 0.198034 0.767223
vt 0.198034 0.781633
vt 0.193810 0.767223
vt 0.193810 0.781633
vt 0.763287 0.391013
vt 0.777700 0.386788
vt 0.777700 0.391013
vt 0.763287 0.386788
vt 0.763287 0.395237
vt 0.777700 0.382564
vt 0.777700 0.395237
vt 0.763287 0.382564
vt 0.763287 0.399461
vt 0.777700 0.378340
vt 0.777700 0.399461
vt 0.763287 0.378340
vt 0.763287 0.403685
vt 0.777700 0.374116
vt 0.777700 0.403685
vt 0.763287 0.374116
vt 0.763287 0.407910
vt 0.777700 0.369892
vt 0.777700 0.407910
vt 0.763287 0.412134
vt 0.777700 0.412134
vt 0.763287 0.369892
vt 0.777700 0.365667
vt 0.763287 0.365667
vt 0.777700 0.361443
vt 0.763287 0.361443
vt 0.777700 0.357219
vt 0.763287 0.357219
vt 0.786136 0.220390
vt 0.782803 0.233623
vt 0.728997 0.224955
vt 0.783900 0.232538
vt 0.785838 0.231885
vt 0.787538 0.216709
vt 0.790643 0.214286
vt 0.732681 0.235899
vt 0.782602 0.235153
vt 0.783943 0.239135
vt 0.842234 0.186829
vt 0.818830 0.204795
vt 0.822773 0.204850
vt 0.843661 0.191069
vt 0.826118 0.206939
vt 0.846329 0.194089
vt 0.839760 0.213730
vt 0.833282 0.215911
vt 0.850347 0.194387
vt 0.865437 0.205085
vt 0.915723 0.172375
vt 0.915856 0.172514
vt 0.923456 0.185550
vt 0.918739 0.171543
vt 0.868769 0.220884
vt 0.880362 0.270115
vt 0.887979 0.247562
vt 0.890304 0.265842
vt 0.889330 0.270115
vt 0.892056 0.264448
vt 0.970512 0.264627
vt 0.984273 0.247562
vt 0.972184 0.265783
vt 0.993438 0.270115
vt 0.973829 0.270115
vt 0.975031 0.177161
vt 0.968498 0.179360
vt 0.818229 0.236189
vt 0.833003 0.239110
vt 0.818229 0.239110
vt 0.833003 0.227416
vt 0.341369 0.239691
vt 0.326584 0.242614
vt 0.326584 0.230911
vt 0.341369 0.242614
vt 0.176104 0.209303
vt 0.172160 0.209357
vt 0.152699 0.191336
vt 0.204291 0.218793
vt 0.151272 0.195576
vt 0.168815 0.211447
vt 0.265938 0.229463
vt 0.207395 0.221217
vt 0.148604 0.198596
vt 0.208798 0.224898
vt 0.155172 0.218238
vt 0.161651 0.220419
vt 0.144585 0.198894
vt 0.212130 0.238131
vt 0.262253 0.240407
vt 0.211034 0.237046
vt 0.209095 0.236393
vt 0.212331 0.239661
vt 0.210991 0.243644
vt 0.129495 0.209592
vt 0.079208 0.176882
vt 0.079075 0.177021
vt 0.071475 0.190057
vt 0.076192 0.176050
vt 0.126163 0.225392
vt 0.114570 0.274624
vt 0.106953 0.252071
vt 0.104628 0.270351
vt 0.105602 0.274624
vt 0.102876 0.268956
vt 0.024418 0.269135
vt 0.010657 0.252071
vt 0.022746 0.270292
vt 0.001491 0.274624
vt 0.021101 0.274624
vt 0.019899 0.181667
vt 0.026432 0.183867
vt 0.372298 0.037993
vt 0.360867 0.047188
vt 0.361174 0.055233
vt 0.359441 0.064083
vt 0.360111 0.032106
vt 0.360031 0.030501
vt 0.358709 0.030974
vt 0.358784 0.032176
vt 0.357371 0.031067
vt 0.357465 0.032260
vt 0.356697 0.029652
vt 0.359563 0.047247
vt 0.351210 0.021498
vt 0.359660 0.055290
vt 0.358259 0.047319
vt 0.311869 0.039968
vt 0.358196 0.055369
vt 0.315891 0.057393
vt 0.314963 0.057607
vt 0.310942 0.040186
vt 0.312317 0.182815
vt 0.309972 0.182852
vt 0.311304 0.035743
vt 0.309551 0.035876
vt 0.307781 0.036042
vt 0.309169 0.031576
vt 0.310995 0.031459
vt 0.348143 0.012159
vt 0.309339 0.001413
vt 0.346340 0.001481
vt 0.307334 0.001589
vt 0.305052 0.001795
vt 0.306737 0.031746
vt 0.265905 0.031615
vt 0.268185 0.001680
vt 0.307325 0.092342
vt 0.266556 0.092749
vt 0.308231 0.182842
vt 0.267453 0.183261
vt 0.895437 0.313256
vt 0.894688 0.316732
vt 0.879591 0.272280
vt 0.886338 0.274620
vt 0.897435 0.310319
vt 0.900190 0.308049
vt 0.893390 0.274940
vt 0.900190 0.272910
vt 0.902706 0.273000
vt 0.902706 0.308049
vt 0.907703 0.274982
vt 0.912936 0.275936
vt 0.905467 0.310289
vt 0.918262 0.275411
vt 0.907451 0.313249
vt 0.923305 0.273650
vt 0.908206 0.316711
vt 0.923305 0.342537
vt 0.907472 0.320193
vt 0.925821 0.273697
vt 0.919319 0.342537
vt 0.925821 0.342537
vt 0.905448 0.323069
vt 0.931296 0.275745
vt 0.936121 0.276357
vt 0.946420 0.342537
vt 0.940945 0.275745
vt 0.946420 0.273697
vt 0.917949 0.342871
vt 0.908063 0.342871
vt 0.916885 0.343798
vt 0.909126 0.343798
vt 0.902706 0.325415
vt 0.906692 0.342537
vt 0.902706 0.342537
vt 0.900190 0.325415
vt 0.900190 0.342537
vt 0.897435 0.323146
vt 0.879591 0.342537
vt 0.895437 0.320209
vt 0.877075 0.342537
vt 0.877075 0.272236
vt 0.872069 0.274037
vt 0.873089 0.342537
vt 0.866776 0.274720
vt 0.860463 0.342537
vt 0.861483 0.274037
vt 0.871719 0.342871
vt 0.856477 0.342537
vt 0.856477 0.272236
vt 0.861833 0.342871
vt 0.862897 0.343798
vt 0.870655 0.343798
vt 0.123031 0.500442
vt 0.002233 0.502363
vt 0.002122 0.500442
vt 0.123526 0.502363
vt 0.001498 0.501324
vt 0.119484 0.490697
vt 0.029751 0.490696
vt 0.026051 0.489938
vt 0.022947 0.487786
vt 0.021297 0.485416
vt 0.002122 0.480473
vt 0.002307 0.480327
vt 0.724015 0.784724
vt 0.844785 0.786645
vt 0.723904 0.786645
vt 0.845280 0.784724
vt 0.723280 0.785763
vt 0.841239 0.796387
vt 0.751527 0.796388
vt 0.747928 0.797103
vt 0.744876 0.799142
vt 0.743075 0.801667
vt 0.723904 0.806609
vt 0.724089 0.806754
vt 0.907608 0.376631
vt 0.932379 0.377906
vt 0.907187 0.377906
vt 0.932379 0.376631
vt 0.911994 0.367224
vt 0.932379 0.369038
vt 0.935237 0.367224
vt 0.937052 0.369038
vt 0.915461 0.647725
vt 0.895080 0.657130
vt 0.895080 0.649539
vt 0.892222 0.647724
vt 0.890407 0.649539
vt 0.919847 0.657130
vt 0.895080 0.658405
vt 0.920267 0.658405
vt 0.935786 0.193268
vt 0.927104 0.186523
vt 0.934558 0.170117
vt 0.930869 0.169804
vt 0.913826 0.193268
vt 0.788152 0.098473
vt 0.781405 0.111754
vt 0.781405 0.089790
vt 0.804561 0.091017
vt 0.804873 0.094707
vt 0.865836 0.965628
vt 0.899098 0.966903
vt 0.865416 0.966903
vt 0.898677 0.965628
vt 0.894291 0.956221
vt 0.870223 0.956221
vt 0.897574 0.957497
vt 0.926025 0.966903
vt 0.901960 0.966903
vt 0.930411 0.957497
vt 0.930832 0.956222
vt 0.897153 0.956222
vt 0.579027 0.971118
vt 0.550587 0.961716
vt 0.574643 0.961716
vt 0.546203 0.971118
vt 0.545783 0.972393
vt 0.579448 0.972393
vt 0.929319 0.965627
vt 0.962568 0.966902
vt 0.928899 0.966902
vt 0.962147 0.965627
vt 0.957762 0.956224
vt 0.933704 0.956224
vt 0.957797 0.028936
vt 0.955843 0.022464
vt 0.964452 0.025825
vt 0.959389 0.018098
vt 0.954619 0.020596
vt 0.965272 0.032371
vt 0.956667 0.035602
vt 0.961907 0.038046
vt 0.955375 0.042326
vt 0.954232 0.040582
vt 0.582793 0.214448
vt 0.579355 0.206977
vt 0.586018 0.205844
vt 0.576249 0.213632
vt 0.588464 0.211081
vt 0.592739 0.204548
vt 0.590995 0.203407
vt 0.572884 0.205029
vt 0.568522 0.208575
vt 0.571017 0.203806
vt 0.258973 0.780935
vt 0.256816 0.777213
vt 0.259684 0.778664
vt 0.254994 0.778717
vt 0.253605 0.774417
vt 0.255914 0.774172
vt 0.253889 0.743190
vt 0.268643 0.780825
vt 0.270654 0.783389
vt 0.256199 0.743436
vt 0.257066 0.740423
vt 0.255268 0.738950
vt 0.259866 0.738980
vt 0.259154 0.736762
vt 0.270597 0.783247
vt 0.286760 0.783247
vt 0.286702 0.783389
vt 0.288714 0.780820
vt 0.298405 0.780920
vt 0.298180 0.736747
vt 0.297690 0.778642
vt 0.297472 0.738958
vt 0.301472 0.774122
vt 0.300569 0.777183
vt 0.302402 0.778696
vt 0.303808 0.774365
vt 0.301129 0.743388
vt 0.303415 0.743139
vt 0.300263 0.740392
vt 0.302050 0.738927
vt 0.942366 0.908159
vt 0.937385 0.908872
vt 0.938531 0.890724
vt 0.947319 0.909042
vt 0.914983 0.890724
vt 0.914096 0.916107
vt 0.961349 0.912407
vt 0.960594 0.913670
vt 0.370754 0.897908
vt 0.375735 0.898620
vt 0.371900 0.916054
vt 0.380688 0.897738
vt 0.348354 0.916054
vt 0.347467 0.890673
vt 0.394717 0.894373
vt 0.393962 0.893110
vt 0.546021 0.247513
vt 0.540401 0.256422
vt 0.534343 0.248247
vt 0.549522 0.246657
vt 0.552508 0.244637
vt 0.533623 0.255393
vt 0.536764 0.257551
vt 0.530582 0.247278
vt 0.527763 0.244608
vt 0.230602 0.195964
vt 0.236225 0.204866
vt 0.224551 0.204140
vt 0.239726 0.205720
vt 0.242712 0.207736
vt 0.223828 0.196996
vt 0.226965 0.194838
vt 0.220793 0.205110
vt 0.217976 0.207781
vt 0.648245 0.559012
vt 0.643604 0.553192
vt 0.652338 0.553314
vt 0.651733 0.557147
vt 0.653206 0.542263
vt 0.643604 0.537046
vt 0.643748 0.558950
vt 0.643854 0.561077
vt 0.160176 0.448717
vt 0.165933 0.448861
vt 0.165995 0.453357
vt 0.168060 0.448968
vt 0.160298 0.457449
vt 0.164130 0.456844
vt 0.149249 0.458317
vt 0.144034 0.448717
vt 0.733578 0.921886
vt 0.736599 0.904912
vt 0.736599 0.923811
vt 0.728679 0.927504
vt 0.733578 0.906837
vt 0.728009 0.924483
vt 0.728679 0.901219
vt 0.715411 0.927504
vt 0.728009 0.904240
vt 0.716081 0.924483
vt 0.716081 0.904240
vt 0.710512 0.921886
vt 0.715411 0.901219
vt 0.707491 0.923811
vt 0.710512 0.906837
vt 0.707491 0.904912
vt 0.336763 0.381738
vt 0.333715 0.375390
vt 0.340490 0.375391
vt 0.355188 0.381743
vt 0.355191 0.370228
vt 0.275166 0.303132
vt 0.263939 0.305707
vt 0.265691 0.290219
vt 0.271047 0.285167
vt 0.264176 0.283613
vt 0.139249 0.192558
vt 0.138130 0.190719
vt 0.139249 0.190719
vt 0.138124 0.193026
vt 0.140367 0.192550
vt 0.140367 0.190719
vt 0.141485 0.190719
vt 0.141485 0.192550
vt 0.142604 0.190719
vt 0.142604 0.192558
vt 0.143722 0.190719
vt 0.143729 0.193026
vt 0.144840 0.190719
vt 0.144885 0.193318
vt 0.144231 0.193333
vt 0.145955 0.192730
vt 0.145959 0.190719
vt 0.147077 0.192550
vt 0.147077 0.190719
vt 0.148195 0.192550
vt 0.148195 0.190719
vt 0.659358 0.523858
vt 0.668019 0.522420
vt 0.668046 0.530871
vt 0.664390 0.516650
vt 0.654476 0.529481
vt 0.668076 0.514536
vt 0.666736 0.549886
vt 0.648064 0.534468
vt 0.668168 0.549196
vt 0.667665 0.550003
vt 0.663899 0.514106
vt 0.661852 0.507163
vt 0.668156 0.508656
vt 0.250835 0.254466
vt 0.252948 0.250780
vt 0.258718 0.254408
vt 0.260155 0.245749
vt 0.267166 0.254435
vt 0.250404 0.250289
vt 0.243463 0.248242
vt 0.244956 0.254546
vt 0.265777 0.240868
vt 0.286178 0.253126
vt 0.270763 0.234457
vt 0.285489 0.254558
vt 0.286295 0.254055
vt 0.732849 0.377988
vt 0.752261 0.377988
vt 0.752261 0.397346
vt 0.755303 0.377988
vt 0.755303 0.397346
vt 0.752261 0.377197
vt 0.732849 0.377197
vt 0.732849 0.397346
vt 0.752261 0.398137
vt 0.732849 0.398137
vt 0.729927 0.377988
vt 0.729927 0.397346
vt 0.727290 0.399613
vt 0.727290 0.375721
vt 0.684731 0.399613
vt 0.684731 0.375721
vt 0.788888 0.340728
vt 0.788894 0.342080
vt 0.788255 0.342083
vt 0.787681 0.340730
vt 0.787677 0.343234
vt 0.788253 0.343235
vt 0.786475 0.340728
vt 0.786470 0.343232
vt 0.785268 0.340726
vt 0.785264 0.343230
vt 0.784061 0.340723
vt 0.784057 0.343227
vt 0.782855 0.340721
vt 0.782850 0.343225
vt 0.781648 0.340719
vt 0.781644 0.343223
vt 0.781040 0.340718
vt 0.780437 0.343223
vt 0.780432 0.340719
vt 0.779226 0.340721
vt 0.779230 0.343225
vt 0.778019 0.340723
vt 0.778024 0.343227
vt 0.776813 0.340726
vt 0.776817 0.343230
vt 0.775606 0.340728
vt 0.775611 0.343232
vt 0.774399 0.340730
vt 0.774404 0.343234
vt 0.773825 0.342083
vt 0.773827 0.343235
vt 0.773193 0.340728
vt 0.773186 0.342080
vt 0.912969 0.990218
vt 0.918067 0.992127
vt 0.912969 0.992127
vt 0.918067 0.990218
vt 0.907931 0.990218
vt 0.923166 0.992127
vt 0.907931 0.992127
vt 0.923166 0.990218
vt 0.902892 0.990218
vt 0.928264 0.990218
vt 0.902892 0.992127
vt 0.928264 0.992127
vt 0.897854 0.990218
vt 0.933302 0.990218
vt 0.897854 0.992127
vt 0.933302 0.992127
vt 0.892816 0.992127
vt 0.938340 0.990218
vt 0.892816 0.990218
vt 0.887717 0.990218
vt 0.887717 0.992127
vt 0.938340 0.992127
vt 0.943379 0.990218
vt 0.943379 0.992127
vt 0.948417 0.992127
vt 0.948417 0.990218
vt 0.953515 0.990218
vt 0.953515 0.992127
vt 0.249728 0.645952
vt 0.160573 0.652125
vt 0.136515 0.652125
vt 0.196559 0.656238
vt 0.158655 0.656238
vt 0.194641 0.652125
vt 0.260680 0.652125
vt 0.259557 0.649407
vt 0.260680 0.650992
vt 0.001221 0.645952
vt 0.241772 0.642723
vt 0.001221 0.642723
vt 0.102447 0.652125
vt 0.138433 0.656238
vt 0.100529 0.656238
vt 0.078389 0.652125
vt 0.044321 0.652125
vt 0.001221 0.652125
vt 0.080307 0.656238
vt 0.042403 0.656238
vt 0.222584 0.662000
vt 0.463078 0.665229
vt 0.222584 0.665229
vt 0.471032 0.662001
vt 0.222584 0.655829
vt 0.265673 0.655829
vt 0.263756 0.651717
vt 0.301651 0.651717
vt 0.299733 0.655829
vt 0.323786 0.655829
vt 0.357846 0.655829
vt 0.321868 0.651717
vt 0.359763 0.651717
vt 0.381898 0.655829
vt 0.379980 0.651717
vt 0.417875 0.651717
vt 0.415958 0.655829
vt 0.481982 0.655829
vt 0.480859 0.658546
vt 0.481982 0.656961
vt 0.560806 0.858720
vt 0.531062 0.878082
vt 0.531062 0.858720
vt 0.527122 0.878082
vt 0.560806 0.878082
vt 0.527122 0.858720
vt 0.564750 0.878082
vt 0.523183 0.878082
vt 0.564750 0.858720
vt 0.523183 0.858720
vt 0.511683 0.878082
vt 0.511683 0.858720
vt 0.568694 0.858720
vt 0.568694 0.878082
vt 0.580177 0.878082
vt 0.580177 0.858720
vt 0.817192 0.632525
vt 0.818793 0.630717
vt 0.818793 0.632525
vt 0.820394 0.630717
vt 0.817192 0.630717
vt 0.820394 0.632525
vt 0.815591 0.632525
vt 0.821996 0.630717
vt 0.815591 0.630717
vt 0.821996 0.632525
vt 0.813990 0.632525
vt 0.823596 0.630717
vt 0.813990 0.630717
vt 0.823596 0.632525
vt 0.812389 0.632525
vt 0.825198 0.630717
vt 0.812389 0.630717
vt 0.825198 0.632525
vt 0.810788 0.632525
vt 0.826799 0.630717
vt 0.810788 0.630717
vt 0.826799 0.632525
vt 0.809187 0.632525
vt 0.828400 0.630717
vt 0.809187 0.630717
vt 0.828400 0.632525
vt 0.830001 0.630717
vt 0.830001 0.632525
vt 0.807586 0.632525
vt 0.807586 0.630717
vt 0.805985 0.632525
vt 0.805985 0.630717
vt 0.804384 0.632525
vt 0.804384 0.630717
vt 0.802783 0.632525
vt 0.802783 0.630717
vt 0.801182 0.632525
vt 0.801182 0.630717
vt 0.799581 0.632525
vt 0.799581 0.630717
vt 0.016849 0.877724
vt 0.020979 0.893998
vt 0.016849 0.893998
vt 0.020979 0.877724
vt 0.012718 0.877724
vt 0.050718 0.877724
vt 0.012718 0.893998
vt 0.001220 0.893998
vt 0.001220 0.877724
vt 0.050718 0.893998
vt 0.054854 0.893998
vt 0.054855 0.877724
vt 0.058991 0.893998
vt 0.058991 0.877724
vt 0.070471 0.877724
vt 0.070471 0.893998
vt 0.857648 0.682813
vt 0.855525 0.662225
vt 0.857648 0.662225
vt 0.855525 0.682813
vt 0.839144 0.682813
vt 0.839144 0.662225
vt 0.837021 0.662225
vt 0.837021 0.682813
vt 0.820640 0.682813
vt 0.820640 0.662225
vt 0.818517 0.662225
vt 0.818517 0.682813
vt 0.802136 0.682813
vt 0.802136 0.662225
vt 0.800013 0.662225
vt 0.800013 0.682813
vt 0.783632 0.662225
vt 0.783632 0.682813
vt 0.781509 0.662225
vt 0.781509 0.682813
vt 0.765128 0.682813
vt 0.765128 0.662225
vt 0.763005 0.662225
vt 0.763005 0.682813
vt 0.746624 0.682813
vt 0.746624 0.662225
vt 0.744501 0.662225
vt 0.744501 0.682813
vt 0.728120 0.682813
vt 0.728120 0.662225
vt 0.725997 0.662225
vt 0.725997 0.682813
vt 0.709616 0.662225
vt 0.709616 0.682813
vt 0.149209 0.697799
vt 0.147087 0.677217
vt 0.149209 0.677217
vt 0.147087 0.697799
vt 0.130710 0.697799
vt 0.130710 0.677217
vt 0.128588 0.677217
vt 0.128588 0.697799
vt 0.112212 0.697799
vt 0.112212 0.677217
vt 0.110090 0.677217
vt 0.110090 0.697799
vt 0.093713 0.697799
vt 0.093713 0.677217
vt 0.091591 0.677217
vt 0.091591 0.697799
vt 0.075215 0.677217
vt 0.075215 0.697799
vt 0.073092 0.677217
vt 0.073092 0.697799
vt 0.056716 0.697799
vt 0.056716 0.677217
vt 0.054594 0.677217
vt 0.054594 0.697799
vt 0.038217 0.697799
vt 0.038217 0.677217
vt 0.036095 0.677217
vt 0.036095 0.697799
vt 0.019719 0.697799
vt 0.019719 0.677217
vt 0.017597 0.677217
vt 0.017597 0.697799
vt 0.001220 0.677217
vt 0.001220 0.697799
vt 0.414092 0.254720
vt 0.385719 0.255593
vt 0.383846 0.254720
vt 0.412219 0.255593
vt 0.944405 0.850220
vt 0.967867 0.852482
vt 0.944405 0.870079
vt 0.967867 0.867816
vt 0.900180 0.850220
vt 0.900180 0.870079
vt 0.897289 0.867425
vt 0.897289 0.852873
vt 0.001937 0.242241
vt 0.001225 0.257195
vt 0.001225 0.241908
vt 0.001937 0.257990
vt 0.362880 0.205440
vt 0.377896 0.204725
vt 0.378230 0.205440
vt 0.362082 0.204725
vt 0.224043 0.190216
vt 0.223023 0.193453
vt 0.223023 0.190216
vt 0.224043 0.193453
vt 0.358628 0.026725
vt 0.362228 0.027747
vt 0.358628 0.027747
vt 0.362228 0.026725
vt 0.911136 0.169224
vt 0.914390 0.170250
vt 0.911136 0.170250
vt 0.914390 0.169224
vt 0.892957 0.042716
vt 0.891934 0.046316
vt 0.891935 0.042716
vt 0.892957 0.046316
vt 0.979673 0.181958
vt 0.978653 0.178723
vt 0.979673 0.178723
vt 0.978653 0.181958
vt 0.825890 0.068818
vt 0.824868 0.065221
vt 0.825890 0.065221
vt 0.824868 0.068818
vt 0.220211 0.176741
vt 0.223460 0.175717
vt 0.223460 0.176741
vt 0.220211 0.175717
vt 0.938252 0.173316
vt 0.937229 0.169716
vt 0.938252 0.169716
vt 0.937229 0.173316
vt 0.841069 0.038812
vt 0.840048 0.035218
vt 0.841069 0.035218
vt 0.840048 0.038812
vt 0.123876 0.181740
vt 0.127111 0.180721
vt 0.127111 0.181740
vt 0.123876 0.180721
vt 0.978623 0.172724
vt 0.977603 0.175960
vt 0.977603 0.172724
vt 0.978623 0.175960
vt 0.893057 0.002242
vt 0.889457 0.001219
vt 0.893057 0.001219
vt 0.889457 0.002242
vt 0.410454 0.019270
vt 0.407182 0.019270
vt 0.976759 0.001276
vt 0.973486 0.001276
vt 0.694196 0.967220
vt 0.733054 0.972116
vt 0.694196 0.975975
vt 0.733054 0.967220
vt 0.864960 0.775250
vt 0.900281 0.769716
vt 0.897700 0.775250
vt 0.862379 0.769716
vt 0.917663 0.775250
vt 0.911420 0.781494
vt 0.894789 0.781494
vt 0.867871 0.781494
vt 0.894454 0.782213
vt 0.868207 0.782213
vt 0.839577 0.775250
vt 0.836666 0.781494
vt 0.836330 0.782213
vt 0.810084 0.782213
vt 0.809748 0.781494
vt 0.806837 0.775250
vt 0.842158 0.769716
vt 0.804256 0.769716
vt 0.778543 0.781494
vt 0.781454 0.775250
vt 0.778207 0.782213
vt 0.751960 0.782213
vt 0.751625 0.781494
vt 0.746133 0.769716
vt 0.784035 0.769716
vt 0.748714 0.775250
vt 0.727677 0.781494
vt 0.727677 0.775642
vt 0.727677 0.775250
vt 0.141405 0.767944
vt 0.168321 0.767944
vt 0.171232 0.774187
vt 0.141740 0.767225
vt 0.167985 0.767225
vt 0.184950 0.767944
vt 0.191192 0.774187
vt 0.138494 0.774187
vt 0.173812 0.779721
vt 0.135913 0.779721
vt 0.110201 0.767944
vt 0.113112 0.774187
vt 0.083285 0.767944
vt 0.109866 0.767225
vt 0.083621 0.767225
vt 0.080374 0.774187
vt 0.115693 0.779721
vt 0.077794 0.779721
vt 0.052082 0.767944
vt 0.054993 0.774187
vt 0.057574 0.779721
vt 0.019675 0.779721
vt 0.022255 0.774187
vt 0.025166 0.767944
vt 0.051747 0.767225
vt 0.025502 0.767225
vt 0.001220 0.767944
vt 0.001220 0.773795
vt 0.001220 0.774187
vt 0.495267 0.810717
vt 0.456403 0.815613
vt 0.456403 0.810717
vt 0.495267 0.819472
vt 0.549868 0.703119
vt 0.544241 0.704249
vt 0.547241 0.692124
vt 0.548102 0.691961
vt 0.546771 0.691775
vt 0.530063 0.691925
vt 0.530060 0.691727
vt 0.341524 0.560606
vt 0.343295 0.549446
vt 0.344156 0.549610
vt 0.347152 0.561738
vt 0.344627 0.549260
vt 0.361337 0.549418
vt 0.361340 0.549220
vt 0.170046 0.920580
vt 0.272726 0.923252
vt 0.169906 0.923790
vt 0.148945 0.918812
vt 0.148312 0.923790
vt 0.272801 0.921518
vt 0.286796 0.920411
vt 0.290361 0.923338
vt 0.290466 0.920929
vt 0.648353 0.924289
vt 0.669307 0.919313
vt 0.669940 0.924289
vt 0.648214 0.921080
vt 0.545570 0.923752
vt 0.545494 0.922018
vt 0.531504 0.920912
vt 0.527941 0.923838
vt 0.527836 0.921429
vt 0.001226 0.786223
vt 0.023630 0.794218
vt 0.001226 0.794218
vt 0.023630 0.786223
vt 0.056161 0.794218
vt 0.056161 0.786223
vt 0.063358 0.789101
vt 0.063358 0.786223
vt 0.089868 0.788794
vt 0.105008 0.794218
vt 0.105008 0.786223
vt 0.089868 0.786223
vt 0.112972 0.794218
vt 0.123188 0.786223
vt 0.123188 0.788748
vt 0.116867 0.796867
vt 0.148713 0.788927
vt 0.185147 0.793543
vt 0.148713 0.786223
vt 0.179813 0.786223
vt 0.179813 0.789146
vt 0.185147 0.789184
vt 0.207971 0.789184
vt 0.281362 0.788849
vt 0.207971 0.786223
vt 0.281362 0.786223
vt 0.250817 0.804924
vt 0.324178 0.805259
vt 0.250817 0.807884
vt 0.324178 0.807884
vt 0.228002 0.800567
vt 0.228002 0.804924
vt 0.222670 0.804962
vt 0.191582 0.805180
vt 0.222670 0.807884
vt 0.191582 0.807884
vt 0.159748 0.797244
vt 0.166068 0.805360
vt 0.155856 0.799892
vt 0.166068 0.807884
vt 0.147895 0.807884
vt 0.147895 0.799892
vt 0.132760 0.805313
vt 0.132760 0.807884
vt 0.099067 0.799892
vt 0.106261 0.805007
vt 0.099067 0.807884
vt 0.106261 0.807884
vt 0.066549 0.807884
vt 0.066549 0.799892
vt 0.044153 0.807884
vt 0.044153 0.799892
vt 0.182282 0.451029
vt 0.183884 0.449220
vt 0.182282 0.449220
vt 0.183884 0.451029
vt 0.180681 0.451029
vt 0.185485 0.449220
vt 0.180681 0.449220
vt 0.185485 0.451029
vt 0.179080 0.451029
vt 0.187086 0.449220
vt 0.179080 0.449220
vt 0.187086 0.451029
vt 0.177479 0.451029
vt 0.188687 0.449220
vt 0.177479 0.449220
vt 0.188687 0.451029
vt 0.175878 0.451029
vt 0.190288 0.449220
vt 0.175878 0.449220
vt 0.190288 0.451029
vt 0.174277 0.451029
vt 0.191889 0.449220
vt 0.174277 0.449220
vt 0.191889 0.451029
vt 0.172676 0.451029
vt 0.193490 0.449220
vt 0.172676 0.449220
vt 0.171075 0.451029
vt 0.171075 0.449220
vt 0.193490 0.451029
vt 0.195091 0.449220
vt 0.195091 0.451029
vt 0.196692 0.449220
vt 0.196692 0.451029
vt 0.198293 0.449220
vt 0.198293 0.451029
vt 0.199894 0.449220
vt 0.199894 0.451029
vt 0.201495 0.449220
vt 0.201495 0.451029
vt 0.466808 0.137097
vt 0.466797 0.137326
vt 0.468287 0.131508
vt 0.466741 0.134055
vt 0.832173 0.131541
vt 0.470648 0.126759
vt 0.832173 0.125951
vt 0.470648 0.125897
vt 0.832174 0.120361
vt 0.470649 0.120307
vt 0.832175 0.114771
vt 0.470650 0.114717
vt 0.466798 0.170483
vt 0.466809 0.170712
vt 0.468287 0.176302
vt 0.466741 0.173754
vt 0.832173 0.176260
vt 0.470649 0.181050
vt 0.832174 0.181850
vt 0.470649 0.181913
vt 0.470650 0.187503
vt 0.832175 0.187440
vt 0.734384 0.217167
vt 0.731559 0.215842
vt 0.734384 0.216146
vt 0.731559 0.219822
vt 0.730629 0.215760
vt 0.730629 0.220540
vt 0.729700 0.215725
vt 0.729700 0.220848
vt 0.720564 0.220848
vt 0.720564 0.215725
vt 0.719793 0.220601
vt 0.719572 0.215765
vt 0.718594 0.219695
vt 0.718581 0.215860
vt 0.715971 0.217179
vt 0.715968 0.216158
vt 0.549129 0.810723
vt 0.549852 0.815630
vt 0.549129 0.815846
vt 0.539994 0.815846
vt 0.550058 0.810758
vt 0.539994 0.810723
vt 0.550976 0.814822
vt 0.539223 0.815599
vt 0.550987 0.810843
vt 0.553809 0.812175
vt 0.553812 0.811155
vt 0.539003 0.810763
vt 0.538024 0.814693
vt 0.538011 0.810859
vt 0.535402 0.812177
vt 0.535398 0.811157
vt 0.257945 0.833756
vt 0.256967 0.837686
vt 0.256954 0.833852
vt 0.254345 0.835170
vt 0.254341 0.834150
vt 0.258166 0.838592
vt 0.258937 0.833716
vt 0.258937 0.838839
vt 0.268070 0.833716
vt 0.268070 0.838839
vt 0.268792 0.838622
vt 0.268999 0.833752
vt 0.269917 0.837815
vt 0.269928 0.833836
vt 0.272749 0.835168
vt 0.272752 0.834148
vt 0.852395 0.280716
vt 0.853720 0.283541
vt 0.849740 0.283541
vt 0.853416 0.280716
vt 0.853802 0.284471
vt 0.849022 0.284471
vt 0.853837 0.285400
vt 0.848713 0.285400
vt 0.848713 0.294537
vt 0.853837 0.294537
vt 0.848960 0.295309
vt 0.853797 0.295529
vt 0.849866 0.296507
vt 0.853702 0.296521
vt 0.852383 0.299131
vt 0.853404 0.299134
vt 0.553776 0.854389
vt 0.550954 0.855721
vt 0.550943 0.851742
vt 0.553779 0.855410
vt 0.550025 0.855806
vt 0.549819 0.850935
vt 0.549096 0.855841
vt 0.549096 0.850718
vt 0.539962 0.850718
vt 0.539962 0.855841
vt 0.539190 0.850965
vt 0.538970 0.855801
vt 0.537992 0.851871
vt 0.537978 0.855706
vt 0.535369 0.854387
vt 0.535365 0.855408
vt 0.680225 0.494212
vt 0.677616 0.492893
vt 0.680239 0.490377
vt 0.677612 0.493914
vt 0.681217 0.494308
vt 0.681437 0.489471
vt 0.682209 0.494348
vt 0.682209 0.489224
vt 0.691345 0.494348
vt 0.691345 0.489224
vt 0.692067 0.489441
vt 0.692274 0.494312
vt 0.693192 0.490248
vt 0.693203 0.494228
vt 0.696025 0.492895
vt 0.696028 0.493916
vt 0.182445 0.670394
vt 0.155892 0.674482
vt 0.155892 0.670394
vt 0.153821 0.670394
vt 0.150864 0.669644
vt 0.182445 0.674482
vt 0.138401 0.674482
vt 0.184516 0.670394
vt 0.187473 0.669644
vt 0.199935 0.674482
vt 0.188497 0.668711
vt 0.188497 0.664489
vt 0.199935 0.658718
vt 0.187473 0.663556
vt 0.182445 0.658718
vt 0.184516 0.662806
vt 0.182445 0.662806
vt 0.155892 0.662806
vt 0.155892 0.658718
vt 0.153821 0.662806
vt 0.150864 0.663556
vt 0.138401 0.658718
vt 0.149840 0.664489
vt 0.149840 0.668711
vt 0.100578 0.674482
vt 0.100578 0.658718
vt 0.089139 0.668711
vt 0.088115 0.669644
vt 0.089139 0.664489
vt 0.088115 0.663556
vt 0.083088 0.658718
vt 0.085158 0.662806
vt 0.083088 0.662806
vt 0.083088 0.674482
vt 0.085158 0.670394
vt 0.083088 0.670394
vt 0.056534 0.670394
vt 0.056534 0.674482
vt 0.054463 0.670394
vt 0.051507 0.669644
vt 0.039044 0.674482
vt 0.050483 0.668711
vt 0.039044 0.658718
vt 0.050483 0.664489
vt 0.001220 0.674482
vt 0.001220 0.658718
vt 0.051507 0.663556
vt 0.056534 0.658718
vt 0.054463 0.662806
vt 0.056534 0.662806
vt 0.129701 0.292495
vt 0.146612 0.304990
vt 0.124883 0.304990
vt 0.124883 0.264936
vt 0.129240 0.263635
vt 0.073821 0.234493
vt 0.069002 0.221996
vt 0.073821 0.194436
vt 0.069464 0.193135
vt 0.052091 0.234493
vt 0.894406 0.743830
vt 0.918467 0.743830
vt 0.948628 0.752216
vt 0.948866 0.751705
vt 0.860334 0.743829
vt 0.896324 0.739717
vt 0.858416 0.739717
vt 0.781825 0.752216
vt 0.836274 0.743829
vt 0.952539 0.743830
vt 0.965444 0.751705
vt 0.973320 0.743830
vt 0.916549 0.739717
vt 0.954457 0.739717
vt 0.802202 0.743829
vt 0.838191 0.739717
vt 0.800284 0.739717
vt 0.781825 0.745644
vt 0.778967 0.743829
vt 0.777153 0.745644
vt 0.874530 0.758830
vt 0.872613 0.754718
vt 0.908594 0.758830
vt 0.910511 0.754718
vt 0.928966 0.767214
vt 0.850475 0.758830
vt 0.928966 0.760644
vt 0.931823 0.758830
vt 0.933636 0.760644
vt 0.762202 0.767214
vt 0.816411 0.758830
vt 0.852393 0.754718
vt 0.814494 0.754718
vt 0.792356 0.758830
vt 0.761964 0.766704
vt 0.758293 0.758830
vt 0.794274 0.754718
vt 0.756375 0.754718
vt 0.745390 0.766704
vt 0.737516 0.758830
vt 0.945734 0.660729
vt 0.961503 0.666225
vt 0.961501 0.660719
vt 0.963464 0.666225
vt 0.966024 0.660717
vt 0.966024 0.700666
vt 0.963465 0.695158
vt 0.961501 0.700665
vt 0.961503 0.695158
vt 0.945734 0.700655
vt 0.945739 0.695149
vt 0.943817 0.700652
vt 0.943824 0.695147
vt 0.942381 0.698659
vt 0.942383 0.695146
vt 0.119530 0.272355
vt 0.122287 0.299232
vt 0.119530 0.299327
vt 0.122287 0.272260
vt 0.245746 0.586474
vt 0.218867 0.583716
vt 0.245842 0.583716
vt 0.218772 0.586474
vt 0.202374 0.667716
vt 0.204497 0.688300
vt 0.202374 0.688300
vt 0.204497 0.667716
vt 0.220874 0.667716
vt 0.220874 0.688300
vt 0.222996 0.688300
vt 0.222996 0.667716
vt 0.239373 0.667716
vt 0.239373 0.688300
vt 0.241495 0.688300
vt 0.241495 0.667716
vt 0.257872 0.667716
vt 0.257872 0.688300
vt 0.259994 0.688300
vt 0.259994 0.667716
vt 0.276371 0.688300
vt 0.276371 0.667716
vt 0.278494 0.688300
vt 0.278494 0.667716
vt 0.294871 0.667716
vt 0.294871 0.688300
vt 0.296993 0.688300
vt 0.296993 0.667716
vt 0.313370 0.667716
vt 0.313370 0.688300
vt 0.315492 0.688300
vt 0.315492 0.667716
vt 0.331869 0.667716
vt 0.331869 0.688300
vt 0.333991 0.688300
vt 0.333991 0.667716
vt 0.350368 0.688300
vt 0.350368 0.667716
vt 0.618587 0.828216
vt 0.610708 0.843271
vt 0.610708 0.828216
vt 0.618587 0.843271
vt 0.577882 0.373834
vt 0.636528 0.371745
vt 0.636527 0.373853
vt 0.577883 0.371725
vt 0.577881 0.375942
vt 0.636527 0.375962
vt 0.577881 0.378051
vt 0.636526 0.378070
vt 0.577880 0.380159
vt 0.636525 0.380179
vt 0.577879 0.382268
vt 0.636525 0.382288
vt 0.577878 0.384376
vt 0.636524 0.384396
vt 0.636523 0.385455
vt 0.577878 0.385455
vt 0.577878 0.386534
vt 0.636524 0.386515
vt 0.636525 0.388623
vt 0.577879 0.388643
vt 0.636525 0.390732
vt 0.577880 0.390751
vt 0.636526 0.392840
vt 0.577881 0.392860
vt 0.636527 0.394949
vt 0.577881 0.394969
vt 0.636527 0.397058
vt 0.577882 0.397077
vt 0.636528 0.399166
vt 0.577883 0.399186
vt 0.254237 0.975494
vt 0.285435 0.966725
vt 0.285435 0.975494
vt 0.254237 0.966725
vt 0.442816 0.421717
vt 0.434042 0.445673
vt 0.434042 0.421717
vt 0.442816 0.445673
vt 0.599321 0.552492
vt 0.623277 0.543718
vt 0.623277 0.552492
vt 0.599321 0.543718
vt 0.405050 0.965716
vt 0.436257 0.974488
vt 0.405050 0.974488
vt 0.436257 0.965716
vt 0.325253 0.974993
vt 0.294061 0.966226
vt 0.325253 0.966226
vt 0.294061 0.974993
vt 0.996669 0.963218
vt 0.965448 0.971993
vt 0.965448 0.963218
vt 0.996669 0.971993
vt 0.178276 0.965784
vt 0.204141 0.963661
vt 0.204520 0.965784
vt 0.178276 0.969460
vt 0.204520 0.969460
vt 0.178655 0.963661
vt 0.186883 0.961430
vt 0.186152 0.961081
vt 0.196018 0.961431
vt 0.185376 0.959795
vt 0.181107 0.956224
vt 0.184699 0.956224
vt 0.196707 0.961124
vt 0.197484 0.959978
vt 0.201689 0.956224
vt 0.198450 0.956224
vt 0.505795 0.069468
vt 0.503672 0.043596
vt 0.505795 0.043218
vt 0.509471 0.069468
vt 0.509471 0.043218
vt 0.503672 0.069089
vt 0.501441 0.060859
vt 0.501091 0.061590
vt 0.501441 0.051722
vt 0.499805 0.062366
vt 0.496233 0.066636
vt 0.496233 0.063043
vt 0.501004 0.050845
vt 0.499988 0.050255
vt 0.496233 0.046049
vt 0.496233 0.049289
vt 0.351520 0.959427
vt 0.352210 0.959121
vt 0.359648 0.961659
vt 0.352987 0.957974
vt 0.342379 0.959427
vt 0.357194 0.954218
vt 0.353954 0.954218
vt 0.334146 0.961659
vt 0.341648 0.959078
vt 0.360027 0.963783
vt 0.340871 0.957791
vt 0.336600 0.954218
vt 0.340195 0.954218
vt 0.333767 0.963783
vt 0.333767 0.967461
vt 0.360027 0.967461
vt 0.586153 0.962658
vt 0.612026 0.964781
vt 0.585774 0.964781
vt 0.612026 0.968458
vt 0.585774 0.968458
vt 0.611647 0.962658
vt 0.603416 0.960426
vt 0.604147 0.960077
vt 0.594279 0.960426
vt 0.604924 0.958791
vt 0.609194 0.955219
vt 0.605600 0.955219
vt 0.593402 0.959990
vt 0.592812 0.958974
vt 0.588606 0.955219
vt 0.591845 0.955219
vt 0.665879 0.963157
vt 0.691754 0.965280
vt 0.665500 0.965280
vt 0.691754 0.968958
vt 0.665500 0.968958
vt 0.691375 0.963157
vt 0.683143 0.960926
vt 0.683875 0.960576
vt 0.674005 0.960926
vt 0.684651 0.959290
vt 0.688922 0.955718
vt 0.685328 0.955718
vt 0.673316 0.960619
vt 0.672539 0.959473
vt 0.668332 0.955718
vt 0.671572 0.955718
vt 0.638347 0.961520
vt 0.663844 0.961520
vt 0.646579 0.963752
vt 0.655717 0.963752
vt 0.656407 0.964058
vt 0.645848 0.964101
vt 0.657184 0.965205
vt 0.661391 0.968961
vt 0.658150 0.968961
vt 0.664223 0.959398
vt 0.645071 0.965388
vt 0.640800 0.968961
vt 0.644394 0.968961
vt 0.637968 0.959398
vt 0.637968 0.955720
vt 0.664223 0.955720
vt 0.913885 0.877718
vt 0.919479 0.882509
vt 0.913885 0.882509
vt 0.919479 0.877718
vt 0.908290 0.877718
vt 0.925074 0.882509
vt 0.908290 0.882509
vt 0.925074 0.877718
vt 0.902695 0.877718
vt 0.930668 0.882510
vt 0.902695 0.882509
vt 0.930668 0.877718
vt 0.897101 0.877718
vt 0.936263 0.882510
vt 0.897101 0.882510
vt 0.936263 0.877718
vt 0.891506 0.877718
vt 0.941858 0.882509
vt 0.891506 0.882510
vt 0.941858 0.877718
vt 0.885911 0.877718
vt 0.947453 0.882509
vt 0.885911 0.882509
vt 0.880317 0.877718
vt 0.880317 0.882509
vt 0.947453 0.877718
vt 0.953047 0.882509
vt 0.953047 0.877718
vt 0.785837 0.658239
vt 0.785838 0.659594
vt 0.780133 0.652350
vt 0.754045 0.659594
vt 0.754045 0.631716
vt 0.780133 0.638961
vt 0.785838 0.631716
vt 0.797028 0.652352
vt 0.785837 0.633071
vt 0.797028 0.638958
vt 0.797141 0.656177
vt 0.797141 0.658241
vt 0.800836 0.652341
vt 0.800828 0.656166
vt 0.804643 0.656167
vt 0.804644 0.652343
vt 0.816910 0.652344
vt 0.887854 0.656167
vt 0.816910 0.638967
vt 0.887854 0.635143
vt 0.804643 0.635144
vt 0.804644 0.638968
vt 0.800836 0.638969
vt 0.800828 0.635145
vt 0.797141 0.635133
vt 0.797141 0.633070
vt 0.632321 0.735263
vt 0.629493 0.729250
vt 0.633379 0.724223
vt 0.701177 0.735263
vt 0.700779 0.724223
vt 0.740027 0.735263
vt 0.741447 0.724223
vt 0.759418 0.735263
vt 0.757979 0.724223
vt 0.798647 0.724223
vt 0.798250 0.735263
vt 0.866048 0.724223
vt 0.867104 0.735263
vt 0.869933 0.729250
vt 0.427501 0.779667
vt 0.306249 0.760724
vt 0.427501 0.760724
vt 0.306249 0.779667
vt 0.404530 0.005724
vt 0.419953 0.015798
vt 0.404530 0.016894
vt 0.419953 0.005724
vt 0.352075 0.015791
vt 0.367498 0.005717
vt 0.367498 0.016887
vt 0.352075 0.005717
vt 0.269587 0.426259
vt 0.304909 0.420725
vt 0.302329 0.426259
vt 0.267007 0.420725
vt 0.431599 0.431011
vt 0.327712 0.426259
vt 0.360454 0.426259
vt 0.325132 0.420724
vt 0.363035 0.420724
vt 0.431599 0.426259
vt 0.137225 0.431011
vt 0.244203 0.426259
vt 0.137225 0.433120
vt 0.431599 0.433120
vt 0.211462 0.426259
vt 0.137225 0.426259
vt 0.246784 0.420725
vt 0.208881 0.420725
vt 0.431599 0.439162
vt 0.137225 0.439162
vt 0.431599 0.441272
vt 0.137225 0.441272
vt 0.211462 0.446023
vt 0.137225 0.446023
vt 0.246785 0.451558
vt 0.208881 0.451558
vt 0.244204 0.446023
vt 0.269588 0.446023
vt 0.304910 0.451558
vt 0.267007 0.451558
vt 0.302330 0.446023
vt 0.327713 0.446023
vt 0.360455 0.446023
vt 0.431599 0.446024
vt 0.325133 0.451558
vt 0.363036 0.451558
vt 0.137012 0.190719
vt 0.136968 0.193318
vt 0.137622 0.193333
vt 0.135897 0.192730
vt 0.135894 0.190719
vt 0.134776 0.192550
vt 0.134776 0.190719
vt 0.133657 0.192550
vt 0.133657 0.190719
vt 0.225666 0.249578
vt 0.223665 0.245286
vt 0.232734 0.244726
vt 0.238357 0.249578
vt 0.240263 0.245491
vt 0.771255 0.200223
vt 0.784954 0.203623
vt 0.772284 0.202841
vt 0.786803 0.200223
vt 0.176520 0.956720
vt 0.105370 0.961490
vt 0.103146 0.956720
vt 0.176520 0.961490
vt 0.205659 0.235508
vt 0.202257 0.221801
vt 0.204876 0.222831
vt 0.202257 0.237357
vt 0.579805 0.633569
vt 0.572735 0.628716
vt 0.585429 0.628716
vt 0.570733 0.633009
vt 0.587335 0.632804
vt 0.001223 0.179716
vt 0.005992 0.187335
vt 0.003607 0.198276
vt 0.001223 0.216833
vt 0.003607 0.214536
vt 0.003971 0.218115
vt 0.007404 0.187335
vt 0.013283 0.179716
vt 0.014544 0.180977
vt 0.014129 0.180131
vt 0.014544 0.194215
vt 0.008579 0.194953
vt 0.013806 0.194953
vt 0.014301 0.194710
vt 0.545038 0.452274
vt 0.545038 0.450862
vt 0.552656 0.457043
vt 0.534097 0.454659
vt 0.515540 0.457043
vt 0.517838 0.454659
vt 0.514259 0.454295
vt 0.552656 0.444984
vt 0.551395 0.443723
vt 0.552241 0.444137
vt 0.538157 0.443723
vt 0.537420 0.449687
vt 0.537420 0.444460
vt 0.537662 0.443965
vt 0.725146 0.954719
vt 0.796325 0.959491
vt 0.722921 0.959491
vt 0.796325 0.954719
vt 0.466455 0.163329
vt 0.466455 0.159723
vt 0.467042 0.159961
vt 0.466742 0.159723
vt 0.467759 0.163022
vt 0.467516 0.163329
vt 0.952111 0.044459
vt 0.952698 0.047825
vt 0.951395 0.047518
vt 0.951638 0.047825
vt 0.952698 0.044222
vt 0.952411 0.044222
vt 0.608942 0.918591
vt 0.591898 0.914504
vt 0.607036 0.914504
vt 0.589992 0.918591
vt 0.603803 0.913432
vt 0.606463 0.913267
vt 0.592395 0.913432
vt 0.291375 0.562166
vt 0.254268 0.557216
vt 0.291375 0.557216
vt 0.254268 0.562166
vt 0.960141 0.737092
vt 0.946290 0.734306
vt 0.961432 0.734306
vt 0.946956 0.735744
vt 0.944384 0.730218
vt 0.963338 0.730218
vt 0.806720 0.194309
vt 0.792967 0.197301
vt 0.791581 0.194309
vt 0.805701 0.196510
vt 0.789675 0.190222
vt 0.808626 0.190222
vt 0.832603 0.492726
vt 0.903744 0.502628
vt 0.832603 0.502628
vt 0.903744 0.492726
vt 0.248071 0.936306
vt 0.247498 0.937543
vt 0.244837 0.937378
vt 0.232933 0.936306
vt 0.233429 0.937378
vt 0.249976 0.932219
vt 0.231027 0.932219
vt 0.728219 0.232718
vt 0.715527 0.237670
vt 0.715527 0.232718
vt 0.728219 0.237670
vt 0.793584 0.923311
vt 0.810630 0.919223
vt 0.808724 0.923311
vt 0.791678 0.919223
vt 0.807338 0.926303
vt 0.794604 0.925512
vt 0.839052 0.511718
vt 0.826362 0.516669
vt 0.826362 0.511718
vt 0.839052 0.516669
vt 0.072859 0.543306
vt 0.059007 0.546091
vt 0.057717 0.543306
vt 0.072193 0.544743
vt 0.074765 0.539218
vt 0.055811 0.539218
vt 0.203643 0.557719
vt 0.166507 0.562673
vt 0.166507 0.557719
vt 0.203643 0.562673
vt 0.206076 0.557719
vt 0.218769 0.562671
vt 0.206076 0.562671
vt 0.218769 0.557719
vt 0.670507 0.529914
vt 0.675458 0.517224
vt 0.675458 0.529914
vt 0.670507 0.517224
vt 0.109953 0.613717
vt 0.038831 0.623617
vt 0.038831 0.613717
vt 0.109953 0.623617
vt 0.384905 0.243605
vt 0.372971 0.235725
vt 0.384905 0.235725
vt 0.391054 0.243605
vt 0.391054 0.235725
vt 0.372971 0.243605
vt 0.366823 0.235725
vt 0.366823 0.243605
vt 0.285175 0.375218
vt 0.279026 0.383099
vt 0.279026 0.375218
vt 0.285175 0.383099
vt 0.297110 0.375218
vt 0.297110 0.383099
vt 0.303259 0.375218
vt 0.303259 0.383099
vt 0.514407 0.886721
vt 0.520959 0.905667
vt 0.514407 0.905667
vt 0.520959 0.886721
vt 0.219242 0.984716
vt 0.238191 0.991269
vt 0.219242 0.991269
vt 0.238191 0.984716
vt 0.197858 0.984717
vt 0.216808 0.991269
vt 0.197858 0.991269
vt 0.216808 0.984717
vt 0.562213 0.895223
vt 0.555657 0.914180
vt 0.555657 0.895223
vt 0.562213 0.914180
vt 0.948633 0.981218
vt 0.929683 0.987770
vt 0.929683 0.981218
vt 0.948633 0.987770
vt 0.167631 0.476280
vt 0.186585 0.469726
vt 0.186585 0.476280
vt 0.167631 0.469726
vt 0.560076 0.622449
vt 0.326234 0.612541
vt 0.560076 0.614338
vt 0.566852 0.612540
vt 0.326234 0.624246
vt 0.566852 0.614338
vt 0.566852 0.624246
vt 0.575288 0.610925
vt 0.566853 0.622449
vt 0.582435 0.614338
vt 0.575288 0.625861
vt 0.585709 0.610926
vt 0.582435 0.622449
vt 0.585709 0.625861
vt 0.587653 0.610926
vt 0.587653 0.625861
vt 0.588786 0.625861
vt 0.588786 0.610926
vt 0.592106 0.610955
vt 0.588786 0.609407
vt 0.592106 0.625832
vt 0.588786 0.627380
vt 0.641164 0.540103
vt 0.579415 0.529237
vt 0.641164 0.529217
vt 0.579017 0.540124
vt 0.517259 0.529253
vt 0.517259 0.540139
vt 0.596884 0.540854
vt 0.579019 0.541203
vt 0.623869 0.540856
vt 0.596877 0.541230
vt 0.633091 0.541193
vt 0.625335 0.541240
vt 0.641164 0.541188
vt 0.631421 0.542783
vt 0.641164 0.554883
vt 0.631422 0.553287
vt 0.596876 0.554840
vt 0.633092 0.554877
vt 0.625336 0.554830
vt 0.623869 0.555215
vt 0.641164 0.555968
vt 0.596885 0.555216
vt 0.579022 0.554868
vt 0.579020 0.555947
vt 0.579419 0.566834
vt 0.641164 0.566853
vt 0.517259 0.566830
vt 0.517259 0.555943
vt 0.517259 0.554868
vt 0.557244 0.551244
vt 0.570741 0.551242
vt 0.557243 0.544830
vt 0.570737 0.544830
vt 0.517259 0.541215
vt 0.799034 0.099225
vt 0.798012 0.102821
vt 0.798012 0.099225
vt 0.799034 0.102821
vt 0.258949 0.175719
vt 0.262192 0.176741
vt 0.258949 0.176741
vt 0.262192 0.175719
vt 0.980859 0.187952
vt 0.979839 0.184716
vt 0.980859 0.184716
vt 0.979839 0.187952
vt 0.356994 0.018721
vt 0.353389 0.019746
vt 0.353389 0.018721
vt 0.356994 0.019746
vt 0.001217 0.176747
vt 0.004459 0.175725
vt 0.004459 0.176747
vt 0.001217 0.175725
vt 0.417764 0.018723
vt 0.414170 0.019745
vt 0.414170 0.018723
vt 0.417764 0.019745
vt 0.336722 0.188216
vt 0.337742 0.191452
vt 0.336722 0.191452
vt 0.337742 0.188216
vt 0.834610 0.131320
vt 0.835632 0.127725
vt 0.835632 0.131320
vt 0.834610 0.127725
vt 0.942639 0.151241
vt 0.946233 0.150220
vt 0.946233 0.151241
vt 0.942639 0.150220
vt 0.842021 0.171222
vt 0.840997 0.174470
vt 0.840997 0.171222
vt 0.842021 0.174470
vt 0.976194 0.132720
vt 0.979788 0.133741
vt 0.976194 0.133741
vt 0.979788 0.132720
vt 0.071622 0.175716
vt 0.070599 0.178964
vt 0.070599 0.175716
vt 0.071622 0.178964
vt 0.341014 0.792599
vt 0.348628 0.791932
vt 0.357770 0.791932
vt 0.347938 0.791626
vt 0.347160 0.790479
vt 0.342952 0.786722
vt 0.346193 0.786722
vt 0.257653 0.794165
vt 0.307324 0.792599
vt 0.282849 0.792599
vt 0.299605 0.791932
vt 0.300336 0.791583
vt 0.290463 0.791932
vt 0.301113 0.790295
vt 0.305386 0.786721
vt 0.301791 0.786721
vt 0.289773 0.791626
vt 0.288995 0.790479
vt 0.284787 0.786721
vt 0.288028 0.786721
vt 0.164477 0.835592
vt 0.214112 0.837157
vt 0.130811 0.835592
vt 0.188934 0.835592
vt 0.106354 0.835592
vt 0.114067 0.834926
vt 0.113336 0.834576
vt 0.123203 0.834926
vt 0.112560 0.833290
vt 0.108290 0.829719
vt 0.111883 0.829719
vt 0.123892 0.834619
vt 0.124669 0.833473
vt 0.128874 0.829719
vt 0.125635 0.829719
vt 0.181325 0.834926
vt 0.182015 0.834619
vt 0.182792 0.833473
vt 0.172190 0.834926
vt 0.186997 0.829719
vt 0.183758 0.829719
vt 0.171459 0.834576
vt 0.170682 0.833290
vt 0.166413 0.829719
vt 0.170006 0.829719
vt 0.596750 0.810719
vt 0.597521 0.815596
vt 0.596750 0.815843
vt 0.587612 0.815843
vt 0.597742 0.810759
vt 0.587612 0.810719
vt 0.598720 0.814690
vt 0.586889 0.815627
vt 0.598733 0.810854
vt 0.601344 0.812173
vt 0.601347 0.811152
vt 0.586683 0.810754
vt 0.585765 0.814819
vt 0.585754 0.810839
vt 0.582932 0.812172
vt 0.582929 0.811150
vt 0.821098 0.605677
vt 0.823920 0.604344
vt 0.823931 0.608324
vt 0.821096 0.604656
vt 0.824849 0.604260
vt 0.825056 0.609131
vt 0.825778 0.604224
vt 0.825778 0.609348
vt 0.834914 0.604224
vt 0.834914 0.609348
vt 0.835686 0.609101
vt 0.835906 0.604264
vt 0.836884 0.608195
vt 0.836898 0.604360
vt 0.839507 0.605679
vt 0.839511 0.604658
vt 0.738831 0.825377
vt 0.742895 0.826295
vt 0.738916 0.826306
vt 0.740248 0.829128
vt 0.739227 0.829131
vt 0.743702 0.825171
vt 0.738796 0.824448
vt 0.743919 0.824448
vt 0.738796 0.815313
vt 0.743919 0.815313
vt 0.743672 0.814542
vt 0.738836 0.814321
vt 0.742766 0.813343
vt 0.738931 0.813330
vt 0.740250 0.810721
vt 0.739229 0.810717
vt 0.476843 0.493226
vt 0.474021 0.491894
vt 0.476854 0.489246
vt 0.474018 0.492914
vt 0.477772 0.493311
vt 0.477978 0.488439
vt 0.478701 0.493346
vt 0.478701 0.488222
vt 0.487837 0.493346
vt 0.487837 0.488222
vt 0.488609 0.488469
vt 0.488829 0.493306
vt 0.489808 0.489375
vt 0.489821 0.493210
vt 0.492431 0.491892
vt 0.492434 0.492913
vt 0.698347 0.809844
vt 0.701168 0.811176
vt 0.698335 0.813823
vt 0.701171 0.810155
vt 0.697418 0.809759
vt 0.697211 0.814630
vt 0.696488 0.809724
vt 0.696488 0.814847
vt 0.687354 0.809724
vt 0.687354 0.814847
vt 0.686582 0.814600
vt 0.686362 0.809764
vt 0.685384 0.813694
vt 0.685370 0.809859
vt 0.682761 0.811178
vt 0.682757 0.810157
vt 0.585445 0.857723
vt 0.582624 0.856390
vt 0.585456 0.853743
vt 0.582621 0.857411
vt 0.586374 0.857808
vt 0.586581 0.852936
vt 0.587304 0.857843
vt 0.587304 0.852719
vt 0.596439 0.857843
vt 0.596439 0.852719
vt 0.597210 0.852966
vt 0.597431 0.857803
vt 0.598409 0.853873
vt 0.598422 0.857707
vt 0.601032 0.856388
vt 0.601036 0.857409
vt 0.449824 0.207923
vt 0.449824 0.204719
vt 0.475715 0.207923
vt 0.475715 0.204720
vt 0.507961 0.207923
vt 0.417578 0.207923
vt 0.551983 0.204720
vt 0.507961 0.204720
vt 0.302078 0.210562
vt 0.391687 0.207923
vt 0.417578 0.204719
vt 0.391687 0.204719
vt 0.359442 0.207923
vt 0.359442 0.204719
vt 0.299529 0.204719
vt 0.300009 0.206786
vt 0.668261 0.499073
vt 0.668261 0.500800
vt 0.666238 0.502894
vt 0.667599 0.502185
vt 0.656204 0.497996
vt 0.668552 0.498393
vt 0.658372 0.503166
vt 0.668967 0.497996
vt 0.656204 0.501071
vt 0.656921 0.502499
vt 0.658660 0.492551
vt 0.656204 0.494998
vt 0.674432 0.492551
vt 0.677917 0.474139
vt 0.693688 0.474139
vt 0.680644 0.469593
vt 0.696415 0.469593
vt 0.680644 0.469355
vt 0.680064 0.468387
vt 0.773673 0.470545
vt 0.696415 0.470545
vt 0.773673 0.455855
vt 0.680064 0.458013
vt 0.696415 0.456807
vt 0.696415 0.455855
vt 0.678329 0.459212
vt 0.680644 0.457046
vt 0.678329 0.467188
vt 0.680644 0.456807
vt 0.677557 0.466832
vt 0.693688 0.452261
vt 0.677557 0.459569
vt 0.677917 0.452261
vt 0.676646 0.459694
vt 0.674432 0.433849
vt 0.676646 0.466707
vt 0.658660 0.433849
vt 0.665356 0.459694
vt 0.665356 0.466706
vt 0.660055 0.466706
vt 0.660055 0.459694
vt 0.656534 0.466706
vt 0.656534 0.459694
vt 0.653014 0.466707
vt 0.653014 0.459694
vt 0.647398 0.466706
vt 0.647398 0.459694
vt 0.668967 0.428404
vt 0.656204 0.428404
vt 0.656204 0.431402
vt 0.668552 0.428008
vt 0.668261 0.427328
vt 0.666238 0.423506
vt 0.668261 0.425600
vt 0.667599 0.424215
vt 0.658372 0.423235
vt 0.656204 0.425329
vt 0.656921 0.423902
vt 0.352696 0.003080
vt 0.349087 0.002863
vt 0.352696 0.001223
vt 0.349087 0.001223
vt 0.349169 0.003431
vt 0.419304 0.001218
vt 0.422914 0.002859
vt 0.419304 0.003075
vt 0.422831 0.003426
vt 0.422914 0.001218
vt 0.986424 0.861958
vt 0.988506 0.846720
vt 0.988506 0.861958
vt 0.998430 0.846720
vt 0.998430 0.861958
vt 0.986424 0.846720
vt 0.984021 0.848234
vt 0.985535 0.846720
vt 0.984021 0.861958
vt 0.982333 0.849921
vt 0.982333 0.861958
vt 0.141538 0.493899
vt 0.126300 0.491816
vt 0.126300 0.493899
vt 0.141538 0.503822
vt 0.126300 0.503822
vt 0.141538 0.491816
vt 0.140024 0.489413
vt 0.141538 0.490927
vt 0.126300 0.489413
vt 0.138337 0.487726
vt 0.126300 0.487726
vt 0.424550 0.797013
vt 0.257653 0.796289
vt 0.424550 0.796289
vt 0.257653 0.797013
vt 0.424171 0.794165
vt 0.257653 0.792599
vt 0.415936 0.791932
vt 0.416667 0.791583
vt 0.417444 0.790295
vt 0.406793 0.791932
vt 0.418121 0.786722
vt 0.421716 0.786722
vt 0.399179 0.792599
vt 0.406103 0.791626
vt 0.405326 0.790479
vt 0.401117 0.786722
vt 0.404359 0.786722
vt 0.365489 0.792599
vt 0.358501 0.791583
vt 0.359278 0.790295
vt 0.363551 0.786722
vt 0.359955 0.786722
vt 0.047716 0.837157
vt 0.214112 0.839279
vt 0.047337 0.839279
vt 0.047337 0.840003
vt 0.214112 0.840003
vt 0.214112 0.835592
vt 0.055214 0.834576
vt 0.055945 0.834926
vt 0.054437 0.833290
vt 0.050168 0.829719
vt 0.053761 0.829719
vt 0.065080 0.834926
vt 0.072688 0.835592
vt 0.065770 0.834619
vt 0.066546 0.833474
vt 0.070752 0.829719
vt 0.067513 0.829719
vt 0.348176 0.855278
vt 0.356056 0.840221
vt 0.356056 0.855278
vt 0.348176 0.840221
vt 0.500754 0.944364
vt 0.464701 0.944364
vt 0.496867 0.929225
vt 0.502585 0.941488
vt 0.468588 0.929225
vt 0.462869 0.941488
vt 0.675752 0.061285
vt 0.647874 0.051218
vt 0.675752 0.051218
vt 0.647874 0.061285
vt 0.287718 0.691868
vt 0.307785 0.711646
vt 0.287718 0.731425
vt 0.306758 0.704294
vt 0.306758 0.718998
vt 0.245193 0.691230
vt 0.245193 0.732063
vt 0.231993 0.701605
vt 0.231993 0.721688
vt 0.890953 0.490200
vt 0.880497 0.482206
vt 0.890953 0.482206
vt 0.880497 0.490200
vt 0.879394 0.482206
vt 0.879394 0.490200
vt 0.878292 0.482206
vt 0.878292 0.490200
vt 0.851812 0.482206
vt 0.851812 0.490200
vt 0.849927 0.482206
vt 0.849927 0.490200
vt 0.848042 0.482206
vt 0.848042 0.490200
vt 0.823918 0.490200
vt 0.817932 0.482206
vt 0.823918 0.500104
vt 0.799762 0.474717
vt 0.753271 0.374316
vt 0.746059 0.368221
vt 0.753271 0.368221
vt 0.746059 0.374316
vt 0.193918 0.987540
vt 0.169847 0.981718
vt 0.193918 0.981718
vt 0.169847 0.987540
vt 0.194833 0.989805
vt 0.168932 0.989805
vt 0.686214 0.840484
vt 0.729314 0.838221
vt 0.729314 0.840484
vt 0.685300 0.838221
vt 0.729314 0.846303
vt 0.686214 0.846303
vt 0.995555 0.810759
vt 0.997819 0.751771
vt 0.997819 0.811673
vt 0.995555 0.752236
vt 0.989737 0.810759
vt 0.992044 0.749087
vt 0.989737 0.744720
vt 0.991255 0.745849
vt 0.991255 0.744720
vt 0.475517 0.988806
vt 0.450537 0.986542
vt 0.474602 0.986542
vt 0.449623 0.988806
vt 0.450537 0.980722
vt 0.474602 0.980722
vt 0.042073 0.940301
vt 0.101042 0.938038
vt 0.101956 0.940301
vt 0.042538 0.938038
vt 0.101042 0.932221
vt 0.039389 0.934528
vt 0.035024 0.932221
vt 0.036153 0.933739
vt 0.035024 0.933739
vt 0.478540 0.982987
vt 0.503502 0.980725
vt 0.502588 0.982987
vt 0.477626 0.980725
vt 0.478540 0.988804
vt 0.502588 0.988804
vt 0.422542 0.982986
vt 0.447517 0.980722
vt 0.446602 0.982986
vt 0.421627 0.980722
vt 0.422542 0.988805
vt 0.446602 0.988805
vt 0.151641 0.685308
vt 0.194757 0.679488
vt 0.194757 0.685308
vt 0.151641 0.679487
vt 0.151641 0.677223
vt 0.195672 0.677223
vt 0.714185 0.321788
vt 0.692801 0.323132
vt 0.692257 0.321788
vt 0.713642 0.323132
vt 0.715183 0.320217
vt 0.691260 0.320217
vt 0.817494 0.481722
vt 0.803027 0.474717
vt 0.828670 0.500104
vt 0.830162 0.501595
vt 0.823918 0.509130
vt 0.830162 0.507638
vt 0.828670 0.509130
vt 0.799762 0.534517
vt 0.817932 0.527027
vt 0.823918 0.519034
vt 0.848042 0.527027
vt 0.848042 0.519034
vt 0.849927 0.519034
vt 0.849927 0.527027
vt 0.851812 0.519034
vt 0.851812 0.527027
vt 0.878292 0.519034
vt 0.878292 0.527027
vt 0.879394 0.519034
vt 0.879394 0.527027
vt 0.880497 0.519034
vt 0.880497 0.527027
vt 0.890953 0.519034
vt 0.890953 0.527027
vt 0.817494 0.527512
vt 0.803027 0.534517
vt 0.790507 0.534517
vt 0.787959 0.532709
vt 0.784772 0.510757
vt 0.782951 0.513388
vt 0.786131 0.504617
vt 0.784772 0.498477
vt 0.787959 0.476524
vt 0.790507 0.474717
vt 0.782951 0.495846
vt 0.402872 0.330220
vt 0.406406 0.330220
vt 0.407001 0.335203
vt 0.402872 0.337723
vt 0.513507 0.337723
vt 0.528199 0.335203
vt 0.122258 0.750195
vt 0.126378 0.745222
vt 0.126378 0.752710
vt 0.122851 0.745222
vt 0.015969 0.752710
vt 0.001307 0.750194
vt 0.372598 0.482117
vt 0.364936 0.490201
vt 0.362651 0.489204
vt 0.353807 0.489204
vt 0.353807 0.482117
vt 0.366055 0.492235
vt 0.372598 0.504533
vt 0.366055 0.504533
vt 0.378339 0.495978
vt 0.378339 0.482117
vt 0.441987 0.504533
vt 0.438950 0.495978
vt 0.468318 0.481770
vt 0.479091 0.485135
vt 0.468318 0.471482
vt 0.479091 0.468116
vt 0.441987 0.448718
vt 0.438950 0.457274
vt 0.378339 0.457274
vt 0.372598 0.448718
vt 0.372598 0.471134
vt 0.378339 0.471134
vt 0.366055 0.461016
vt 0.366055 0.448718
vt 0.364936 0.463050
vt 0.362651 0.464047
vt 0.353807 0.471134
vt 0.353807 0.464047
vt 0.606973 0.198223
vt 0.617078 0.198223
vt 0.615700 0.206022
vt 0.609174 0.208280
vt 0.611262 0.210284
vt 0.683384 0.439018
vt 0.692109 0.431220
vt 0.689909 0.441275
vt 0.682005 0.431220
vt 0.687822 0.443279
vt 0.877438 0.595635
vt 0.881279 0.594117
vt 0.882655 0.598286
vt 0.882913 0.594337
vt 0.887019 0.594467
vt 0.865850 0.598286
vt 0.891797 0.598286
vt 0.857269 0.593831
vt 0.858510 0.598286
vt 0.857060 0.596599
vt 0.891704 0.594345
vt 0.897384 0.598286
vt 0.916127 0.593817
vt 0.916127 0.598286
vt 0.271235 0.644719
vt 0.288045 0.644719
vt 0.282827 0.647370
vt 0.262652 0.649175
vt 0.263893 0.644719
vt 0.262443 0.646405
vt 0.286670 0.648889
vt 0.288304 0.648668
vt 0.292412 0.648538
vt 0.297190 0.644719
vt 0.297097 0.648660
vt 0.302779 0.644719
vt 0.321468 0.649189
vt 0.321528 0.644719
vt 0.115204 0.184263
vt 0.108214 0.180722
vt 0.115376 0.180722
vt 0.108386 0.184263
vt 0.636977 0.673564
vt 0.633058 0.673564
vt 0.633634 0.650242
vt 0.629145 0.653732
vt 0.628200 0.673564
vt 0.625938 0.673564
vt 0.637193 0.641225
vt 0.636620 0.641225
vt 0.672420 0.641225
vt 0.672637 0.673564
vt 0.675979 0.650242
vt 0.672994 0.641225
vt 0.676556 0.673564
vt 0.680469 0.653732
vt 0.681414 0.673564
vt 0.683675 0.673564
vt 0.682456 0.651599
vt 0.696823 0.673564
vt 0.694424 0.641225
vt 0.686020 0.641225
vt 0.697364 0.641225
vt 0.699954 0.673564
vt 0.699297 0.641225
vt 0.703130 0.673564
vt 0.707161 0.672149
vt 0.705880 0.673564
vt 0.706830 0.673137
vt 0.788531 0.087400
vt 0.782801 0.087400
vt 0.781403 0.083693
vt 0.781583 0.005022
vt 0.788531 0.001217
vt 0.782742 0.001217
vt 0.795155 0.087400
vt 0.795155 0.001217
vt 0.808712 0.087400
vt 0.808712 0.001217
vt 0.815335 0.001217
vt 0.815335 0.087400
vt 0.822285 0.005022
vt 0.821125 0.001217
vt 0.822464 0.083693
vt 0.821066 0.087400
vt 0.699319 0.226546
vt 0.708066 0.223724
vt 0.709382 0.226546
vt 0.699319 0.223724
vt 0.381059 0.033225
vt 0.389809 0.036048
vt 0.379743 0.036048
vt 0.389809 0.033225
vt 0.833610 0.891075
vt 0.833610 0.859223
vt 0.873795 0.859223
vt 0.873795 0.891074
vt 0.873951 0.890924
vt 0.873951 0.859374
vt 0.695084 0.953098
vt 0.691552 0.947960
vt 0.694635 0.946603
vt 0.695670 0.944931
vt 0.695670 0.955044
vt 0.695084 0.955044
vt 0.674061 0.953098
vt 0.674061 0.947960
vt 0.645203 0.953098
vt 0.645203 0.946606
vt 0.674061 0.946606
vt 0.467537 0.948454
vt 0.467537 0.947100
vt 0.496394 0.947100
vt 0.496394 0.953591
vt 0.467537 0.953591
vt 0.450046 0.948454
vt 0.446515 0.953591
vt 0.446964 0.947097
vt 0.445929 0.945425
vt 0.445929 0.955537
vt 0.446515 0.955537
vt 0.251798 0.947721
vt 0.232189 0.967081
vt 0.232189 0.947721
vt 0.251798 0.967081
vt 0.312084 0.504483
vt 0.318321 0.463855
vt 0.322173 0.508139
vt 0.315485 0.510658
vt 0.324673 0.456625
vt 0.323333 0.456826
vt 0.323419 0.455416
vt 0.326360 0.457750
vt 0.323940 0.507633
vt 0.339249 0.457750
vt 0.341670 0.507633
vt 0.343436 0.508139
vt 0.340936 0.456625
vt 0.342190 0.455416
vt 0.342277 0.456826
vt 0.347289 0.463855
vt 0.353526 0.504483
vt 0.350125 0.510658
vt 0.434080 0.677405
vt 0.435200 0.667726
vt 0.435200 0.677405
vt 0.474424 0.677405
vt 0.434080 0.667726
vt 0.431889 0.667726
vt 0.431889 0.677405
vt 0.474424 0.667726
vt 0.475441 0.667726
vt 0.475441 0.677405
vt 0.477757 0.677405
vt 0.477757 0.667726
vt 0.835514 0.616217
vt 0.821648 0.627521
vt 0.821648 0.616217
vt 0.835514 0.627521
vt 0.426517 0.739026
vt 0.412651 0.727722
vt 0.426517 0.727722
vt 0.412651 0.739026
vt 0.467878 0.156037
vt 0.466613 0.156826
vt 0.466613 0.144873
vt 0.467878 0.145112
vt 0.466816 0.144795
vt 0.835596 0.067884
vt 0.835596 0.055917
vt 0.836863 0.056706
vt 0.836863 0.067644
vt 0.835799 0.067962
vt 0.838187 0.049515
vt 0.834558 0.051037
vt 0.837556 0.048295
vt 0.835386 0.052132
vt 0.834115 0.052394
vt 0.832923 0.052280
vt 0.833842 0.053910
vt 0.835033 0.053364
vt 0.829262 0.007464
vt 0.832796 0.005664
vt 0.837559 0.008858
vt 0.828562 0.005612
vt 0.833757 0.005286
vt 0.831872 0.003811
vt 0.827424 0.003635
vt 0.837539 0.007120
vt 0.831113 0.001728
vt 0.833137 0.003171
vt 0.832768 0.001267
vt 0.834062 0.001610
vt 0.834695 0.004408
vt 0.838174 0.005953
vt 0.835519 0.003365
vt 0.834294 0.003085
vt 0.835204 0.002164
vt 0.403256 0.893804
vt 0.395917 0.890137
vt 0.402525 0.870192
vt 0.397390 0.893804
vt 0.414902 0.873633
vt 0.409500 0.868231
vt 0.403657 0.868231
vt 0.395207 0.889312
vt 0.396706 0.870192
vt 0.394176 0.888960
vt 0.381772 0.870192
vt 0.384301 0.888960
vt 0.396706 0.864017
vt 0.383271 0.889312
vt 0.381772 0.864017
vt 0.395091 0.861220
vt 0.383387 0.861220
vt 0.375952 0.870192
vt 0.382560 0.890137
vt 0.375221 0.893804
vt 0.381087 0.893804
vt 0.363576 0.873633
vt 0.368977 0.868231
vt 0.374820 0.868231
vt 0.721941 0.575279
vt 0.720826 0.575098
vt 0.721953 0.573081
vt 0.721690 0.577510
vt 0.750536 0.577809
vt 0.720207 0.577217
vt 0.718843 0.576691
vt 0.750303 0.575537
vt 0.719816 0.574670
vt 0.712036 0.572436
vt 0.720951 0.572821
vt 0.751435 0.575362
vt 0.752051 0.577520
vt 0.750307 0.573321
vt 0.753442 0.576990
vt 0.752461 0.574933
vt 0.760356 0.572654
vt 0.751318 0.573057
vt 0.756031 0.559787
vt 0.758844 0.570845
vt 0.760062 0.569600
vt 0.761989 0.570806
vt 0.757659 0.569017
vt 0.762941 0.568530
vt 0.760636 0.567991
vt 0.761014 0.565373
vt 0.763359 0.565599
vt 0.758505 0.567719
vt 0.763496 0.562943
vt 0.758760 0.565143
vt 0.760928 0.562930
vt 0.762278 0.560825
vt 0.761092 0.561893
vt 0.761015 0.560622
vt 0.759043 0.562573
vt 0.759938 0.561568
vt 0.759352 0.559020
vt 0.758120 0.559743
vt 0.716232 0.559757
vt 0.714678 0.568847
vt 0.713518 0.570653
vt 0.712315 0.569431
vt 0.710424 0.570625
vt 0.709479 0.568391
vt 0.711743 0.567850
vt 0.711359 0.565277
vt 0.709054 0.565510
vt 0.713839 0.567573
vt 0.708906 0.562899
vt 0.713575 0.565040
vt 0.711432 0.562873
vt 0.710093 0.560810
vt 0.713284 0.562512
vt 0.714177 0.559724
vt 0.711265 0.561855
vt 0.711335 0.560604
vt 0.712398 0.561528
vt 0.712961 0.559020
vt 0.828263 0.049673
vt 0.827061 0.051678
vt 0.825420 0.049580
vt 0.826378 0.047660
vt 0.824823 0.047719
vt 0.831633 0.051593
vt 0.826676 0.007551
vt 0.830807 0.053720
vt 0.825162 0.007467
vt 0.832501 0.054234
vt 0.825777 0.005657
vt 0.829003 0.047784
vt 0.832622 0.049702
vt 0.837614 0.046496
vt 0.833608 0.050112
vt 0.212457 0.389197
vt 0.356383 0.392672
vt 0.212457 0.392672
vt 0.356383 0.389197
vt 0.212457 0.385721
vt 0.356383 0.385721
vt 0.356383 0.396147
vt 0.212457 0.396147
vt 0.212457 0.399622
vt 0.356383 0.399622
vt 0.212457 0.403097
vt 0.356383 0.403097
vt 0.212457 0.406572
vt 0.356383 0.406572
vt 0.212457 0.410048
vt 0.356383 0.410048
vt 0.212457 0.413523
vt 0.356383 0.413523
vt 0.770329 0.887956
vt 0.771882 0.879848
vt 0.776765 0.878604
vt 0.782076 0.882356
vt 0.782911 0.885945
vt 0.779819 0.879555
vt 0.769418 0.887734
vt 0.764732 0.884171
vt 0.764333 0.883396
vt 0.764333 0.877292
vt 0.773793 0.878440
vt 0.773793 0.869623
vt 0.773793 0.862579
vt 0.774584 0.869623
vt 0.774584 0.862579
vt 0.771882 0.852355
vt 0.773793 0.853763
vt 0.776765 0.853598
vt 0.779819 0.852648
vt 0.782076 0.849847
vt 0.770329 0.844247
vt 0.782911 0.846257
vt 0.769418 0.844468
vt 0.764732 0.848032
vt 0.764333 0.848807
vt 0.764333 0.854910
vt 0.128658 0.953645
vt 0.206884 0.950378
vt 0.211818 0.953804
vt 0.128664 0.950228
vt 0.124519 0.950220
vt 0.124485 0.953637
vt 0.120364 0.950255
vt 0.120424 0.953671
vt 0.115055 0.952357
vt 0.115065 0.953711
vt 0.114927 0.950295
vt 0.114942 0.952357
vt 0.102478 0.953804
vt 0.102468 0.952449
vt 0.633584 0.888679
vt 0.638954 0.887364
vt 0.638893 0.890781
vt 0.643015 0.887398
vt 0.633594 0.887325
vt 0.643049 0.890815
vt 0.621007 0.887232
vt 0.620997 0.888586
vt 0.633456 0.890741
vt 0.633471 0.888678
vt 0.647187 0.887391
vt 0.647194 0.890808
vt 0.725417 0.890658
vt 0.730351 0.887232
vt 0.748882 0.841726
vt 0.747084 0.841203
vt 0.746427 0.840129
vt 0.745043 0.828670
vt 0.791220 0.828670
vt 0.787381 0.841726
vt 0.747240 0.823824
vt 0.789836 0.840129
vt 0.789180 0.841203
vt 0.789023 0.823824
vt 0.788526 0.820007
vt 0.747737 0.820007
vt 0.747254 0.816189
vt 0.789009 0.816189
vt 0.790609 0.812273
vt 0.745654 0.812273
vt 0.786313 0.799217
vt 0.788602 0.800747
vt 0.787924 0.799692
vt 0.749950 0.799217
vt 0.747661 0.800747
vt 0.748339 0.799692
vt 0.036390 0.611724
vt 0.022981 0.613079
vt 0.022981 0.611724
vt 0.036390 0.613079
vt 0.001224 0.611724
vt 0.022981 0.620167
vt 0.022981 0.631152
vt 0.001224 0.639594
vt 0.023179 0.631152
vt 0.023179 0.620167
vt 0.022981 0.638240
vt 0.022981 0.639594
vt 0.036390 0.639594
vt 0.036390 0.638240
vt 0.406949 0.026726
vt 0.408912 0.029085
vt 0.406949 0.029085
vt 0.411351 0.026726
vt 0.978221 0.043886
vt 0.980588 0.045856
vt 0.978221 0.045856
vt 0.980589 0.041438
vt 0.937841 0.184944
vt 0.938231 0.176220
vt 0.938231 0.184944
vt 0.937841 0.176220
vt 0.942873 0.001216
vt 0.934093 0.001609
vt 0.934093 0.001216
vt 0.942873 0.001609
vt 0.883541 0.700293
vt 0.868660 0.660216
vt 0.883541 0.660216
vt 0.868660 0.700293
vt 0.543881 0.627373
vt 0.540479 0.633276
vt 0.540479 0.627220
vt 0.537077 0.633276
vt 0.543881 0.633276
vt 0.537077 0.627220
vt 0.547283 0.627373
vt 0.533675 0.633276
vt 0.547283 0.633276
vt 0.533675 0.627220
vt 0.550685 0.633276
vt 0.530272 0.633276
vt 0.550685 0.627220
vt 0.530272 0.627220
vt 0.554087 0.633276
vt 0.526870 0.633276
vt 0.554087 0.627220
vt 0.526870 0.627220
vt 0.523468 0.633276
vt 0.523468 0.627220
vt 0.557489 0.633276
vt 0.557489 0.627221
vt 0.560891 0.633276
vt 0.560891 0.627221
vt 0.564293 0.633276
vt 0.564293 0.627221
vt 0.567695 0.633276
vt 0.567695 0.627221
vt 0.885488 0.843340
vt 0.884129 0.844724
vt 0.887924 0.830219
vt 0.887496 0.842166
vt 0.856379 0.830219
vt 0.860174 0.844724
vt 0.858815 0.843340
vt 0.856807 0.842166
vt 0.304972 0.498714
vt 0.307099 0.491218
vt 0.308120 0.491218
vt 0.301837 0.497023
vt 0.309309 0.502691
vt 0.299876 0.497920
vt 0.296198 0.498714
vt 0.296198 0.497920
vt 0.304972 0.505605
vt 0.309309 0.511714
vt 0.296198 0.511714
vt 0.296198 0.505605
vt 0.973953 0.976432
vt 0.968148 0.981692
vt 0.966458 0.978558
vt 0.973953 0.975411
vt 0.967252 0.983653
vt 0.962481 0.974222
vt 0.966458 0.987331
vt 0.967252 0.987331
vt 0.959568 0.978558
vt 0.953460 0.974222
vt 0.953460 0.987331
vt 0.959568 0.987331
vt 0.813191 0.090242
vt 0.813187 0.097079
vt 0.809116 0.097077
vt 0.815339 0.097080
vt 0.819401 0.090229
vt 0.808054 0.096230
vt 0.806981 0.090229
vt 0.912271 0.008072
vt 0.908199 0.008074
vt 0.908196 0.001235
vt 0.906047 0.008075
vt 0.901984 0.001222
vt 0.913333 0.007225
vt 0.914407 0.001222
vt 0.031955 0.874815
vt 0.023765 0.864876
vt 0.029623 0.863432
vt 0.015575 0.874815
vt 0.033916 0.874003
vt 0.017907 0.863432
vt 0.034139 0.859431
vt 0.013614 0.874003
vt 0.045498 0.862421
vt 0.013390 0.859431
vt 0.046310 0.860460
vt 0.002031 0.862421
vt 0.036279 0.853789
vt 0.001219 0.860460
vt 0.046310 0.844080
vt 0.011251 0.853789
vt 0.035551 0.847800
vt 0.001219 0.844080
vt 0.045498 0.842119
vt 0.011978 0.847800
vt 0.032124 0.842834
vt 0.002031 0.842119
vt 0.033916 0.830536
vt 0.015406 0.842834
vt 0.026782 0.840030
vt 0.013614 0.830536
vt 0.031955 0.829724
vt 0.020748 0.840030
vt 0.015575 0.829724
vt 0.143381 0.738194
vt 0.143381 0.747215
vt 0.137919 0.742677
vt 0.133226 0.747215
vt 0.133226 0.742677
vt 0.137919 0.732300
vt 0.142193 0.726722
vt 0.141171 0.726722
vt 0.137017 0.731305
vt 0.602765 0.575182
vt 0.592392 0.575182
vt 0.596873 0.569722
vt 0.587854 0.569722
vt 0.587854 0.579875
vt 0.592392 0.579875
vt 0.608342 0.570910
vt 0.608342 0.571931
vt 0.603760 0.576084
vt 0.432510 0.467605
vt 0.439034 0.462889
vt 0.439890 0.465663
vt 0.422592 0.459751
vt 0.419011 0.460779
vt 0.410339 0.462002
vt 0.435662 0.470949
vt 0.438501 0.488819
vt 0.436089 0.488819
vt 0.388167 0.467605
vt 0.401666 0.460779
vt 0.398085 0.459751
vt 0.381643 0.462889
vt 0.380787 0.465663
vt 0.385015 0.470949
vt 0.382176 0.488819
vt 0.384588 0.488819
vt 0.792515 0.105174
vt 0.791058 0.106775
vt 0.788005 0.105174
vt 0.788005 0.106459
vt 0.795567 0.106775
vt 0.795567 0.100223
vt 0.792515 0.100223
vt 0.674820 0.190219
vt 0.679330 0.190219
vt 0.676277 0.191820
vt 0.679330 0.196772
vt 0.676277 0.196772
vt 0.671767 0.191820
vt 0.671767 0.190535
vt 0.438502 0.190223
vt 0.442114 0.195796
vt 0.435748 0.191214
vt 0.432681 0.202726
vt 0.424084 0.202726
vt 0.432681 0.205106
vt 0.402566 0.319914
vt 0.411164 0.319914
vt 0.411164 0.317534
vt 0.976620 0.056217
vt 0.978746 0.048723
vt 0.979767 0.048723
vt 0.973485 0.054527
vt 0.980955 0.060193
vt 0.971524 0.055423
vt 0.967848 0.056217
vt 0.967848 0.055423
vt 0.976620 0.063107
vt 0.980955 0.069214
vt 0.967848 0.069214
vt 0.967848 0.063107
vt 0.969690 0.985616
vt 0.975494 0.980356
vt 0.977184 0.983490
vt 0.969690 0.986637
vt 0.976390 0.978395
vt 0.981161 0.987826
vt 0.977184 0.974718
vt 0.976390 0.974718
vt 0.984074 0.983490
vt 0.990181 0.987826
vt 0.990181 0.974718
vt 0.984074 0.974718
vt 0.505348 0.301725
vt 0.492521 0.304486
vt 0.492521 0.301725
vt 0.505348 0.304486
vt 0.254432 0.865919
vt 0.264809 0.865919
vt 0.260326 0.871381
vt 0.269347 0.871381
vt 0.269347 0.861226
vt 0.264809 0.861226
vt 0.248854 0.870192
vt 0.248854 0.869171
vt 0.253438 0.865018
vt 0.388270 0.568221
vt 0.397294 0.568221
vt 0.392755 0.573684
vt 0.397294 0.578379
vt 0.392755 0.578379
vt 0.382375 0.573684
vt 0.376796 0.569410
vt 0.376796 0.570431
vt 0.381380 0.574587
vt 0.959996 0.848501
vt 0.961234 0.835680
vt 0.966398 0.838802
vt 0.948413 0.836917
vt 0.961958 0.849313
vt 0.958112 0.830516
vt 0.972421 0.839166
vt 0.947600 0.834956
vt 0.978339 0.849313
vt 0.957748 0.824493
vt 0.980300 0.848501
vt 0.947600 0.818575
vt 0.977923 0.836690
vt 0.948413 0.816614
vt 0.991884 0.836917
vt 0.960224 0.818990
vt 0.981645 0.831939
vt 0.959996 0.805030
vt 0.992696 0.834956
vt 0.964974 0.815269
vt 0.982733 0.826004
vt 0.961958 0.804218
vt 0.992696 0.818575
vt 0.970909 0.814181
vt 0.980937 0.820243
vt 0.978339 0.804218
vt 0.991884 0.816613
vt 0.976671 0.815976
vt 0.980300 0.805030
vt 0.321851 0.233279
vt 0.323455 0.234737
vt 0.321851 0.237152
vt 0.323205 0.237152
vt 0.323455 0.230222
vt 0.316894 0.230222
vt 0.316894 0.233279
vt 0.598110 0.252133
vt 0.598110 0.256642
vt 0.596508 0.253589
vt 0.591557 0.256642
vt 0.591557 0.253589
vt 0.596508 0.249721
vt 0.597860 0.249721
vt 0.951019 0.976216
vt 0.912877 0.978722
vt 0.912877 0.976216
vt 0.951019 0.978722
vt 0.911683 0.978722
vt 0.911683 0.976216
vt 0.910490 0.978722
vt 0.910490 0.976216
vt 0.909296 0.978722
vt 0.909296 0.976216
vt 0.854858 0.976216
vt 0.854858 0.978722
vt 0.152254 0.976716
vt 0.097815 0.979223
vt 0.097815 0.976716
vt 0.152254 0.979223
vt 0.153447 0.979223
vt 0.153447 0.976716
vt 0.154641 0.979223
vt 0.154641 0.976716
vt 0.155834 0.979223
vt 0.155834 0.976716
vt 0.193978 0.979223
vt 0.193978 0.976716
vt 0.260629 0.957740
vt 0.255572 0.951713
vt 0.264283 0.955953
vt 0.254434 0.954724
vt 0.261166 0.962357
vt 0.259159 0.961380
vt 0.267711 0.964039
vt 0.268350 0.956998
vt 0.272538 0.956702
vt 0.274452 0.963563
vt 0.277153 0.958743
vt 0.279790 0.962074
vt 0.291549 0.951399
vt 0.293707 0.954126
vt 0.298098 0.957533
vt 0.298634 0.952916
vt 0.301751 0.959320
vt 0.296627 0.953893
vt 0.293040 0.963560
vt 0.291902 0.960549
vt 0.305180 0.951234
vt 0.305818 0.958275
vt 0.310007 0.958572
vt 0.311921 0.951711
vt 0.314622 0.956531
vt 0.317259 0.953200
vt 0.329017 0.963875
vt 0.331176 0.961149
vt 0.261194 0.132775
vt 0.263685 0.133452
vt 0.261291 0.133686
vt 0.263624 0.132517
vt 0.259211 0.114118
vt 0.261705 0.113853
vt 0.263746 0.108299
vt 0.261220 0.109295
vt 0.449994 0.361338
vt 0.450259 0.358847
vt 0.468633 0.363258
vt 0.468892 0.360831
vt 0.444446 0.363376
vt 0.445441 0.360853
vt 0.469567 0.363319
vt 0.469801 0.360928
vt 0.327838 0.285217
vt 0.331473 0.307841
vt 0.327838 0.307841
vt 0.331473 0.285217
vt 0.324203 0.285217
vt 0.324203 0.307841
vt 0.320568 0.285217
vt 0.320568 0.307841
vt 0.316932 0.285217
vt 0.316932 0.307841
vt 0.313297 0.285217
vt 0.313297 0.307841
vt 0.309662 0.307841
vt 0.309662 0.285217
vt 0.306027 0.285217
vt 0.306027 0.307841
vt 0.302391 0.285217
vt 0.302391 0.307841
vt 0.298756 0.307841
vt 0.298756 0.285217
vt 0.295121 0.285217
vt 0.295121 0.307841
vt 0.291486 0.307841
vt 0.291486 0.285217
vt 0.287850 0.285217
vt 0.287850 0.307841
vt 0.284215 0.285217
vt 0.284215 0.307841
vt 0.654246 0.989119
vt 0.660048 0.983861
vt 0.661738 0.986994
vt 0.654246 0.990140
vt 0.660944 0.981901
vt 0.665712 0.991328
vt 0.661738 0.978225
vt 0.660944 0.978225
vt 0.668625 0.986994
vt 0.674730 0.991328
vt 0.674730 0.978225
vt 0.668625 0.978225
vt 0.289912 0.986986
vt 0.297404 0.989111
vt 0.297404 0.990132
vt 0.291602 0.983853
vt 0.285937 0.991320
vt 0.290706 0.981892
vt 0.289912 0.978217
vt 0.290706 0.978217
vt 0.283026 0.986986
vt 0.276920 0.991320
vt 0.276920 0.978217
vt 0.283026 0.978217
vt 0.962177 0.593724
vt 0.971200 0.593724
vt 0.966660 0.599187
vt 0.971200 0.603881
vt 0.966660 0.603881
vt 0.956282 0.599187
vt 0.950703 0.594912
vt 0.950703 0.595934
vt 0.955287 0.600088
vt 0.914084 0.555915
vt 0.924461 0.555915
vt 0.919978 0.561378
vt 0.929000 0.561378
vt 0.929000 0.551222
vt 0.924461 0.551222
vt 0.908506 0.560189
vt 0.908506 0.559168
vt 0.913089 0.555014
vt 0.865188 0.956066
vt 0.841254 0.944647
vt 0.853599 0.944647
vt 0.862156 0.946156
vt 0.865610 0.955645
vt 0.829665 0.956066
vt 0.832697 0.946156
vt 0.829243 0.955645
vt 0.843876 0.942999
vt 0.850977 0.942999
vt 0.849941 0.941223
vt 0.844911 0.941223
vt 0.278414 0.305669
vt 0.276958 0.307270
vt 0.275784 0.305669
vt 0.275784 0.307148
vt 0.281465 0.307270
vt 0.281465 0.300721
vt 0.278414 0.300721
vt 0.402935 0.316235
vt 0.402935 0.311725
vt 0.404536 0.314778
vt 0.409487 0.311725
vt 0.409487 0.314778
vt 0.404536 0.317409
vt 0.403057 0.317409
vt 0.354322 0.461237
vt 0.348697 0.454718
vt 0.354322 0.454718
vt 0.348697 0.461237
vt 0.354598 0.461237
vt 0.354598 0.454718
vt 0.354877 0.461237
vt 0.354877 0.454718
vt 0.362429 0.461237
vt 0.362429 0.454718
vt 0.560500 0.810724
vt 0.568691 0.820664
vt 0.562832 0.822108
vt 0.576881 0.810724
vt 0.558539 0.811536
vt 0.574550 0.822108
vt 0.558315 0.826110
vt 0.578843 0.811536
vt 0.546956 0.823119
vt 0.579066 0.826110
vt 0.546143 0.825081
vt 0.590426 0.823120
vt 0.556176 0.831752
vt 0.591238 0.825081
vt 0.546143 0.841462
vt 0.581206 0.831752
vt 0.556903 0.837742
vt 0.591238 0.841462
vt 0.546956 0.843423
vt 0.580479 0.837742
vt 0.560331 0.842708
vt 0.590426 0.843423
vt 0.558539 0.855006
vt 0.577051 0.842708
vt 0.565674 0.845512
vt 0.578843 0.855006
vt 0.560500 0.855819
vt 0.571708 0.845512
vt 0.576881 0.855819
vt 0.960724 0.894592
vt 0.960724 0.884720
vt 0.964394 0.870942
vt 0.960363 0.883690
vt 0.964394 0.908369
vt 0.960466 0.874773
vt 0.960363 0.895622
vt 0.959518 0.882979
vt 0.955759 0.876443
vt 0.955759 0.881507
vt 0.960466 0.904538
vt 0.959518 0.896332
vt 0.955759 0.902868
vt 0.955759 0.897805
vt 0.145991 0.971238
vt 0.141196 0.966723
vt 0.145151 0.969587
vt 0.142878 0.967198
vt 0.076505 0.971238
vt 0.075520 0.966723
vt 0.071190 0.968369
vt 0.068916 0.970760
vt 0.067233 0.971235
vt 0.072031 0.966717
vt 0.002504 0.966717
vt 0.001518 0.971235
vt 0.893154 0.227349
vt 0.893154 0.209817
vt 0.970166 0.200219
vt 0.887557 0.200219
vt 0.885147 0.201179
vt 0.970166 0.236947
vt 0.878752 0.207331
vt 0.878240 0.209817
vt 0.878240 0.208520
vt 0.887557 0.236947
vt 0.885147 0.235987
vt 0.878752 0.229836
vt 0.878240 0.227349
vt 0.878240 0.228646
vt 0.800109 0.890884
vt 0.795283 0.881666
vt 0.800109 0.880175
vt 0.805046 0.880916
vt 0.795283 0.890884
vt 0.805046 0.890884
vt 0.790469 0.890884
vt 0.809810 0.881867
vt 0.790469 0.881363
vt 0.785519 0.890884
vt 0.785519 0.880079
vt 0.809810 0.890884
vt 0.813909 0.890884
vt 0.813909 0.880922
vt 0.818097 0.890884
vt 0.818097 0.880079
vt 0.316942 0.833174
vt 0.326464 0.828224
vt 0.326464 0.833174
vt 0.315658 0.828224
vt 0.317245 0.837989
vt 0.326464 0.837989
vt 0.326464 0.842816
vt 0.315754 0.842816
vt 0.316495 0.847753
vt 0.326464 0.847753
vt 0.317446 0.852517
vt 0.326464 0.852517
vt 0.326464 0.856617
vt 0.316501 0.856617
vt 0.326464 0.860805
vt 0.315658 0.860805
vt 0.641993 0.394134
vt 0.638972 0.371721
vt 0.649738 0.394134
vt 0.638972 0.394134
vt 0.652758 0.371721
vt 0.652758 0.394134
vt 0.649738 0.398753
vt 0.641993 0.398753
vt 0.632814 0.198223
vt 0.651042 0.198223
vt 0.651364 0.199616
vt 0.651678 0.199276
vt 0.652627 0.199749
vt 0.654021 0.219250
vt 0.652727 0.218858
vt 0.651411 0.219534
vt 0.633491 0.220163
vt 0.635427 0.221586
vt 0.649580 0.221089
vt 0.636839 0.223563
vt 0.632507 0.199686
vt 0.632170 0.199345
vt 0.632102 0.219537
vt 0.631204 0.199873
vt 0.630791 0.220009
vt 0.648310 0.223160
vt 0.641543 0.228206
vt 0.637584 0.225896
vt 0.639222 0.227537
vt 0.643926 0.228132
vt 0.646166 0.227234
vt 0.647730 0.225540
vt 0.768949 0.414719
vt 0.768949 0.421762
vt 0.764894 0.421187
vt 0.760838 0.414719
vt 0.760838 0.421762
vt 0.001220 0.911215
vt 0.004508 0.903857
vt 0.006647 0.910575
vt 0.001254 0.917028
vt 0.012770 0.902658
vt 0.007821 0.919682
vt 0.010845 0.898639
vt 0.003417 0.922538
vt 0.018780 0.896757
vt 0.007564 0.926761
vt 0.020857 0.902121
vt 0.015656 0.924471
vt 0.026495 0.898642
vt 0.012858 0.929164
vt 0.020917 0.929166
vt 0.025383 0.922112
vt 0.028266 0.925510
vt 0.033223 0.919034
vt 0.029173 0.914948
vt 0.034650 0.911221
vt 0.028063 0.906559
vt 0.033904 0.907372
vt 0.029704 0.900894
vt 0.032222 0.903862
vt 0.885983 0.695316
vt 0.888585 0.659223
vt 0.888585 0.695316
vt 0.885983 0.659223
vt 0.547866 0.978719
vt 0.543163 0.982587
vt 0.543163 0.978719
vt 0.538459 0.982587
vt 0.547866 0.982587
vt 0.538459 0.978719
vt 0.533756 0.982587
vt 0.533756 0.978719
vt 0.552569 0.978719
vt 0.552569 0.982587
vt 0.557273 0.978719
vt 0.557273 0.982587
vt 0.561976 0.978719
vt 0.561976 0.982587
vt 0.566679 0.978719
vt 0.566679 0.982587
vt 0.571383 0.978719
vt 0.571383 0.982587
vt 0.576086 0.978719
vt 0.576086 0.982587
vt 0.580790 0.978719
vt 0.580790 0.982587
vt 0.585493 0.978719
vt 0.585493 0.982587
vt 0.590197 0.978719
vt 0.590197 0.982587
vt 0.594900 0.978719
vt 0.594900 0.982587
vt 0.567624 0.894779
vt 0.562110 0.891885
vt 0.570624 0.884679
vt 0.572534 0.894165
vt 0.571161 0.899904
vt 0.574231 0.898207
vt 0.571912 0.906086
vt 0.574231 0.910692
vt 0.569704 0.911909
vt 0.565170 0.919752
vt 0.565042 0.916038
vt 0.562266 0.917111
vt 0.562266 0.919752
vt 0.562636 0.884551
vt 0.570624 0.880718
vt 0.562636 0.880718
vt 0.561433 0.885754
vt 0.555883 0.891885
vt 0.556559 0.885754
vt 0.555356 0.884551
vt 0.547369 0.884679
vt 0.550369 0.894779
vt 0.547369 0.880718
vt 0.555356 0.880718
vt 0.545459 0.894165
vt 0.546831 0.899904
vt 0.543762 0.898207
vt 0.546081 0.906086
vt 0.543762 0.910692
vt 0.548289 0.911909
vt 0.552822 0.919752
vt 0.552950 0.916038
vt 0.555726 0.917111
vt 0.555726 0.919752
vt 0.263363 0.033241
vt 0.263363 0.032723
vt 0.263363 0.035999
vt 0.365794 0.937716
vt 0.372389 0.951535
vt 0.365794 0.951535
vt 0.356557 0.937716
vt 0.356557 0.951535
vt 0.372389 0.937716
vt 0.378985 0.937716
vt 0.378985 0.951535
vt 0.386794 0.951535
vt 0.386794 0.937716
vt 0.092091 0.177574
vt 0.098382 0.175717
vt 0.097857 0.177574
vt 0.098382 0.177574
vt 0.091566 0.175717
vt 0.091566 0.177574
vt 0.092091 0.178634
vt 0.097857 0.178634
vt 0.688803 0.854724
vt 0.697772 0.854724
vt 0.699210 0.855891
vt 0.699210 0.872918
vt 0.688803 0.874085
vt 0.697772 0.874085
vt 0.702042 0.871228
vt 0.702042 0.857581
vt 0.703758 0.857917
vt 0.703757 0.870893
vt 0.769434 0.870893
vt 0.769434 0.857917
vt 0.927410 0.805792
vt 0.921933 0.804674
vt 0.925255 0.791718
vt 0.919553 0.791718
vt 0.942304 0.801562
vt 0.911028 0.796640
vt 0.931740 0.809328
vt 0.916564 0.806230
vt 0.945155 0.806500
vt 0.912533 0.810102
vt 0.933931 0.814470
vt 0.902503 0.801562
vt 0.945155 0.826187
vt 0.899652 0.806500
vt 0.933481 0.820042
vt 0.910763 0.815404
vt 0.942304 0.831125
vt 0.899652 0.826187
vt 0.930494 0.824767
vt 0.911659 0.820921
vt 0.933779 0.836047
vt 0.902503 0.831125
vt 0.925653 0.827561
vt 0.915017 0.825390
vt 0.925255 0.840969
vt 0.919553 0.840969
vt 0.920068 0.827787
vt 0.001223 0.539226
vt 0.009398 0.608904
vt 0.001223 0.608904
vt 0.009398 0.539226
vt 0.024726 0.539226
vt 0.024726 0.608904
vt 0.032901 0.608904
vt 0.032901 0.539226
vt 0.048229 0.608904
vt 0.048229 0.539226
vt 0.993919 0.597829
vt 0.998610 0.594583
vt 0.998691 0.594666
vt 0.998691 0.616484
vt 0.993919 0.613321
vt 0.998610 0.616568
vt 0.661725 0.866959
vt 0.678205 0.872137
vt 0.645244 0.872137
vt 0.666479 0.865801
vt 0.656970 0.865801
vt 0.670474 0.862941
vt 0.652976 0.862941
vt 0.672841 0.858662
vt 0.650608 0.858662
vt 0.686351 0.858027
vt 0.637098 0.858027
vt 0.673319 0.853769
vt 0.650130 0.853769
vt 0.686351 0.852325
vt 0.637098 0.852325
vt 0.671336 0.848542
vt 0.652113 0.848542
vt 0.678205 0.838216
vt 0.645244 0.838216
vt 0.667152 0.844835
vt 0.656297 0.844835
vt 0.661725 0.843497
vt 0.807813 0.214425
vt 0.812623 0.211834
vt 0.809533 0.215326
vt 0.811519 0.210237
vt 0.806528 0.219185
vt 0.816746 0.208251
vt 0.808461 0.219282
vt 0.816981 0.210178
vt 0.809046 0.223308
vt 0.822297 0.208921
vt 0.807228 0.224071
vt 0.821610 0.210737
vt 0.811297 0.226752
vt 0.825449 0.213383
vt 0.810044 0.228043
vt 0.826901 0.212095
vt 0.814713 0.228958
vt 0.829503 0.217044
vt 0.813869 0.231188
vt 0.827618 0.217510
vt 0.818818 0.231364
vt 0.827621 0.222172
vt 0.818734 0.229567
vt 0.829507 0.222636
vt 0.823558 0.230252
vt 0.827318 0.227054
vt 0.822701 0.228477
vt 0.825805 0.225847
vt 0.384948 0.275221
vt 0.348845 0.281307
vt 0.348845 0.275221
vt 0.384948 0.281307
vt 0.382537 0.396092
vt 0.359011 0.399722
vt 0.359011 0.377911
vt 0.363845 0.402861
vt 0.358976 0.399833
vt 0.383925 0.399763
vt 0.382537 0.381541
vt 0.363845 0.374772
vt 0.383925 0.377871
vt 0.358976 0.377800
vt 0.428544 0.523810
vt 0.366702 0.507219
vt 0.428544 0.509990
vt 0.436711 0.507219
vt 0.433927 0.509990
vt 0.366702 0.526581
vt 0.436711 0.526581
vt 0.433927 0.523810
vt 0.303182 0.333362
vt 0.398003 0.333362
vt 0.301232 0.335631
vt 0.400291 0.335631
vt 0.292417 0.332905
vt 0.292417 0.314448
vt 0.303182 0.313990
vt 0.301232 0.311721
vt 0.398003 0.313990
vt 0.400291 0.311721
vt 0.498982 0.565329
vt 0.369309 0.529216
vt 0.498982 0.529216
vt 0.499804 0.529216
vt 0.369309 0.565329
vt 0.366301 0.565329
vt 0.366301 0.529216
vt 0.499804 0.565329
vt 0.514817 0.534061
vt 0.514817 0.560484
vt 0.593125 0.676329
vt 0.593125 0.681096
vt 0.626491 0.676197
vt 0.626491 0.681228
s 1
usemtl Material.001
f 1/1/1 2/2/2 3/3/3
f 1/1/1 4/4/4 2/2/2
f 1/1/1 3/3/3 5/5/5
f 1/1/1 5/5/5 6/6/6
f 7/7/7 6/6/6 5/5/5
f 5/5/5 8/8/8 7/7/7
f 8/8/8 9/9/9 7/7/7
f 9/9/9 10/10/10 7/7/7
f 10/10/10 9/9/9 11/11/11
f 10/10/10 11/11/11 12/12/12
f 12/12/12 11/11/11 13/13/13
f 12/12/12 13/13/13 14/14/14
f 14/14/14 13/13/13 15/15/15
f 14/14/14 15/15/15 16/16/16
f 17/17/17 18/18/18 19/19/19
f 20/20/20 17/17/17 19/19/19
f 19/19/19 21/21/21 20/20/20
f 21/21/21 22/22/22 20/20/20
f 23/23/23 17/17/17 20/20/20
f 23/23/23 24/24/23 17/17/17
f 25/25/24 26/26/24 27/27/24
f 28/28/24 25/25/24 27/27/24
f 29/29/23 28/28/24 27/27/24
f 27/27/24 30/30/24 29/29/23
f 31/31/25 32/32/25 33/33/25
f 31/31/25 34/34/26 32/32/25
f 35/35/25 31/31/25 33/33/25
f 36/36/26 32/32/25 34/34/26
f 37/37/25 35/35/25 33/33/25
f 38/38/27 36/36/26 34/34/26
f 33/33/25 39/39/25 37/37/25
f 38/38/27 40/40/27 36/36/26
f 41/41/28 37/37/25 39/39/25
f 42/42/29 40/40/27 38/38/27
f 43/43/30 41/41/28 39/39/25
f 42/42/29 38/38/27 44/44/29
f 45/45/31 41/41/28 43/43/30
f 46/46/32 42/42/29 44/44/29
f 45/45/31 47/47/33 41/41/28
f 46/46/32 44/44/29 48/48/34
f 49/49/35 47/47/33 45/45/31
f 46/46/32 48/48/34 50/50/36
f 49/49/35 51/51/37 47/47/33
f 46/46/32 50/50/36 52/52/38
f 51/51/37 49/49/35 53/53/39
f 52/52/38 50/50/36 54/54/40
f 51/51/37 53/53/39 55/55/41
f 52/52/38 54/54/40 56/56/40
f 57/57/42 55/55/41 53/53/39
f 56/56/40 54/54/40 58/58/43
f 57/57/42 53/53/39 59/59/42
f 56/56/40 58/58/43 60/60/43
f 61/61/44 57/57/42 59/59/42
f 62/62/25 60/60/43 58/58/43
f 61/61/44 59/59/42 63/63/45
f 58/58/43 64/64/25 62/62/25
f 61/61/44 63/63/45 65/65/25
f 64/64/25 66/66/25 62/62/25
f 67/67/26 61/61/44 65/65/25
f 68/68/26 62/62/25 66/66/25
f 67/67/26 65/65/25 69/69/25
f 70/70/26 68/68/26 66/66/25
f 71/71/26 67/67/26 69/69/25
f 66/66/25 72/72/26 70/70/26
f 73/73/25 71/71/26 69/69/25
f 72/72/26 74/74/25 70/70/26
f 69/69/25 75/75/25 73/73/25
f 74/74/25 76/76/26 70/70/26
f 75/75/25 77/77/26 73/73/25
f 74/74/25 78/78/46 76/76/26
f 79/79/26 73/73/25 77/77/26
f 78/78/46 80/80/46 76/76/26
f 81/81/47 79/79/26 77/77/26
f 78/78/46 82/82/48 80/80/46
f 77/77/26 83/83/47 81/81/47
f 78/78/46 84/84/49 82/82/48
f 85/85/50 81/81/47 83/83/47
f 84/84/49 86/86/51 82/82/48
f 85/85/50 87/87/50 81/81/47
f 84/84/49 88/88/52 86/86/51
f 89/89/53 87/87/50 85/85/50
f 89/89/53 86/86/51 88/88/52
f 89/89/53 90/90/54 87/87/50
f 89/89/53 88/88/52 90/90/54
f 91/91/25 92/92/25 93/93/26
f 91/91/25 94/94/26 92/92/25
f 95/95/26 91/91/25 93/93/26
f 92/92/25 94/94/26 96/96/26
f 97/97/26 95/95/26 93/93/26
f 94/94/26 98/98/26 96/96/26
f 99/99/26 95/95/26 97/97/26
f 98/98/26 100/100/25 96/96/26
f 101/101/26 95/95/26 99/99/26
f 100/100/25 102/102/25 96/96/26
f 99/99/26 103/103/26 101/101/26
f 102/102/25 100/100/25 104/104/26
f 105/105/25 101/101/26 103/103/26
f 100/100/25 106/106/26 104/104/26
f 107/107/25 105/105/25 103/103/26
f 106/106/26 108/108/26 104/104/26
f 103/103/26 109/109/25 107/107/25
f 110/110/25 104/104/26 108/108/26
f 107/107/25 109/109/25 111/111/26
f 108/108/26 112/112/25 110/110/25
f 113/113/55 107/107/25 111/111/26
f 112/112/25 114/114/26 110/110/25
f 115/115/55 113/113/55 111/111/26
f 112/112/25 116/116/26 114/114/26
f 111/111/26 117/117/26 115/115/55
f 116/116/26 115/115/55 117/117/26
f 116/116/26 117/117/26 118/118/25
f 116/116/26 118/118/25 114/114/26
f 119/119/56 120/120/57 121/121/56
f 119/119/56 122/122/57 120/120/57
f 123/123/58 119/119/56 121/121/56
f 122/122/57 124/124/59 120/120/57
f 123/123/58 121/121/56 125/125/60
f 122/122/57 126/126/61 124/124/59
f 127/127/62 123/123/58 125/125/60
f 126/126/61 128/128/63 124/124/59
f 127/127/62 125/125/60 129/129/64
f 126/126/61 130/130/63 128/128/63
f 131/131/65 127/127/62 129/129/64
f 130/130/63 132/132/66 128/128/63
f 131/131/65 129/129/64 133/133/65
f 130/130/63 134/134/66 132/132/66
f 135/135/67 131/131/65 133/133/65
f 134/134/66 136/136/68 132/132/66
f 135/135/67 133/133/65 137/137/67
f 134/134/66 138/138/68 136/136/68
f 138/138/68 139/139/69 136/136/68
f 138/138/68 140/140/70 139/139/69
f 141/141/71 135/135/67 137/137/67
f 141/141/71 137/137/67 142/142/72
f 143/143/73 141/141/71 142/142/72
f 143/143/73 142/142/72 144/144/73
f 145/145/74 143/143/73 144/144/73
f 145/145/74 144/144/73 146/146/75
f 147/147/76 148/148/76 149/149/77
f 148/148/76 150/150/76 149/149/77
f 150/150/76 151/151/78 149/149/77
f 152/152/79 148/148/76 147/147/76
f 149/149/77 153/153/80 147/147/76
f 147/147/76 153/153/80 154/154/81
f 153/153/80 155/155/81 154/154/81
f 147/147/76 156/156/82 152/152/79
f 157/157/83 152/152/79 156/156/82
f 157/157/83 158/158/80 152/152/79
f 157/157/83 156/156/82 159/159/77
f 156/156/82 160/160/78 159/159/77
f 161/161/84 162/162/85 163/163/86
f 161/161/84 164/164/87 162/162/85
f 164/164/87 165/165/88 162/162/85
f 164/164/87 166/166/89 165/165/88
f 167/167/90 161/161/84 163/163/86
f 167/167/90 163/163/86 168/168/91
f 169/169/92 167/167/90 168/168/91
f 169/169/92 170/170/92 167/167/90
f 171/171/93 172/172/93 173/173/94
f 173/173/94 174/174/94 171/171/93
f 174/174/94 175/175/95 171/171/93
f 175/175/95 174/174/94 176/176/96
f 176/176/96 177/177/96 175/175/95
f 177/177/96 178/178/95 175/175/95
f 179/179/25 180/180/25 181/181/25
f 179/179/25 182/182/25 180/180/25
f 183/183/26 181/181/25 180/180/25
f 183/183/26 180/180/25 184/184/26
f 183/183/26 184/184/26 185/185/25
f 183/183/26 185/185/25 186/186/25
f 186/186/25 185/185/25 187/187/25
f 186/186/25 187/187/25 188/188/25
f 188/188/25 187/187/25 189/189/25
f 188/188/25 189/189/25 190/190/25
f 190/190/25 189/189/25 191/191/25
f 190/190/25 191/191/25 192/192/25
f 192/192/25 191/191/25 193/193/26
f 192/192/25 193/193/26 194/194/26
f 195/195/25 194/194/26 193/193/26
f 195/195/25 193/193/26 196/196/25
f 197/197/25 195/195/25 196/196/25
f 197/197/25 196/196/25 198/198/25
f 199/199/55 197/197/25 198/198/25
f 199/199/55 198/198/25 200/200/25
f 201/201/26 199/199/55 200/200/25
f 201/201/26 200/200/25 202/202/26
f 203/203/25 201/201/26 202/202/26
f 203/203/25 204/204/25 201/201/26
f 203/203/25 205/205/25 204/204/25
f 203/203/25 206/206/25 205/205/25
f 207/207/97 208/208/98 209/209/99
f 207/207/97 210/210/100 208/208/98
f 209/209/99 208/208/98 211/211/101
f 212/212/102 210/210/100 207/207/97
f 209/209/99 211/211/101 213/213/101
f 212/212/102 214/214/103 210/210/100
f 211/211/101 215/215/104 213/213/101
f 216/216/105 214/214/103 212/212/102
f 211/211/101 217/217/106 215/215/104
f 216/216/105 218/218/105 214/214/103
f 217/217/106 219/219/107 215/215/104
f 220/220/108 218/218/105 216/216/105
f 217/217/106 221/221/109 219/219/107
f 220/220/108 222/222/110 218/218/105
f 221/221/109 223/223/111 219/219/107
f 224/224/112 222/222/110 220/220/108
f 221/221/109 225/225/111 223/223/111
f 224/224/112 226/226/112 222/222/110
f 227/227/92 226/226/112 224/224/112
f 227/227/92 228/228/113 226/226/112
f 225/225/111 229/229/114 223/223/111
f 225/225/111 230/230/114 229/229/114
f 230/230/114 231/231/115 229/229/114
f 230/230/114 232/232/115 231/231/115
f 232/232/115 233/233/116 231/231/115
f 232/232/115 234/234/117 233/233/116
f 234/234/117 235/235/118 233/233/116
f 234/234/117 236/236/119 235/235/118
f 237/237/25 238/238/25 239/239/26
f 238/238/25 240/240/25 239/239/26
f 239/239/26 241/241/25 237/237/25
f 242/242/26 240/240/25 238/238/25
f 237/237/25 241/241/25 243/243/25
f 244/244/26 242/242/26 238/238/25
f 241/241/25 245/245/26 243/243/25
f 246/246/26 242/242/26 244/244/26
f 243/243/25 245/245/26 247/247/25
f 248/248/26 246/246/26 244/244/26
f 249/249/25 243/243/25 247/247/25
f 244/244/26 250/250/26 248/248/26
f 247/247/25 251/251/25 249/249/25
f 250/250/26 252/252/26 248/248/26
f 251/251/25 253/253/120 249/249/25
f 254/254/121 252/252/26 250/250/26
f 251/251/25 255/255/25 253/253/120
f 256/256/121 254/254/121 250/250/26
f 253/253/120 255/255/25 257/257/121
f 256/256/121 253/253/120 257/257/121
f 258/258/121 254/254/121 256/256/121
f 257/257/121 258/258/121 256/256/121
f 259/259/25 260/260/25 261/261/25
f 261/261/25 262/262/26 259/259/25
f 260/260/25 263/263/25 261/261/25
f 259/259/25 262/262/26 264/264/26
f 260/260/25 265/265/25 263/263/25
f 262/262/26 266/266/25 264/264/26
f 265/265/25 267/267/25 263/263/25
f 268/268/25 263/263/25 267/267/25
f 268/268/25 267/267/25 269/269/25
f 268/268/25 269/269/25 270/270/25
f 271/271/25 268/268/25 270/270/25
f 271/271/25 270/270/25 272/272/25
f 273/273/26 271/271/25 272/272/25
f 272/272/25 274/274/26 273/273/26
f 275/275/26 273/273/26 274/274/26
f 274/274/26 276/276/26 275/275/26
f 277/277/26 275/275/26 276/276/26
f 276/276/26 278/278/25 277/277/26
f 279/279/25 277/277/26 278/278/25
f 279/279/25 280/280/25 277/277/26
f 279/279/25 281/281/25 280/280/25
f 282/282/25 279/279/25 278/278/25
f 278/278/25 283/283/25 282/282/25
f 284/284/26 282/282/25 283/283/25
f 285/285/26 284/284/26 283/283/25
f 286/286/55 284/284/26 285/285/26
f 284/284/26 286/286/55 287/287/25
f 286/286/55 264/264/26 266/266/25
f 266/266/25 288/288/25 286/286/55
f 287/287/25 286/286/55 288/288/25
f 289/289/25 287/287/25 288/288/25
f 289/289/25 290/290/25 287/287/25
f 291/291/55 292/292/25 293/293/55
f 294/294/26 295/295/25 291/291/55
f 296/296/25 294/294/26 291/291/55
f 293/293/55 296/296/25 291/291/55
f 293/293/55 297/297/25 296/296/25
f 291/291/55 298/298/26 292/292/25
f 299/299/25 292/292/25 298/298/26
f 300/300/25 299/299/25 298/298/26
f 292/292/25 301/301/25 293/293/55
f 301/301/25 302/302/25 293/293/55
f 301/301/25 303/303/25 302/302/25
f 303/303/25 304/304/25 302/302/25
f 305/305/122 306/306/123 307/307/123
f 307/307/123 306/306/123 308/308/124
f 307/307/123 308/308/124 309/309/125
f 308/308/124 310/310/126 309/309/125
f 308/308/124 311/311/127 310/310/126
f 311/311/127 312/312/128 310/310/126
f 311/311/127 313/313/129 312/312/128
f 313/313/129 314/314/130 312/312/128
f 313/313/129 315/315/131 314/314/130
f 314/314/130 315/315/131 316/316/132
f 316/316/132 315/315/131 317/317/133
f 318/318/134 316/316/132 317/317/133
f 318/318/134 317/317/133 319/319/135
f 318/318/134 319/319/135 320/320/135
f 320/320/135 319/319/135 321/321/136
f 320/320/135 321/321/136 322/322/136
f 321/321/136 323/323/137 322/322/136
f 321/321/136 324/324/138 323/323/137
f 323/323/137 324/324/138 325/325/139
f 323/323/137 325/325/139 326/326/140
f 325/325/139 327/327/141 326/326/140
f 325/325/139 328/328/141 327/327/141
f 328/328/141 329/329/142 327/327/141
f 328/328/141 330/330/142 329/329/142
f 330/330/142 331/331/143 329/329/142
f 330/330/142 332/332/144 331/331/143
f 331/331/143 332/332/144 333/333/145
f 332/332/144 334/334/146 333/333/145
f 334/334/146 335/335/147 333/333/145
f 336/336/25 337/337/25 338/338/25
f 339/339/25 336/336/25 338/338/25
f 338/338/25 340/340/25 339/339/25
f 341/341/148 342/342/149 343/343/150
f 343/343/150 342/342/149 344/344/146
f 344/344/146 342/342/149 345/345/151
f 341/341/148 343/343/150 346/346/152
f 341/341/148 346/346/152 347/347/152
f 347/347/152 346/346/152 348/348/153
f 347/347/152 348/348/153 349/349/153
f 349/349/153 348/348/153 350/350/154
f 349/349/153 350/350/154 351/351/154
f 352/352/155 351/351/154 350/350/154
f 352/352/155 350/350/154 353/353/156
f 352/352/155 353/353/156 354/354/157
f 352/352/155 354/354/157 355/355/157
f 356/356/158 355/355/157 354/354/157
f 356/356/158 354/354/157 357/357/158
f 358/358/159 356/356/158 357/357/158
f 358/358/159 357/357/158 359/359/160
f 358/358/159 359/359/160 360/360/161
f 360/360/161 359/359/160 361/361/162
f 362/362/163 360/360/161 361/361/162
f 362/362/163 361/361/162 363/363/164
f 362/362/163 363/363/164 305/305/122
f 305/305/122 363/363/164 306/306/123
f 364/364/165 365/365/166 366/366/167
f 364/364/165 367/367/168 365/365/166
f 367/367/168 364/364/165 368/368/169
f 368/368/169 364/364/165 369/369/170
f 364/364/165 370/370/171 369/369/170
f 370/370/171 371/371/172 369/369/170
f 370/370/171 372/372/172 371/371/172
f 373/373/173 371/371/172 372/372/172
f 373/373/173 372/372/172 374/374/25
f 375/375/173 373/373/173 374/374/25
f 375/375/173 376/376/174 373/373/173
f 374/374/25 377/377/175 375/375/173
f 375/375/173 378/378/176 376/376/174
f 377/377/175 379/379/175 375/375/173
f 378/378/176 380/380/177 376/376/174
f 381/381/178 379/379/175 377/377/175
f 378/378/176 382/382/179 380/380/177
f 382/382/179 383/383/92 380/380/177
f 382/382/179 384/384/92 383/383/92
f 381/381/178 385/385/180 379/379/175
f 381/381/178 386/386/168 385/385/180
f 385/385/180 386/386/168 387/387/181
f 386/386/168 388/388/182 387/387/181
f 389/389/183 388/388/182 386/386/168
f 389/389/183 386/386/168 390/390/183
f 391/391/184 392/392/185 393/393/186
f 391/391/184 394/394/184 392/392/185
f 393/393/186 392/392/185 395/395/187
f 393/393/186 395/395/187 396/396/188
f 395/395/187 397/397/189 396/396/188
f 395/395/187 398/398/190 397/397/189
f 397/397/189 398/398/190 399/399/191
f 399/399/191 398/398/190 400/400/192
f 399/399/191 401/401/193 397/397/189
f 398/398/190 402/402/194 400/400/192
f 401/401/193 403/403/195 397/397/189
f 398/398/190 404/404/196 402/402/194
f 401/401/193 405/405/197 403/403/195
f 402/402/194 404/404/196 406/406/198
f 405/405/197 401/401/193 407/407/199
f 408/408/200 402/402/194 406/406/198
f 407/407/199 366/366/167 405/405/197
f 390/390/183 408/408/200 406/406/198
f 405/405/197 366/366/167 409/409/199
f 406/406/198 410/410/200 390/390/183
f 366/366/167 365/365/166 409/409/199
f 389/389/183 390/390/183 410/410/200
f 411/411/201 412/412/202 413/413/203
f 414/414/202 413/413/203 412/412/202
f 415/415/204 414/414/202 412/412/202
f 411/411/201 413/413/203 416/416/205
f 411/411/201 417/417/206 412/412/202
f 411/411/201 418/418/204 417/417/206
f 418/418/204 419/419/204 417/417/206
f 411/411/201 416/416/205 420/420/207
f 420/420/207 416/416/205 421/421/208
f 420/420/207 421/421/208 422/422/209
f 422/422/209 421/421/208 423/423/210
f 422/422/209 423/423/210 424/424/211
f 423/423/210 425/425/92 424/424/211
f 423/423/210 426/426/92 425/425/92
f 427/427/92 428/428/212 429/429/92
f 427/427/92 430/430/212 428/428/212
f 430/430/212 431/431/213 428/428/212
f 430/430/212 432/432/214 431/431/213
f 432/432/214 433/433/215 431/431/213
f 432/432/214 434/434/216 433/433/215
f 434/434/216 435/435/217 433/433/215
f 434/434/216 436/436/217 435/435/217
f 437/437/218 438/438/219 439/439/220
f 438/438/219 440/440/221 439/439/220
f 441/441/219 438/438/219 437/437/218
f 437/437/218 442/442/219 441/441/219
f 442/442/219 443/443/219 441/441/219
f 443/443/219 444/444/221 441/441/219
f 445/445/217 442/442/219 437/437/218
f 437/437/218 446/446/217 445/445/217
f 447/447/219 448/448/219 449/449/219
f 449/449/219 450/450/217 447/447/219
f 447/447/219 451/451/219 448/448/219
f 449/449/219 452/452/219 450/450/217
f 453/453/219 448/448/219 451/451/219
f 449/449/219 454/454/219 452/452/219
f 455/455/217 453/453/219 451/451/219
f 451/451/219 456/456/217 455/455/217
f 456/456/217 457/457/217 455/455/217
f 454/454/219 458/458/217 452/452/219
f 458/458/217 459/459/217 452/452/219
f 458/458/217 460/460/217 459/459/217
f 461/461/221 462/462/222 463/463/223
f 464/464/224 463/463/223 462/462/222
f 465/465/225 463/463/223 464/464/224
f 464/464/224 462/462/222 466/466/226
f 466/466/226 467/467/227 464/464/224
f 467/467/227 465/465/225 464/464/224
f 466/466/226 468/468/228 467/467/227
f 466/466/226 469/469/229 468/468/228
f 466/466/226 462/462/222 469/469/229
f 467/467/227 470/470/230 465/465/225
f 471/471/231 469/469/229 462/462/222
f 461/461/221 471/471/231 462/462/222
f 471/471/231 472/472/232 469/469/229
f 473/473/233 465/465/225 470/470/230
f 473/473/233 470/470/230 474/474/234
f 473/473/233 474/474/234 475/475/235
f 476/476/236 473/473/233 475/475/235
f 476/476/236 465/465/225 473/473/233
f 477/477/237 476/476/236 475/475/235
f 476/476/236 478/478/238 465/465/225
f 465/465/225 478/478/238 463/463/223
f 479/479/239 463/463/223 478/478/238
f 476/476/236 479/479/239 478/478/238
f 479/479/239 461/461/221 463/463/223
f 477/477/237 480/480/240 476/476/236
f 476/476/236 480/480/240 479/479/239
f 480/480/240 477/477/237 481/481/241
f 481/481/241 477/477/237 482/482/242
f 483/483/243 481/481/241 482/482/242
f 484/484/244 480/480/240 481/481/241
f 483/483/243 484/484/244 481/481/241
f 484/484/244 479/479/239 480/480/240
f 461/461/221 479/479/239 484/484/244
f 485/485/245 484/484/244 483/483/243
f 461/461/221 484/484/244 486/486/246
f 485/485/245 486/486/246 484/484/244
f 486/486/246 471/471/231 461/461/221
f 485/485/245 487/487/247 486/486/246
f 486/486/246 487/487/247 471/471/231
f 485/485/245 488/488/248 487/487/247
f 472/472/232 471/471/231 487/487/247
f 472/472/232 487/487/247 488/488/248
f 489/489/249 490/490/250 491/491/251
f 489/489/249 492/492/250 490/490/250
f 493/493/252 490/490/250 492/492/250
f 493/493/252 492/492/250 494/494/252
f 495/495/253 493/493/252 494/494/252
f 495/495/253 496/496/254 493/493/252
f 495/495/253 497/497/255 496/496/254
f 497/497/255 498/498/255 496/496/254
f 498/498/255 499/499/256 496/496/254
f 500/500/257 498/498/255 497/497/255
f 501/501/257 500/500/257 497/497/255
f 502/502/257 500/500/257 501/501/257
f 503/503/257 502/502/257 501/501/257
f 503/503/257 504/504/257 502/502/257
f 505/505/257 503/503/257 501/501/257
f 501/501/257 506/506/257 505/505/257
f 507/507/258 508/508/259 509/509/259
f 507/507/258 510/510/260 508/508/259
f 509/509/259 508/508/259 511/511/261
f 509/509/259 511/511/261 512/512/261
f 513/513/262 512/512/261 511/511/261
f 513/513/262 511/511/261 514/514/263
f 515/515/264 513/513/262 514/514/263
f 516/516/264 515/515/264 514/514/263
f 514/514/263 517/517/265 516/516/264
f 515/515/264 516/516/264 518/518/266
f 519/519/266 515/515/264 518/518/266
f 518/518/266 520/520/267 519/519/266
f 520/520/267 521/521/266 519/519/266
f 520/520/267 522/522/267 521/521/266
f 521/521/266 523/523/266 519/519/266
f 523/523/266 524/524/266 519/519/266
s 0
f 525/525/268 528/525/268 8662/525/268 8659/525/268
f 528/525/269 526/525/269 8661/525/269 8662/525/269
f 526/525/270 529/525/270 8655/525/270 8657/525/270
s 1
f 529/526/271 530/527/272 8656/527/273 8655/526/274
f 531/528/275 530/527/272 529/526/271
f 531/528/275 529/526/271 532/529/276
f 533/530/277 531/528/275 532/529/276
f 533/530/277 534/531/277 531/528/275
f 534/531/277 533/530/277 535/532/277
f 534/531/277 535/532/277 536/533/277
f 535/532/277 537/534/278 536/533/277
f 538/535/279 536/533/277 537/534/278
f 537/534/278 539/536/277 538/535/279
f 540/537/277 538/535/279 539/536/277
f 539/536/277 541/538/279 540/537/277
f 541/538/279 542/539/278 540/537/277
f 543/540/278 539/536/277 537/534/278
f 537/534/278 544/541/278 543/540/278
f 543/540/278 544/541/278 545/542/280
f 544/541/278 546/543/277 545/542/280
f 547/544/281 548/545/282 549/546/283
f 550/547/284 551/548/285 552/549/286
f 553/550/25 554/551/26 555/552/25
f 556/553/26 555/552/25 554/551/26
f 555/552/25 557/554/25 553/550/25
f 556/553/26 554/551/26 558/555/26
f 553/550/25 557/554/25 559/556/25
f 560/557/25 556/553/26 558/555/26
f 557/554/25 561/558/25 559/556/25
f 562/559/26 560/557/25 558/555/26
f 563/560/25 559/556/25 561/558/25
f 564/561/26 562/559/26 558/555/26
f 561/558/25 565/562/25 563/560/25
f 562/559/26 564/561/26 566/563/26
f 565/562/25 567/564/55 563/560/25
f 564/561/26 568/565/26 566/563/26
f 563/560/25 567/564/55 569/566/26
f 570/567/26 566/563/26 568/565/26
f 567/564/55 571/568/25 569/566/26
f 568/565/26 572/569/26 570/567/26
f 573/570/25 569/566/26 571/568/25
f 574/571/26 570/567/26 572/569/26
f 571/568/25 575/572/25 573/570/25
f 574/571/26 572/569/26 576/573/26
f 575/572/25 577/574/25 573/570/25
f 578/575/26 574/571/26 576/573/26
f 575/572/25 579/576/25 577/574/25
f 580/577/26 578/575/26 576/573/26
f 581/578/26 577/574/25 579/576/25
f 579/576/25 580/577/26 581/578/26
f 581/578/26 580/577/26 576/573/26
f 582/579/287 583/580/287 584/581/287
f 585/582/288 584/581/287 583/580/287
f 584/581/287 586/583/289 582/579/287
f 587/584/290 585/582/288 583/580/287
f 586/583/289 588/585/289 582/579/287
f 589/586/291 587/584/290 583/580/287
f 588/585/289 590/587/288 582/579/287
f 583/580/287 591/588/288 589/586/291
f 592/589/288 589/586/291 591/588/288
f 593/590/289 592/589/288 591/588/288
f 590/587/288 594/591/289 582/579/287
f 590/587/288 595/592/289 594/591/289
f 595/592/289 596/593/288 594/591/289
f 597/594/292 598/595/293 599/596/292
f 600/597/292 599/596/292 598/595/293
f 601/598/294 600/597/292 598/595/293
f 599/596/292 602/599/293 597/594/292
f 602/599/293 603/600/295 597/594/292
f 604/601/293 605/602/293 606/603/293
f 604/601/293 607/604/293 605/602/293
f 608/605/296 609/606/297 610/607/296
f 608/605/296 611/608/298 609/606/297
f 611/608/298 612/609/299 609/606/297
f 611/608/298 613/610/299 612/609/299
f 614/611/300 608/605/296 610/607/296
f 614/611/300 610/607/296 615/612/301
f 616/613/302 614/611/300 615/612/301
f 616/613/302 615/612/301 617/614/302
f 618/615/303 616/613/302 617/614/302
f 618/615/303 617/614/302 619/616/303
f 620/617/304 618/615/303 619/616/303
f 620/617/304 619/616/303 621/618/304
f 622/619/305 620/617/304 621/618/304
f 622/619/305 621/618/304 623/620/305
f 624/621/306 622/619/305 623/620/305
f 624/621/306 623/620/305 625/622/306
f 626/623/307 624/621/306 625/622/306
f 626/623/307 625/622/306 627/624/307
f 628/625/308 626/623/307 627/624/307
f 628/625/308 627/624/307 629/626/308
f 630/627/309 628/625/308 629/626/308
f 630/627/309 629/626/308 631/628/309
f 632/629/310 630/627/309 631/628/309
f 632/629/310 631/628/309 633/630/310
f 634/631/311 632/629/310 633/630/310
f 634/631/311 633/630/310 635/632/312
f 636/633/313 634/631/311 635/632/312
f 636/633/313 635/632/312 637/634/313
f 638/635/297 639/636/296 640/637/296
f 640/637/296 639/636/296 641/638/314
f 638/635/297 642/639/298 639/636/296
f 643/640/299 642/639/298 638/635/297
f 643/640/299 644/641/299 642/639/298
f 640/637/296 641/638/314 645/642/314
f 645/642/314 641/638/314 646/643/315
f 645/642/314 646/643/315 647/644/315
f 647/644/315 646/643/315 648/645/303
f 647/644/315 648/645/303 649/646/303
f 649/646/303 648/645/303 650/647/304
f 649/646/303 650/647/304 651/648/304
f 651/648/304 650/647/304 652/649/305
f 651/648/304 652/649/305 653/650/305
f 653/650/305 652/649/305 654/651/316
f 653/650/305 654/651/316 655/652/317
f 655/652/317 654/651/316 656/653/307
f 655/652/317 656/653/307 657/654/307
f 657/654/307 656/653/307 658/655/308
f 657/654/307 658/655/308 659/656/308
f 659/656/308 658/655/308 660/657/309
f 659/656/308 660/657/309 661/658/309
f 661/658/309 660/657/309 662/659/310
f 661/658/309 662/659/310 663/660/310
f 663/660/310 662/659/310 664/661/311
f 663/660/310 664/661/311 665/662/312
f 665/662/312 664/661/311 666/663/313
f 665/662/312 666/663/313 667/664/313
f 668/665/318 669/666/319 670/667/319
f 668/665/318 671/668/320 669/666/319
f 672/669/321 671/668/320 668/665/318
f 672/669/321 668/665/318 673/670/321
f 674/671/322 672/669/321 673/670/321
f 674/671/322 675/672/323 672/669/321
f 676/673/324 675/672/323 674/671/322
f 676/673/324 674/671/322 677/674/325
f 678/675/326 679/676/327 680/677/326
f 680/677/326 681/678/328 678/675/326
f 680/677/326 682/679/329 681/678/328
f 683/680/327 680/677/326 679/676/327
f 684/681/330 683/680/327 679/676/327
f 684/681/330 685/682/331 683/680/327
f 685/682/331 686/683/328 683/680/327
f 686/683/328 687/684/328 683/680/327
f 687/684/328 688/685/330 683/680/327
f 687/684/328 689/686/332 688/685/330
f 690/687/328 691/688/328 692/689/329
f 691/688/328 693/690/328 692/689/329
f 693/690/328 694/691/329 692/689/329
f 692/689/329 695/692/330 690/687/328
f 695/692/330 696/693/331 690/687/328
f 697/694/330 696/693/331 695/692/330
f 698/695/331 697/694/330 695/692/330
f 695/692/330 699/696/326 698/695/331
f 695/692/330 700/697/330 699/696/326
f 700/697/330 701/698/332 699/696/326
f 702/699/26 703/700/25 704/701/26
f 702/699/26 705/702/26 703/700/25
f 706/703/26 702/699/26 704/701/26
f 702/699/26 707/704/26 705/702/26
f 704/701/26 708/705/26 706/703/26
f 707/704/26 709/706/26 705/702/26
f 707/704/26 710/707/25 709/706/26
f 710/707/25 711/708/25 709/706/26
f 712/709/26 706/703/26 708/705/26
f 708/705/26 713/710/26 712/709/26
f 714/711/25 712/709/26 713/710/26
f 715/712/25 714/711/25 713/710/26
f 716/713/333 717/714/334 718/715/335
f 718/715/335 719/716/336 716/713/333
f 719/716/336 720/717/337 716/713/333
f 716/713/333 721/718/334 717/714/334
f 721/718/334 722/719/338 717/714/334
f 720/717/337 723/720/337 716/713/333
f 716/713/333 723/720/337 724/721/337
f 723/720/337 725/722/338 724/721/337
f 725/722/338 726/723/337 724/721/337
f 726/723/337 727/724/334 724/721/337
f 728/725/335 729/726/335 730/727/335
f 730/727/335 731/728/337 728/725/335
f 730/727/335 732/729/334 731/728/337
f 733/730/334 730/727/335 729/726/335
f 734/731/335 733/730/334 729/726/335
f 734/731/335 735/732/338 733/730/334
f 735/732/338 736/733/337 733/730/334
f 736/733/337 737/734/335 733/730/334
f 737/734/335 738/735/338 733/730/334
f 737/734/335 739/736/338 738/735/338
f 740/737/336 741/738/337 742/739/333
f 741/738/337 743/740/334 742/739/333
f 744/741/336 740/737/336 742/739/333
f 742/739/333 745/742/333 744/741/336
f 745/742/333 746/743/338 744/741/336
f 747/744/337 748/745/337 749/746/338
f 747/744/337 750/747/334 748/745/337
f 749/746/338 751/748/337 747/744/337
f 747/744/337 751/748/337 752/749/334
f 751/748/337 753/750/337 752/749/334
f 754/751/339 755/752/340 756/753/341
f 756/753/341 755/752/340 757/754/342
f 758/755/343 756/753/341 757/754/342
f 758/755/343 757/754/342 759/756/344
f 757/754/342 760/757/345 759/756/344
f 758/755/343 759/756/344 761/758/346
f 757/754/342 762/759/347 760/757/345
f 763/760/348 758/755/343 761/758/346
f 762/759/347 764/761/349 760/757/345
f 765/762/217 763/760/348 761/758/346
f 762/759/347 766/763/350 764/761/349
f 766/763/350 767/764/351 764/761/349
f 766/763/350 768/765/352 767/764/351
f 767/764/351 768/765/352 769/766/353
f 767/764/351 769/766/353 770/767/354
f 769/766/353 771/768/355 770/767/354
f 769/766/353 772/769/356 771/768/355
f 772/769/356 773/770/357 771/768/355
f 772/769/356 774/771/358 773/770/357
f 774/771/358 775/772/359 773/770/357
f 774/771/358 776/773/359 775/772/359
f 777/774/360 765/762/217 761/758/346
f 777/774/360 778/775/361 765/762/217
f 778/775/361 779/776/217 765/762/217
f 777/774/360 780/777/362 778/775/361
f 781/778/363 782/779/71 783/780/72
f 783/780/72 782/779/71 784/781/364
f 781/778/363 785/782/365 782/779/71
f 786/783/75 785/782/365 781/778/363
f 786/783/75 787/784/74 785/782/365
f 783/780/72 784/781/364 788/785/366
f 788/785/366 784/781/364 789/786/367
f 788/785/366 789/786/367 790/787/367
f 790/787/367 789/786/367 791/788/62
f 790/787/367 791/788/62 792/789/62
f 792/789/62 791/788/62 793/790/368
f 792/789/62 793/790/368 794/791/184
f 794/791/184 793/790/368 795/792/369
f 794/791/184 795/792/369 796/793/370
f 796/793/370 795/792/369 797/794/57
f 796/793/370 797/794/57 798/795/57
f 798/795/57 797/794/57 799/796/371
f 798/795/57 799/796/371 800/797/371
f 800/797/371 799/796/371 801/798/63
f 800/797/371 801/798/63 802/799/63
f 802/799/63 801/798/63 803/800/66
f 802/799/63 803/800/66 804/801/66
f 804/801/66 803/800/66 805/802/372
f 804/801/66 805/802/372 806/803/68
f 806/803/68 805/802/372 807/804/70
f 806/803/68 807/804/70 808/805/69
f 809/806/25 810/807/26 811/808/25
f 812/809/26 811/808/25 810/807/26
f 811/808/25 813/810/25 809/806/25
f 812/809/26 810/807/26 814/811/26
f 809/806/25 813/810/25 815/812/25
f 816/813/25 812/809/26 814/811/26
f 813/810/25 817/814/26 815/812/25
f 818/815/26 816/813/25 814/811/26
f 819/816/25 815/812/25 817/814/26
f 820/817/25 818/815/26 814/811/26
f 817/814/26 821/818/26 819/816/25
f 818/815/26 820/817/25 822/819/26
f 821/818/26 823/820/26 819/816/25
f 820/817/25 824/821/25 822/819/26
f 819/816/25 823/820/26 825/822/26
f 826/823/26 822/819/26 824/821/25
f 823/820/26 827/824/26 825/822/26
f 824/821/25 828/825/25 826/823/26
f 829/826/25 825/822/26 827/824/26
f 830/827/26 826/823/26 828/825/25
f 827/824/26 831/828/25 829/826/25
f 830/827/26 828/825/25 832/829/25
f 831/828/25 833/830/25 829/826/25
f 834/831/25 830/827/26 832/829/25
f 831/828/25 835/832/25 833/830/25
f 836/833/25 834/831/25 832/829/25
f 837/834/25 833/830/25 835/832/25
f 835/832/25 836/833/25 837/834/25
f 837/834/25 836/833/25 832/829/25
f 838/835/373 839/836/374 840/837/375
f 841/838/376 840/837/375 842/839/377
f 843/840/378 838/835/373 840/837/375
f 841/838/376 843/840/378 840/837/375
f 844/841/379 838/835/373 843/840/378
f 839/836/374 838/835/373 844/841/379
f 845/842/380 843/840/378 841/838/376
f 844/841/379 843/840/378 845/842/380
f 846/843/381 839/836/374 844/841/379
f 839/836/374 846/843/381 847/844/382
f 848/845/383 846/843/381 844/841/379
f 849/846/384 846/843/381 848/845/383
f 847/844/382 846/843/381 849/846/384
f 849/846/384 848/845/383 850/847/385
f 847/844/382 849/846/384 851/848/386
f 852/849/387 847/844/382 851/848/386
f 847/844/382 852/849/387 853/850/388
f 852/849/387 851/848/386 854/851/389
f 852/849/387 855/852/390 853/850/388
f 853/850/388 855/852/390 856/853/391
f 857/854/392 852/849/387 854/851/389
f 857/854/392 854/851/389 858/855/393
f 859/856/394 855/852/390 852/849/387
f 859/856/394 852/849/387 857/854/392
f 857/854/392 860/857/395 861/858/395
f 859/856/394 857/854/392 861/858/395
f 861/858/395 862/859/396 859/856/394
f 861/858/395 863/860/395 862/859/396
f 859/856/394 862/859/396 864/861/397
f 859/856/394 864/861/397 865/862/398
f 855/852/390 859/856/394 865/862/398
f 856/853/391 855/852/390 865/862/398
f 866/863/399 856/853/391 865/862/398
f 866/863/399 865/862/398 867/864/397
f 868/865/400 866/863/399 867/864/397
f 868/865/400 867/864/397 869/866/397
f 869/866/397 870/867/397 868/865/400
f 870/867/397 871/868/397 868/865/400
f 866/863/399 868/865/400 872/869/401
f 856/853/391 866/863/399 873/870/402
f 866/863/399 872/869/401 873/870/402
f 874/871/403 868/865/400 871/868/397
f 872/869/401 868/865/400 874/871/403
f 875/872/397 874/871/403 871/868/397
f 875/872/397 871/868/397 876/873/404
f 877/874/404 875/872/397 876/873/404
f 876/873/404 878/875/397 877/874/404
f 878/875/397 879/876/404 877/874/404
f 880/877/397 877/874/404 879/876/404
f 881/878/397 880/877/397 879/876/404
f 882/879/397 880/877/397 881/878/397
f 883/880/404 874/871/403 875/872/397
f 884/881/405 874/871/403 883/880/404
f 883/880/404 885/882/406 884/881/405
f 886/883/407 874/871/403 884/881/405
f 872/869/401 874/871/403 886/883/407
f 886/883/407 884/881/405 887/884/408
f 886/883/407 887/884/408 888/885/409
f 872/869/401 886/883/407 889/886/410
f 886/883/407 888/885/409 889/886/410
f 872/869/401 889/886/410 890/887/411
f 888/885/409 891/888/412 889/886/410
f 888/885/409 892/889/413 891/888/412
f 891/888/412 892/889/413 893/890/414
f 889/886/410 891/888/412 894/891/415
f 889/886/410 894/891/415 890/887/411
f 891/888/412 893/890/414 895/892/416
f 894/891/415 891/888/412 895/892/416
f 893/890/414 896/893/417 897/894/417
f 895/892/416 893/890/414 897/894/417
f 897/894/417 898/895/417 895/892/416
f 873/870/402 872/869/401 890/887/411
f 898/895/417 899/896/417 895/892/416
f 898/895/417 900/897/417 899/896/417
f 898/895/417 901/898/417 900/897/417
f 901/898/417 902/899/417 900/897/417
f 901/898/417 903/900/417 902/899/417
f 901/898/417 904/901/417 903/900/417
f 905/902/417 903/900/417 904/901/417
f 904/901/417 906/903/417 905/902/417
f 899/896/417 907/904/418 895/892/416
f 899/896/417 908/905/417 907/904/418
f 908/905/417 909/906/417 907/904/418
f 894/891/415 895/892/416 907/904/418
f 909/906/417 910/907/417 907/904/418
f 911/908/419 907/904/418 910/907/417
f 911/908/419 894/891/415 907/904/418
f 911/908/419 910/907/417 912/909/420
f 911/908/419 913/910/421 894/891/415
f 890/887/411 894/891/415 913/910/421
f 914/911/422 911/908/419 912/909/420
f 914/911/422 913/910/421 911/908/419
f 890/887/411 913/910/421 915/912/423
f 873/870/402 890/887/411 915/912/423
f 916/913/424 915/912/423 913/910/421
f 916/913/424 873/870/402 915/912/423
f 916/913/424 913/910/421 917/914/425
f 914/911/422 917/914/425 913/910/421
f 916/913/424 918/915/426 873/870/402
f 856/853/391 873/870/402 918/915/426
f 856/853/391 918/915/426 919/916/427
f 920/917/428 918/915/426 916/913/424
f 920/917/428 916/913/424 917/914/425
f 920/917/428 919/916/427 918/915/426
f 920/917/428 917/914/425 921/918/429
f 921/918/429 917/914/425 914/911/422
f 922/919/430 919/916/427 920/917/428
f 922/919/430 920/917/428 921/918/429
f 922/919/430 923/920/431 919/916/427
f 842/839/377 919/916/427 923/920/431
f 923/920/431 841/838/376 842/839/377
f 923/920/431 924/921/432 841/838/376
f 845/842/380 841/838/376 924/921/432
f 924/921/432 925/922/433 845/842/380
f 923/920/431 926/923/434 924/921/432
f 925/922/433 924/921/432 926/923/434
f 922/919/430 926/923/434 923/920/431
f 925/922/433 926/923/434 927/924/435
f 922/919/430 927/924/435 926/923/434
f 927/924/435 928/925/436 925/922/433
f 929/926/437 928/925/436 927/924/435
f 922/919/430 930/927/438 927/924/435
f 927/924/435 930/927/438 929/926/437
f 922/919/430 931/928/439 930/927/438
f 922/919/430 921/918/429 931/928/439
f 930/927/438 932/929/440 929/926/437
f 931/928/439 932/929/440 930/927/438
f 933/930/441 929/926/437 932/929/440
f 931/928/439 934/931/442 932/929/440
f 932/929/440 934/931/442 933/930/441
f 931/928/439 921/918/429 935/932/443
f 934/931/442 931/928/439 935/932/443
f 934/931/442 936/933/444 933/930/441
f 937/934/445 933/930/441 936/933/444
f 936/933/444 934/931/442 938/935/446
f 938/935/446 934/931/442 935/932/443
f 937/934/445 936/933/444 939/936/447
f 939/936/447 936/933/444 938/935/446
f 937/934/445 939/936/447 940/937/448
f 938/935/446 940/937/448 939/936/447
f 941/938/449 942/939/450 937/934/445
f 940/937/448 941/938/449 937/934/445
f 943/940/451 941/938/449 940/937/448
f 943/940/451 940/937/448 944/941/452
f 938/935/446 945/942/453 940/937/448
f 940/937/448 945/942/453 944/941/452
f 938/935/446 946/943/454 945/942/453
f 946/943/454 938/935/446 935/932/443
f 947/944/455 945/942/453 946/943/454
f 935/932/443 947/944/455 946/943/454
f 947/944/455 948/945/456 945/942/453
f 935/932/443 948/945/456 947/944/455
f 945/942/453 948/945/456 944/941/452
f 935/932/443 944/941/452 948/945/456
f 949/946/457 943/940/451 944/941/452
f 944/941/452 935/932/443 950/947/458
f 944/941/452 950/947/458 949/946/457
f 950/947/458 935/932/443 921/918/429
f 921/918/429 914/911/422 950/947/458
f 949/946/457 950/947/458 914/911/422
f 951/948/459 943/940/451 949/946/457
f 949/946/457 914/911/422 952/949/460
f 949/946/457 952/949/460 951/948/459
f 952/949/460 914/911/422 912/909/420
f 953/950/461 951/948/459 952/949/460
f 953/950/461 952/949/460 912/909/420
f 912/909/420 954/951/417 953/950/461
f 953/950/461 955/952/462 951/948/459
f 954/951/417 956/953/463 953/950/461
f 957/954/464 955/952/462 953/950/461
f 953/950/461 956/953/463 957/954/464
f 957/954/464 958/955/464 955/952/462
f 956/953/463 959/956/464 957/954/464
f 960/957/465 961/958/466 962/959/467
f 962/959/467 961/958/466 963/960/468
f 961/958/466 964/961/469 963/960/468
f 960/957/465 962/959/467 965/962/470
f 961/958/466 966/963/471 964/961/469
f 966/963/471 967/964/472 964/961/469
f 966/963/471 968/965/473 967/964/472
f 966/963/471 961/958/466 969/966/474
f 969/966/474 961/958/466 960/957/465
f 970/967/475 968/965/473 966/963/471
f 966/963/471 969/966/474 970/967/475
f 970/967/475 971/968/476 968/965/473
f 969/966/474 960/957/465 972/969/477
f 969/966/474 972/969/477 970/967/475
f 973/970/478 971/968/476 970/967/475
f 973/970/478 974/971/479 971/968/476
f 975/972/480 974/971/479 973/970/478
f 973/970/478 970/967/475 976/973/481
f 972/969/477 976/973/481 970/967/475
f 975/972/480 973/970/478 977/974/482
f 978/975/483 975/972/480 977/974/482
f 978/975/483 977/974/482 979/976/484
f 977/974/482 973/970/478 980/977/485
f 976/973/481 980/977/485 973/970/478
f 979/976/484 977/974/482 981/978/486
f 977/974/482 980/977/485 981/978/486
f 979/976/484 981/978/486 982/979/487
f 983/980/488 982/979/487 981/978/486
f 984/981/489 976/973/481 972/969/477
f 980/977/485 976/973/481 984/981/489
f 980/977/485 984/981/489 981/978/486
f 984/981/489 983/980/488 981/978/486
f 972/969/477 960/957/465 984/981/489
f 985/982/490 983/980/488 984/981/489
f 960/957/465 965/962/470 984/981/489
f 965/962/470 985/982/490 984/981/489
f 965/962/470 986/983/491 985/982/490
f 965/962/470 987/984/492 986/983/491
f 987/984/492 988/985/470 986/983/491
f 987/984/492 989/986/470 988/985/470
f 990/987/329 991/988/330 992/989/328
f 992/989/328 993/990/329 990/987/329
f 992/989/328 994/991/330 993/990/329
f 995/992/330 992/989/328 991/988/330
f 996/993/328 995/992/330 991/988/330
f 996/993/328 997/994/329 995/992/330
f 997/994/329 998/995/330 995/992/330
f 998/995/330 999/996/327 995/992/330
f 999/996/327 1000/997/328 995/992/330
f 999/996/327 1001/998/330 1000/997/328
f 1002/999/327 1003/1000/326 1004/1001/326
f 1003/1000/326 1005/1002/329 1004/1001/326
f 1005/1002/329 1006/1003/330 1004/1001/326
f 1004/1001/326 1007/1004/327 1002/999/327
f 1007/1004/327 1008/1005/327 1002/999/327
f 1009/1006/331 1008/1005/327 1007/1004/327
f 1010/1007/327 1009/1006/331 1007/1004/327
f 1007/1004/327 1011/1008/330 1010/1007/327
f 1007/1004/327 1012/1009/328 1011/1008/330
f 1012/1009/328 1013/1010/330 1011/1008/330
f 1014/1011/370 1015/1012/368 1016/1013/370
f 1014/1011/370 1017/1014/184 1015/1012/368
f 1018/1015/57 1014/1011/370 1016/1013/370
f 1017/1014/184 1019/1016/64 1015/1012/368
f 1018/1015/57 1016/1013/370 1020/1017/493
f 1017/1014/184 1021/1018/62 1019/1016/64
f 1022/1019/59 1018/1015/57 1020/1017/493
f 1021/1018/62 1023/1020/65 1019/1016/64
f 1022/1019/59 1020/1017/493 1024/1021/59
f 1021/1018/62 1025/1022/65 1023/1020/65
f 1025/1022/65 1026/1023/494 1023/1020/65
f 1025/1022/65 1027/1024/494 1026/1023/494
f 1028/1025/63 1022/1019/59 1024/1021/59
f 1028/1025/63 1024/1021/59 1029/1026/63
f 1030/1027/66 1028/1025/63 1029/1026/63
f 1030/1027/66 1029/1026/63 1031/1028/66
f 1032/1029/495 1030/1027/66 1031/1028/66
f 1032/1029/495 1031/1028/66 1033/1030/495
f 1034/1031/70 1032/1029/495 1033/1030/495
f 1034/1031/70 1033/1030/495 1035/1032/496
f 1036/1033/497 1034/1031/70 1035/1032/496
f 1036/1033/497 1035/1032/496 1037/1034/498
f 1038/1035/71 1036/1033/497 1037/1034/498
f 1038/1035/71 1037/1034/498 1039/1036/72
f 1040/1037/494 1038/1035/71 1039/1036/72
f 1040/1037/494 1039/1036/72 1041/1038/494
f 1042/1039/334 1043/1040/338 1044/1041/333
f 1045/1042/336 1042/1039/334 1044/1041/333
f 1046/1043/333 1045/1042/336 1044/1041/333
f 1047/1044/335 1046/1043/333 1044/1041/333
f 1048/1045/335 1046/1043/333 1047/1044/335
f 1049/1046/337 1048/1045/335 1047/1044/335
f 1050/1047/334 1049/1046/337 1047/1044/335
f 1051/1048/337 1052/1049/338 1053/1050/338
f 1054/1051/334 1051/1048/337 1053/1050/338
f 1052/1049/338 1055/1052/499 1053/1050/338
f 1053/1050/338 1055/1052/499 1056/1053/337
f 1055/1052/499 1057/1054/337 1056/1053/337
f 1057/1054/337 1058/1055/337 1056/1053/337
f 1058/1055/337 1059/1056/334 1056/1053/337
f 1060/1057/500 1061/1058/501 1062/1059/502
f 1063/1060/503 1062/1059/502 1061/1058/501
f 1064/1061/501 1063/1060/503 1061/1058/501
f 1065/1062/501 1064/1061/501 1061/1058/501
f 1061/1058/501 1066/1063/504 1065/1062/501
f 1066/1063/504 1067/1064/503 1065/1062/501
f 1066/1063/504 1068/1065/505 1067/1064/503
f 1069/1066/506 1068/1065/505 1066/1063/504
f 1069/1066/506 1070/1067/507 1068/1065/505
f 1071/1068/508 1070/1067/507 1069/1066/506
f 1071/1068/508 1072/1069/509 1070/1067/507
f 1072/1069/509 1071/1068/508 1073/1070/510
f 1072/1069/509 1073/1070/510 1074/1071/511
f 1075/1072/512 1074/1071/511 1073/1070/510
f 1076/1073/513 1075/1072/512 1073/1070/510
f 1073/1070/510 1077/1074/513 1076/1073/513
f 1078/1075/512 1076/1073/513 1077/1074/513
f 1079/1076/514 1078/1075/512 1077/1074/513
f 1073/1070/510 1080/1077/515 1077/1074/513
f 1080/1077/515 1081/1078/513 1077/1074/513
f 1080/1077/515 1082/1079/516 1081/1078/513
f 1082/1079/516 1080/1077/515 1083/1080/517
f 1082/1079/516 1083/1080/517 1084/1081/518
f 1085/1082/334 1086/1083/338 1087/1084/519
f 1086/1083/338 1088/1085/338 1087/1084/519
f 1089/1086/337 1085/1082/334 1087/1084/519
f 1087/1084/519 1090/1087/334 1089/1086/337
f 1090/1087/334 1091/1088/334 1089/1086/337
f 1092/1089/335 1093/1090/338 1094/1091/333
f 1092/1089/335 1095/1092/338 1093/1090/338
f 1094/1091/333 1096/1093/336 1092/1089/335
f 1092/1089/335 1096/1093/336 1097/1094/333
f 1096/1093/336 1098/1095/334 1097/1094/333
f 1099/1096/520 1100/1097/521 1101/1098/522
f 1102/1099/523 1099/1096/520 1101/1098/522
f 1101/1098/522 1103/1100/524 1102/1099/523
f 1103/1100/524 1104/1101/524 1102/1099/523
f 1099/1096/520 1105/1102/525 1100/1097/521
f 1100/1097/521 1105/1102/525 1106/1103/526
f 1106/1103/526 1105/1102/525 1107/1104/527
f 1105/1102/525 1108/1105/528 1107/1104/527
f 1108/1105/528 1109/1106/529 1107/1104/527
f 1109/1106/529 1110/1107/526 1107/1104/527
f 1109/1106/529 1111/1108/529 1110/1107/526
f 1108/1105/528 1112/1109/529 1109/1106/529
f 1108/1105/528 1113/1110/530 1112/1109/529
f 1108/1105/528 1114/1111/531 1113/1110/530
f 1108/1105/528 1115/1112/532 1114/1111/531
f 1115/1112/532 1116/1113/533 1114/1111/531
f 1115/1112/532 1117/1114/534 1116/1113/533
f 1117/1114/534 1118/1115/535 1116/1113/533
f 1117/1114/534 1060/1057/500 1118/1115/535
f 1118/1115/535 1060/1057/500 1119/1116/501
f 1119/1116/501 1060/1057/500 1062/1059/502
f 1120/1117/25 1121/1118/25 1122/1119/25
f 1123/1120/25 1122/1119/25 1121/1118/25
f 1122/1119/25 1124/1121/26 1120/1117/25
f 1123/1120/25 1121/1118/25 1125/1122/25
f 1120/1117/25 1124/1121/26 1126/1123/25
f 1127/1124/25 1123/1120/25 1125/1122/25
f 1124/1121/26 1128/1125/25 1126/1123/25
f 1129/1126/26 1127/1124/25 1125/1122/25
f 1130/1127/25 1126/1123/25 1128/1125/25
f 1131/1128/26 1129/1126/26 1125/1122/25
f 1128/1125/25 1132/1129/25 1130/1127/25
f 1129/1126/26 1131/1128/26 1133/1130/25
f 1132/1129/25 1134/1131/25 1130/1127/25
f 1131/1128/26 1135/1132/25 1133/1130/25
f 1130/1127/25 1134/1131/25 1136/1133/26
f 1137/1134/25 1133/1130/25 1135/1132/25
f 1134/1131/25 1138/1135/25 1136/1133/26
f 1135/1132/25 1139/1136/25 1137/1134/25
f 1140/1137/25 1136/1133/26 1138/1135/25
f 1141/1138/25 1137/1134/25 1139/1136/25
f 1138/1135/25 1142/1139/26 1140/1137/25
f 1141/1138/25 1139/1136/25 1143/1140/25
f 1142/1139/26 1144/1141/25 1140/1137/25
f 1145/1142/25 1141/1138/25 1143/1140/25
f 1142/1139/26 1146/1143/25 1144/1141/25
f 1147/1144/25 1145/1142/25 1143/1140/25
f 1148/1145/25 1144/1141/25 1146/1143/25
f 1146/1143/25 1147/1144/25 1148/1145/25
f 1148/1145/25 1147/1144/25 1143/1140/25
f 1149/1146/293 1150/1147/536 1151/1148/537
f 1149/1146/293 1152/1149/538 1150/1147/536
f 1150/1147/536 1152/1149/538 1153/1150/539
f 1154/1151/540 1150/1147/536 1153/1150/539
f 1152/1149/538 1155/1152/541 1153/1150/539
f 1152/1149/538 1156/1153/540 1155/1152/541
f 1155/1152/541 1157/1154/542 1153/1150/539
f 1157/1154/542 1158/1155/543 1153/1150/539
f 1155/1152/541 1159/1156/544 1157/1154/542
f 1160/1157/545 1161/1158/546 1162/1159/547
f 1160/1157/545 1163/1160/548 1161/1158/546
f 1163/1160/548 1164/1161/549 1161/1158/546
f 1163/1160/548 1165/1162/550 1164/1161/549
f 1166/1163/551 1165/1162/550 1163/1160/548
f 1167/1164/552 1161/1158/546 1164/1161/549
f 1167/1164/552 1164/1161/549 1168/1165/553
f 1167/1164/552 1168/1165/553 1169/1166/554
f 1168/1165/553 1170/1167/555 1169/1166/554
f 1171/1168/556 1161/1158/546 1167/1164/552
f 1171/1168/556 1167/1164/552 1169/1166/554
f 1171/1168/556 1162/1159/547 1161/1158/546
f 1172/1169/557 1171/1168/556 1169/1166/554
f 1172/1169/557 1173/1170/558 1171/1168/556
f 1173/1170/558 1162/1159/547 1171/1168/556
f 1174/1171/557 1173/1170/558 1172/1169/557
f 1175/1172/242 1174/1171/557 1176/1173/557
f 1175/1172/242 1177/1174/559 1174/1171/557
f 1174/1171/557 1177/1174/559 1173/1170/558
f 1178/1175/237 1177/1174/559 1175/1172/242
f 1177/1174/559 1179/1176/560 1173/1170/558
f 1173/1170/558 1179/1176/560 1162/1159/547
f 1178/1175/237 1180/1177/237 1177/1174/559
f 1177/1174/559 1180/1177/237 1179/1176/560
f 1180/1177/237 1178/1175/237 1181/1178/561
f 1162/1159/547 1179/1176/560 1182/1179/562
f 1182/1179/562 1179/1176/560 1180/1177/237
f 1180/1177/237 1181/1178/561 1183/1180/561
f 1182/1179/562 1180/1177/237 1183/1180/561
f 1184/1181/563 1183/1180/561 1181/1178/561
f 1184/1181/563 1182/1179/562 1183/1180/561
f 1184/1181/563 1181/1178/561 1185/1182/234
f 1186/1183/564 1184/1181/563 1185/1182/234
f 1186/1183/564 1185/1182/234 1187/1184/565
f 1186/1183/564 1188/1185/566 1184/1181/563
f 1184/1181/563 1188/1185/566 1182/1179/562
f 1186/1183/564 1189/1186/567 1188/1185/566
f 1188/1185/566 1190/1187/568 1182/1179/562
f 1162/1159/547 1182/1179/562 1190/1187/568
f 1189/1186/567 1191/1188/569 1188/1185/566
f 1188/1185/566 1191/1188/569 1190/1187/568
f 1189/1186/567 1192/1189/570 1191/1188/569
f 1193/1190/571 1162/1159/547 1190/1187/568
f 1193/1190/571 1160/1157/545 1162/1159/547
f 1194/1191/572 1190/1187/568 1191/1188/569
f 1193/1190/571 1190/1187/568 1194/1191/572
f 1195/1192/573 1191/1188/569 1192/1189/570
f 1194/1191/572 1191/1188/569 1195/1192/573
f 1196/1193/574 1195/1192/573 1192/1189/570
f 1192/1189/570 1197/1194/575 1196/1193/574
f 1195/1192/573 1196/1193/574 1198/1195/576
f 1195/1192/573 1198/1195/576 1194/1191/572
f 1199/1196/577 1194/1191/572 1198/1195/576
f 1193/1190/571 1194/1191/572 1199/1196/577
f 1199/1196/577 1198/1195/576 1200/1197/578
f 1201/1198/579 1199/1196/577 1200/1197/578
f 1199/1196/577 1202/1199/580 1193/1190/571
f 1202/1199/580 1160/1157/545 1193/1190/571
f 1201/1198/579 1203/1200/581 1199/1196/577
f 1199/1196/577 1203/1200/581 1202/1199/580
f 1202/1199/580 1203/1200/581 1201/1198/579
f 1202/1199/580 1201/1198/579 1204/1201/582
f 1205/1202/583 1202/1199/580 1204/1201/582
f 1202/1199/580 1206/1203/584 1160/1157/545
f 1205/1202/583 1206/1203/584 1202/1199/580
f 1163/1160/548 1160/1157/545 1206/1203/584
f 1206/1203/584 1205/1202/583 1166/1163/551
f 1166/1163/551 1163/1160/548 1207/1204/585
f 1163/1160/548 1206/1203/584 1207/1204/585
f 1206/1203/584 1166/1163/551 1207/1204/585
f 1208/1205/586 1209/1206/587 1210/1207/587
f 1209/1206/587 1211/1208/588 1210/1207/587
f 1208/1205/586 1212/1209/589 1209/1206/587
f 1209/1206/587 1213/1210/590 1211/1208/588
f 1214/1211/591 1212/1209/589 1208/1205/586
f 1213/1210/590 1215/1212/592 1211/1208/588
f 1214/1211/591 1216/1213/593 1212/1209/589
f 1213/1210/590 1217/1214/592 1215/1212/592
f 1218/1215/594 1216/1213/593 1214/1211/591
f 1215/1212/592 1217/1214/592 1219/1216/595
f 1218/1215/594 1220/1217/596 1216/1213/593
f 1215/1212/592 1219/1216/595 1221/1218/595
f 1222/1219/597 1220/1217/596 1218/1215/594
f 1219/1216/595 1223/1220/598 1221/1218/595
f 1222/1219/597 1218/1215/594 1224/1221/597
f 1219/1216/595 1225/1222/599 1223/1220/598
f 1226/1223/600 1222/1219/597 1224/1221/597
f 1223/1220/598 1225/1222/599 1227/1224/601
f 1226/1223/600 1228/1225/600 1222/1219/597
f 1223/1220/598 1227/1224/601 1229/1226/601
f 1227/1224/601 1230/1227/602 1229/1226/601
f 1227/1224/601 1231/1228/603 1230/1227/602
f 1232/1229/604 1228/1225/600 1226/1223/600
f 1232/1229/604 1226/1223/600 1233/1230/604
f 1234/1231/605 1232/1229/604 1233/1230/604
f 1234/1231/605 1233/1230/604 1235/1232/606
f 1236/1233/217 1237/1234/217 1238/1235/217
f 1236/1233/217 1239/1236/217 1237/1234/217
f 1240/1237/329 1241/1238/331 1242/1239/329
f 1242/1239/329 1243/1240/329 1240/1237/329
f 1242/1239/329 1244/1241/330 1243/1240/329
f 1245/1242/607 1242/1239/329 1241/1238/331
f 1246/1243/327 1245/1242/607 1241/1238/331
f 1246/1243/327 1247/1244/330 1245/1242/607
f 1247/1244/330 1248/1245/329 1245/1242/607
f 1248/1245/329 1249/1246/331 1245/1242/607
f 1249/1246/331 1250/1247/328 1245/1242/607
f 1249/1246/331 1251/1248/330 1250/1247/328
f 1252/1249/328 1253/1250/326 1254/1251/331
f 1253/1250/326 1255/1252/329 1254/1251/331
f 1255/1252/329 1256/1253/330 1254/1251/331
f 1254/1251/331 1257/1254/608 1252/1249/328
f 1257/1254/608 1258/1255/328 1252/1249/328
f 1259/1256/331 1258/1255/328 1257/1254/608
f 1260/1257/331 1259/1256/331 1257/1254/608
f 1257/1254/608 1261/1258/330 1260/1257/331
f 1257/1254/608 1262/1259/328 1261/1258/330
f 1262/1259/328 1263/1260/330 1261/1258/330
f 1264/1261/609 1265/1262/610 1266/1263/611
f 1264/1261/609 1267/1264/612 1265/1262/610
f 1268/1265/613 1267/1264/612 1264/1261/609
f 1264/1261/609 1269/1266/614 1268/1265/613
f 1269/1266/614 1270/1267/615 1268/1265/613
f 1271/1268/616 1269/1266/614 1264/1261/609
f 1264/1261/609 1266/1263/611 1272/1269/617
f 1272/1269/617 1271/1268/616 1264/1261/609
f 1266/1263/611 1273/1270/618 1272/1269/617
f 1274/1271/619 1271/1268/616 1272/1269/617
f 1274/1271/619 1272/1269/617 1275/1272/620
f 1274/1271/619 1275/1272/620 1276/1273/621
f 1277/1274/622 1274/1271/619 1276/1273/621
f 1275/1272/620 1278/1275/623 1279/1276/624
f 1279/1276/624 1276/1273/621 1275/1272/620
f 1280/1277/625 1276/1273/621 1279/1276/624
f 1280/1277/625 1281/1278/626 1276/1273/621
f 1276/1273/621 1281/1278/626 1282/1279/627
f 1277/1274/622 1276/1273/621 1282/1279/627
f 1282/1279/627 1283/1280/628 1277/1274/622
f 1284/1281/333 1285/1282/336 1286/1283/333
f 1287/1284/334 1284/1281/333 1286/1283/333
f 1288/1285/333 1287/1284/334 1286/1283/333
f 1289/1286/336 1288/1285/333 1286/1283/333
f 1290/1287/335 1288/1285/333 1289/1286/336
f 1291/1288/338 1290/1287/335 1289/1286/336
f 1292/1289/334 1291/1288/338 1289/1286/336
f 1293/1290/337 1294/1291/334 1295/1292/337
f 1296/1293/334 1293/1290/337 1295/1292/337
f 1294/1291/334 1297/1294/334 1295/1292/337
f 1295/1292/337 1297/1294/334 1298/1295/338
f 1297/1294/334 1299/1296/337 1298/1295/338
f 1299/1296/337 1300/1297/338 1298/1295/338
f 1300/1297/338 1301/1298/334 1298/1295/338
f 1302/1299/184 1303/1300/629 1304/1301/184
f 1302/1299/184 1305/1302/629 1303/1300/629
f 1303/1300/629 1305/1302/629 1306/1303/630
f 1305/1302/629 1307/1304/630 1306/1303/630
f 1308/1305/631 1306/1303/630 1307/1304/630
f 1307/1304/630 1309/1306/632 1308/1305/631
f 1310/1307/631 1308/1305/631 1309/1306/632
f 1309/1306/632 1311/1308/633 1310/1307/631
f 1311/1308/633 1312/1309/630 1310/1307/631
f 1311/1308/633 1309/1306/632 1313/1310/634
f 1311/1308/633 1314/1311/630 1312/1309/630
f 1311/1308/633 1313/1310/634 1315/1312/635
f 1311/1308/633 1316/1313/631 1314/1311/630
f 1316/1313/631 1317/1314/631 1314/1311/630
f 1316/1313/631 1318/1315/629 1317/1314/631
f 1318/1315/629 1319/1316/629 1317/1314/631
f 1319/1316/629 1318/1315/629 1320/1317/184
f 1319/1316/629 1320/1317/184 1321/1318/184
f 1322/1319/636 1315/1312/635 1313/1310/634
f 1322/1319/636 1313/1310/634 1323/1320/637
f 1322/1319/636 1323/1320/637 1324/1321/184
f 1324/1321/184 1323/1320/637 1325/1322/638
f 1324/1321/184 1326/1323/184 1322/1319/636
f 1327/1324/184 1322/1319/636 1326/1323/184
f 1326/1323/184 1328/1325/184 1327/1324/184
f 1323/1320/637 1329/1326/638 1325/1322/638
f 1323/1320/637 1330/1327/184 1329/1326/638
f 1330/1327/184 1331/1328/184 1329/1326/638
f 1332/1329/335 1333/1330/337 1334/1331/336
f 1332/1329/335 1335/1332/338 1333/1330/337
f 1334/1331/336 1336/1333/335 1332/1329/335
f 1332/1329/335 1336/1333/335 1337/1334/335
f 1336/1333/335 1338/1335/337 1337/1334/335
f 1339/1336/337 1340/1337/337 1341/1338/334
f 1340/1337/337 1342/1339/338 1341/1338/334
f 1343/1340/334 1339/1336/337 1341/1338/334
f 1341/1338/334 1344/1341/334 1343/1340/334
f 1344/1341/334 1345/1342/338 1343/1340/334
f 1346/1343/369 1347/1344/184 1348/1345/370
f 1346/1343/369 1349/1346/368 1347/1344/184
f 1350/1347/57 1346/1343/369 1348/1345/370
f 1349/1346/368 1351/1348/62 1347/1344/184
f 1350/1347/57 1348/1345/370 1352/1349/57
f 1349/1346/368 1353/1350/639 1351/1348/62
f 1354/1351/371 1350/1347/57 1352/1349/57
f 1353/1350/639 1355/1352/640 1351/1348/62
f 1354/1351/371 1352/1349/57 1356/1353/371
f 1353/1350/639 1357/1354/367 1355/1352/640
f 1358/1355/63 1354/1351/371 1356/1353/371
f 1357/1354/367 1359/1356/641 1355/1352/640
f 1358/1355/63 1356/1353/371 1360/1357/63
f 1357/1354/367 1361/1358/364 1359/1356/641
f 1362/1359/66 1358/1355/63 1360/1357/63
f 1361/1358/364 1363/1360/72 1359/1356/641
f 1362/1359/66 1360/1357/63 1364/1361/66
f 1361/1358/364 1365/1362/71 1363/1360/72
f 1366/1363/372 1362/1359/66 1364/1361/66
f 1365/1362/71 1367/1364/363 1363/1360/72
f 1366/1363/372 1364/1361/66 1368/1365/68
f 1369/1366/69 1366/1363/372 1368/1365/68
f 1369/1366/69 1368/1365/68 1370/1367/70
f 1365/1362/71 1371/1368/73 1367/1364/363
f 1371/1368/73 1372/1369/74 1367/1364/363
f 1371/1368/73 1373/1370/75 1372/1369/74
f 1374/1371/642 1375/1372/643 1376/1373/644
f 1377/1374/645 1376/1373/644 1375/1372/643
f 1377/1374/645 1378/1375/646 1376/1373/644
f 1379/1376/647 1375/1372/643 1374/1371/642
f 1379/1376/647 1374/1371/642 1376/1373/644
f 1379/1376/647 1380/1377/648 1375/1372/643
f 1376/1373/644 1378/1375/646 1381/1378/649
f 1381/1378/649 1379/1376/647 1376/1373/644
f 1380/1377/648 1379/1376/647 1382/1379/650
f 1382/1379/650 1379/1376/647 1381/1378/649
f 1383/1380/651 1380/1377/648 1382/1379/650
f 1384/1381/652 1382/1379/650 1381/1378/649
f 1383/1380/651 1382/1379/650 1384/1381/652
f 1381/1378/649 1385/1382/653 1384/1381/652
f 1386/1383/654 1380/1377/648 1383/1380/651
f 1387/1384/655 1388/1385/656 1386/1383/654
f 1383/1380/651 1387/1384/655 1386/1383/654
f 1389/1386/217 1387/1384/655 1390/1387/217
f 1387/1384/655 1383/1380/651 1390/1387/217
f 1391/1388/217 1390/1387/217 1383/1380/651
f 1392/1389/217 1391/1388/217 1383/1380/651
f 1392/1389/217 1393/1390/217 1391/1388/217
f 1394/1391/217 1392/1389/217 1383/1380/651
f 1383/1380/651 1395/1392/657 1394/1391/217
f 1383/1380/651 1384/1381/652 1395/1392/657
f 1396/1393/217 1397/1394/217 1394/1391/217
f 1394/1391/217 1395/1392/657 1396/1393/217
f 1398/1395/219 1396/1393/217 1395/1392/657
f 1395/1392/657 1399/1396/658 1398/1395/219
f 1399/1396/658 1400/1397/219 1398/1395/219
f 1399/1396/658 1395/1392/657 1401/1398/659
f 1401/1398/659 1402/1399/660 1399/1396/658
f 1403/1400/661 1401/1398/659 1395/1392/657
f 1384/1381/652 1403/1400/661 1395/1392/657
f 1404/1401/662 1403/1400/661 1384/1381/652
f 1384/1381/652 1385/1382/653 1404/1401/662
f 1404/1401/662 1405/1402/663 1403/1400/661
f 1404/1401/662 1406/1403/664 1405/1402/663
f 1407/1404/665 1404/1401/662 1385/1382/653
f 1407/1404/665 1406/1403/664 1404/1401/662
f 1406/1403/664 1407/1404/665 1405/1402/663
f 1385/1382/653 1408/1405/666 1407/1404/665
f 1409/1406/667 1405/1402/663 1407/1404/665
f 1409/1406/667 1407/1404/665 1408/1405/666
f 1410/1407/668 1411/1408/669 1412/1409/670
f 1410/1407/668 1413/1410/669 1411/1408/669
f 1414/1411/671 1410/1407/668 1412/1409/670
f 1414/1411/671 1412/1409/670 1415/1412/672
f 1416/1413/673 1414/1411/671 1415/1412/672
f 1416/1413/673 1417/1414/674 1414/1411/671
f 1418/1415/237 1417/1414/674 1416/1413/673
f 1416/1413/673 1419/1416/237 1418/1415/237
f 1419/1416/237 1420/1417/675 1418/1415/237
f 1420/1417/675 1421/1418/676 1418/1415/237
f 1422/1419/677 1421/1418/676 1420/1417/675
f 1422/1419/677 1420/1417/675 1423/1420/678
f 1424/1421/184 1422/1419/677 1423/1420/678
f 1424/1421/184 1423/1420/678 1425/1422/184
f 1426/1423/679 1427/1424/680 1428/1425/680
f 1426/1423/679 1429/1426/679 1427/1424/680
f 1427/1424/680 1430/1427/681 1428/1425/680
f 1427/1424/680 1431/1428/682 1430/1427/681
f 1431/1428/682 1432/1429/683 1430/1427/681
f 1431/1428/682 1433/1430/684 1432/1429/683
f 1434/1431/685 1435/1432/686 1436/1433/687
f 1436/1433/687 1435/1432/686 1437/1434/688
f 1436/1433/687 1437/1434/688 1438/1435/689
f 1434/1431/685 1439/1436/690 1435/1432/686
f 1434/1431/685 1440/1437/679 1439/1436/690
f 1434/1431/685 1441/1438/679 1440/1437/679
f 1442/1439/691 1443/1440/692 1444/1441/25
f 1445/1442/25 1444/1441/25 1443/1440/692
f 1444/1441/25 1446/1443/25 1442/1439/691
f 1447/1444/25 1443/1440/692 1442/1439/691
f 1448/1445/693 1447/1444/25 1442/1439/691
f 1443/1440/692 1449/1446/692 1445/1442/25
f 1449/1446/692 1450/1447/25 1445/1442/25
f 1451/1448/26 1449/1446/692 1443/1440/692
f 1452/1449/25 1449/1446/692 1451/1448/26
f 1453/1450/25 1452/1449/25 1451/1448/26
f 1454/1451/25 1453/1450/25 1451/1448/26
f 1449/1446/692 1455/1452/55 1450/1447/25
f 1456/1453/26 1450/1447/25 1455/1452/55
f 1457/1454/26 1456/1453/26 1455/1452/55
f 1458/1455/691 1457/1454/26 1455/1452/55
f 1455/1452/55 1459/1456/25 1458/1455/691
f 1460/1457/25 1457/1454/26 1458/1455/691
f 1459/1456/25 1461/1458/25 1458/1455/691
f 1462/1459/25 1458/1455/691 1461/1458/25
f 1463/1460/25 1462/1459/25 1461/1458/25
f 1464/1461/25 1460/1457/25 1458/1455/691
f 1465/1462/25 1460/1457/25 1464/1461/25
f 1466/1463/25 1465/1462/25 1464/1461/25
f 1467/1464/25 1466/1463/25 1464/1461/25
f 1465/1462/25 1466/1463/25 1468/1465/25
f 1466/1463/25 1469/1466/25 1468/1465/25
f 1470/1467/25 1465/1462/25 1468/1465/25
f 1470/1467/25 1468/1465/25 1471/1468/691
f 1472/1469/26 1470/1467/25 1471/1468/691
f 1471/1468/691 1473/1470/55 1472/1469/26
f 1474/1471/26 1472/1469/26 1473/1470/55
f 1473/1470/55 1475/1472/25 1474/1471/26
f 1476/1473/25 1473/1470/55 1471/1468/691
f 1477/1474/25 1476/1473/25 1471/1468/691
f 1471/1468/691 1478/1475/25 1477/1474/25
f 1478/1475/25 1479/1476/25 1477/1474/25
f 1473/1470/55 1480/1477/692 1475/1472/25
f 1475/1472/25 1480/1477/692 1481/1478/25
f 1480/1477/692 1482/1479/692 1481/1478/25
f 1481/1478/25 1482/1479/692 1483/1480/25
f 1484/1481/26 1482/1479/692 1480/1477/692
f 1480/1477/692 1485/1482/25 1484/1481/26
f 1485/1482/25 1486/1483/25 1484/1481/26
f 1486/1483/25 1487/1484/25 1484/1481/26
f 1482/1479/692 1488/1485/691 1483/1480/25
f 1482/1479/692 1489/1486/25 1488/1485/691
f 1489/1486/25 1490/1487/25 1488/1485/691
f 1488/1485/691 1446/1443/25 1483/1480/25
f 1488/1485/691 1491/1488/25 1446/1443/25
f 1488/1485/691 1492/1489/25 1491/1488/25
f 1446/1443/25 1491/1488/25 1442/1439/691
f 1491/1488/25 1493/1490/25 1442/1439/691
f 1494/1491/217 1495/1492/217 1496/1493/217
f 1494/1491/217 1497/1494/217 1495/1492/217
f 1496/1493/217 1498/1495/217 1494/1491/217
f 1499/1496/217 1500/1497/217 1501/1498/217
f 1502/1499/217 1499/1496/217 1501/1498/217
f 1501/1498/217 1503/1500/217 1502/1499/217
f 1504/1501/370 1505/1502/368 1506/1503/370
f 1504/1501/370 1507/1504/184 1505/1502/368
f 1508/1505/57 1504/1501/370 1506/1503/370
f 1507/1504/184 1509/1506/62 1505/1502/368
f 1508/1505/57 1506/1503/370 1510/1507/493
f 1507/1504/184 1511/1508/639 1509/1506/62
f 1512/1509/61 1508/1505/57 1510/1507/493
f 1511/1508/639 1513/1510/65 1509/1506/62
f 1512/1509/61 1510/1507/493 1514/1511/61
f 1511/1508/639 1515/1512/65 1513/1510/65
f 1516/1513/694 1512/1509/61 1514/1511/61
f 1515/1512/65 1517/1514/494 1513/1510/65
f 1516/1513/694 1514/1511/61 1518/1515/63
f 1515/1512/65 1519/1516/695 1517/1514/494
f 1520/1517/696 1516/1513/694 1518/1515/63
f 1521/1518/697 1517/1514/494 1519/1516/695
f 1520/1517/696 1518/1515/63 1522/1519/698
f 1521/1518/697 1519/1516/695 1523/1520/699
f 1524/1521/372 1520/1517/696 1522/1519/698
f 1523/1520/699 1525/1522/700 1521/1518/697
f 1524/1521/372 1522/1519/698 1526/1523/68
f 1527/1524/70 1524/1521/372 1526/1523/68
f 1527/1524/70 1526/1523/68 1528/1525/70
f 1523/1520/699 1529/1526/700 1525/1522/700
f 1529/1526/700 1530/1527/73 1525/1522/700
f 1529/1526/700 1531/1528/73 1530/1527/73
f 1531/1528/73 1532/1529/75 1530/1527/73
f 1531/1528/73 1533/1530/75 1532/1529/75
f 1534/1531/701 1535/1532/702 1536/1533/703
f 1534/1531/701 1537/1534/704 1535/1532/702
f 1534/1531/701 1538/1535/705 1537/1534/704
f 1538/1535/705 1539/1536/705 1537/1534/704
f 1540/1537/706 1538/1535/705 1534/1531/701
f 1541/1538/707 1534/1531/701 1536/1533/703
f 1534/1531/701 1541/1538/707 1540/1537/706
f 1542/1539/708 1541/1538/707 1536/1533/703
f 1540/1537/706 1541/1538/707 1542/1539/708
f 1536/1533/703 1543/1540/709 1542/1539/708
f 1540/1537/706 1542/1539/708 1544/1541/710
f 1543/1540/709 1545/1542/711 1542/1539/708
f 1546/1543/712 1545/1542/711 1543/1540/709
f 1544/1541/710 1542/1539/708 1547/1544/713
f 1545/1542/711 1547/1544/713 1542/1539/708
f 1544/1541/710 1547/1544/713 1548/1545/714
f 1547/1544/713 1545/1542/711 1549/1546/715
f 1548/1545/714 1547/1544/713 1550/1547/716
f 1547/1544/713 1549/1546/715 1550/1547/716
f 1548/1545/714 1550/1547/716 1551/1548/717
f 1552/1549/718 1550/1547/716 1549/1546/715
f 1553/1550/719 1551/1548/717 1550/1547/716
f 1552/1549/718 1553/1550/719 1550/1547/716
f 1553/1550/719 1554/1551/720 1551/1548/717
f 1553/1550/719 1552/1549/718 1555/1552/721
f 1554/1551/720 1553/1550/719 1556/1553/722
f 1553/1550/719 1555/1552/721 1556/1553/722
f 1554/1551/720 1556/1553/722 1557/1554/723
f 1558/1555/724 1556/1553/722 1555/1552/721
f 1557/1554/723 1556/1553/722 1558/1555/724
f 1557/1554/723 1558/1555/724 1559/1556/725
f 1558/1555/724 1555/1552/721 1560/1557/726
f 1561/1558/727 1559/1556/725 1558/1555/724
f 1562/1559/728 1558/1555/724 1560/1557/726
f 1561/1558/727 1558/1555/724 1562/1559/728
f 1562/1559/728 1560/1557/726 1563/1560/729
f 1562/1559/728 1564/1561/730 1561/1558/727
f 1565/1562/731 1562/1559/728 1563/1560/729
f 1562/1559/728 1565/1562/731 1564/1561/730
f 1565/1562/731 1563/1560/729 1566/1563/732
f 1565/1562/731 1567/1564/733 1564/1561/730
f 1568/1565/734 1565/1562/731 1566/1563/732
f 1565/1562/731 1568/1565/734 1567/1564/733
f 1568/1565/734 1566/1563/732 1569/1566/735
f 1568/1565/734 1570/1567/736 1567/1564/733
f 1568/1565/734 1571/1568/737 1570/1567/736
f 1571/1568/737 1568/1565/734 1569/1566/735
f 1571/1568/737 1572/1569/738 1570/1567/736
f 1573/1570/739 1571/1568/737 1569/1566/735
f 1569/1566/735 1574/1571/740 1573/1570/739
f 1571/1568/737 1573/1570/739 1575/1572/741
f 1571/1568/737 1576/1573/742 1572/1569/738
f 1576/1573/742 1571/1568/737 1575/1572/741
f 1572/1569/738 1576/1573/742 1577/1574/743
f 1575/1572/741 1577/1574/743 1576/1573/742
f 1578/1575/744 1577/1574/743 1575/1572/741
f 1579/1576/745 1572/1569/738 1577/1574/743
f 1578/1575/744 1580/1577/746 1577/1574/743
f 1577/1574/743 1580/1577/746 1579/1576/745
f 1580/1577/746 1581/1578/745 1579/1576/745
f 1582/1579/747 1583/1580/748 1584/1581/749
f 1582/1579/747 1585/1582/750 1583/1580/748
f 1586/1583/751 1582/1579/747 1584/1581/749
f 1587/1584/752 1583/1580/748 1585/1582/750
f 1586/1583/751 1584/1581/749 1588/1585/753
f 1587/1584/752 1585/1582/750 1589/1586/752
f 1590/1587/754 1586/1583/751 1588/1585/753
f 1591/1588/755 1587/1584/752 1589/1586/752
f 1590/1587/754 1588/1585/753 1592/1589/754
f 1591/1588/755 1589/1586/752 1593/1590/756
f 1594/1591/25 1590/1587/754 1592/1589/754
f 1591/1588/755 1593/1590/756 1595/1592/217
f 1592/1589/754 1596/1593/757 1594/1591/25
f 1597/1594/217 1591/1588/755 1595/1592/217
f 1596/1593/757 1598/1595/758 1594/1591/25
f 1595/1592/217 1599/1596/759 1597/1594/217
f 1600/1597/760 1598/1595/758 1596/1593/757
f 1599/1596/759 1601/1598/759 1597/1594/217
f 1600/1597/760 1602/1599/761 1598/1595/758
f 1601/1598/759 1599/1596/759 1603/1600/762
f 1602/1599/761 1600/1597/760 1604/1601/763
f 1599/1596/759 1605/1602/764 1603/1600/762
f 1606/1603/765 1602/1599/761 1604/1601/763
f 1605/1602/764 1607/1604/762 1603/1600/762
f 1608/1605/766 1602/1599/761 1606/1603/765
f 1609/1606/767 1603/1600/762 1607/1604/762
f 1608/1605/766 1606/1603/765 1610/1607/768
f 1607/1604/762 1611/1608/762 1609/1606/767
f 1611/1608/762 1612/1609/769 1609/1606/767
f 1613/1610/770 1609/1606/767 1612/1609/769
f 1614/1611/771 1613/1610/770 1612/1609/769
f 1614/1611/771 1615/1612/771 1613/1610/770
f 1614/1611/771 1616/1613/772 1615/1612/771
f 1614/1611/771 1617/1614/772 1616/1613/772
f 1616/1613/772 1617/1614/772 1618/1615/773
f 1619/1616/774 1616/1613/772 1618/1615/773
f 1618/1615/773 1620/1617/773 1619/1616/774
f 1620/1617/773 1621/1618/774 1619/1616/774
f 1622/1619/775 1619/1616/774 1621/1618/774
f 1622/1619/775 1623/1620/775 1619/1616/774
f 1624/1621/776 1623/1620/775 1622/1619/775
f 1624/1621/776 1625/1622/777 1623/1620/775
f 1624/1621/776 1626/1623/778 1625/1622/777
f 1627/1624/778 1625/1622/777 1626/1623/778
f 1626/1623/778 1628/1625/779 1627/1624/778
f 1627/1624/778 1628/1625/779 1629/1626/778
f 1630/1627/780 1629/1626/778 1628/1625/779
f 1630/1627/780 1628/1625/779 1631/1628/778
f 1632/1629/781 1631/1628/778 1628/1625/779
f 1632/1629/781 1633/1630/778 1631/1628/778
f 1628/1625/779 1634/1631/780 1632/1629/781
f 1634/1631/780 1635/1632/780 1632/1629/781
f 1635/1632/780 1636/1633/778 1632/1629/781
f 1637/1634/782 1638/1635/783 1639/1636/784
f 1639/1636/784 1640/1637/785 1637/1634/782
f 1640/1637/785 1641/1638/785 1637/1634/782
f 1637/1634/782 1642/1639/786 1638/1635/783
f 1638/1635/783 1643/1640/787 1639/1636/784
f 1638/1635/783 1644/1641/788 1643/1640/787
f 1638/1635/783 1645/1642/789 1644/1641/788
f 1646/1643/790 1644/1641/788 1645/1642/789
f 1646/1643/790 1647/1644/790 1644/1641/788
f 1648/1645/791 1647/1644/790 1646/1643/790
f 1648/1645/791 1649/1646/792 1647/1644/790
f 1649/1646/792 1648/1645/791 1650/1647/793
f 1651/1648/794 1650/1647/793 1648/1645/791
f 1652/1649/795 1651/1648/794 1648/1645/791
f 1653/1650/794 1652/1649/795 1648/1645/791
f 1648/1645/791 1654/1651/796 1653/1650/794
f 1653/1650/794 1654/1651/796 1655/1652/793
f 1656/1653/793 1655/1652/793 1654/1651/796
f 1657/1654/794 1656/1653/793 1654/1651/796
f 1654/1651/796 1658/1655/797 1657/1654/794
f 1659/1656/798 1658/1655/797 1654/1651/796
f 1659/1656/798 1654/1651/796 1660/1657/798
f 1661/1658/789 1659/1656/798 1660/1657/798
f 1661/1658/789 1660/1657/798 1662/1659/788
f 1661/1658/789 1662/1659/788 1663/1660/799
f 1661/1658/789 1663/1660/799 1664/1661/783
f 1665/1662/800 1664/1661/783 1663/1660/799
f 1665/1662/800 1663/1660/799 1666/1663/786
f 1663/1660/799 1667/1664/786 1666/1663/786
f 1668/1665/800 1665/1662/800 1666/1663/786
f 1669/1666/800 1668/1665/800 1666/1663/786
f 1670/1667/217 1671/1668/217 1672/1669/217
f 1673/1670/217 1672/1669/217 1671/1668/217
f 1672/1669/217 1674/1671/217 1670/1667/217
f 1671/1668/217 1675/1672/217 1673/1670/217
f 1676/1673/217 1673/1670/217 1675/1672/217
f 1677/1674/217 1676/1673/217 1675/1672/217
f 1670/1667/217 1674/1671/217 1678/1675/217
f 1674/1671/217 1679/1676/219 1678/1675/217
f 1680/1677/217 1678/1675/217 1679/1676/219
f 1679/1676/219 1681/1678/217 1680/1677/217
f 1681/1678/217 1682/1679/217 1680/1677/217
f 1683/1680/219 1684/1681/217 1685/1682/219
f 1685/1682/219 1686/1683/219 1683/1680/219
f 1687/1684/217 1685/1682/219 1684/1681/217
f 1685/1682/219 1688/1685/219 1686/1683/219
f 1689/1686/219 1687/1684/217 1684/1681/217
f 1684/1681/217 1690/1687/219 1689/1686/219
f 1691/1688/221 1689/1686/219 1690/1687/219
f 1686/1683/219 1688/1685/219 1692/1689/219
f 1688/1685/219 1693/1690/217 1692/1689/219
f 1693/1690/217 1694/1691/219 1692/1689/219
f 1694/1691/219 1695/1692/219 1692/1689/219
f 1694/1691/219 1696/1693/221 1695/1692/219
f 1697/1694/801 1698/1695/184 1699/1696/184
f 1698/1695/184 1700/1697/802 1699/1696/184
f 1699/1696/184 1701/1698/184 1697/1694/801
f 1701/1698/184 1702/1699/802 1697/1694/801
f 1697/1694/801 1703/1700/184 1698/1695/184
f 1697/1694/801 1704/1701/184 1703/1700/184
f 1705/1702/803 1706/1703/804 1707/1704/805
f 1707/1704/805 1706/1703/804 1708/1705/92
f 1705/1702/803 1709/1706/806 1706/1703/804
f 1710/1707/807 1707/1704/805 1708/1705/92
f 1709/1706/806 1705/1702/803 1711/1708/808
f 1708/1705/92 1712/1709/809 1710/1707/807
f 1711/1708/808 1713/1710/810 1709/1706/806
f 1712/1709/809 1714/1711/811 1710/1707/807
f 1711/1708/808 1715/1712/810 1713/1710/810
f 1712/1709/809 1716/1713/812 1714/1711/811
f 1717/1714/813 1713/1710/810 1715/1712/810
f 1718/1715/814 1714/1711/811 1716/1713/812
f 1717/1714/813 1719/1716/813 1713/1710/810
f 1716/1713/812 1720/1717/815 1718/1715/814
f 1720/1717/815 1721/1718/815 1718/1715/814
f 1720/1717/815 1722/1719/816 1721/1718/815
f 1720/1717/815 1723/1720/816 1722/1719/816
f 1724/1721/817 1719/1716/813 1717/1714/813
f 1717/1714/813 1725/1722/818 1724/1721/817
f 1724/1721/817 1726/1723/817 1719/1716/813
f 1724/1721/817 1727/1724/819 1726/1723/817
f 1724/1721/817 1728/1725/819 1727/1724/819
f 1729/1726/184 1727/1724/819 1728/1725/819
f 1729/1726/184 1730/1727/820 1727/1724/819
f 1722/1719/816 1723/1720/816 1731/1728/821
f 1731/1728/821 1732/1729/822 1722/1719/816
f 1723/1720/816 1733/1730/821 1731/1728/821
f 1731/1728/821 1733/1730/821 1734/1731/823
f 1731/1728/821 1734/1731/823 1735/1732/823
f 1734/1731/823 1736/1733/824 1735/1732/823
f 1734/1731/823 1737/1734/825 1736/1733/824
f 1738/1735/638 1739/1736/184 1740/1737/638
f 1738/1735/638 1741/1738/184 1739/1736/184
f 1742/1739/184 1738/1735/638 1740/1737/638
f 1740/1737/638 1743/1740/184 1742/1739/184
f 1743/1740/184 1744/1741/368 1742/1739/184
f 1744/1741/368 1745/1742/368 1742/1739/184
f 1744/1741/368 1746/1743/368 1745/1742/368
f 1747/1744/638 1748/1745/826 1749/1746/826
f 1748/1745/826 1750/1747/368 1749/1746/826
f 1749/1746/826 1751/1748/184 1747/1744/638
f 1751/1748/184 1752/1749/184 1747/1744/638
f 1747/1744/638 1752/1749/184 1753/1750/638
f 1752/1749/184 1754/1751/638 1753/1750/638
f 1754/1751/638 1755/1752/184 1753/1750/638
f 1756/1753/638 1757/1754/184 1758/1755/638
f 1756/1753/638 1759/1756/802 1757/1754/184
f 1758/1755/638 1760/1757/827 1756/1753/638
f 1761/1758/801 1762/1759/801 1763/1760/638
f 1764/1761/184 1763/1760/638 1762/1759/801
f 1765/1762/184 1764/1761/184 1762/1759/801
f 1762/1759/801 1766/1763/638 1765/1762/184
f 1767/1764/184 1762/1759/801 1761/1758/801
f 1768/1765/184 1767/1764/184 1761/1758/801
f 1769/1766/801 1761/1758/801 1763/1760/638
f 1769/1766/801 1770/1767/184 1761/1758/801
f 1763/1760/638 1771/1768/638 1769/1766/801
f 1771/1768/638 1772/1769/184 1769/1766/801
f 1772/1769/184 1773/1770/638 1769/1766/801
f 1774/1771/828 1775/1772/829 1776/1773/830
f 1776/1773/830 1775/1772/829 1777/1774/25
f 1778/1775/25 1776/1773/830 1777/1774/25
f 1777/1774/25 1779/1776/55 1778/1775/25
f 1774/1771/828 1780/1777/831 1775/1772/829
f 1781/1778/832 1780/1777/831 1774/1771/828
f 1781/1778/832 1782/1779/833 1780/1777/831
f 1781/1778/832 1783/1780/834 1782/1779/833
f 1781/1778/832 1784/1781/835 1783/1780/834
f 1783/1780/834 1784/1781/835 1785/1782/836
f 1783/1780/834 1785/1782/836 1786/1783/837
f 1786/1783/837 1785/1782/836 1787/1784/838
f 1786/1783/837 1787/1784/838 1788/1785/839
f 1789/1786/217 1788/1785/839 1787/1784/838
f 1787/1784/838 1790/1787/217 1789/1786/217
f 1790/1787/217 1791/1788/218 1789/1786/217
f 1792/1789/217 1793/1790/217 1794/1791/839
f 1792/1789/217 1795/1792/217 1793/1790/217
f 1794/1791/839 1796/1793/840 1792/1789/217
f 1794/1791/839 1797/1794/837 1796/1793/840
f 1794/1791/839 1798/1795/836 1797/1794/837
f 1798/1795/836 1799/1796/835 1797/1794/837
f 1798/1795/836 1800/1797/834 1799/1796/835
f 1799/1796/835 1800/1797/834 1801/1798/833
f 1799/1796/835 1801/1798/833 1802/1799/841
f 1803/1800/831 1802/1799/841 1801/1798/833
f 1803/1800/831 1801/1798/833 1804/1801/828
f 1805/1802/830 1803/1800/831 1804/1801/828
f 1805/1802/830 1804/1801/828 1806/1803/829
f 1807/1804/26 1805/1802/830 1806/1803/829
f 1807/1804/26 1806/1803/829 1808/1805/26
f 1808/1805/26 1809/1806/26 1807/1804/26
f 1810/1807/217 1811/1808/217 1812/1809/217
f 1812/1809/217 1813/1810/217 1810/1807/217
f 1814/1811/217 1812/1809/217 1811/1808/217
f 1813/1810/217 1815/1812/217 1810/1807/217
f 1816/1813/217 1814/1811/217 1811/1808/217
f 1813/1810/217 1817/1814/219 1815/1812/217
f 1814/1811/217 1816/1813/217 1818/1815/217
f 1815/1812/217 1817/1814/219 1819/1816/219
f 1820/1817/217 1814/1811/217 1818/1815/217
f 1817/1814/219 1821/1818/219 1819/1816/219
f 1820/1817/217 1818/1815/217 1822/1819/217
f 1819/1816/219 1821/1818/219 1823/1820/217
f 1824/1821/217 1820/1817/217 1822/1819/217
f 1821/1818/219 1825/1822/217 1823/1820/217
f 1826/1823/217 1824/1821/217 1822/1819/217
f 1827/1824/217 1823/1820/217 1825/1822/217
f 1828/1825/217 1824/1821/217 1826/1823/217
f 1825/1822/217 1829/1826/219 1827/1824/217
f 1830/1827/217 1828/1825/217 1826/1823/217
f 1831/1828/219 1827/1824/217 1829/1826/219
f 1832/1829/217 1828/1825/217 1830/1827/217
f 1833/1830/217 1831/1828/219 1829/1826/219
f 1832/1829/217 1830/1827/217 1834/1831/217
f 1831/1828/219 1833/1830/217 1835/1832/219
f 1836/1833/219 1832/1829/217 1834/1831/217
f 1837/1834/219 1831/1828/219 1835/1832/219
f 1835/1832/219 1836/1833/219 1837/1834/219
f 1834/1831/217 1837/1834/219 1836/1833/219
f 1838/1835/26 1839/1836/26 1840/1837/26
f 1841/1838/25 1838/1835/26 1840/1837/26
f 1840/1837/26 1842/1839/25 1841/1838/25
f 1841/1838/25 1842/1839/25 1843/1840/25
f 1844/1841/26 1843/1840/25 1842/1839/25
f 1842/1839/25 1845/1842/26 1844/1841/26
f 1845/1842/26 1846/1843/26 1844/1841/26
f 1847/1844/25 1848/1845/25 1849/1846/25
f 1848/1845/25 1850/1847/25 1849/1846/25
f 1851/1848/25 1849/1846/25 1850/1847/25
f 1852/1849/25 1851/1848/25 1850/1847/25
f 1850/1847/25 1853/1850/25 1852/1849/25
f 1853/1850/25 1854/1851/25 1852/1849/25
f 1853/1850/25 1855/1852/25 1854/1851/25
f 1856/1853/26 1857/1854/25 1858/1855/26
f 1859/1856/25 1856/1853/26 1858/1855/26
f 1858/1855/26 1860/1857/25 1859/1856/25
f 1860/1857/25 1861/1858/25 1859/1856/25
f 1862/1859/184 1863/1860/184 1864/1861/842
f 1862/1859/184 1865/1862/184 1863/1860/184
f 1863/1860/184 1866/1863/184 1864/1861/842
f 1866/1863/184 1867/1864/184 1864/1861/842
f 1868/1865/184 1869/1866/184 1862/1859/184
f 1868/1865/184 1862/1859/184 1864/1861/842
f 1870/1867/184 1868/1865/184 1864/1861/842
f 1870/1867/184 1871/1868/184 1868/1865/184
f 1872/1869/184 1870/1867/184 1864/1861/842
f 1873/1870/638 1872/1869/184 1864/1861/842
f 1864/1861/842 1874/1871/638 1873/1870/638
f 1875/1872/4 1876/1873/2 1877/1874/2
f 1875/1872/4 1878/1875/4 1876/1873/2
f 1879/1876/843 1880/1877/844 1881/1878/845
f 1880/1877/844 1882/1879/846 1881/1878/845
f 1882/1879/846 1883/1880/847 1881/1878/845
f 1882/1879/846 1884/1881/847 1883/1880/847
f 1883/1880/847 1884/1881/847 1885/1882/848
f 1886/1883/849 1883/1880/847 1885/1882/848
f 1887/1884/849 1886/1883/849 1885/1882/848
f 1888/1885/844 1880/1877/844 1879/1876/843
f 1889/1886/850 1880/1877/844 1888/1885/844
f 1879/1876/843 1890/1887/851 1888/1885/844
f 1889/1886/850 1888/1885/844 1891/1888/852
f 1890/1887/851 1892/1889/851 1888/1885/844
f 1893/1890/853 1889/1886/850 1891/1888/852
f 1894/1891/854 1892/1889/851 1890/1887/851
f 1893/1890/853 1891/1888/852 1895/1892/853
f 1894/1891/854 1890/1887/851 1896/1893/855
f 1897/1894/856 1893/1890/853 1895/1892/853
f 1898/1895/857 1894/1891/854 1896/1893/855
f 1898/1895/857 1896/1893/855 1887/1884/849
f 1885/1882/848 1898/1895/857 1887/1884/849
f 1897/1894/856 1899/1896/858 1893/1890/853
f 1885/1882/848 1900/1897/116 1898/1895/857
f 1885/1882/848 1901/1898/116 1900/1897/116
f 1901/1898/116 1902/1899/118 1900/1897/116
f 1901/1898/116 1903/1900/119 1902/1899/118
f 1904/1901/859 1899/1896/858 1897/1894/856
f 1904/1901/859 1905/1902/860 1899/1896/858
f 1905/1902/860 1904/1901/859 1906/1903/861
f 1906/1903/861 1907/1904/862 1905/1902/860
f 1906/1903/861 1904/1901/859 1908/1905/863
f 1907/1904/862 1909/1906/864 1905/1902/860
f 1904/1901/859 1910/1907/865 1908/1905/863
f 1911/1908/866 1909/1906/864 1907/1904/862
f 1908/1905/863 1910/1907/865 1912/1909/867
f 1911/1908/866 1913/1910/868 1909/1906/864
f 1908/1905/863 1912/1909/867 1914/1911/869
f 1914/1911/869 1912/1909/867 1915/1912/870
f 1916/1913/871 1914/1911/869 1915/1912/870
f 1913/1910/868 1911/1908/866 1917/1914/872
f 1916/1913/871 1915/1912/870 1917/1914/872
f 1911/1908/866 1918/1915/873 1917/1914/872
f 1918/1915/873 1916/1913/871 1917/1914/872
f 1919/1916/874 1917/1914/872 1915/1912/870
f 1919/1916/874 1920/1917/112 1917/1914/872
f 1921/1918/92 1920/1917/112 1919/1916/874
f 1921/1918/92 1922/1919/113 1920/1917/112
f 1923/1920/184 1924/1921/184 1925/1922/184
f 1923/1920/184 1926/1923/184 1924/1921/184
f 1927/1924/184 1928/1925/184 1929/1926/184
f 1927/1924/184 1930/1927/184 1928/1925/184
f 1931/1928/184 1932/1929/184 1933/1930/184
f 1931/1928/184 1934/1931/184 1932/1929/184
f 1935/1932/184 1936/1933/184 1937/1934/184
f 1935/1932/184 1938/1935/184 1936/1933/184
f 1939/1936/184 1940/1937/184 1941/1938/184
f 1939/1936/184 1941/1938/184 1942/1939/184
f 1941/1938/184 1943/1940/184 1942/1939/184
f 1944/1941/184 1941/1938/184 1940/1937/184
f 1940/1937/184 1945/1942/184 1944/1941/184
f 1946/1943/184 1947/1944/184 1948/1945/184
f 1946/1943/184 1949/1946/184 1947/1944/184
f 1950/1947/638 1951/1948/184 1952/1949/184
f 1951/1948/184 1953/1950/184 1952/1949/184
f 1952/1949/184 1954/1951/638 1950/1947/638
f 1954/1951/638 1955/1952/638 1950/1947/638
f 1955/1952/638 1956/1953/184 1950/1947/638
f 1957/1954/184 1958/1955/184 1959/1956/802
f 1957/1954/184 1960/1957/184 1958/1955/184
f 1961/1958/184 1962/1959/184 1963/1960/802
f 1961/1958/184 1964/1961/184 1962/1959/184
f 1965/1962/875 1966/1963/876 1967/1964/877
f 1965/1962/875 1968/1965/878 1966/1963/876
f 1967/1964/877 1969/1966/875 1965/1962/875
f 1965/1962/875 1970/1967/879 1968/1965/878
f 1971/1968/878 1968/1965/878 1970/1967/879
f 1972/1969/880 1971/1968/878 1970/1967/879
f 1973/1970/876 1969/1966/875 1967/1964/877
f 1974/1971/880 1973/1970/876 1967/1964/877
f 1972/1969/880 1975/1972/881 1971/1968/878
f 1975/1972/881 1976/1973/880 1971/1968/878
f 1974/1971/880 1977/1974/882 1973/1970/876
f 1978/1975/883 1976/1973/880 1975/1972/881
f 1977/1974/882 1979/1976/884 1973/1970/876
f 1979/1976/884 1980/1977/878 1973/1970/876
f 1979/1976/884 1981/1978/878 1980/1977/878
f 1977/1974/882 1982/1979/885 1979/1976/884
f 1977/1974/882 1983/1980/885 1982/1979/885
f 1983/1980/885 1984/1981/886 1982/1979/885
f 1983/1980/885 1985/1982/886 1984/1981/886
f 1986/1983/883 1978/1975/883 1975/1972/881
f 1975/1972/881 1987/1984/878 1986/1983/883
f 1987/1984/878 1988/1985/878 1986/1983/883
f 1989/1986/887 1978/1975/883 1986/1983/883
f 1989/1986/887 1990/1987/888 1978/1975/883
f 1991/1988/889 1990/1987/888 1989/1986/887
f 1991/1988/889 1992/1989/889 1990/1987/888
f 1993/1990/217 1994/1991/218 1995/1992/217
f 1995/1992/217 1996/1993/217 1993/1990/217
f 1994/1991/218 1997/1994/219 1995/1992/217
f 1996/1993/217 1998/1995/217 1993/1990/217
f 1994/1991/218 1999/1996/217 1997/1994/219
f 2000/1997/890 1993/1990/217 1998/1995/217
f 1994/1991/218 2001/1998/217 1999/1996/217
f 2002/1999/891 2000/1997/890 1998/1995/217
f 1994/1991/218 2003/2000/891 2001/1998/217
f 2004/2001/892 2000/1997/890 2002/1999/891
f 2003/2000/891 2005/2002/890 2001/1998/217
f 2004/2001/892 2006/2003/836 2000/1997/890
f 2003/2000/891 2007/2004/892 2005/2002/890
f 2008/2005/893 2006/2003/836 2004/2001/892
f 2003/2000/891 2009/2006/836 2007/2004/892
f 2008/2005/893 2010/2007/894 2006/2003/836
f 2010/2007/894 2008/2005/893 2011/2008/184
f 2010/2007/894 2011/2008/184 2012/2009/184
f 2009/2006/836 2013/2010/894 2007/2004/892
f 2009/2006/836 2014/2011/893 2013/2010/894
f 2015/2012/184 2013/2010/894 2014/2011/893
f 2015/2012/184 2014/2011/893 2016/2013/184
f 2017/2014/895 2018/2015/896 2019/2016/897
f 2017/2014/895 2020/2017/898 2018/2015/896
f 2021/2018/899 2017/2014/895 2019/2016/897
f 2021/2018/899 2019/2016/897 2022/2019/900
f 2023/2020/901 2021/2018/899 2022/2019/900
f 2023/2020/901 2022/2019/900 2024/2021/901
f 2025/2022/895 2026/2023/896 2027/2024/897
f 2025/2022/895 2028/2025/896 2026/2023/896
f 2029/2026/899 2025/2022/895 2027/2024/897
f 2029/2026/899 2027/2024/897 2030/2027/900
f 2031/2028/902 2029/2026/899 2030/2027/900
f 2031/2028/902 2030/2027/900 2032/2029/901
f 2033/2030/903 2034/2031/904 2035/2032/905
f 2033/2030/903 2036/2033/906 2034/2031/904
f 2037/2034/907 2035/2032/905 2034/2031/904
f 2037/2034/907 2038/2035/907 2035/2032/905
f 2038/2035/907 2037/2034/907 2039/2036/908
f 2038/2035/907 2039/2036/908 2040/2037/908
f 2041/2038/909 2040/2037/908 2039/2036/908
f 2041/2038/909 2039/2036/908 2042/2039/909
f 2042/2039/909 2043/2040/910 2041/2038/909
f 2042/2039/909 2044/2041/910 2043/2040/910
f 2044/2041/910 2045/2042/911 2043/2040/910
f 2044/2041/910 2046/2043/911 2045/2042/911
f 2047/2044/912 2048/2045/913 2049/2046/914
f 2047/2044/912 2050/2047/896 2048/2045/913
f 2051/2048/915 2047/2044/912 2049/2046/914
f 2051/2048/915 2049/2046/914 2052/2049/916
f 2053/2050/917 2051/2048/915 2052/2049/916
f 2053/2050/917 2052/2049/916 2054/2051/918
f 2055/2052/919 2053/2050/917 2054/2051/918
f 2055/2052/919 2056/2053/920 2053/2050/917
f 2056/2053/920 2055/2052/919 2057/2054/921
f 2056/2053/920 2057/2054/921 2058/2055/922
f 2058/2055/922 2057/2054/921 2059/2056/923
f 2058/2055/922 2059/2056/923 2060/2057/924
f 2061/2058/925 2060/2057/924 2059/2056/923
f 2061/2058/925 2062/2059/925 2060/2057/924
f 2063/2060/917 2064/2061/916 2065/2062/918
f 2063/2060/917 2065/2062/918 2066/2063/926
f 2063/2060/917 2067/2064/915 2064/2061/916
f 2063/2060/917 2066/2063/926 2068/2065/920
f 2067/2064/915 2069/2066/914 2064/2061/916
f 2068/2065/920 2066/2063/926 2070/2067/921
f 2067/2064/915 2071/2068/912 2069/2066/914
f 2071/2068/912 2072/2069/927 2069/2066/914
f 2071/2068/912 2073/2070/898 2072/2069/927
f 2068/2065/920 2070/2067/921 2074/2071/922
f 2074/2071/922 2070/2067/921 2075/2072/923
f 2074/2071/922 2075/2072/923 2076/2073/924
f 2077/2074/901 2076/2073/924 2075/2072/923
f 2077/2074/901 2078/2075/901 2076/2073/924
f 2079/2076/914 2080/2077/927 2081/2078/898
f 2079/2076/914 2082/2079/912 2080/2077/927
f 2083/2080/916 2082/2079/912 2079/2076/914
f 2083/2080/916 2084/2081/915 2082/2079/912
f 2085/2082/918 2084/2081/915 2083/2080/916
f 2085/2082/918 2086/2083/917 2084/2081/915
f 2087/2084/920 2086/2083/917 2085/2082/918
f 2087/2084/920 2085/2082/918 2088/2085/926
f 2089/2086/928 2087/2084/920 2088/2085/926
f 2089/2086/928 2088/2085/926 2090/2087/921
f 2091/2088/924 2089/2086/928 2090/2087/921
f 2091/2088/924 2090/2087/921 2092/2089/923
f 2092/2089/923 2093/2090/902 2091/2088/924
f 2092/2089/923 2094/2091/925 2093/2090/902
f 2095/2092/914 2096/2093/913 2097/2094/896
f 2095/2092/914 2098/2095/912 2096/2093/913
f 2099/2096/916 2098/2095/912 2095/2092/914
f 2099/2096/916 2100/2097/915 2098/2095/912
f 2101/2098/918 2100/2097/915 2099/2096/916
f 2101/2098/918 2102/2099/917 2100/2097/915
f 2101/2098/918 2103/2100/929 2102/2099/917
f 2101/2098/918 2104/2101/926 2103/2100/929
f 2105/2102/922 2103/2100/929 2104/2101/926
f 2105/2102/922 2104/2101/926 2106/2103/921
f 2107/2104/924 2105/2102/922 2106/2103/921
f 2107/2104/924 2106/2103/921 2108/2105/923
f 2108/2105/923 2109/2106/930 2107/2104/924
f 2108/2105/923 2110/2107/901 2109/2106/930
f 2111/2108/931 2112/2109/932 2113/2110/933
f 2111/2108/931 2114/2111/934 2112/2109/932
f 2113/2110/933 2115/2112/935 2111/2108/931
f 2113/2110/933 2116/2113/936 2115/2112/935
f 2117/2114/937 2115/2112/935 2116/2113/936
f 2116/2113/936 2118/2115/937 2117/2114/937
f 2118/2115/937 2119/2116/938 2117/2114/937
f 2119/2116/938 2120/2117/939 2117/2114/937
f 2114/2111/934 2121/2118/940 2112/2109/932
f 2114/2111/934 2122/2119/941 2121/2118/940
f 2121/2118/940 2122/2119/941 2123/2120/942
f 2122/2119/941 2124/2121/942 2123/2120/942
f 2123/2120/942 2125/2122/943 2121/2118/940
f 2126/2123/944 2121/2118/940 2125/2122/943
f 2127/2124/945 2128/2125/946 2129/2126/946
f 2127/2124/945 2130/2127/947 2128/2125/946
f 2130/2127/947 2127/2124/945 2131/2128/948
f 2130/2127/947 2131/2128/948 2132/2129/949
f 2132/2129/949 2131/2128/948 2133/2130/950
f 2132/2129/949 2133/2130/950 2134/2131/951
f 2133/2130/950 2135/2132/952 2134/2131/951
f 2133/2130/950 2136/2133/952 2135/2132/952
f 2136/2133/952 2137/2134/953 2135/2132/952
f 2136/2133/952 2138/2135/954 2137/2134/953
f 2138/2135/954 2139/2136/955 2137/2134/953
f 2138/2135/954 2140/2137/956 2139/2136/955
f 2141/2138/957 2139/2136/955 2140/2137/956
f 2141/2138/957 2140/2137/956 2142/2139/958
f 2143/2140/959 2144/2141/960 2145/2142/961
f 2146/2143/962 2144/2141/960 2143/2140/959
f 2147/2144/963 2143/2140/959 2145/2142/961
f 2147/2144/963 2145/2142/961 2148/2145/963
f 2149/2146/964 2147/2144/963 2148/2145/963
f 2149/2146/964 2148/2145/963 2150/2147/965
f 2151/2148/966 2149/2146/964 2150/2147/965
f 2150/2147/965 2152/2149/967 2151/2148/966
f 2152/2149/967 2153/2150/967 2151/2148/966
f 2154/2151/946 2155/2152/946 2156/2153/968
f 2157/2154/969 2156/2153/968 2158/2155/970
f 2157/2154/969 2158/2155/970 2159/2156/970
f 2159/2156/970 2158/2155/970 2160/2157/971
f 2159/2156/970 2160/2157/971 2161/2158/972
f 2161/2158/972 2160/2157/971 2162/2159/973
f 2161/2158/972 2162/2159/973 2163/2160/974
f 2162/2159/973 2164/2161/975 2163/2160/974
f 2162/2159/973 2165/2162/975 2164/2161/975
f 2165/2162/975 2166/2163/976 2164/2161/975
f 2165/2162/975 2167/2164/977 2166/2163/976
f 2168/2165/978 2169/2166/958 2166/2163/976
f 2170/2167/958 2168/2165/978 2166/2163/976
f 2171/2168/979 2170/2167/958 2166/2163/976
f 2172/2169/958 2171/2168/979 2166/2163/976
f 2173/2170/980 2172/2169/958 2166/2163/976
f 2174/2171/957 2173/2170/980 2166/2163/976
f 2166/2163/976 2167/2164/977 2174/2171/957
f 2174/2171/957 2175/2172/958 2173/2170/980
f 2174/2171/957 2176/2173/958 2175/2172/958
f 2176/2173/958 2177/2174/958 2175/2172/958
f 2177/2174/958 2178/2175/958 2175/2172/958
f 2177/2174/958 2179/2176/957 2178/2175/958
f 2177/2174/958 2180/2177/958 2179/2176/957
f 2167/2164/977 2181/2178/958 2174/2171/957
f 2167/2164/977 2182/2179/958 2181/2178/958
f 2167/2164/977 2183/2180/979 2182/2179/958
f 2167/2164/977 2184/2181/957 2183/2180/979
f 2167/2164/977 2185/2182/958 2184/2181/957
f 2186/2183/981 2187/2184/982 2188/2185/982
f 2189/2186/983 2188/2185/982 2187/2184/982
f 2188/2185/982 2190/2187/984 2186/2183/981
f 2190/2187/984 2191/2188/985 2186/2183/981
f 2191/2188/985 2192/2189/985 2186/2183/981
f 2193/2190/986 2188/2185/982 2189/2186/983
f 2189/2186/983 2194/2191/987 2193/2190/986
f 2189/2186/983 2195/2192/988 2194/2191/987
f 2196/2193/981 2197/2194/989 2198/2195/985
f 2198/2195/985 2199/2196/981 2196/2193/981
f 2197/2194/989 2200/2197/990 2198/2195/985
f 2198/2195/985 2200/2197/990 2201/2198/990
f 2202/2199/991 2201/2198/990 2200/2197/990
f 2200/2197/990 2203/2200/991 2202/2199/991
f 2202/2199/991 2203/2200/991 2204/2201/992
f 2202/2199/991 2204/2201/992 2205/2202/993
f 2206/2203/184 2207/2204/994 2208/2205/184
f 2206/2203/184 2209/2206/995 2207/2204/994
f 2209/2206/995 2210/2207/996 2207/2204/994
f 2209/2206/995 2211/2208/997 2210/2207/996
f 2212/2209/998 2213/2210/184 2214/2211/184
f 2212/2209/998 2215/2212/999 2213/2210/184
f 2216/2213/996 2215/2212/999 2212/2209/998
f 2216/2213/996 2217/2214/997 2215/2212/999
f 2218/2215/925 2219/2216/1000 2220/2217/901
f 2218/2215/925 2221/2218/1001 2219/2216/1000
f 2221/2218/1001 2222/2219/1002 2219/2216/1000
f 2221/2218/1001 2223/2220/1003 2222/2219/1002
f 2223/2220/1003 2224/2221/896 2222/2219/1002
f 2223/2220/1003 2225/2222/913 2224/2221/896
f 2226/2223/1004 2227/2224/1005 2228/2225/1005
f 2228/2225/1005 2229/2226/1005 2226/2223/1004
f 2229/2226/1005 2230/2227/1006 2226/2223/1004
f 2226/2223/1004 2230/2227/1006 2231/2228/1007
f 2226/2223/1004 2231/2228/1007 2232/2229/1007
f 2233/2230/1008 2232/2229/1007 2231/2228/1007
f 2233/2230/1008 2234/2231/1009 2232/2229/1007
f 2235/2232/1010 2234/2231/1009 2233/2230/1008
f 2235/2232/1010 2233/2230/1008 2236/2233/1010
f 2237/2234/1011 2235/2232/1010 2236/2233/1010
f 2237/2234/1011 2236/2233/1010 2238/2235/1012
f 2238/2235/1012 2239/2236/1013 2237/2234/1011
f 2239/2236/1013 2240/2237/1013 2237/2234/1011
f 2240/2237/1013 2241/2238/1013 2237/2234/1011
f 2242/2239/184 2243/2240/184 2244/2241/184
f 2242/2239/184 2245/2242/184 2243/2240/184
f 2246/2243/1014 2247/2244/1015 2248/2245/1016
f 2246/2243/1014 2248/2245/1016 2249/2246/1017
f 2246/2243/1014 2249/2246/1017 2250/2247/1018
f 2248/2245/1016 2251/2248/1019 2249/2246/1017
f 2246/2243/1014 2252/2249/1020 2247/2244/1015
f 2248/2245/1016 2253/2250/1021 2251/2248/1019
f 2247/2244/1015 2253/2250/1021 2248/2245/1016
f 2253/2250/1021 2254/2251/1022 2251/2248/1019
f 2255/2252/1023 2247/2244/1015 2252/2249/1020
f 2255/2252/1023 2252/2249/1020 2256/2253/1024
f 2247/2244/1015 2255/2252/1023 2257/2254/1025
f 2247/2244/1015 2257/2254/1025 2258/2255/1026
f 2247/2244/1015 2258/2255/1026 2253/2250/1021
f 2258/2255/1026 2257/2254/1025 2259/2256/1027
f 2260/2257/1028 2261/2258/1028 2254/2251/1022
f 2262/2259/1028 2260/2257/1028 2254/2251/1022
f 2253/2250/1021 2263/2260/1029 2254/2251/1022
f 2254/2251/1022 2263/2260/1029 2262/2259/1028
f 2258/2255/1026 2263/2260/1029 2253/2250/1021
f 2259/2256/1027 2264/2261/1030 2265/2262/1030
f 2259/2256/1027 2265/2262/1030 2266/2263/1031
f 2258/2255/1026 2259/2256/1027 2267/2264/1032
f 2267/2264/1032 2259/2256/1027 2266/2263/1031
f 2258/2255/1026 2267/2264/1032 2263/2260/1029
f 2263/2260/1029 2268/2265/1033 2262/2259/1028
f 2267/2264/1032 2268/2265/1033 2263/2260/1029
f 2268/2265/1033 2269/2266/1034 2262/2259/1028
f 2270/2267/1035 2267/2264/1032 2266/2263/1031
f 2267/2264/1032 2270/2267/1035 2268/2265/1033
f 2266/2263/1031 2271/2268/1036 2270/2267/1035
f 2270/2267/1035 2271/2268/1036 2272/2269/1037
f 2268/2265/1033 2270/2267/1035 2272/2269/1037
f 2273/2270/1037 2269/2266/1034 2268/2265/1033
f 2273/2270/1037 2268/2265/1033 2272/2269/1037
f 2273/2270/1037 2272/2269/1037 2274/2271/1037
f 2272/2269/1037 2275/2272/1038 2274/2271/1037
f 2275/2272/1038 2276/2273/1038 2274/2271/1037
f 2274/2271/1037 2277/2274/1039 2273/2270/1037
f 2278/2275/1038 2273/2270/1037 2277/2274/1039
f 2279/2276/1038 2278/2275/1038 2277/2274/1039
f 2280/2277/1040 2281/2278/1041 2282/2279/1042
f 2280/2277/1040 2283/2280/1041 2281/2278/1041
f 2284/2281/1043 2280/2277/1040 2282/2279/1042
f 2284/2281/1043 2282/2279/1042 2285/2282/1044
f 2286/2283/1045 2284/2281/1043 2285/2282/1044
f 2286/2283/1045 2285/2282/1044 2287/2284/1046
f 2288/2285/1047 2286/2283/1045 2287/2284/1046
f 2288/2285/1047 2287/2284/1046 2289/2286/1048
f 2290/2287/1049 2288/2285/1047 2289/2286/1048
f 2290/2287/1049 2289/2286/1048 2291/2288/1050
f 2291/2288/1050 2292/2289/1051 2290/2287/1049
f 2291/2288/1050 2293/2290/1052 2292/2289/1051
f 2292/2289/1051 2293/2290/1052 2294/2291/217
f 2292/2289/1051 2294/2291/217 2295/2292/217
f 2296/2293/25 2297/2294/25 2298/2295/25
f 2296/2293/25 2299/2296/25 2297/2294/25
f 2300/2297/25 2301/2298/25 2302/2299/25
f 2300/2297/25 2303/2300/25 2301/2298/25
f 2304/2301/1053 2305/2302/1054 2306/2303/1053
f 2304/2301/1053 2307/2304/1055 2305/2302/1054
f 2304/2301/1053 2308/2305/1056 2307/2304/1055
f 2308/2305/1056 2309/2306/1056 2307/2304/1055
f 2310/2307/1053 2304/2301/1053 2306/2303/1053
f 2311/2308/1056 2310/2307/1053 2306/2303/1053
f 2311/2308/1056 2306/2303/1053 2312/2309/1056
f 2313/2310/1057 2311/2308/1056 2312/2309/1056
f 2312/2309/1056 2314/2311/1058 2313/2310/1057
f 2314/2311/1058 2315/2312/1056 2313/2310/1057
f 2315/2312/1056 2316/2313/1056 2313/2310/1057
f 2315/2312/1056 2317/2314/1056 2316/2313/1056
f 2318/2315/1059 2319/2316/1060 2320/2317/1060
f 2319/2316/1060 2318/2315/1059 2321/2318/1059
f 2318/2315/1059 2322/2319/1060 2321/2318/1059
f 2323/2320/1059 2318/2315/1059 2320/2317/1060
f 2320/2317/1060 2324/2321/1060 2323/2320/1059
f 2324/2321/1060 2325/2322/1060 2323/2320/1059
f 2326/2323/1059 2327/2324/1060 2328/2325/1059
f 2329/2326/1061 2327/2324/1060 2326/2323/1059
f 2330/2327/1060 2327/2324/1060 2329/2326/1061
f 2327/2324/1060 2331/2328/1061 2328/2325/1059
f 2331/2328/1061 2332/2329/1062 2328/2325/1059
f 2331/2328/1061 2333/2330/1060 2332/2329/1062
f 2334/2331/92 2335/2332/92 2336/2333/92
f 2334/2331/92 2337/2334/92 2335/2332/92
f 2338/2335/1063 2339/2336/1064 2340/2337/1065
f 2340/2337/1065 2341/2338/1066 2338/2335/1063
f 2342/2339/1067 2343/2340/1068 2340/2337/1065
f 2342/2339/1067 2340/2337/1065 2339/2336/1064
f 2344/2341/1069 2342/2339/1067 2339/2336/1064
f 2345/2342/1069 2344/2341/1069 2339/2336/1064
f 2346/2343/1069 2345/2342/1069 2339/2336/1064
f 2347/2344/1070 2346/2343/1069 2339/2336/1064
f 2347/2344/1070 2339/2336/1064 2348/2345/1071
f 2347/2344/1070 2348/2345/1071 2349/2346/1072
f 2349/2346/1072 2348/2345/1071 2350/2347/1073
f 2349/2346/1072 2350/2347/1073 2351/2348/1074
f 2348/2345/1071 2352/2349/1075 2350/2347/1073
f 2348/2345/1071 2353/2350/1076 2352/2349/1075
f 2339/2336/1064 2353/2350/1076 2348/2345/1071
f 2353/2350/1076 2354/2351/1077 2352/2349/1075
f 2339/2336/1064 2355/2352/1078 2353/2350/1076
f 2338/2335/1063 2355/2352/1078 2339/2336/1064
f 2353/2350/1076 2356/2353/1079 2354/2351/1077
f 2355/2352/1078 2356/2353/1079 2353/2350/1076
f 2357/2354/1080 2354/2351/1077 2356/2353/1079
f 2357/2354/1080 2358/2355/1081 2354/2351/1077
f 2359/2356/1082 2357/2354/1080 2356/2353/1079
f 2355/2352/1078 2338/2335/1063 2360/2357/1083
f 2338/2335/1063 2361/2358/1084 2360/2357/1083
f 2355/2352/1078 2362/2359/1085 2356/2353/1079
f 2359/2356/1082 2356/2353/1079 2362/2359/1085
f 2360/2357/1083 2362/2359/1085 2355/2352/1078
f 2363/2360/1086 2359/2356/1082 2362/2359/1085
f 2363/2360/1086 2362/2359/1085 2360/2357/1083
f 2364/2361/1087 2365/2362/1088 2366/2363/1089
f 2364/2361/1087 2367/2364/1090 2365/2362/1088
f 2366/2363/1089 2365/2362/1088 2368/2365/1091
f 2366/2363/1089 2368/2365/1091 2369/2366/1092
f 2369/2366/1092 2368/2365/1091 2370/2367/1093
f 2369/2366/1092 2370/2367/1093 2371/2368/1094
f 2372/2369/1095 2368/2365/1091 2365/2362/1088
f 2372/2369/1095 2365/2362/1088 2367/2364/1090
f 2373/2370/1096 2370/2367/1093 2368/2365/1091
f 2372/2369/1095 2373/2370/1096 2368/2365/1091
f 2373/2370/1096 2374/2371/1097 2370/2367/1093
f 2375/2372/1098 2372/2369/1095 2367/2364/1090
f 2376/2373/1099 2375/2372/1098 2367/2364/1090
f 2377/2374/1100 2373/2370/1096 2372/2369/1095
f 2377/2374/1100 2372/2369/1095 2375/2372/1098
f 2378/2375/1101 2374/2371/1097 2373/2370/1096
f 2377/2374/1100 2378/2375/1101 2373/2370/1096
f 2378/2375/1101 2379/2376/1102 2374/2371/1097
f 2379/2376/1102 2378/2375/1101 2380/2377/1103
f 2379/2376/1102 2380/2377/1103 2381/2378/1104
f 2378/2375/1101 2382/2379/1105 2380/2377/1103
f 2378/2375/1101 2377/2374/1100 2382/2379/1105
f 2383/2380/1106 2382/2379/1105 2377/2374/1100
f 2384/2381/1106 2383/2380/1106 2377/2374/1100
f 2385/2382/1106 2384/2381/1106 2377/2374/1100
f 2377/2374/1100 2386/2383/1107 2385/2382/1106
f 2387/2384/1108 2386/2383/1107 2377/2374/1100
f 2387/2384/1108 2377/2374/1100 2375/2372/1098
f 2387/2384/1108 2388/2385/1109 2386/2383/1107
f 2375/2372/1098 2389/2386/1110 2387/2384/1108
f 2390/2387/1111 2391/2388/1112 2392/2389/1111
f 2393/2390/1112 2390/2387/1111 2392/2389/1111
f 2392/2389/1111 2394/2391/1111 2393/2390/1112
f 2395/2392/1113 2396/2393/1114 2397/2394/1114
f 2395/2392/1113 2398/2395/1115 2396/2393/1114
f 2397/2394/1114 2399/2396/1115 2395/2392/1113
f 2400/2397/1116 2401/2398/1117 2402/2399/1118
f 2400/2397/1116 2403/2400/1119 2401/2398/1117
f 2402/2399/1118 2404/2401/1120 2400/2397/1116
f 2403/2400/1119 2405/2402/1121 2401/2398/1117
f 2402/2399/1118 2406/2403/1122 2404/2401/1120
f 2406/2403/1122 2407/2404/1123 2404/2401/1120
f 2406/2403/1122 2408/2405/1123 2407/2404/1123
f 2403/2400/1119 2409/2406/1124 2405/2402/1121
f 2409/2406/1124 2410/2407/1125 2405/2402/1121
f 2409/2406/1124 2411/2408/1125 2410/2407/1125
f 2412/2409/1126 2413/2410/1126 2414/2411/1127
f 2412/2409/1126 2415/2412/1128 2413/2410/1126
f 2412/2409/1126 2416/2413/1127 2415/2412/1128
f 2414/2411/1127 2417/2414/1129 2412/2409/1126
f 2414/2411/1127 2418/2415/1129 2417/2414/1129
f 2418/2415/1129 2419/2416/1127 2417/2414/1129
f 2420/2417/1130 2421/2418/1131 2422/2419/1132
f 2420/2417/1130 2423/2420/1131 2421/2418/1131
f 2423/2420/1131 2424/2421/1133 2421/2418/1131
f 2423/2420/1131 2425/2422/1134 2424/2421/1133
f 2426/2423/1135 2420/2417/1130 2422/2419/1132
f 2426/2423/1135 2422/2419/1132 2427/2424/1135
f 2428/2425/1136 2426/2423/1135 2427/2424/1135
f 2428/2425/1136 2427/2424/1135 2429/2426/1137
f 2430/2427/1138 2428/2425/1136 2429/2426/1137
f 2430/2427/1138 2429/2426/1137 2431/2428/1138
f 2432/2429/1139 2430/2427/1138 2431/2428/1138
f 2432/2429/1139 2431/2428/1138 2433/2430/1140
f 2434/2431/1141 2432/2429/1139 2433/2430/1140
f 2434/2431/1141 2433/2430/1140 2435/2432/1142
f 2436/2433/1143 2434/2431/1141 2435/2432/1142
f 2436/2433/1143 2435/2432/1142 2437/2434/1144
f 2438/2435/1145 2436/2433/1143 2437/2434/1144
f 2438/2435/1145 2437/2434/1144 2439/2436/1145
f 2440/2437/1146 2438/2435/1145 2439/2436/1145
f 2440/2437/1146 2439/2436/1145 2441/2438/1146
f 2442/2439/1147 2440/2437/1146 2441/2438/1146
f 2442/2439/1147 2441/2438/1146 2443/2440/1148
f 2444/2441/1149 2442/2439/1147 2443/2440/1148
f 2444/2441/1149 2443/2440/1148 2445/2442/1149
f 2446/2443/1150 2444/2441/1149 2445/2442/1149
f 2446/2443/1150 2445/2442/1149 2447/2444/1151
f 2448/2445/1152 2449/2446/1152 2450/2447/1153
f 2448/2445/1152 2451/2448/1153 2449/2446/1152
f 2452/2449/1154 2453/2450/1155 2454/2451/1156
f 2452/2449/1154 2455/2452/1154 2453/2450/1155
f 2453/2450/1155 2456/2453/92 2454/2451/1156
f 2453/2450/1155 2457/2454/92 2456/2453/92
f 2458/2455/1156 2459/2456/1154 2460/2457/1155
f 2458/2455/1156 2461/2458/1154 2459/2456/1154
f 2462/2459/92 2458/2455/1156 2460/2457/1155
f 2462/2459/92 2463/2460/92 2458/2455/1156
f 2464/2461/1157 2465/2462/1158 2466/2463/1157
f 2464/2461/1157 2467/2464/1158 2465/2462/1158
f 2465/2462/1158 2467/2464/1158 2468/2465/1159
f 2465/2462/1158 2468/2465/1159 2469/2466/1159
f 2468/2465/1159 2470/2467/1160 2469/2466/1159
f 2468/2465/1159 2471/2468/1161 2470/2467/1160
f 2472/2469/1018 2470/2467/1160 2471/2468/1161
f 2472/2469/1018 2471/2468/1161 2473/2470/1018
f 2474/2471/1162 2475/2472/1163 2476/2473/1163
f 2474/2471/1162 2477/2474/1162 2475/2472/1163
f 2474/2471/1162 2478/2475/1164 2477/2474/1162
f 2474/2471/1162 2479/2476/1165 2478/2475/1164
f 2480/2477/1166 2478/2475/1164 2479/2476/1165
f 2480/2477/1166 2481/2478/1167 2478/2475/1164
f 2481/2478/1167 2480/2477/1166 2482/2479/1168
f 2481/2478/1167 2482/2479/1168 2483/2480/1168
f 2484/2481/184 2485/2482/184 2486/2483/184
f 2484/2481/184 2487/2484/184 2485/2482/184
f 2488/2485/184 2489/2486/184 2490/2487/184
f 2488/2485/184 2491/2488/802 2489/2486/184
f 2492/2489/184 2493/2490/184 2494/2491/184
f 2492/2489/184 2495/2492/184 2493/2490/184
f 2496/2493/184 2497/2494/184 2498/2495/184
f 2496/2493/184 2499/2496/184 2497/2494/184
f 2500/2497/184 2501/2498/184 2502/2499/184
f 2500/2497/184 2503/2500/184 2501/2498/184
f 2504/2501/184 2505/2502/184 2506/2503/184
f 2504/2501/184 2507/2504/802 2505/2502/184
f 2508/2505/92 2509/2506/92 2510/2507/1169
f 2511/2508/1170 2510/2507/1169 2509/2506/92
f 2510/2507/1169 2512/2509/92 2508/2505/92
f 2512/2509/92 2513/2510/92 2508/2505/92
f 2510/2507/1169 2511/2508/1170 2514/2511/1171
f 2511/2508/1170 2515/2512/1172 2514/2511/1171
f 2515/2512/1172 2516/2513/1173 2514/2511/1171
f 2516/2513/1173 2515/2512/1172 2517/2514/1174
f 2516/2513/1173 2517/2514/1174 2518/2515/1174
f 2516/2513/1173 2519/2516/1175 2514/2511/1171
f 2516/2513/1173 2520/2517/1176 2519/2516/1175
f 2520/2517/1176 2521/2518/1177 2519/2516/1175
f 2521/2518/1177 2520/2517/1176 2522/2519/92
f 2523/2520/92 2521/2518/1177 2522/2519/92
f 2524/2521/92 2521/2518/1177 2523/2520/92
f 2523/2520/92 2525/2522/92 2524/2521/92
f 2526/2523/748 2527/2524/752 2528/2525/1178
f 2526/2523/748 2529/2526/1179 2527/2524/752
f 2528/2525/1178 2527/2524/752 2530/2527/756
f 2529/2526/1179 2526/2523/748 2531/2528/749
f 2528/2525/1178 2530/2527/756 2532/2529/755
f 2529/2526/1179 2531/2528/749 2533/2530/747
f 2534/2531/219 2532/2529/755 2530/2527/756
f 2533/2530/747 2531/2528/749 2535/2532/751
f 2530/2527/756 2536/2533/219 2534/2531/219
f 2533/2530/747 2535/2532/751 2537/2534/753
f 2538/2535/1180 2534/2531/219 2536/2533/219
f 2537/2534/753 2535/2532/751 2539/2536/754
f 2540/2537/1180 2538/2535/1180 2536/2533/219
f 2537/2534/753 2539/2536/754 2541/2538/754
f 2538/2535/1180 2540/2537/1180 2542/2539/764
f 2541/2538/754 2539/2536/754 2543/2540/25
f 2544/2541/762 2538/2535/1180 2542/2539/764
f 2545/2542/1181 2541/2538/754 2543/2540/25
f 2546/2543/764 2544/2541/762 2542/2539/764
f 2547/2544/1181 2545/2542/1181 2543/2540/25
f 2548/2545/764 2546/2543/764 2542/2539/764
f 2547/2544/1181 2549/2546/1182 2545/2542/1181
f 2550/2547/764 2546/2543/764 2548/2545/764
f 2547/2544/1181 2551/2548/761 2549/2546/1182
f 2552/2549/1183 2550/2547/764 2548/2545/764
f 2549/2546/1182 2551/2548/761 2553/2550/768
f 2548/2545/764 2554/2551/770 2552/2549/1183
f 2553/2550/768 2551/2548/761 2555/2552/766
f 2556/2553/1184 2552/2549/1183 2554/2551/770
f 2551/2548/761 2557/2554/151 2555/2552/766
f 2554/2551/770 2558/2555/1184 2556/2553/1184
f 2557/2554/151 2559/2556/768 2555/2552/766
f 2560/2557/1185 2556/2553/1184 2558/2555/1184
f 2560/2557/1185 2561/2558/1185 2556/2553/1184
f 2561/2558/1185 2560/2557/1185 2562/2559/1186
f 2563/2560/763 2555/2552/766 2559/2556/768
f 2559/2556/768 2564/2561/765 2563/2560/763
f 2564/2561/765 2565/2562/763 2563/2560/763
f 2560/2557/1185 2566/2563/1187 2562/2559/1186
f 2566/2563/1187 2567/2564/1186 2562/2559/1186
f 2566/2563/1187 2568/2565/1187 2567/2564/1186
f 2569/2566/1188 2568/2565/1187 2566/2563/1187
f 2569/2566/1188 2566/2563/1187 2570/2567/1188
f 2571/2568/1189 2569/2566/1188 2570/2567/1188
f 2571/2568/1189 2570/2567/1188 2572/2569/1190
f 2573/2570/397 2571/2568/1189 2572/2569/1190
f 2573/2570/397 2572/2569/1190 2574/2571/397
f 2575/2572/1191 2573/2570/397 2574/2571/397
f 2574/2571/397 2576/2573/397 2575/2572/1191
f 2576/2573/397 2577/2574/404 2575/2572/1191
f 2577/2574/404 2578/2575/397 2575/2572/1191
f 2579/2576/1192 2575/2572/1191 2578/2575/397
f 2578/2575/397 2580/2577/397 2579/2576/1192
f 2581/2578/404 2575/2572/1191 2579/2576/1192
f 2582/2579/404 2581/2578/404 2579/2576/1192
f 2579/2576/1192 2583/2580/397 2582/2579/404
f 2584/2581/25 2585/2582/25 2586/2583/25
f 2585/2582/25 2587/2584/25 2586/2583/25
f 2586/2583/25 2588/2585/25 2584/2581/25
f 2585/2582/25 2589/2586/25 2587/2584/25
f 2590/2587/25 2584/2581/25 2588/2585/25
f 2585/2582/25 2591/2588/25 2589/2586/25
f 2592/2589/25 2590/2587/25 2588/2585/25
f 2588/2585/25 2593/2590/25 2592/2589/25
f 2593/2590/25 2594/2591/25 2592/2589/25
f 2591/2588/25 2595/2592/25 2589/2586/25
f 2595/2592/25 2596/2593/25 2589/2586/25
f 2595/2592/25 2597/2594/25 2596/2593/25
f 2598/2595/26 2599/2596/26 2600/2597/25
f 2598/2595/26 2601/2598/693 2599/2596/26
f 2602/2599/26 2598/2595/26 2600/2597/25
f 2600/2597/25 2603/2600/25 2602/2599/26
f 2604/2601/26 2602/2599/26 2603/2600/25
f 2604/2601/26 2605/2602/26 2602/2599/26
f 2604/2601/26 2606/2603/25 2605/2602/26
f 2607/2604/25 2604/2601/26 2603/2600/25
f 2608/2605/25 2607/2604/25 2603/2600/25
f 2609/2606/25 2607/2604/25 2608/2605/25
f 2610/2607/1193 2611/2608/1194 2612/2609/1195
f 2610/2607/1193 2613/2610/1194 2611/2608/1194
f 2614/2611/1196 2610/2607/1193 2612/2609/1195
f 2614/2611/1196 2612/2609/1195 2615/2612/1197
f 2615/2612/1197 2616/2613/1198 2614/2611/1196
f 2616/2613/1198 2617/2614/1199 2614/2611/1196
f 2617/2614/1199 2618/2615/1200 2614/2611/1196
f 2617/2614/1199 2619/2616/1201 2618/2615/1200
f 2617/2614/1199 2620/2617/1202 2619/2616/1201
f 2620/2617/1202 2617/2614/1199 2616/2613/1198
f 2620/2617/1202 2616/2613/1198 2621/2618/1203
f 2621/2618/1203 2622/2619/1203 2620/2617/1202
f 2623/2620/1204 2624/2621/1205 2625/2622/1206
f 2623/2620/1204 2626/2623/1204 2624/2621/1205
f 2625/2622/1206 2624/2621/1205 2627/2624/1207
f 2625/2622/1206 2627/2624/1207 2628/2625/1208
f 2629/2626/1209 2628/2625/1208 2627/2624/1207
f 2630/2627/1210 2629/2626/1209 2627/2624/1207
f 2627/2624/1207 2631/2628/1211 2630/2627/1210
f 2630/2627/1210 2631/2628/1211 2632/2629/1212
f 2630/2627/1210 2632/2629/1212 2633/2630/1213
f 2629/2626/1209 2630/2627/1210 2633/2630/1213
f 2634/2631/1214 2629/2626/1209 2633/2630/1213
f 2633/2630/1213 2635/2632/1215 2634/2631/1214
f 2636/2633/1216 2637/2634/1217 2638/2635/1218
f 2636/2633/1216 2639/2636/1219 2637/2634/1217
f 2636/2633/1216 2640/2637/1220 2639/2636/1219
f 2639/2636/1219 2641/2638/1221 2637/2634/1217
f 2640/2637/1220 2641/2638/1221 2639/2636/1219
f 2636/2633/1216 2642/2639/1222 2640/2637/1220
f 2640/2637/1220 2643/2640/1223 2641/2638/1221
f 2641/2638/1221 2643/2640/1223 2644/2641/1224
f 2641/2638/1221 2644/2641/1224 2645/2642/1225
f 2641/2638/1221 2645/2642/1225 2646/2643/1226
f 2636/2633/1216 2647/2644/1227 2642/2639/1222
f 2641/2638/1221 2648/2645/1228 2637/2634/1217
f 2648/2645/1228 2641/2638/1221 2646/2643/1226
f 2648/2645/1228 2638/2635/1218 2637/2634/1217
f 2649/2646/1229 2648/2645/1228 2646/2643/1226
f 2648/2645/1228 2649/2646/1229 2650/2647/1230
f 2636/2633/1216 2651/2648/1231 2647/2644/1227
f 2651/2648/1231 2652/2649/1232 2647/2644/1227
f 2636/2633/1216 2653/2650/1233 2651/2648/1231
f 2654/2651/1234 2652/2649/1232 2651/2648/1231
f 2651/2648/1231 2653/2650/1233 2654/2651/1234
f 2636/2633/1216 2655/2652/1235 2653/2650/1233
f 2655/2652/1235 2636/2633/1216 2638/2635/1218
f 2656/2653/1236 2655/2652/1235 2638/2635/1218
f 2656/2653/1236 2638/2635/1218 2657/2654/1018
f 2657/2654/1018 2658/2655/1237 2656/2653/1236
f 2638/2635/1218 2659/2656/1238 2657/2654/1018
f 2638/2635/1218 2648/2645/1228 2659/2656/1238
f 2659/2656/1238 2660/2657/1239 2657/2654/1018
f 2659/2656/1238 2661/2658/1018 2660/2657/1239
f 2661/2658/1018 2662/2659/1018 2660/2657/1239
f 2661/2658/1018 2663/2660/1240 2662/2659/1018
f 2661/2658/1018 2664/2661/1240 2663/2660/1240
f 2665/2662/1230 2663/2660/1240 2664/2661/1240
f 2665/2662/1230 2664/2661/1240 2666/2663/1230
f 2648/2645/1228 2667/2664/1241 2659/2656/1238
f 2667/2664/1241 2648/2645/1228 2668/2665/1226
f 2650/2647/1230 2668/2665/1226 2648/2645/1228
f 2650/2647/1230 2669/2666/1226 2668/2665/1226
f 2650/2647/1230 2670/2667/1226 2669/2666/1226
f 2670/2667/1226 2671/2668/1229 2669/2666/1226
f 2671/2668/1229 2672/2669/1242 2669/2666/1226
f 2671/2668/1229 2673/2670/1230 2672/2669/1242
f 2671/2668/1229 2674/2671/1229 2673/2670/1230
f 2668/2665/1226 2675/2672/1224 2667/2664/1241
f 2675/2672/1224 2676/2673/1224 2667/2664/1241
f 2676/2673/1224 2677/2674/1230 2667/2664/1241
f 2677/2674/1230 2678/2675/1230 2667/2664/1241
f 2678/2675/1230 2679/2676/1230 2667/2664/1241
f 2680/2677/1243 2681/2678/1244 2682/2679/1245
f 2680/2677/1243 2683/2680/1246 2681/2678/1244
f 2684/2681/1247 2683/2680/1246 2680/2677/1243
f 2684/2681/1247 2685/2682/1248 2683/2680/1246
f 2684/2681/1247 2680/2677/1243 2686/2683/1249
f 2686/2683/1249 2687/2684/1250 2684/2681/1247
f 2686/2683/1249 2688/2685/1251 2687/2684/1250
f 2688/2685/1251 2689/2686/1248 2687/2684/1250
f 2690/2687/1252 2688/2685/1251 2686/2683/1249
f 2690/2687/1252 2686/2683/1249 2691/2688/1253
f 2692/2689/1254 2690/2687/1252 2691/2688/1253
f 2692/2689/1254 2693/2690/1255 2690/2687/1252
f 2691/2688/1253 2694/2691/1254 2692/2689/1254
f 2692/2689/1254 2695/2692/1255 2693/2690/1255
f 2691/2688/1253 2696/2693/1256 2694/2691/1254
f 2695/2692/1255 2697/2694/1257 2693/2690/1255
f 2696/2693/1256 2698/2695/1256 2694/2691/1254
f 2695/2692/1255 2699/2696/1257 2697/2694/1257
f 2700/2697/1257 2698/2695/1256 2696/2693/1256
f 2697/2694/1257 2699/2696/1257 2701/2698/778
f 2700/2697/1257 2696/2693/1256 2702/2699/1257
f 2703/2700/778 2697/2694/1257 2701/2698/778
f 2704/2701/778 2700/2697/1257 2702/2699/1257
f 2703/2700/778 2701/2698/778 2705/2702/778
f 2703/2700/778 2705/2702/778 2706/2703/778
f 2704/2701/778 2702/2699/1257 2707/2704/1258
f 2707/2704/1258 2703/2700/778 2706/2703/778
f 2708/2705/778 2704/2701/778 2707/2704/1258
f 2709/2706/778 2707/2704/1258 2706/2703/778
f 2708/2705/778 2707/2704/1258 2709/2706/778
f 2710/2707/1259 2711/2708/1260 2712/2709/1261
f 2713/2710/1262 2712/2709/1261 2711/2708/1260
f 2710/2707/1259 2714/2711/1263 2711/2708/1260
f 2711/2708/1260 2715/2712/1264 2713/2710/1262
f 2714/2711/1263 2710/2707/1259 2716/2713/1265
f 2715/2712/1264 2717/2714/1266 2713/2710/1262
f 2718/2715/1267 2714/2711/1263 2716/2713/1265
f 2719/2716/1268 2717/2714/1266 2715/2712/1264
f 2720/2717/1269 2718/2715/1267 2716/2713/1265
f 2721/2718/1270 2718/2715/1267 2720/2717/1269
f 2721/2718/1270 2722/2719/1270 2718/2715/1267
f 2719/2716/1268 2715/2712/1264 2723/2720/1271
f 2724/2721/26 2719/2716/1268 2723/2720/1271
f 2725/2722/26 2724/2721/26 2723/2720/1271
f 2723/2720/1271 2726/2723/1272 2725/2722/26
f 2726/2723/1272 2727/2724/1272 2725/2722/26
f 2728/2725/1273 2729/2726/1274 2730/2727/1275
f 2731/2728/1274 2730/2727/1275 2729/2726/1274
f 2731/2728/1274 2732/2729/1274 2730/2727/1275
f 2730/2727/1275 2733/2730/1273 2728/2725/1273
f 2733/2730/1273 2734/2731/1276 2728/2725/1273
f 2733/2730/1273 2735/2732/1274 2734/2731/1276
f 2733/2730/1273 2736/2733/1273 2735/2732/1274
f 2736/2733/1273 2737/2734/1276 2735/2732/1274
f 2738/2735/1277 2730/2727/1275 2732/2729/1274
f 2738/2735/1277 2739/2736/1278 2730/2727/1275
f 2732/2729/1274 2740/2737/1276 2738/2735/1277
f 2738/2735/1277 2741/2738/1278 2739/2736/1278
f 2741/2738/1278 2742/2739/1279 2739/2736/1278
f 2740/2737/1276 2743/2740/1274 2738/2735/1277
f 2741/2738/1278 2744/2741/1280 2742/2739/1279
f 2740/2737/1276 2745/2742/1276 2743/2740/1274
f 2744/2741/1280 2746/2743/1281 2742/2739/1279
f 2745/2742/1276 2747/2744/1274 2743/2740/1274
f 2744/2741/1280 2748/2745/1281 2746/2743/1281
f 2747/2744/1274 2749/2746/1274 2743/2740/1274
f 2747/2744/1274 2750/2747/1274 2749/2746/1274
f 2750/2747/1274 2751/2748/1282 2749/2746/1274
f 2752/2749/1283 2746/2743/1281 2748/2745/1281
f 2753/2750/1284 2752/2749/1283 2748/2745/1281
f 2754/2751/1283 2753/2750/1284 2748/2745/1281
f 2755/2752/1285 2753/2750/1284 2754/2751/1283
f 2754/2751/1283 2756/2753/1283 2755/2752/1285
f 2753/2750/1284 2755/2752/1285 2757/2754/1286
f 2753/2750/1284 2757/2754/1286 2758/2755/1287
f 2757/2754/1286 2759/2756/1288 2758/2755/1287
f 2757/2754/1286 2760/2757/1288 2759/2756/1288
f 2760/2757/1288 2761/2758/1289 2762/2759/1290
f 2760/2757/1288 2762/2759/1290 2763/2760/1289
f 2760/2757/1288 2763/2760/1289 2764/2761/1290
f 2765/2762/1289 2766/2763/1289 2764/2761/1290
f 2766/2763/1289 2767/2764/1290 2764/2761/1290
f 2760/2757/1288 2764/2761/1290 2767/2764/1290
f 2767/2764/1290 2768/2765/249 2760/2757/1288
f 2759/2756/1288 2760/2757/1288 2768/2765/249
f 2767/2764/1290 2769/2766/249 2768/2765/249
f 2770/2767/249 2768/2765/249 2769/2766/249
f 2771/2768/1289 2770/2767/249 2769/2766/249
f 2768/2765/249 2772/2769/249 2759/2756/1288
f 2773/2770/1291 2774/2771/1292 2772/2769/249
f 2774/2771/1292 2775/2772/1293 2772/2769/249
f 2772/2769/249 2775/2772/1293 2759/2756/1288
f 2775/2772/1293 2776/2773/1290 2759/2756/1288
f 2775/2772/1293 2777/2774/1290 2776/2773/1290
f 2775/2772/1293 2778/2775/1290 2777/2774/1290
f 2775/2772/1293 2779/2776/249 2778/2775/1290
f 2780/2777/1294 2781/2778/1295 2782/2779/1296
f 2781/2778/1295 2783/2780/1295 2782/2779/1296
f 2783/2780/1295 2784/2781/1297 2782/2779/1296
f 2785/2782/1297 2782/2779/1296 2784/2781/1297
f 2786/2783/1295 2785/2782/1297 2784/2781/1297
f 2787/2784/1295 2785/2782/1297 2786/2783/1295
f 2788/2785/1294 2785/2782/1297 2787/2784/1295
f 2787/2784/1295 2789/2786/1298 2788/2785/1294
f 2790/2787/1299 2780/2777/1294 2782/2779/1296
f 2790/2787/1299 2791/2788/1300 2780/2777/1294
f 2792/2789/1301 2790/2787/1299 2782/2779/1296
f 2790/2787/1299 2793/2790/1298 2791/2788/1300
f 2792/2789/1301 2794/2791/1301 2790/2787/1299
f 2793/2790/1298 2795/2792/1298 2791/2788/1300
f 2796/2793/1302 2794/2791/1301 2792/2789/1301
f 2793/2790/1298 2797/2794/1295 2795/2792/1298
f 2796/2793/1302 2798/2795/1303 2794/2791/1301
f 2793/2790/1298 2799/2796/1294 2797/2794/1295
f 2799/2796/1294 2800/2797/1298 2797/2794/1295
f 2799/2796/1294 2801/2798/1298 2800/2797/1298
f 2802/2799/1304 2798/2795/1303 2796/2793/1302
f 2802/2799/1304 2803/2800/1304 2798/2795/1303
f 2803/2800/1304 2802/2799/1304 2804/2801/1305
f 2804/2801/1305 2805/2802/1306 2803/2800/1304
f 2806/2803/1307 2803/2800/1304 2805/2802/1306
f 2805/2802/1306 2807/2804/1308 2806/2803/1307
f 2807/2804/1308 2808/2805/1309 2806/2803/1307
f 2805/2802/1306 2809/2806/1310 2807/2804/1308
f 2805/2802/1306 2810/2807/1311 2809/2806/1310
f 2811/2808/1312 2809/2806/1310 2810/2807/1311
f 2811/2808/1312 2812/2809/1313 2809/2806/1310
f 2813/2810/1314 2814/2811/1314 2812/2809/1313
f 2815/2812/258 2813/2810/1314 2812/2809/1313
f 2815/2812/258 2812/2809/1313 2816/2813/1315
f 2817/2814/1314 2818/2815/1315 2816/2813/1315
f 2819/2816/258 2817/2814/1314 2816/2813/1315
f 2816/2813/1315 2812/2809/1313 2819/2816/258
f 2812/2809/1313 2820/2817/258 2819/2816/258
f 2812/2809/1313 2811/2808/1312 2820/2817/258
f 2820/2817/258 2821/2818/258 2819/2816/258
f 2820/2817/258 2822/2819/1315 2821/2818/258
f 2822/2819/1315 2823/2820/1315 2821/2818/258
f 2820/2817/258 2811/2808/1312 2824/2821/258
f 2825/2822/1316 2826/2823/1317 2824/2821/258
f 2827/2824/1318 2825/2822/1316 2824/2821/258
f 2827/2824/1318 2824/2821/258 2811/2808/1312
f 2828/2825/1319 2827/2824/1318 2811/2808/1312
f 2829/2826/258 2827/2824/1318 2828/2825/1319
f 2829/2826/258 2830/2827/1315 2827/2824/1318
f 2830/2827/1315 2831/2828/258 2827/2824/1318
f 2832/2829/1320 2833/2830/1321 2834/2831/1322
f 2835/2832/1323 2832/2829/1320 2834/2831/1322
f 2835/2832/1323 2836/2833/1324 2832/2829/1320
f 2837/2834/1325 2832/2829/1320 2836/2833/1324
f 2832/2829/1320 2837/2834/1325 2833/2830/1321
f 2838/2835/1326 2837/2834/1325 2836/2833/1324
f 2838/2835/1326 2836/2833/1324 2835/2832/1323
f 2837/2834/1325 2838/2835/1326 2839/2836/1327
f 2833/2830/1321 2837/2834/1325 2840/2837/1328
f 2840/2837/1328 2837/2834/1325 2839/2836/1327
f 2833/2830/1321 2841/2838/1329 2834/2831/1322
f 2835/2832/1323 2834/2831/1322 2841/2838/1329
f 2833/2830/1321 2842/2839/1330 2841/2838/1329
f 2838/2835/1326 2835/2832/1323 2843/2840/1331
f 2838/2835/1326 2844/2841/1332 2839/2836/1327
f 2843/2840/1331 2844/2841/1332 2838/2835/1326
f 2843/2840/1331 2845/2842/1333 2844/2841/1332
f 2844/2841/1332 2846/2843/1334 2839/2836/1327
f 2844/2841/1332 2845/2842/1333 2846/2843/1334
f 2843/2840/1331 2847/2844/1335 2845/2842/1333
f 2846/2843/1334 2845/2842/1333 2847/2844/1335
f 2835/2832/1323 2848/2845/1336 2843/2840/1331
f 2843/2840/1331 2848/2845/1336 2847/2844/1335
f 2835/2832/1323 2841/2838/1329 2849/2846/1337
f 2835/2832/1323 2849/2846/1337 2848/2845/1336
f 2850/2847/1338 2851/2848/1339 2852/2849/1338
f 2850/2847/1338 2853/2850/1339 2851/2848/1339
f 2853/2850/1339 2854/2851/1340 2851/2848/1339
f 2855/2852/1341 2850/2847/1338 2852/2849/1338
f 2856/2853/1342 2854/2851/1340 2857/2854/1343
f 2854/2851/1340 2858/2855/1344 2857/2854/1343
f 2853/2850/1339 2858/2855/1344 2854/2851/1340
f 2858/2855/1344 2859/2856/1343 2857/2854/1343
f 2860/2857/1345 2858/2855/1344 2853/2850/1339
f 2861/2858/228 2859/2856/1343 2858/2855/1344
f 2861/2858/228 2858/2855/1344 2860/2857/1345
f 2861/2858/228 2862/2859/232 2859/2856/1343
f 2861/2858/228 2863/2860/1346 2862/2859/232
f 2864/2861/230 2861/2858/228 2860/2857/1345
f 2864/2861/230 2860/2857/1345 2853/2850/1339
f 2863/2860/1346 2861/2858/228 2865/2862/1347
f 2864/2861/230 2865/2862/1347 2861/2858/228
f 2863/2860/1346 2865/2862/1347 2866/2863/1347
f 2866/2863/1347 2865/2862/1347 2867/2864/567
f 2867/2864/567 2868/2865/1348 2866/2863/1347
f 2869/2866/1349 2867/2864/567 2865/2862/1347
f 2865/2862/1347 2864/2861/230 2869/2866/1349
f 2864/2861/230 2853/2850/1339 2870/2867/1350
f 2864/2861/230 2870/2867/1350 2869/2866/1349
f 2850/2847/1338 2870/2867/1350 2853/2850/1339
f 2850/2847/1338 2871/2868/1350 2870/2867/1350
f 2850/2847/1338 2855/2852/1341 2871/2868/1350
f 2869/2866/1349 2870/2867/1350 2872/2869/567
f 2873/2870/570 2869/2866/1349 2872/2869/567
f 2870/2867/1350 2871/2868/1350 2874/2871/567
f 2871/2868/1350 2855/2852/1341 2874/2871/567
f 2874/2871/567 2872/2869/567 2870/2867/1350
f 2872/2869/567 2875/2872/575 2873/2870/570
f 2876/2873/1351 2875/2872/575 2872/2869/567
f 2876/2873/1351 2877/2874/574 2875/2872/575
f 2872/2869/567 2874/2871/567 2878/2875/1352
f 2872/2869/567 2878/2875/1352 2876/2873/1351
f 2879/2876/1353 2877/2874/574 2876/2873/1351
f 2879/2876/1353 2880/2877/576 2877/2874/574
f 2881/2878/1354 2880/2877/576 2879/2876/1353
f 2876/2873/1351 2882/2879/1355 2879/2876/1353
f 2879/2876/1353 2882/2879/1355 2881/2878/1354
f 2876/2873/1351 2878/2875/1352 2882/2879/1355
f 2882/2879/1355 2883/2880/1356 2881/2878/1354
f 2883/2880/1356 2884/2881/1357 2881/2878/1354
f 2882/2879/1355 2885/2882/1358 2883/2880/1356
f 2883/2880/1356 2886/2883/1359 2884/2881/1357
f 2885/2882/1358 2886/2883/1359 2883/2880/1356
f 2886/2883/1359 2887/2884/1360 2884/2881/1357
f 2886/2883/1359 2888/2885/638 2887/2884/1360
f 2889/2886/1361 2887/2884/1360 2888/2885/638
f 2890/2887/1358 2882/2879/1355 2878/2875/1352
f 2882/2879/1355 2890/2887/1358 2885/2882/1358
f 2890/2887/1358 2878/2875/1352 2891/2888/1362
f 2891/2888/1362 2878/2875/1352 2874/2871/567
f 2891/2888/1362 2874/2871/567 2892/2889/1363
f 2892/2889/1363 2874/2871/567 2855/2852/1341
f 2891/2888/1362 2892/2889/1363 2893/2890/1364
f 2855/2852/1341 2893/2890/1364 2892/2889/1363
f 2890/2887/1358 2891/2888/1362 2894/2891/1365
f 2891/2888/1362 2893/2890/1364 2894/2891/1365
f 2885/2882/1358 2890/2887/1358 2895/2892/1366
f 2890/2887/1358 2894/2891/1365 2895/2892/1366
f 2896/2893/1367 2895/2892/1366 2894/2891/1365
f 2896/2893/1367 2897/2894/1368 2895/2892/1366
f 2898/2895/1369 2896/2893/1367 2894/2891/1365
f 2898/2895/1369 2894/2891/1365 2893/2890/1364
f 2897/2894/1368 2899/2896/1370 2895/2892/1366
f 2885/2882/1358 2895/2892/1366 2899/2896/1370
f 2897/2894/1368 2900/2897/1371 2899/2896/1370
f 2899/2896/1370 2901/2898/1372 2885/2882/1358
f 2885/2882/1358 2901/2898/1372 2886/2883/1359
f 2902/2899/1373 2899/2896/1370 2900/2897/1371
f 2899/2896/1370 2902/2899/1373 2901/2898/1372
f 2902/2899/1373 2900/2897/1371 2903/2900/1374
f 2904/2901/1375 2902/2899/1373 2903/2900/1374
f 2901/2898/1372 2888/2885/638 2886/2883/1359
f 2904/2901/1375 2905/2902/826 2902/2899/1373
f 2902/2899/1373 2906/2903/1376 2901/2898/1372
f 2901/2898/1372 2906/2903/1376 2888/2885/638
f 2902/2899/1373 2905/2902/826 2906/2903/1376
f 2905/2902/826 2904/2901/1375 2907/2904/184
f 2888/2885/638 2906/2903/1376 2908/2905/825
f 2906/2903/1376 2905/2902/826 2908/2905/825
f 2907/2904/184 2909/2906/1361 2905/2902/826
f 2909/2906/1361 2908/2905/825 2905/2902/826
f 2907/2904/184 2910/2907/1377 2909/2906/1361
f 2908/2905/825 2909/2906/1361 2910/2907/1377
f 2907/2904/184 2911/2908/1378 2910/2907/1377
f 2912/2909/1379 2910/2907/1377 2911/2908/1378
f 2908/2905/825 2913/2910/583 2888/2885/638
f 2913/2910/583 2889/2886/1361 2888/2885/638
f 2908/2905/825 2910/2907/1377 2914/2911/1380
f 2913/2910/583 2908/2905/825 2914/2911/1380
f 2912/2909/1379 2915/2912/1381 2910/2907/1377
f 2914/2911/1380 2910/2907/1377 2915/2912/1381
f 2916/2913/1382 2915/2912/1381 2912/2909/1379
f 2889/2886/1361 2913/2910/583 2917/2914/1383
f 2913/2910/583 2914/2911/1380 2917/2914/1383
f 2889/2886/1361 2917/2914/1383 2918/2915/1384
f 2914/2911/1380 2915/2912/1381 2919/2916/1385
f 2917/2914/1383 2914/2911/1380 2919/2916/1385
f 2916/2913/1382 2920/2917/1386 2915/2912/1381
f 2919/2916/1385 2915/2912/1381 2920/2917/1386
f 2920/2917/1386 2916/2913/1382 2921/2918/1387
f 2918/2915/1384 2917/2914/1383 2922/2919/1388
f 2917/2914/1383 2919/2916/1385 2922/2919/1388
f 2923/2920/1389 2924/2921/1390 2925/2922/1389
f 2924/2921/1390 2926/2923/1389 2925/2922/1389
f 2926/2923/1389 2927/2924/1391 2925/2922/1389
f 2925/2922/1389 2928/2925/1389 2923/2920/1389
f 2923/2920/1389 2928/2925/1389 2929/2926/1392
f 2928/2925/1389 2930/2927/1389 2929/2926/1392
f 2931/2928/1393 2932/2929/1393 2933/2930/1393
f 2931/2928/1393 2934/2931/1392 2932/2929/1393
f 2931/2928/1393 2935/2932/1391 2934/2931/1392
f 2936/2933/1389 2931/2928/1393 2933/2930/1393
f 2937/2934/1392 2936/2933/1389 2933/2930/1393
f 2938/2935/1390 2936/2933/1389 2937/2934/1392
f 853/850/388 856/853/391 2939/2936/1394
f 2939/2936/1394 856/853/391 919/916/427
f 2940/2937/1395 853/850/388 2939/2936/1394
f 919/916/427 842/839/377 2939/2936/1394
f 2940/2937/1395 2939/2936/1394 842/839/377
f 847/844/382 853/850/388 2940/2937/1395
f 2941/2938/1396 2940/2937/1395 842/839/377
f 2941/2938/1396 842/839/377 2942/2939/1397
f 2940/2937/1395 2941/2938/1396 2943/2940/1398
f 2943/2940/1398 2941/2938/1396 2942/2939/1397
f 2943/2940/1398 2942/2939/1397 2944/2941/1399
f 2944/2941/1399 2942/2939/1397 842/839/377
f 2943/2940/1398 839/836/374 2940/2937/1395
f 839/836/374 847/844/382 2940/2937/1395
f 2943/2940/1398 2944/2941/1399 840/837/375
f 840/837/375 2944/2941/1399 842/839/377
f 2943/2940/1398 840/837/375 839/836/374
f 2945/2942/1400 2946/2943/1401 2947/2944/1401
f 2946/2943/1401 2948/2945/1402 2947/2944/1401
f 2946/2943/1401 2949/2946/1403 2948/2945/1402
f 2945/2942/1400 2950/2947/1404 2946/2943/1401
f 2951/2948/1405 2950/2947/1404 2945/2942/1400
f 2951/2948/1405 2952/2949/1406 2950/2947/1404
f 2953/2950/1407 2952/2949/1406 2951/2948/1405
f 2953/2950/1407 2951/2948/1405 2954/2951/1407
f 2955/2952/1408 2953/2950/1407 2954/2951/1407
f 2955/2952/1408 2954/2951/1407 2956/2953/1409
f 2957/2954/1410 2958/2955/1411 2959/2956/1410
f 2958/2955/1411 2960/2957/1412 2959/2956/1410
f 2961/2958/1410 2958/2955/1411 2957/2954/1410
f 2962/2959/1413 2963/2960/1414 2964/2961/1413
f 2963/2960/1414 2965/2962/1413 2964/2961/1413
f 2966/2963/1413 2963/2960/1414 2962/2959/1413
f 2967/2964/1415 2968/2965/778 2969/2966/780
f 2967/2964/1415 2970/2967/778 2968/2965/778
f 2970/2967/778 2967/2964/1415 2971/2968/778
f 2972/2969/1416 2967/2964/1415 2969/2966/780
f 2973/2970/778 2972/2969/1416 2969/2966/780
f 2974/2971/778 2972/2969/1416 2973/2970/778
f 2972/2969/1416 2974/2971/778 2975/2972/778
f 2972/2969/1416 2975/2972/778 2976/2973/778
f 2977/2974/1417 2972/2969/1416 2976/2973/778
f 2977/2974/1417 2976/2973/778 2978/2975/778
f 2977/2974/1417 2979/2976/1418 2972/2969/1416
f 2977/2974/1417 2978/2975/778 2980/2977/780
f 2977/2974/1417 2981/2978/1419 2979/2976/1418
f 2979/2976/1418 2981/2978/1419 2982/2979/1420
f 2981/2978/1419 2983/2980/1421 2982/2979/1420
f 2984/2981/1421 2979/2976/1418 2982/2979/1420
f 2985/2982/1422 2977/2974/1417 2980/2977/780
f 2986/2983/778 2985/2982/1422 2980/2977/780
f 2987/2984/778 2985/2982/1422 2986/2983/778
f 2971/2968/778 2985/2982/1422 2987/2984/778
f 2967/2964/1415 2985/2982/1422 2971/2968/778
f 2967/2964/1415 2988/2985/1423 2985/2982/1422
f 2967/2964/1415 2989/2986/1424 2988/2985/1423
f 2988/2985/1423 2990/2987/232 2991/2988/1343
f 2988/2985/1423 2991/2988/1343 2992/2989/232
f 2988/2985/1423 2993/2990/1425 2990/2987/232
f 2988/2985/1423 2989/2986/1424 2993/2990/1425
f 2992/2989/232 2994/2991/1426 2988/2985/1423
f 2992/2989/232 2995/2992/1343 2994/2991/1426
f 2995/2992/1343 2996/2993/1427 2994/2991/1426
f 2997/2994/1425 2996/2993/1427 2993/2990/1425
f 2997/2994/1425 2993/2990/1425 2998/2995/1425
f 2999/2996/1425 2998/2995/1425 2993/2990/1425
f 2989/2986/1424 2999/2996/1425 2993/2990/1425
f 2989/2986/1424 3000/2997/1425 2999/2996/1425
f 2997/2994/1425 3000/2997/1425 2996/2993/1427
f 2989/2986/1424 3001/2998/1428 3000/2997/1425
f 3000/2997/1425 3001/2998/1428 2996/2993/1427
f 2996/2993/1427 3001/2998/1428 2994/2991/1426
f 2994/2991/1426 3001/2998/1428 3002/2999/1429
f 2994/2991/1426 3002/2999/1429 3003/3000/1430
f 3004/3001/397 3005/3002/397 3002/2999/1429
f 3002/2999/1429 3005/3002/397 3006/3003/397
f 3007/3004/404 3004/3001/397 3002/2999/1429
f 3003/3000/1430 3002/2999/1429 3006/3003/397
f 3003/3000/1430 3006/3003/397 3008/3005/397
f 3002/2999/1429 3009/3006/1431 3007/3004/404
f 3003/3000/1430 3008/3005/397 3010/3007/397
f 3003/3000/1430 3010/3007/397 3011/3008/404
f 3009/3006/1431 3012/3009/404 3007/3004/404
f 3013/3010/1432 3003/3000/1430 3011/3008/404
f 3009/3006/1431 3014/3011/397 3012/3009/404
f 3015/3012/397 3014/3011/397 3009/3006/1431
f 3016/3013/397 3015/3012/397 3009/3006/1431
f 3016/3013/397 3009/3006/1431 3013/3010/1432
f 3011/3008/404 3017/3014/397 3013/3010/1432
f 3017/3014/397 3016/3013/397 3013/3010/1432
f 3018/3015/1433 3013/3010/1432 3009/3006/1431
f 3018/3015/1433 3019/3016/1434 3013/3010/1432
f 3019/3016/1434 3018/3015/1433 3020/3017/1435
f 3018/3015/1433 3021/3018/1421 3020/3017/1435
f 3020/3017/1435 3022/3019/1421 3019/3016/1434
f 3023/3020/1436 3024/3021/1437 3025/3022/1438
f 3024/3021/1437 3023/3020/1436 3026/3023/1439
f 3024/3021/1437 3026/3023/1439 3027/3024/1440
f 3024/3021/1437 3027/3024/1440 3028/3025/397
f 3025/3022/1438 3024/3021/1437 3028/3025/397
f 3025/3022/1438 3028/3025/397 3029/3026/397
f 3025/3022/1438 3029/3026/397 3030/3027/404
f 3026/3023/1439 3023/3020/1436 3031/3028/1441
f 3025/3022/1438 3030/3027/404 3032/3029/397
f 3033/3030/1442 3034/3031/1442 3031/3028/1441
f 3035/3032/1443 3033/3030/1442 3031/3028/1441
f 3031/3028/1441 3023/3020/1436 3035/3032/1443
f 3023/3020/1436 3036/3033/1444 3035/3032/1443
f 3037/3034/1445 3036/3033/1444 3023/3020/1436
f 3038/3035/1446 3037/3034/1445 3023/3020/1436
f 3025/3022/1438 3038/3035/1446 3023/3020/1436
f 3039/3036/1447 3040/3037/1448 3041/3038/1449
f 3041/3038/1449 3040/3037/1448 3042/3039/1450
f 3041/3038/1449 3042/3039/1450 3043/3040/1451
f 3039/3036/1447 3041/3038/1449 3044/3041/1452
f 3045/3042/1453 3039/3036/1447 3044/3041/1452
f 3044/3041/1452 3046/3043/1454 3045/3042/1453
f 3044/3041/1452 3047/3044/1455 3046/3043/1454
f 3047/3044/1455 3044/3041/1452 3048/3045/1456
f 3041/3038/1449 3048/3045/1456 3044/3041/1452
f 3047/3044/1455 3048/3045/1456 3049/3046/1457
f 3050/3047/1458 3041/3038/1449 3043/3040/1451
f 3041/3038/1449 3050/3047/1458 3048/3045/1456
f 3048/3045/1456 3051/3048/1459 3049/3046/1457
f 3048/3045/1456 3052/3049/1460 3051/3048/1459
f 3052/3049/1460 3048/3045/1456 3053/3050/1461
f 3053/3050/1461 3048/3045/1456 3050/3047/1458
f 3050/3047/1458 3043/3040/1451 3054/3051/1462
f 3050/3047/1458 3055/3052/1463 3053/3050/1461
f 3050/3047/1458 3054/3051/1462 3056/3053/1464
f 3050/3047/1458 3056/3053/1464 3055/3052/1463
f 3057/3054/1465 3058/3055/1466 3059/3056/1467
f 3060/3057/1468 3059/3056/1467 3058/3055/1466
f 3060/3057/1468 3058/3055/1466 3061/3058/1469
f 3057/3054/1465 3062/3059/1470 3058/3055/1466
f 3063/3060/1471 3062/3059/1470 3057/3054/1465
f 3064/3061/1472 3062/3059/1470 3063/3060/1471
f 3064/3061/1472 3065/3062/1473 3062/3059/1470
f 3065/3062/1473 3066/3063/1474 3062/3059/1470
f 3066/3063/1474 3058/3055/1466 3062/3059/1470
f 3065/3062/1473 3067/3064/1475 3066/3063/1474
f 3061/3058/1469 3058/3055/1466 3068/3065/1476
f 3066/3063/1474 3068/3065/1476 3058/3055/1466
f 3069/3066/1477 3066/3063/1474 3067/3064/1475
f 3061/3058/1469 3068/3065/1476 3070/3067/1478
f 3069/3066/1477 3071/3068/1479 3066/3063/1474
f 3072/3069/1480 3070/3067/1478 3068/3065/1476
f 3071/3068/1479 3073/3070/1481 3066/3063/1474
f 3073/3070/1481 3068/3065/1476 3066/3063/1474
f 3072/3069/1480 3068/3065/1476 3074/3071/1482
f 3068/3065/1476 3073/3070/1481 3074/3071/1482
f 3075/3072/1483 3076/3073/1484 3077/3074/1485
f 3077/3074/1485 3076/3073/1484 3078/3075/1486
f 3075/3072/1483 3079/3076/1487 3076/3073/1484
f 3080/3077/1488 3075/3072/1483 3077/3074/1485
f 3081/3078/1489 3080/3077/1488 3077/3074/1485
f 3081/3078/1489 3077/3074/1485 3082/3079/1489
f 3075/3072/1483 3083/3080/1487 3079/3076/1487
f 3084/3081/1490 3079/3076/1487 3083/3080/1487
f 3085/3082/1491 3084/3081/1490 3083/3080/1487
f 3086/3083/1491 3084/3081/1490 3085/3082/1491
f 3085/3082/1491 3087/3084/1492 3086/3083/1491
f 3085/3082/1491 3088/3085/1492 3087/3084/1492
f 3087/3084/1492 3088/3085/1492 3089/3086/1493
f 3090/3087/1494 3091/3088/1495 3092/3089/1496
f 3091/3088/1495 3090/3087/1494 3093/3090/1497
f 3091/3088/1495 3093/3090/1497 3094/3091/1497
f 3092/3089/1496 3091/3088/1495 3095/3092/1498
f 3091/3088/1495 3096/3093/1499 3095/3092/1498
f 3092/3089/1496 3095/3092/1498 3097/3094/1500
f 3092/3089/1496 3097/3094/1500 3098/3095/1500
f 3097/3094/1500 3099/3096/1501 3098/3095/1500
f 3098/3095/1500 3099/3096/1501 3100/3097/1502
f 3099/3096/1501 3101/3098/1502 3100/3097/1502
f 3102/3099/1503 3100/3097/1502 3101/3098/1502
f 3102/3099/1503 3103/3100/1504 3100/3097/1502
f 3102/3099/1503 3104/3101/1505 3103/3100/1504
f 3105/3102/1258 3106/3103/778 3107/3104/1506
f 3108/3105/778 3106/3103/778 3105/3102/1258
f 3109/3106/780 3108/3105/778 3105/3102/1258
f 3105/3102/1258 3110/3107/778 3109/3106/780
f 3106/3103/778 3111/3108/780 3107/3104/1506
f 3111/3108/780 3112/3109/778 3107/3104/1506
f 3112/3109/778 3113/3110/778 3107/3104/1506
f 3113/3110/778 3114/3111/778 3107/3104/1506
f 3115/3112/778 3105/3102/1258 3107/3104/1506
f 3107/3104/1506 3116/3113/778 3115/3112/778
f 3117/3114/778 3115/3112/778 3116/3113/778
f 3116/3113/778 3118/3115/778 3117/3114/778
f 3117/3114/778 3118/3115/778 3119/3116/780
f 3118/3115/778 3120/3117/778 3119/3116/780
f 3121/3118/780 3119/3116/780 3120/3117/778
f 3120/3117/778 3122/3119/778 3121/3118/780
f 3122/3119/778 3123/3120/1507 3121/3118/780
f 3124/3121/404 3125/3122/404 3126/3123/397
f 3127/3124/1508 3126/3123/397 3125/3122/404
f 3126/3123/397 3128/3125/397 3124/3121/404
f 3128/3125/397 3129/3126/397 3124/3121/404
f 3129/3126/397 3130/3127/397 3124/3121/404
f 3129/3126/397 3131/3128/397 3130/3127/397
f 3132/3129/397 3130/3127/397 3131/3128/397
f 3133/3130/1509 3132/3129/397 3131/3128/397
f 3134/3131/1192 3132/3129/397 3133/3130/1509
f 3135/3132/404 3136/3133/397 3134/3131/1192
f 3137/3134/397 3135/3132/404 3134/3131/1192
f 3138/3135/397 3137/3134/397 3134/3131/1192
f 3133/3130/1509 3138/3135/397 3134/3131/1192
f 3139/3136/404 3138/3135/397 3133/3130/1509
f 3140/3137/397 3139/3136/404 3133/3130/1509
f 3141/3138/397 3140/3137/397 3133/3130/1509
f 3133/3130/1509 3142/3139/397 3141/3138/397
f 3143/3140/1510 3144/3141/1511 3145/3142/1512
f 3145/3142/1512 3144/3141/1511 3146/3143/1513
f 3146/3143/1513 3147/3144/1514 3145/3142/1512
f 3143/3140/1510 3148/3145/1515 3144/3141/1511
f 3149/3146/1516 3145/3142/1512 3147/3144/1514
f 3147/3144/1514 3150/3147/1517 3149/3146/1516
f 3150/3147/1517 3151/3148/1518 3149/3146/1516
f 3148/3145/1515 3143/3140/1510 3152/3149/1258
f 3153/3150/778 3148/3145/1515 3152/3149/1258
f 3143/3140/1510 3154/3151/778 3152/3149/1258
f 3154/3151/778 3155/3152/778 3152/3149/1258
f 3156/3153/780 3152/3149/1258 3155/3152/778
f 3156/3153/780 3155/3152/778 3157/3154/778
f 3157/3154/778 3158/3155/778 3156/3153/780
f 3159/3156/780 3156/3153/780 3158/3155/778
f 3158/3155/778 3160/3157/778 3159/3156/780
f 3160/3157/778 3161/3158/780 3159/3156/780
f 3162/3159/778 3159/3156/780 3161/3158/780
f 3163/3160/780 3161/3158/780 3160/3157/778
f 3160/3157/778 3164/3161/780 3163/3160/780
f 3164/3161/780 3165/3162/780 3163/3160/780
f 3165/3162/780 3166/3163/778 3163/3160/780
f 3167/3164/1519 3168/3165/1520 3169/3166/1521
f 3167/3164/1519 3170/3167/1522 3168/3165/1520
f 3168/3165/1520 3170/3167/1522 3171/3168/1523
f 3171/3168/1523 3170/3167/1522 3172/3169/1523
f 3170/3167/1522 3173/3170/1524 3172/3169/1523
f 3174/3171/1525 3172/3169/1523 3173/3170/1524
f 3173/3170/1524 3175/3172/1526 3174/3171/1525
f 3167/3164/1519 3169/3166/1521 3176/3173/1192
f 3169/3166/1521 3177/3174/397 3176/3173/1192
f 3178/3175/397 3167/3164/1519 3176/3173/1192
f 3179/3176/397 3178/3175/397 3176/3173/1192
f 3179/3176/397 3176/3173/1192 3180/3177/404
f 3181/3178/397 3179/3176/397 3180/3177/404
f 3182/3179/397 3181/3178/397 3180/3177/404
f 3180/3177/404 3183/3180/404 3182/3179/397
f 3182/3179/397 3183/3180/404 3184/3181/397
f 3185/3182/404 3184/3181/397 3183/3180/404
f 3183/3180/404 3186/3183/404 3185/3182/404
f 3185/3182/404 3187/3184/397 3184/3181/397
f 3188/3185/397 3184/3181/397 3187/3184/397
f 3189/3186/397 3188/3185/397 3187/3184/397
f 3187/3184/397 3190/3187/397 3189/3186/397
f 3191/3188/1527 3192/3189/1528 3193/3190/1529
f 3191/3188/1527 3194/3191/1530 3192/3189/1528
f 3195/3192/1531 3194/3191/1530 3191/3188/1527
f 3195/3192/1531 3191/3188/1527 3196/3193/1532
f 3197/3194/1533 3195/3192/1531 3196/3193/1532
f 3197/3194/1533 3196/3193/1532 3198/3195/1534
f 3198/3195/1534 3199/3196/1535 3197/3194/1533
f 3198/3195/1534 3200/3197/1536 3199/3196/1535
f 3199/3196/1535 3200/3197/1536 3201/3198/1537
f 3202/3199/1538 3199/3196/1535 3201/3198/1537
f 3201/3198/1537 3203/3200/1539 3202/3199/1538
f 3204/3201/1540 3202/3199/1538 3203/3200/1539
f 3205/3202/1541 3204/3201/1540 3203/3200/1539
f 3204/3201/1540 3205/3202/1541 3206/3203/1542
f 3207/3204/966 3205/3202/1541 3203/3200/1539
f 3208/3205/1543 3204/3201/1540 3206/3203/1542
f 3203/3200/1539 3209/3206/1544 3207/3204/966
f 3206/3203/1542 3210/3207/1545 3208/3205/1543
f 3209/3206/1544 3211/3208/1546 3207/3204/966
f 3212/3209/1547 3208/3205/1543 3210/3207/1545
f 3209/3206/1544 3213/3210/1548 3211/3208/1546
f 3212/3209/1547 3210/3207/1545 3214/3211/1549
f 3215/3212/1550 3212/3209/1547 3214/3211/1549
f 3215/3212/1550 3214/3211/1549 3216/3213/1550
f 3213/3210/1548 3217/3214/1551 3211/3208/1546
f 3213/3210/1548 3218/3215/1552 3217/3214/1551
f 3219/3216/778 3217/3214/1551 3218/3215/1552
f 3219/3216/778 3220/3217/778 3217/3214/1551
f 3221/3218/1553 3037/3034/1445 3038/3035/1446
f 3222/3219/1554 3038/3035/1446 3025/3022/1438
f 3038/3035/1446 3222/3219/1554 3223/3220/1555
f 3223/3220/1555 3221/3218/1553 3038/3035/1446
f 3222/3219/1554 3025/3022/1438 3224/3221/1556
f 3224/3221/1556 3025/3022/1438 3032/3029/397
f 3032/3029/397 3225/3222/404 3224/3221/1556
f 3225/3222/404 3226/3223/404 3224/3221/1556
f 3227/3224/1557 3224/3221/1556 3226/3223/404
f 3228/3225/1558 3227/3224/1557 3226/3223/404
f 3229/3226/1559 3227/3224/1557 3228/3225/1558
f 3229/3226/1559 3230/3227/1560 3227/3224/1557
f 3230/3227/1560 3229/3226/1559 3231/3228/1561
f 3230/3227/1560 3231/3228/1561 3232/3229/1562
f 3232/3229/1562 3231/3228/1561 3233/3230/1563
f 3232/3229/1562 3233/3230/1563 3234/3231/1563
f 3235/3232/1527 3221/3218/1553 3223/3220/1555
f 3235/3232/1527 3236/3233/1530 3221/3218/1553
f 3237/3234/638 3236/3233/1530 3235/3232/1527
f 3237/3234/638 3238/3235/184 3236/3233/1530
f 3239/3236/184 3237/3234/638 3235/3232/1527
f 3240/3237/801 3239/3236/184 3235/3232/1527
f 3240/3237/801 3241/3238/184 3239/3236/184
f 3241/3238/184 3242/3239/802 3239/3236/184
f 3240/3237/801 3243/3240/802 3241/3238/184
f 3235/3232/1527 3244/3241/1532 3240/3237/801
f 3244/3241/1532 3245/3242/184 3240/3237/801
f 3244/3241/1532 3246/3243/1531 3245/3242/184
f 3246/3243/1531 3247/3244/184 3245/3242/184
f 3248/3245/1564 3246/3243/1531 3244/3241/1532
f 3248/3245/1564 3244/3241/1532 3249/3246/1565
f 3248/3245/1564 3249/3246/1565 3250/3247/1566
f 3249/3246/1565 3251/3248/1567 3250/3247/1566
f 3252/3249/1568 3248/3245/1564 3250/3247/1566
f 3253/3250/1569 3250/3247/1566 3251/3248/1567
f 3252/3249/1568 3250/3247/1566 3254/3251/1570
f 3250/3247/1566 3253/3250/1569 3254/3251/1570
f 3254/3251/1570 3255/3252/1571 3252/3249/1568
f 3255/3252/1571 3254/3251/1570 3256/3253/1572
f 3254/3251/1570 3257/3254/1573 3256/3253/1572
f 3258/3255/1574 3256/3253/1572 3257/3254/1573
f 3257/3254/1573 3259/3256/1573 3258/3255/1574
f 3254/3251/1570 3260/3257/1575 3257/3254/1573
f 3261/3258/1576 3260/3257/1575 3254/3251/1570
f 3253/3250/1569 3261/3258/1576 3254/3251/1570
f 3261/3258/1576 3262/3259/1577 3260/3257/1575
f 3262/3259/1577 3261/3258/1576 3263/3260/778
f 3261/3258/1576 3253/3250/1569 3263/3260/778
f 3264/3261/778 3263/3260/778 3253/3250/1569
f 3265/3262/778 3264/3261/778 3253/3250/1569
f 3266/3263/778 3265/3262/778 3253/3250/1569
f 3267/3264/1578 3266/3263/778 3253/3250/1569
f 3253/3250/1569 3251/3248/1567 3267/3264/1578
f 3267/3264/1578 3268/3265/780 3266/3263/778
f 3267/3264/1578 3269/3266/780 3268/3265/780
f 3267/3264/1578 3270/3267/1579 3269/3266/780
f 3270/3267/1579 3271/3268/1580 3269/3266/780
f 3270/3267/1579 3272/3269/1543 3271/3268/1580
f 3270/3267/1579 3273/3270/1545 3272/3269/1543
f 3274/3271/1547 3272/3269/1543 3273/3270/1545
f 3274/3271/1547 3273/3270/1545 3275/3272/1549
f 3276/3273/1581 3274/3271/1547 3275/3272/1549
f 3276/3273/1581 3275/3272/1549 3277/3274/1581
f 3278/3275/1582 3279/3276/1583 3280/3277/1584
f 3281/3278/1585 3279/3276/1583 3278/3275/1582
f 3279/3276/1583 3282/3279/1586 3280/3277/1584
f 3283/3280/1587 3281/3278/1585 3278/3275/1582
f 3280/3277/1584 3282/3279/1586 3284/3281/1588
f 3278/3275/1582 3285/3282/1587 3283/3280/1587
f 3278/3275/1582 3286/3283/1589 3285/3282/1587
f 3287/3284/1590 3286/3283/1589 3278/3275/1582
f 3280/3277/1584 3284/3281/1588 3288/3285/1591
f 3288/3285/1591 3289/3286/1592 3280/3277/1584
f 3280/3277/1584 3289/3286/1592 3290/3287/1593
f 3278/3275/1582 3291/3288/1594 3287/3284/1590
f 3280/3277/1584 3291/3288/1594 3278/3275/1582
f 3291/3288/1594 3292/3289/1595 3287/3284/1590
f 3291/3288/1594 3293/3290/1596 3292/3289/1595
f 3291/3288/1594 3294/3291/1597 3293/3290/1596
f 3295/3292/1598 3294/3291/1597 3291/3288/1594
f 3296/3293/1599 3280/3277/1584 3290/3287/1593
f 3280/3277/1584 3296/3293/1599 3291/3288/1594
f 3291/3288/1594 3296/3293/1599 3295/3292/1598
f 3290/3287/1593 3297/3294/1600 3296/3293/1599
f 3295/3292/1598 3296/3293/1599 3298/3295/1601
f 3296/3293/1599 3297/3294/1600 3299/3296/1602
f 3296/3293/1599 3300/3297/1603 3298/3295/1601
f 3296/3293/1599 3299/3296/1602 3300/3297/1603
f 3301/3298/1604 3302/3299/1605 3303/3300/1606
f 3302/3299/1605 3304/3301/1607 3303/3300/1606
f 3305/3302/1608 3302/3299/1605 3301/3298/1604
f 3303/3300/1606 3304/3301/1607 3306/3303/1609
f 3307/3304/1610 3305/3302/1608 3301/3298/1604
f 3306/3303/1609 3308/3305/1611 3303/3300/1606
f 3308/3305/1611 3309/3306/1612 3303/3300/1606
f 3303/3300/1606 3309/3306/1612 3310/3307/1613
f 3311/3308/1614 3307/3304/1610 3301/3298/1604
f 3301/3298/1604 3312/3309/1615 3311/3308/1614
f 3313/3310/1616 3312/3309/1615 3301/3298/1604
f 3310/3307/1613 3314/3311/1617 3303/3300/1606
f 3314/3311/1617 3301/3298/1604 3303/3300/1606
f 3310/3307/1613 3315/3312/1618 3314/3311/1617
f 3316/3313/1619 3314/3311/1617 3315/3312/1618
f 3316/3313/1619 3317/3314/1620 3314/3311/1617
f 3314/3311/1617 3317/3314/1620 3318/3315/1621
f 3313/3310/1616 3301/3298/1604 3319/3316/1622
f 3314/3311/1617 3319/3316/1622 3301/3298/1604
f 3319/3316/1622 3314/3311/1617 3318/3315/1621
f 3319/3316/1622 3320/3317/1623 3313/3310/1616
f 3318/3315/1621 3321/3318/1624 3319/3316/1622
f 3322/3319/1625 3320/3317/1623 3319/3316/1622
f 3321/3318/1624 3323/3320/1626 3319/3316/1622
f 3322/3319/1625 3319/3316/1622 3323/3320/1626
f 3324/3321/1627 3325/3322/1628 3326/3323/1629
f 3327/3324/1630 3324/3321/1627 3326/3323/1629
f 3324/3321/1627 3328/3325/1631 3325/3322/1628
f 3325/3322/1628 3328/3325/1631 3329/3326/1632
f 3325/3322/1628 3330/3327/1633 3326/3323/1629
f 3327/3324/1630 3326/3323/1629 3331/3328/1634
f 3331/3328/1634 3326/3323/1629 3330/3327/1633
f 3332/3329/1635 3327/3324/1630 3331/3328/1634
f 3332/3329/1635 3333/3330/1636 3327/3324/1630
f 3333/3330/1636 3332/3329/1635 3334/3331/1637
f 3333/3330/1636 3334/3331/1637 3335/3332/1638
f 3336/3333/1639 3335/3332/1638 3334/3331/1637
f 3332/3329/1635 3337/3334/1640 3334/3331/1637
f 3336/3333/1639 3334/3331/1637 3338/3335/1641
f 3338/3335/1641 3334/3331/1637 3337/3334/1640
f 3339/3336/1642 3332/3329/1635 3331/3328/1634
f 3332/3329/1635 3339/3336/1642 3337/3334/1640
f 3339/3336/1642 3331/3328/1634 3340/3337/1643
f 3331/3328/1634 3330/3327/1633 3340/3337/1643
f 3337/3334/1640 3339/3336/1642 3341/3338/1644
f 3341/3338/1644 3339/3336/1642 3340/3337/1643
f 3342/3339/1645 3336/3333/1639 3338/3335/1641
f 3342/3339/1645 3343/3340/1646 3336/3333/1639
f 3338/3335/1641 3337/3334/1640 3344/3341/1647
f 3343/3340/1646 3342/3339/1645 3345/3342/1648
f 3343/3340/1646 3345/3342/1648 3346/3343/1649
f 3347/3344/1650 3346/3343/1649 3345/3342/1648
f 3348/3345/1651 3342/3339/1645 3338/3335/1641
f 3348/3345/1651 3338/3335/1641 3344/3341/1647
f 3342/3339/1645 3349/3346/1652 3345/3342/1648
f 3342/3339/1645 3348/3345/1651 3349/3346/1652
f 3347/3344/1650 3345/3342/1648 3350/3347/1653
f 3350/3347/1653 3345/3342/1648 3349/3346/1652
f 3349/3346/1652 3348/3345/1651 3351/3348/1654
f 3351/3348/1654 3348/3345/1651 3344/3341/1647
f 3350/3347/1653 3349/3346/1652 3352/3349/1655
f 3353/3350/1656 3347/3344/1650 3350/3347/1653
f 3353/3350/1656 3354/3351/1657 3347/3344/1650
f 3355/3352/1658 3353/3350/1656 3350/3347/1653
f 3355/3352/1658 3350/3347/1653 3352/3349/1655
f 3354/3351/1657 3353/3350/1656 3356/3353/1659
f 3354/3351/1657 3356/3353/1659 3357/3354/1660
f 3329/3326/1632 3357/3354/1660 3356/3353/1659
f 3353/3350/1656 3358/3355/1661 3356/3353/1659
f 3353/3350/1656 3355/3352/1658 3358/3355/1661
f 3329/3326/1632 3356/3353/1659 3359/3356/1662
f 3359/3356/1662 3356/3353/1659 3358/3355/1661
f 3325/3322/1628 3329/3326/1632 3359/3356/1662
f 3358/3355/1661 3355/3352/1658 3360/3357/1663
f 3360/3357/1663 3355/3352/1658 3352/3349/1655
f 3361/3358/1664 3325/3322/1628 3359/3356/1662
f 3325/3322/1628 3361/3358/1664 3330/3327/1633
f 3359/3356/1662 3358/3355/1661 3362/3359/1665
f 3361/3358/1664 3359/3356/1662 3362/3359/1665
f 3362/3359/1665 3358/3355/1661 3363/3360/1666
f 3358/3355/1661 3360/3357/1663 3363/3360/1666
f 3364/3361/1667 3361/3358/1664 3362/3359/1665
f 3330/3327/1633 3361/3358/1664 3364/3361/1667
f 3362/3359/1665 3363/3360/1666 3365/3362/1668
f 3364/3361/1667 3362/3359/1665 3365/3362/1668
f 3363/3360/1666 3366/3363/1669 3365/3362/1668
f 3364/3361/1667 3365/3362/1668 3366/3363/1669
f 3363/3360/1666 3360/3357/1663 3367/3364/1670
f 3364/3361/1667 3366/3363/1669 3368/3365/1671
f 3363/3360/1666 3369/3366/1672 3366/3363/1669
f 3368/3365/1671 3366/3363/1669 3369/3366/1672
f 3363/3360/1666 3367/3364/1670 3369/3366/1672
f 3364/3361/1667 3368/3365/1671 3370/3367/1673
f 3370/3367/1673 3368/3365/1671 3369/3366/1672
f 3330/3327/1633 3364/3361/1667 3371/3368/1674
f 3364/3361/1667 3370/3367/1673 3371/3368/1674
f 3340/3337/1643 3330/3327/1633 3371/3368/1674
f 3340/3337/1643 3371/3368/1674 3372/3369/1675
f 3341/3338/1644 3340/3337/1643 3372/3369/1675
f 3373/3370/1676 3372/3369/1675 3371/3368/1674
f 3373/3370/1676 3371/3368/1674 3370/3367/1673
f 3373/3370/1676 3341/3338/1644 3372/3369/1675
f 3374/3371/1677 3370/3367/1673 3369/3366/1672
f 3374/3371/1677 3373/3370/1676 3370/3367/1673
f 3373/3370/1676 3374/3371/1677 3341/3338/1644
f 3369/3366/1672 3367/3364/1670 3374/3371/1677
f 3375/3372/1678 3341/3338/1644 3374/3371/1677
f 3375/3372/1678 3374/3371/1677 3367/3364/1670
f 3375/3372/1678 3376/3373/1679 3341/3338/1644
f 3337/3334/1640 3341/3338/1644 3376/3373/1679
f 3344/3341/1647 3337/3334/1640 3376/3373/1679
f 3344/3341/1647 3376/3373/1679 3377/3374/1680
f 3351/3348/1654 3344/3341/1647 3377/3374/1680
f 3378/3375/1681 3377/3374/1680 3376/3373/1679
f 3378/3375/1681 3351/3348/1654 3377/3374/1680
f 3378/3375/1681 3376/3373/1679 3375/3372/1678
f 3378/3375/1681 3379/3376/1682 3351/3348/1654
f 3379/3376/1682 3378/3375/1681 3375/3372/1678
f 3379/3376/1682 3380/3377/1683 3351/3348/1654
f 3349/3346/1652 3351/3348/1654 3380/3377/1683
f 3381/3378/1684 3379/3376/1682 3375/3372/1678
f 3381/3378/1684 3375/3372/1678 3367/3364/1670
f 3379/3376/1682 3381/3378/1684 3380/3377/1683
f 3352/3349/1655 3349/3346/1652 3380/3377/1683
f 3367/3364/1670 3382/3379/1685 3381/3378/1684
f 3380/3377/1683 3381/3378/1684 3382/3379/1685
f 3360/3357/1663 3382/3379/1685 3367/3364/1670
f 3352/3349/1655 3380/3377/1683 3383/3380/1686
f 3360/3357/1663 3352/3349/1655 3383/3380/1686
f 3380/3377/1683 3382/3379/1685 3383/3380/1686
f 3360/3357/1663 3383/3380/1686 3382/3379/1685
f 3384/3381/1687 3385/3382/217 3386/3383/1688
f 3384/3381/1687 3387/3384/217 3385/3382/217
f 3388/3385/1689 3384/3381/1687 3386/3383/1688
f 3388/3385/1689 3389/3386/1690 3384/3381/1687
f 3390/3387/1691 3389/3386/1690 3388/3385/1689
f 3390/3387/1691 3388/3385/1689 3391/3388/1692
f 3391/3388/1692 3392/3389/1693 3390/3387/1691
f 3391/3388/1692 3393/3390/1694 3392/3389/1693
f 3394/3391/1695 3392/3389/1693 3393/3390/1694
f 3394/3391/1695 3393/3390/1694 3395/3392/1696
f 3396/3393/1697 3394/3391/1695 3395/3392/1696
f 3396/3393/1697 3395/3392/1696 3397/3394/1698
f 3396/3393/1697 3397/3394/1698 3398/3395/25
f 3396/3393/1697 3398/3395/25 3399/3396/25
f 3400/3397/1699 3401/3398/1700 3402/3399/1701
f 3400/3397/1699 3403/3400/1702 3401/3398/1700
f 3404/3401/1703 3403/3400/1702 3400/3397/1699
f 3402/3399/1701 3401/3398/1700 3405/3402/1704
f 3404/3401/1703 3406/3403/1705 3403/3400/1702
f 3404/3401/1703 3407/3404/404 3406/3403/1705
f 3404/3401/1703 3408/3405/397 3407/3404/404
f 3409/3406/1706 3402/3399/1701 3405/3402/1704
f 3410/3407/1707 3409/3406/1706 3405/3402/1704
f 3409/3406/1706 3410/3407/1707 3411/3408/1708
f 3405/3402/1704 3412/3409/1709 3410/3407/1707
f 3410/3407/1707 3413/3410/1559 3411/3408/1708
f 3412/3409/1709 3405/3402/1704 3414/3411/1710
f 3413/3410/1559 3415/3412/1711 3411/3408/1708
f 3416/3413/1712 3412/3409/1709 3414/3411/1710
f 3415/3412/1711 3413/3410/1559 3417/3414/1713
f 3418/3415/1714 3416/3413/1712 3414/3411/1710
f 3415/3412/1711 3417/3414/1713 3419/3416/1562
f 3419/3416/1562 3417/3414/1713 3420/3417/1715
f 3419/3416/1562 3420/3417/1715 3421/3418/1715
f 3416/3413/1712 3418/3415/1714 3193/3190/1529
f 3416/3413/1712 3193/3190/1529 3192/3189/1528
f 3422/3419/1716 3423/3420/1717 3424/3421/1718
f 3424/3421/1718 3423/3420/1717 3425/3422/1719
f 3424/3421/1718 3425/3422/1719 3426/3423/1720
f 3422/3419/1716 3427/3424/1721 3423/3420/1717
f 3427/3424/1721 3422/3419/1716 3428/3425/1722
f 3427/3424/1721 3428/3425/1722 3429/3426/1723
f 3430/3427/1724 3429/3426/1723 3428/3425/1722
f 3430/3427/1724 3431/3428/1725 3429/3426/1723
f 3430/3427/1724 3432/3429/1726 3431/3428/1725
f 3430/3427/1724 3433/3430/1727 3432/3429/1726
f 3434/3431/217 3432/3429/1726 3433/3430/1727
f 3434/3431/217 3435/3432/217 3432/3429/1726
f 3436/3433/1728 3437/3434/1729 3438/3435/1729
f 3438/3435/1729 3437/3434/1729 3439/3436/404
f 3436/3433/1728 3440/3437/1728 3437/3434/1729
f 3437/3434/1729 3441/3438/397 3439/3436/404
f 3440/3437/1728 3436/3433/1728 3442/3439/1730
f 3443/3440/397 3439/3436/404 3441/3438/397
f 3444/3441/397 3443/3440/397 3441/3438/397
f 2681/2678/1244 3440/3437/1728 3442/3439/1730
f 3444/3441/397 3441/3438/397 3445/3442/1731
f 3445/3442/1731 3446/3443/397 3444/3441/397
f 3445/3442/1731 3447/3444/404 3446/3443/397
f 3445/3442/1731 3448/3445/404 3447/3444/404
f 3445/3442/1731 3449/3446/1729 3448/3445/404
f 3449/3446/1729 3450/3447/1729 3448/3445/404
f 3450/3447/1729 3449/3446/1729 3451/3448/1732
f 3450/3447/1729 3451/3448/1732 3452/3449/1732
f 3453/3450/1730 3452/3449/1732 3451/3448/1732
f 3453/3450/1730 3451/3448/1732 2682/2679/1245
f 3442/3439/1730 3453/3450/1730 2682/2679/1245
f 2681/2678/1244 3442/3439/1730 2682/2679/1245
f 3454/3451/1733 3455/3452/1734 3456/3453/1735
f 3454/3451/1733 3457/3454/1736 3455/3452/1734
f 2852/2849/1338 3455/3452/1734 3457/3454/1736
f 3458/3455/1737 3454/3451/1733 3456/3453/1735
f 3458/3455/1737 3456/3453/1735 3459/3456/1738
f 3458/3455/1737 3459/3456/1738 3460/3457/1739
f 3460/3457/1739 3461/3458/1740 3458/3455/1737
f 2852/2849/1338 3457/3454/1736 2855/2852/1341
f 3458/3455/1737 3461/3458/1740 3462/3459/1741
f 3454/3451/1733 3458/3455/1737 3462/3459/1741
f 3461/3458/1740 3463/3460/1742 3462/3459/1741
f 3457/3454/1736 3454/3451/1733 3464/3461/1743
f 3454/3451/1733 3462/3459/1741 3464/3461/1743
f 3463/3460/1742 3465/3462/1744 3462/3459/1741
f 3464/3461/1743 3462/3459/1741 3465/3462/1744
f 3466/3463/1745 3465/3462/1744 3463/3460/1742
f 3457/3454/1736 3464/3461/1743 3467/3464/1369
f 2855/2852/1341 3457/3454/1736 3467/3464/1369
f 3466/3463/1745 3468/3465/1746 3465/3462/1744
f 3464/3461/1743 3465/3462/1744 3469/3466/1747
f 3469/3466/1747 3467/3464/1369 3464/3461/1743
f 3469/3466/1747 3465/3462/1744 3468/3465/1746
f 3468/3465/1746 3466/3463/1745 3470/3467/1748
f 3469/3466/1747 3471/3468/1369 3467/3464/1369
f 2855/2852/1341 3467/3464/1369 3471/3468/1369
f 3469/3466/1747 3468/3465/1746 3472/3469/1749
f 3471/3468/1369 3469/3466/1747 3472/3469/1749
f 3471/3468/1369 3472/3469/1749 3473/3470/1369
f 3473/3470/1369 3472/3469/1749 3468/3465/1746
f 2855/2852/1341 3471/3468/1369 3473/3470/1369
f 3474/3471/1750 3468/3465/1746 3470/3467/1748
f 3473/3470/1369 3468/3465/1746 3474/3471/1750
f 2855/2852/1341 3473/3470/1369 3475/3472/1751
f 3474/3471/1750 3475/3472/1751 3473/3470/1369
f 2893/2890/1364 2855/2852/1341 3475/3472/1751
f 3476/3473/1752 3474/3471/1750 3470/3467/1748
f 3476/3473/1752 3475/3472/1751 3474/3471/1750
f 3470/3467/1748 3477/3474/1753 3476/3473/1752
f 3478/3475/1751 2893/2890/1364 3475/3472/1751
f 3476/3473/1752 3478/3475/1751 3475/3472/1751
f 3477/3474/1753 3479/3476/1754 3476/3473/1752
f 3479/3476/1754 3478/3475/1751 3476/3473/1752
f 3477/3474/1753 3480/3477/1755 3479/3476/1754
f 3481/3478/1751 2893/2890/1364 3478/3475/1751
f 3479/3476/1754 3481/3478/1751 3478/3475/1751
f 2898/2895/1369 2893/2890/1364 3481/3478/1751
f 2898/2895/1369 3481/3478/1751 3482/3479/1756
f 3479/3476/1754 3482/3479/1756 3481/3478/1751
f 3483/3480/1757 2898/2895/1369 3482/3479/1756
f 3482/3479/1756 3484/3481/1758 3483/3480/1757
f 3479/3476/1754 3485/3482/1759 3482/3479/1756
f 3484/3481/1758 3482/3479/1756 3485/3482/1759
f 3480/3477/1755 3485/3482/1759 3479/3476/1754
f 3484/3481/1758 3485/3482/1759 3486/3483/1760
f 3485/3482/1759 3480/3477/1755 3487/3484/1761
f 3487/3484/1761 3486/3483/1760 3485/3482/1759
f 3487/3484/1761 3488/3485/1762 3486/3483/1760
f 3489/3486/1763 3490/3487/1764 3491/3488/1765
f 3492/3489/1766 3489/3486/1763 3491/3488/1765
f 3490/3487/1764 3489/3486/1763 3493/3490/1767
f 3490/3487/1764 3493/3490/1767 3494/3491/1768
f 3495/3492/1769 3494/3491/1768 3493/3490/1767
f 3495/3492/1769 3496/3493/1770 3494/3491/1768
f 3497/3494/1771 3496/3493/1770 3495/3492/1769
f 3498/3495/1772 3497/3494/1771 3495/3492/1769
f 3495/3492/1769 3499/3496/1773 3498/3495/1772
f 3493/3490/1767 3499/3496/1773 3495/3492/1769
f 3500/3497/1774 3498/3495/1772 3499/3496/1773
f 3501/3498/1775 3493/3490/1767 3489/3486/1763
f 3493/3490/1767 3501/3498/1775 3499/3496/1773
f 3500/3497/1774 3499/3496/1773 3502/3499/1776
f 3501/3498/1775 3502/3499/1776 3499/3496/1773
f 3503/3500/1777 3500/3497/1774 3502/3499/1776
f 3501/3498/1775 3489/3486/1763 3504/3501/1778
f 3504/3501/1778 3489/3486/1763 3492/3489/1766
f 3503/3500/1777 3502/3499/1776 3505/3502/1779
f 3501/3498/1775 3506/3503/1780 3502/3499/1776
f 3504/3501/1778 3506/3503/1780 3501/3498/1775
f 3505/3502/1779 3502/3499/1776 3506/3503/1780
f 3507/3504/1781 3503/3500/1777 3505/3502/1779
f 3504/3501/1778 3508/3505/1778 3506/3503/1780
f 3508/3505/1778 3504/3501/1778 3492/3489/1766
f 3505/3502/1779 3506/3503/1780 3509/3506/1782
f 3509/3506/1782 3506/3503/1780 3508/3505/1778
f 3509/3506/1782 3508/3505/1778 3510/3507/1778
f 3505/3502/1779 3509/3506/1782 3510/3507/1778
f 3510/3507/1778 3508/3505/1778 3492/3489/1766
f 3505/3502/1779 3511/3508/1783 3507/3504/1781
f 3511/3508/1783 3505/3502/1779 3510/3507/1778
f 3512/3509/1784 3510/3507/1778 3492/3489/1766
f 3510/3507/1778 3512/3509/1784 3511/3508/1783
f 3492/3489/1766 3513/3510/1778 3512/3509/1784
f 3511/3508/1783 3514/3511/1785 3507/3504/1781
f 3514/3511/1785 3511/3508/1783 3512/3509/1784
f 3514/3511/1785 3515/3512/1786 3507/3504/1781
f 3513/3510/1778 3516/3513/1784 3512/3509/1784
f 3514/3511/1785 3512/3509/1784 3516/3513/1784
f 3515/3512/1786 3514/3511/1785 3517/3514/1787
f 3516/3513/1784 3517/3514/1787 3514/3511/1785
f 3515/3512/1786 3517/3514/1787 3518/3515/1788
f 3513/3510/1778 3519/3516/1784 3516/3513/1784
f 3516/3513/1784 3519/3516/1784 3517/3514/1787
f 3513/3510/1778 3520/3517/1789 3519/3516/1784
f 3519/3516/1784 3520/3517/1789 3521/3518/1790
f 3521/3518/1790 3517/3514/1787 3519/3516/1784
f 3520/3517/1789 3522/3519/1791 3521/3518/1790
f 3522/3519/1791 3523/3520/1792 3521/3518/1790
f 3521/3518/1790 3524/3521/1793 3517/3514/1787
f 3524/3521/1793 3521/3518/1790 3523/3520/1792
f 3518/3515/1788 3517/3514/1787 3524/3521/1793
f 3524/3521/1793 3523/3520/1792 3525/3522/1794
f 3526/3523/1795 3518/3515/1788 3524/3521/1793
f 3524/3521/1793 3525/3522/1794 3526/3523/1795
f 3525/3522/1794 3527/3524/1796 3526/3523/1795
f 3528/3525/1797 3529/3526/1798 3530/3527/1799
f 3528/3525/1797 3531/3528/1798 3529/3526/1798
f 3532/3529/1800 3528/3525/1797 3530/3527/1799
f 3531/3528/1798 3533/3530/1801 3529/3526/1798
f 3532/3529/1800 3530/3527/1799 3534/3531/1802
f 3535/3532/1803 3532/3529/1800 3534/3531/1802
f 3535/3532/1803 3534/3531/1802 3536/3533/1803
f 3537/3534/1804 3535/3532/1803 3536/3533/1803
f 3537/3534/1804 3536/3533/1803 3538/3535/1805
f 3538/3535/1805 3539/3536/1806 3537/3534/1804
f 3538/3535/1805 3540/3537/1807 3539/3536/1806
f 3531/3528/1798 3541/3538/1808 3533/3530/1801
f 3533/3530/1801 3541/3538/1808 3542/3539/1809
f 3543/3540/918 3533/3530/1801 3542/3539/1809
f 3541/3538/1808 3544/3541/1810 3542/3539/1809
f 3545/3542/918 3543/3540/918 3542/3539/1809
f 3541/3538/1808 3546/3543/1811 3544/3541/1810
f 3543/3540/918 3545/3542/918 3547/3544/1812
f 3546/3543/1811 3548/3545/918 3544/3541/1810
f 3546/3543/1811 3549/3546/918 3548/3545/918
f 3548/3545/918 3549/3546/918 3550/3547/1813
f 3551/3548/1814 3548/3545/918 3550/3547/1813
f 3550/3547/1813 3552/3549/1815 3551/3548/1814
f 3551/3548/1814 3552/3549/1815 3547/3544/1812
f 3553/3550/1816 3543/3540/918 3547/3544/1812
f 3552/3549/1815 3553/3550/1816 3547/3544/1812
f 3554/3551/1817 3553/3550/1816 3552/3549/1815
f 3554/3551/1817 3555/3552/1817 3553/3550/1816
f 3556/3553/1818 3555/3552/1817 3554/3551/1817
f 3556/3553/1818 3557/3554/1818 3555/3552/1817
f 3558/3555/1819 3557/3554/1818 3556/3553/1818
f 3558/3555/1819 3559/3556/1820 3557/3554/1818
f 3560/3557/1821 3559/3556/1820 3558/3555/1819
f 3560/3557/1821 3561/3558/1822 3559/3556/1820
f 3562/3559/1823 3561/3558/1822 3560/3557/1821
f 3562/3559/1823 3563/3560/1824 3561/3558/1822
f 3564/3561/1806 3563/3560/1824 3562/3559/1823
f 3564/3561/1806 3565/3562/1825 3563/3560/1824
f 3566/3563/1826 3567/3564/1827 3568/3565/1828
f 3566/3563/1826 3569/3566/184 3567/3564/1827
f 3570/3567/1829 3566/3563/1826 3568/3565/1828
f 3566/3563/1826 3571/3568/638 3569/3566/184
f 3568/3565/1828 3572/3569/1830 3570/3567/1829
f 3571/3568/638 3573/3570/1831 3569/3566/184
f 3571/3568/638 3574/3571/1831 3573/3570/1831
f 3575/3572/1832 3573/3570/1831 3574/3571/1831
f 3574/3571/1831 3576/3573/1833 3575/3572/1832
f 3576/3573/1833 3577/3574/1834 3575/3572/1832
f 3578/3575/1835 3570/3567/1829 3572/3569/1830
f 3577/3574/1834 3576/3573/1833 3579/3576/1836
f 2849/2846/1337 2841/2838/1329 3580/3577/1837
f 2842/2839/1330 3580/3577/1837 2841/2838/1329
f 2848/2845/1336 2849/2846/1337 3581/3578/1838
f 2849/2846/1337 3580/3577/1837 3581/3578/1838
f 2848/2845/1336 3582/3579/1839 2847/2844/1335
f 3581/3578/1838 3580/3577/1837 3583/3580/1840
f 3581/3578/1838 3583/3580/1840 3584/3581/1841
f 3585/3582/1842 3581/3578/1838 3584/3581/1841
f 3586/3583/1843 3583/3580/1840 3580/3577/1837
f 2842/2839/1330 3586/3583/1843 3580/3577/1837
f 3586/3583/1843 3587/3584/1844 3583/3580/1840
f 3586/3583/1843 3588/3585/1845 3587/3584/1844
f 2848/2845/1336 3581/3578/1838 3589/3586/1846
f 3585/3582/1842 3589/3586/1846 3581/3578/1838
f 2848/2845/1336 3589/3586/1846 3582/3579/1839
f 3589/3586/1846 3585/3582/1842 3590/3587/1847
f 3589/3586/1846 3590/3587/1847 3582/3579/1839
f 3586/3583/1843 3591/3588/1848 3588/3585/1845
f 2842/2839/1330 3591/3588/1848 3586/3583/1843
f 3591/3588/1848 3592/3589/1849 3588/3585/1845
f 3593/3590/1850 3582/3579/1839 3590/3587/1847
f 3593/3590/1850 3590/3587/1847 3594/3591/1851
f 3595/3592/1852 3582/3579/1839 3593/3590/1850
f 3595/3592/1852 2847/2844/1335 3582/3579/1839
f 2846/2843/1334 2847/2844/1335 3595/3592/1852
f 3596/3593/1853 3595/3592/1852 3593/3590/1850
f 2846/2843/1334 3595/3592/1852 3596/3593/1853
f 3597/3594/1854 3593/3590/1850 3594/3591/1851
f 3596/3593/1853 3593/3590/1850 3597/3594/1854
f 3597/3594/1854 3594/3591/1851 3598/3595/1855
f 3597/3594/1854 3598/3595/1855 3599/3596/1856
f 3596/3593/1853 3597/3594/1854 3600/3597/1857
f 3597/3594/1854 3599/3596/1856 3600/3597/1857
f 2846/2843/1334 3596/3593/1853 3601/3598/1858
f 3602/3599/1859 3600/3597/1857 3599/3596/1856
f 3602/3599/1859 3599/3596/1856 3603/3600/1860
f 3596/3593/1853 3600/3597/1857 3604/3601/1861
f 3601/3598/1858 3596/3593/1853 3604/3601/1861
f 3605/3602/1862 3600/3597/1857 3602/3599/1859
f 3605/3602/1862 3604/3601/1861 3600/3597/1857
f 3606/3603/1863 3602/3599/1859 3603/3600/1860
f 3606/3603/1863 3603/3600/1860 3607/3604/1864
f 3606/3603/1863 3607/3604/1864 3592/3589/1849
f 3608/3605/1865 3602/3599/1859 3606/3603/1863
f 3608/3605/1865 3605/3602/1862 3602/3599/1859
f 3606/3603/1863 3592/3589/1849 3609/3606/1866
f 3608/3605/1865 3606/3603/1863 3609/3606/1866
f 3591/3588/1848 3609/3606/1866 3592/3589/1849
f 3610/3607/1867 3605/3602/1862 3608/3605/1865
f 3610/3607/1867 3604/3601/1861 3605/3602/1862
f 3601/3598/1858 3604/3601/1861 3611/3608/1868
f 3610/3607/1867 3611/3608/1868 3604/3601/1861
f 3601/3598/1858 3611/3608/1868 3612/3609/1869
f 3612/3609/1869 3611/3608/1868 3610/3607/1867
f 3601/3598/1858 3612/3609/1869 3613/3610/1870
f 2846/2843/1334 3601/3598/1858 3613/3610/1870
f 2846/2843/1334 3613/3610/1870 2839/2836/1327
f 2839/2836/1327 3613/3610/1870 2840/2837/1328
f 3612/3609/1869 3614/3611/1871 3613/3610/1870
f 3612/3609/1869 3610/3607/1867 3614/3611/1871
f 2840/2837/1328 3613/3610/1870 3615/3612/1872
f 3614/3611/1871 3615/3612/1872 3613/3610/1870
f 3614/3611/1871 3610/3607/1867 3616/3613/1873
f 3614/3611/1871 3616/3613/1873 3615/3612/1872
f 3610/3607/1867 3608/3605/1865 3616/3613/1873
f 3615/3612/1872 3617/3614/1874 2840/2837/1328
f 3617/3614/1874 3615/3612/1872 3616/3613/1873
f 3618/3615/1875 2840/2837/1328 3617/3614/1874
f 2833/2830/1321 2840/2837/1328 3618/3615/1875
f 3617/3614/1874 3616/3613/1873 3619/3616/1876
f 3618/3615/1875 3617/3614/1874 3619/3616/1876
f 3618/3615/1875 2842/2839/1330 2833/2830/1321
f 3616/3613/1873 3620/3617/1877 3619/3616/1876
f 3616/3613/1873 3608/3605/1865 3620/3617/1877
f 3618/3615/1875 3619/3616/1876 3620/3617/1877
f 3608/3605/1865 3609/3606/1866 3620/3617/1877
f 3618/3615/1875 3621/3618/1878 2842/2839/1330
f 3618/3615/1875 3620/3617/1877 3621/3618/1878
f 3621/3618/1878 3620/3617/1877 3609/3606/1866
f 2842/2839/1330 3621/3618/1878 3591/3588/1848
f 3621/3618/1878 3609/3606/1866 3591/3588/1848
f 3622/3619/1879 3623/3620/1880 3624/3621/1881
f 3622/3619/1879 3624/3621/1881 3625/3622/1882
f 3626/3623/1883 3625/3622/1882 3624/3621/1881
f 3624/3621/1881 3627/3624/1884 3626/3623/1883
f 3627/3624/1884 3628/3625/1885 3626/3623/1883
f 3627/3624/1884 3629/3626/1886 3628/3625/1885
f 3627/3624/1884 3630/3627/1887 3629/3626/1886
f 3627/3624/1884 3624/3621/1881 3630/3627/1887
f 3631/3628/1888 3629/3626/1886 3630/3627/1887
f 3630/3627/1887 3632/3629/1889 3631/3628/1888
f 3630/3627/1887 3633/3630/1890 3632/3629/1889
f 3633/3630/1890 3630/3627/1887 3624/3621/1881
f 3633/3630/1890 3634/3631/1891 3632/3629/1889
f 3633/3630/1890 3635/3632/1892 3634/3631/1891
f 3635/3632/1892 3633/3630/1890 3624/3621/1881
f 3636/3633/1893 3634/3631/1891 3635/3632/1892
f 3624/3621/1881 3637/3634/1894 3635/3632/1892
f 3636/3633/1893 3635/3632/1892 3637/3634/1894
f 3624/3621/1881 3623/3620/1880 3637/3634/1894
f 3636/3633/1893 3637/3634/1894 3638/3635/1895
f 3638/3635/1895 3639/3636/1896 3636/3633/1893
f 3640/3637/1897 3637/3634/1894 3623/3620/1880
f 3637/3634/1894 3640/3637/1897 3638/3635/1895
f 3623/3620/1880 3641/3638/778 3640/3637/1897
f 3641/3638/778 3642/3639/1898 3640/3637/1897
f 3642/3639/1898 3638/3635/1895 3640/3637/1897
f 3642/3639/1898 3643/3640/1899 3638/3635/1895
f 3644/3641/1900 3645/3642/1901 3646/3643/1902
f 3647/3644/1903 3646/3643/1902 3645/3642/1901
f 3647/3644/1903 3648/3645/1904 3646/3643/1902
f 3644/3641/1900 3649/3646/1905 3645/3642/1901
f 3648/3645/1904 3647/3644/1903 3650/3647/1906
f 3651/3648/1907 3648/3645/1904 3650/3647/1906
f 3650/3647/1906 3652/3649/1908 3651/3648/1907
f 3653/3650/1909 3647/3644/1903 3645/3642/1901
f 3653/3650/1909 3650/3647/1906 3647/3644/1903
f 3649/3646/1905 3653/3650/1909 3645/3642/1901
f 3654/3651/1910 3652/3649/1908 3650/3647/1906
f 3653/3650/1909 3654/3651/1910 3650/3647/1906
f 3654/3651/1910 3655/3652/1911 3652/3649/1908
f 3656/3653/1912 3655/3652/1911 3654/3651/1910
f 3654/3651/1910 3653/3650/1909 3656/3653/1912
f 3656/3653/1912 3653/3650/1909 3657/3654/1913
f 3653/3650/1909 3658/3655/1914 3657/3654/1913
f 3658/3655/1914 3653/3650/1909 3659/3656/1915
f 3659/3656/1915 3653/3650/1909 3649/3646/1905
f 3649/3646/1905 3660/3657/1916 3659/3656/1915
f 3661/3658/397 3659/3656/1915 3660/3657/1916
f 3662/3659/1917 3661/3658/397 3660/3657/1916
f 3663/3660/1918 3660/3657/1916 3649/3646/1905
f 3663/3660/1918 3662/3659/1917 3660/3657/1916
f 3663/3660/1918 3664/3661/1919 3662/3659/1917
f 3663/3660/1918 3649/3646/1905 3644/3641/1900
f 3644/3641/1900 3665/3662/1920 3663/3660/1918
f 3666/3663/1258 3667/3664/779 3668/3665/779
f 3666/3663/1258 3669/3666/778 3670/3667/778
f 3666/3663/1258 3670/3667/778 3667/3664/779
f 3670/3667/778 3671/3668/1921 3667/3664/779
f 3672/3669/778 3673/3670/780 3666/3663/1258
f 3672/3669/778 3666/3663/1258 3668/3665/779
f 3674/3671/778 3672/3669/778 3668/3665/779
f 3675/3672/780 3674/3671/778 3668/3665/779
f 3668/3665/779 3676/3673/780 3675/3672/780
f 3677/3674/778 3668/3665/779 3667/3664/779
f 3678/3675/778 3677/3674/778 3667/3664/779
f 3667/3664/779 3679/3676/778 3678/3675/778
f 3680/3677/1191 3681/3678/1731 3682/3679/1192
f 3683/3680/397 3682/3679/1192 3681/3678/1731
f 3684/3681/404 3683/3680/397 3681/3678/1731
f 3681/3678/1731 3685/3682/404 3684/3681/404
f 3686/3683/397 3681/3678/1731 3680/3677/1191
f 3687/3684/397 3686/3683/397 3680/3677/1191
f 3680/3677/1191 3688/3685/404 3687/3684/397
f 3689/3686/397 3680/3677/1191 3682/3679/1192
f 3689/3686/397 3690/3687/397 3680/3677/1191
f 3682/3679/1192 3691/3688/397 3689/3686/397
f 3691/3688/397 3692/3689/404 3689/3686/397
f 3682/3679/1192 3693/3690/397 3691/3688/397
f 3694/3691/1922 3695/3692/1923 3696/3693/1924
f 3695/3692/1923 3697/3694/1925 3696/3693/1924
f 3695/3692/1923 3698/3695/1926 3697/3694/1925
f 3698/3695/1926 3699/3696/1927 3697/3694/1925
f 3699/3696/1927 3700/3697/1928 3697/3694/1925
f 3699/3696/1927 3701/3698/1929 3700/3697/1928
f 3702/3699/1930 3700/3697/1928 3701/3698/1929
f 3702/3699/1930 3703/3700/1931 3700/3697/1928
f 3704/3701/1932 3703/3700/1931 3702/3699/1930
f 3705/3702/1933 3703/3700/1931 3704/3701/1932
f 3705/3702/1933 3706/3703/1934 3703/3700/1931
f 3705/3702/1933 3707/3704/1935 3706/3703/1934
f 3707/3704/1935 3708/3705/1936 3706/3703/1934
f 3708/3705/1936 3709/3706/1937 3706/3703/1934
f 3710/3707/1938 3709/3706/1937 3708/3705/1936
f 3710/3707/1938 3711/3708/1939 3709/3706/1937
f 3711/3708/1939 3712/3709/1940 3709/3706/1937
f 3711/3708/1939 3713/3710/1941 3712/3709/1940
f 3713/3710/1941 3714/3711/1942 3712/3709/1940
f 3694/3691/1922 3712/3709/1940 3714/3711/1942
f 3694/3691/1922 3696/3693/1924 3712/3709/1940
f 3715/3712/1943 3716/3713/1944 3717/3714/1945
f 3716/3713/1944 3718/3715/1946 3717/3714/1945
f 3719/3716/1947 3716/3713/1944 3715/3712/1943
f 3716/3713/1944 3720/3717/1948 3718/3715/1946
f 3719/3716/1947 3721/3718/1949 3716/3713/1944
f 3718/3715/1946 3720/3717/1948 3722/3719/1950
f 3723/3720/1951 3721/3718/1949 3719/3716/1947
f 3722/3719/1950 3720/3717/1948 3724/3721/1952
f 3723/3720/1951 3725/3722/1953 3721/3718/1949
f 3722/3719/1950 3724/3721/1952 3726/3723/1954
f 3725/3722/1953 3727/3724/1955 3721/3718/1949
f 3726/3723/1954 3724/3721/1952 3728/3725/1956
f 3729/3726/1957 3727/3724/1955 3725/3722/1953
f 3728/3725/1956 3724/3721/1952 3730/3727/1958
f 3731/3728/1959 3727/3724/1955 3729/3726/1957
f 3728/3725/1956 3730/3727/1958 3732/3729/1960
f 3731/3728/1959 3733/3730/1961 3727/3724/1955
f 3734/3731/1962 3732/3729/1960 3730/3727/1958
f 3734/3731/1962 3730/3727/1958 3733/3730/1961
f 3731/3728/1959 3735/3732/1963 3733/3730/1961
f 3735/3732/1963 3734/3731/1962 3733/3730/1961
f 3736/3733/1964 3737/3734/92 3738/3735/92
f 3736/3733/1964 3739/3736/1965 3737/3734/92
f 3739/3736/1965 3740/3737/92 3737/3734/92
f 3739/3736/1965 3741/3738/92 3740/3737/92
f 3736/3733/1964 3742/3739/92 3739/3736/1965
f 3743/3740/92 3744/3741/92 3742/3739/92
f 3736/3733/1964 3743/3740/92 3742/3739/92
f 3745/3742/1966 3736/3733/1964 3738/3735/92
f 3746/3743/92 3745/3742/1966 3738/3735/92
f 3738/3735/92 3747/3744/92 3746/3743/92
f 3747/3744/92 3748/3745/92 3746/3743/92
f 3749/3746/92 3745/3742/1966 3746/3743/92
f 3749/3746/92 3750/3747/92 3745/3742/1966
f 3750/3747/92 3751/3748/92 3745/3742/1966
f 3751/3748/92 3752/3749/92 3745/3742/1966
f 3745/3742/1966 3753/3750/1967 3736/3733/1964
f 3753/3750/1967 3754/3751/1968 3736/3733/1964
f 3754/3751/1968 3755/3752/1969 3736/3733/1964
f 3755/3752/1969 3754/3751/1968 3756/3753/1970
f 3753/3750/1967 3757/3754/1971 3754/3751/1968
f 3754/3751/1968 3757/3754/1971 3756/3753/1970
f 3757/3754/1971 3758/3755/1972 3756/3753/1970
f 3753/3750/1967 3759/3756/1973 3757/3754/1971
f 3760/3757/1974 3758/3755/1972 3757/3754/1971
f 3757/3754/1971 3759/3756/1973 3761/3758/1975
f 3762/3759/1976 3760/3757/1974 3757/3754/1971
f 3759/3756/1973 3763/3760/1977 3761/3758/1975
f 3760/3757/1974 3762/3759/1976 3764/3761/1978
f 3760/3757/1974 3764/3761/1978 3765/3762/1979
f 3757/3754/1971 3766/3763/1980 3762/3759/1976
f 3757/3754/1971 3761/3758/1975 3766/3763/1980
f 3764/3761/1978 3762/3759/1976 3766/3763/1980
f 3767/3764/1981 3765/3762/1979 3764/3761/1978
f 3768/3765/1982 3767/3764/1981 3764/3761/1978
f 3769/3766/1983 3768/3765/1982 3764/3761/1978
f 3770/3767/1984 3764/3761/1978 3766/3763/1980
f 3764/3761/1978 3770/3767/1984 3769/3766/1983
f 3766/3763/1980 3761/3758/1975 3770/3767/1984
f 3769/3766/1983 3770/3767/1984 3771/3768/1985
f 3772/3769/1986 3771/3768/1985 3770/3767/1984
f 3761/3758/1975 3763/3760/1977 3773/3770/1168
f 3763/3760/1977 3774/3771/1168 3773/3770/1168
f 3775/3772/1168 3761/3758/1975 3773/3770/1168
f 3775/3772/1168 3770/3767/1984 3761/3758/1975
f 3773/3770/1168 3776/3773/1987 3775/3772/1168
f 3777/3774/1168 3775/3772/1168 3776/3773/1987
f 3776/3773/1987 3778/3775/1168 3777/3774/1168
f 3778/3775/1168 3779/3776/1988 3777/3774/1168
f 3779/3776/1988 3780/3777/1989 3777/3774/1168
f 3780/3777/1989 3779/3776/1988 3781/3778/1983
f 3780/3777/1989 3781/3778/1983 3782/3779/1983
f 3775/3772/1168 3783/3780/1990 3770/3767/1984
f 3772/3769/1986 3770/3767/1984 3784/3781/1991
f 3770/3767/1984 3783/3780/1990 3784/3781/1991
f 3772/3769/1986 3784/3781/1991 3785/3782/1991
f 3786/3783/1991 3772/3769/1986 3785/3782/1991
f 3786/3783/1991 3785/3782/1991 3787/3784/1983
f 3785/3782/1991 3788/3785/1985 3787/3784/1983
f 3788/3785/1985 3789/3786/1985 3787/3784/1983
f 3788/3785/1985 3790/3787/1985 3789/3786/1985
f 3783/3780/1990 3791/3788/1986 3784/3781/1991
f 3783/3780/1990 3792/3789/1992 3791/3788/1986
f 3783/3780/1990 3793/3790/1986 3792/3789/1992
f 3783/3780/1990 3794/3791/1981 3793/3790/1986
f 3783/3780/1990 3795/3792/1986 3794/3791/1981
f 3796/3793/781 3797/3794/1506 3798/3795/778
f 3798/3795/778 3799/3796/778 3796/3793/781
f 3799/3796/778 3800/3797/778 3796/3793/781
f 3800/3797/778 3801/3798/778 3796/3793/781
f 3796/3793/781 3802/3799/780 3797/3794/1506
f 3803/3800/778 3798/3795/778 3797/3794/1506
f 3797/3794/1506 3804/3801/778 3803/3800/778
f 3804/3801/778 3805/3802/778 3803/3800/778
f 3806/3803/780 3804/3801/778 3797/3794/1506
f 3797/3794/1506 3807/3804/780 3806/3803/780
f 3808/3805/1192 3809/3806/397 3810/3807/1509
f 3808/3805/1192 3811/3808/397 3809/3806/397
f 3809/3806/397 3812/3809/397 3810/3807/1509
f 3810/3807/1509 3813/3810/404 3808/3805/1192
f 3813/3810/404 3814/3811/397 3808/3805/1192
f 3814/3811/397 3815/3812/397 3808/3805/1192
f 3810/3807/1509 3812/3809/397 3816/3813/397
f 3817/3814/397 3816/3813/397 3812/3809/397
f 3816/3813/397 3818/3815/397 3810/3807/1509
f 3818/3815/397 3819/3816/397 3810/3807/1509
f 3820/3817/1993 3821/3818/778 3822/3819/1993
f 3820/3817/1993 3823/3820/1507 3821/3818/778
f 3822/3819/1993 3824/3821/1994 3820/3817/1993
f 3822/3819/1993 3825/3822/1995 3824/3821/1994
f 3826/3823/1996 3824/3821/1994 3825/3822/1995
f 3826/3823/1996 3825/3822/1995 3827/3824/1997
f 3826/3823/1996 3827/3824/1997 3828/3825/1998
f 3826/3823/1996 3828/3825/1998 3829/3826/1999
f 3830/3827/397 3829/3826/1999 3828/3825/1998
f 3830/3827/397 3831/3828/397 3829/3826/1999
f 3832/3829/2000 3833/3830/92 3834/3831/92
f 3833/3830/92 3835/3832/2001 3834/3831/92
f 3832/3829/2000 3836/3833/2002 3833/3830/92
f 3833/3830/92 3837/3834/2003 3835/3832/2001
f 3838/3835/2004 3836/3833/2002 3832/3829/2000
f 3837/3834/2003 3839/3836/2005 3835/3832/2001
f 3838/3835/2004 3840/3837/2004 3836/3833/2002
f 3837/3834/2003 3841/3838/2005 3839/3836/2005
f 3842/3839/2006 3840/3837/2004 3838/3835/2004
f 3841/3838/2005 3843/3840/2007 3839/3836/2005
f 3842/3839/2006 3844/3841/2006 3840/3837/2004
f 3841/3838/2005 3845/3842/2007 3843/3840/2007
f 3844/3841/2006 3842/3839/2006 3846/3843/2008
f 3844/3841/2006 3846/3843/2008 3847/3844/2008
f 3846/3843/2008 3848/3845/2009 3847/3844/2008
f 3845/3842/2007 3849/3846/2010 3843/3840/2007
f 3845/3842/2007 3850/3847/2010 3849/3846/2010
f 3849/3846/2010 3850/3847/2010 3851/3848/2011
f 3852/3849/2012 3853/3850/2013 3854/3851/2012
f 3852/3849/2012 3854/3851/2012 3855/3852/2014
f 3852/3849/2012 3855/3852/2014 3856/3853/2014
f 3856/3853/2014 3855/3852/2014 3857/3854/2015
f 3856/3853/2014 3857/3854/2015 3858/3855/2016
f 3858/3855/2016 3857/3854/2015 3859/3856/2017
f 3858/3855/2016 3859/3856/2017 3860/3857/2017
f 3860/3857/2017 3859/3856/2017 3861/3858/92
f 3860/3857/2017 3861/3858/92 3862/3859/92
f 3861/3858/92 3863/3860/2018 3862/3859/92
f 3861/3858/92 3864/3861/2018 3863/3860/2018
f 3864/3861/2018 3865/3862/2019 3863/3860/2018
f 3864/3861/2018 3866/3863/2019 3865/3862/2019
f 3866/3863/2019 3867/3864/2020 3865/3862/2019
f 3866/3863/2019 3868/3865/2020 3867/3864/2020
f 3868/3865/2020 3869/3866/2021 3867/3864/2020
f 3868/3865/2020 3870/3867/2021 3869/3866/2021
f 3869/3866/2021 3870/3867/2021 3871/3868/2022
f 3872/3869/778 3873/3870/778 3874/3871/778
f 3872/3869/778 3875/3872/778 3873/3870/778
f 3876/3873/397 3877/3874/397 3878/3875/397
f 3876/3873/397 3879/3876/397 3877/3874/397
f 3880/3877/2023 3881/3878/2024 3882/3879/2023
f 3883/3880/2025 3880/3877/2023 3882/3879/2023
f 3882/3879/2023 3884/3881/2026 3883/3880/2025
f 3883/3880/2025 3884/3881/2026 3885/3882/2027
f 3886/3883/2028 3883/3880/2025 3885/3882/2027
f 3885/3882/2027 3887/3884/1784 3886/3883/2028
f 3886/3883/2028 3887/3884/1784 3888/3885/2029
f 3889/3886/2030 3886/3883/2028 3888/3885/2029
f 3888/3885/2029 3890/3887/2031 3889/3886/2030
f 3889/3886/2030 3890/3887/2031 3891/3888/2032
f 3892/3889/2033 3889/3886/2030 3891/3888/2032
f 3891/3888/2032 3893/3890/2034 3892/3889/2033
f 3894/3891/2035 3895/3892/2036 3896/3893/2037
f 3896/3893/2037 3897/3894/2038 3894/3891/2035
f 3897/3894/2038 3898/3895/2035 3894/3891/2035
f 3897/3894/2038 3896/3893/2037 3899/3896/778
f 3897/3894/2038 3899/3896/778 3900/3897/1258
f 3901/3898/778 3897/3894/2038 3900/3897/1258
f 3902/3899/778 3901/3898/778 3900/3897/1258
f 3902/3899/778 3900/3897/1258 3903/3900/778
f 3900/3897/1258 3904/3901/778 3903/3900/778
f 3905/3902/778 3902/3899/778 3903/3900/778
f 3906/3903/778 3905/3902/778 3903/3900/778
f 3907/3904/2039 3908/3905/2040 3909/3906/2041
f 3907/3904/2039 3910/3907/2042 3908/3905/2040
f 3910/3907/2042 3911/3908/2043 3908/3905/2040
f 3910/3907/2042 3907/3904/2039 3912/3909/404
f 3913/3910/1192 3912/3909/404 3907/3904/2039
f 3907/3904/2039 3914/3911/397 3913/3910/1192
f 3914/3911/397 3915/3912/397 3913/3910/1192
f 3915/3912/397 3916/3913/397 3913/3910/1192
f 3916/3913/397 3917/3914/397 3913/3910/1192
f 3915/3912/397 3918/3915/397 3916/3913/397
f 3918/3915/397 3919/3916/397 3916/3913/397
f 3920/3917/946 3921/3918/2044 3922/3919/2045
f 3920/3917/946 3923/3920/946 3921/3918/2044
f 3924/3921/946 3920/3917/946 3922/3919/2045
f 3925/3922/946 3924/3921/946 3922/3919/2045
f 3925/3922/946 3926/3923/2044 3924/3921/946
f 3926/3923/2044 3927/3924/2046 3924/3921/946
f 2157/2154/969 3927/3924/2046 3926/3923/2044
f 2157/2154/969 3928/3925/946 3927/3924/2046
f 2157/2154/969 3929/3926/2047 3928/3925/946
f 2157/2154/969 3930/3927/946 3929/3926/2047
f 2157/2154/969 3931/3928/2045 3930/3927/946
f 2157/2154/969 3932/3929/946 3931/3928/2045
f 2156/2153/968 2157/2154/969 3926/3923/2044
f 3926/3923/2044 3933/3930/946 2156/2153/968
f 3933/3930/946 3934/3931/946 2156/2153/968
f 3934/3931/946 3935/3932/2048 2156/2153/968
f 3935/3932/2048 2154/2151/946 2156/2153/968
f 3936/3933/2049 3937/3934/2050 3938/3935/2049
f 3938/3935/2049 3939/3936/2051 3936/3933/2049
f 3939/3936/2051 3940/3937/2052 3936/3933/2049
f 3941/3938/2053 3940/3937/2052 3939/3936/2051
f 3939/3936/2051 3942/3939/2054 3941/3938/2053
f 3942/3939/2054 3943/3940/2055 3941/3938/2053
f 3944/3941/2056 3943/3940/2055 3942/3939/2054
f 3942/3939/2054 3945/3942/2057 3944/3941/2056
f 3945/3942/2057 3946/3943/2058 3944/3941/2056
f 3947/3944/2059 3946/3943/2058 3945/3942/2057
f 3945/3942/2057 3948/3945/2060 3947/3944/2059
f 3948/3945/2060 3949/3946/2061 3947/3944/2059
f 3950/3947/2062 3951/3948/2063 3952/3949/2064
f 3953/3950/2065 3950/3947/2062 3952/3949/2064
f 3953/3950/2065 3952/3949/2064 3954/3951/2066
f 3950/3947/2062 3955/3952/2067 3951/3948/2063
f 3956/3953/2068 3953/3950/2065 3954/3951/2066
f 3956/3953/2068 3954/3951/2066 3957/3954/2069
f 3958/3955/1191 3950/3947/2062 3953/3950/2065
f 3958/3955/1191 3953/3950/2065 3956/3953/2068
f 3955/3952/2067 3950/3947/2062 3958/3955/1191
f 3959/3956/2070 3956/3953/2068 3957/3954/2069
f 3958/3955/1191 3956/3953/2068 3959/3956/2070
f 3959/3956/2070 3957/3954/2069 3960/3957/2071
f 3961/3958/397 3958/3955/1191 3959/3956/2070
f 3962/3959/1192 3955/3952/2067 3958/3955/1191
f 3963/3960/2072 3959/3956/2070 3960/3957/2071
f 3963/3960/2072 3961/3958/397 3959/3956/2070
f 3963/3960/2072 3960/3957/2071 3964/3961/2073
f 3963/3960/2072 3965/3962/2074 3961/3958/397
f 3965/3962/2074 3963/3960/2072 3964/3961/2073
f 3966/3963/397 3961/3958/397 3965/3962/2074
f 3965/3962/2074 3964/3961/2073 3967/3964/2075
f 3965/3962/2074 3968/3965/2076 3966/3963/397
f 3968/3965/2076 3965/3962/2074 3967/3964/2075
f 3969/3966/397 3966/3963/397 3968/3965/2076
f 3968/3965/2076 3967/3964/2075 3970/3967/2077
f 3971/3968/2078 3969/3966/397 3968/3965/2076
f 3971/3968/2078 3968/3965/2076 3970/3967/2077
f 3972/3969/397 3969/3966/397 3971/3968/2078
f 3971/3968/2078 3970/3967/2077 3973/3970/2079
f 3974/3971/2080 3971/3968/2078 3973/3970/2079
f 3971/3968/2078 3974/3971/2080 3972/3969/397
f 3974/3971/2080 3973/3970/2079 3975/3972/2081
f 3976/3973/2082 3974/3971/2080 3975/3972/2081
f 3974/3971/2080 3977/3974/2083 3972/3969/397
f 3976/3973/2082 3977/3974/2083 3974/3971/2080
f 3962/3959/1192 3972/3969/397 3977/3974/2083
f 3978/3975/2084 3977/3974/2083 3976/3973/2082
f 3978/3975/2084 3979/3976/2085 3977/3974/2083
f 3962/3959/1192 3977/3974/2083 3979/3976/2085
f 3980/3977/2086 3979/3976/2085 3978/3975/2084
f 3979/3976/2085 3981/3978/2087 3962/3959/1192
f 3980/3977/2086 3981/3978/2087 3979/3976/2085
f 3962/3959/1192 3981/3978/2087 3955/3952/2067
f 3951/3948/2063 3981/3978/2087 3980/3977/2086
f 3951/3948/2063 3955/3952/2067 3981/3978/2087
f 3982/3979/2088 3983/3980/2089 3984/3981/2090
f 3982/3979/2088 3985/3982/2091 3983/3980/2089
f 3982/3979/2088 3984/3981/2090 3986/3983/2092
f 3982/3979/2088 3986/3983/2092 3987/3984/2093
f 3985/3982/2091 3988/3985/2094 3983/3980/2089
f 3985/3982/2091 3989/3986/2095 3988/3985/2094
f 3984/3981/2090 3983/3980/2089 3990/3987/1258
f 3990/3987/1258 3983/3980/2089 3988/3985/2094
f 3989/3986/2095 3991/3988/2096 3988/3985/2094
f 3988/3985/2094 3991/3988/2096 3990/3987/1258
f 3989/3986/2095 3992/3989/2097 3991/3988/2096
f 3991/3988/2096 3993/3990/780 3990/3987/1258
f 3984/3981/2090 3990/3987/1258 3994/3991/779
f 3986/3983/2092 3984/3981/2090 3994/3991/779
f 3992/3989/2097 3995/3992/2098 3991/3988/2096
f 3993/3990/780 3991/3988/2096 3995/3992/2098
f 3992/3989/2097 3996/3993/2099 3995/3992/2098
f 3997/3994/2100 3995/3992/2098 3996/3993/2099
f 3993/3990/780 3995/3992/2098 3998/3995/2101
f 3997/3994/2100 3998/3995/2101 3995/3992/2098
f 3999/3996/778 3993/3990/780 3998/3995/2101
f 4000/3997/2102 3998/3995/2101 3997/3994/2100
f 3999/3996/778 3998/3995/2101 4001/3998/2103
f 4000/3997/2102 4001/3998/2103 3998/3995/2101
f 4002/3999/780 3999/3996/778 4001/3998/2103
f 4003/4000/2104 4001/3998/2103 4000/3997/2102
f 4002/3999/780 4001/3998/2103 4004/4001/2105
f 4003/4000/2104 4004/4001/2105 4001/3998/2103
f 4005/4002/778 4002/3999/780 4004/4001/2105
f 4006/4003/2106 4004/4001/2105 4003/4000/2104
f 4006/4003/2106 4007/4004/2107 4004/4001/2105
f 4004/4001/2105 4007/4004/2107 4005/4002/778
f 4008/4005/2108 4007/4004/2107 4006/4003/2106
f 4009/4006/2109 4005/4002/778 4007/4004/2107
f 4008/4005/2108 4009/4006/2109 4007/4004/2107
f 3994/3991/779 4005/4002/778 4009/4006/2109
f 4010/4007/2110 4009/4006/2109 4008/4005/2108
f 4010/4007/2110 4011/4008/2111 4009/4006/2109
f 4009/4006/2109 4011/4008/2111 3994/3991/779
f 4012/4009/2112 4011/4008/2111 4010/4007/2110
f 4011/4008/2111 4013/4010/2113 3994/3991/779
f 4012/4009/2112 4013/4010/2113 4011/4008/2111
f 4013/4010/2113 3986/3983/2092 3994/3991/779
f 3987/3984/2093 4013/4010/2113 4012/4009/2112
f 3987/3984/2093 3986/3983/2092 4013/4010/2113
f 4014/4011/404 4015/4012/397 4016/4013/404
f 4014/4011/404 4017/4014/397 4015/4012/397
f 4018/4015/404 4014/4011/404 4016/4013/404
f 4017/4014/397 4019/4016/397 4015/4012/397
f 4018/4015/404 4016/4013/404 4020/4017/397
f 4017/4014/397 4021/4018/397 4019/4016/397
f 4022/4019/397 4018/4015/404 4020/4017/397
f 4021/4018/397 4023/4020/397 4019/4016/397
f 4022/4019/397 4020/4017/397 4024/4021/397
f 4021/4018/397 4025/4022/397 4023/4020/397
f 4026/4023/404 4022/4019/397 4024/4021/397
f 4025/4022/397 4027/4024/397 4023/4020/397
f 4026/4023/404 4024/4021/397 4028/4025/404
f 4025/4022/397 4029/4026/404 4027/4024/397
f 4028/4025/404 4030/4027/397 4026/4023/404
f 4031/4028/397 4027/4024/397 4029/4026/404
f 4028/4025/404 4032/4029/397 4030/4027/397
f 4031/4028/397 4029/4026/404 4033/4030/404
f 4034/4031/397 4030/4027/397 4032/4029/397
f 4035/4032/397 4031/4028/397 4033/4030/404
f 4034/4031/397 4032/4029/397 4036/4033/397
f 4035/4032/397 4033/4030/404 4037/4034/404
f 4036/4033/397 4038/4035/397 4034/4031/397
f 4039/4036/397 4035/4032/397 4037/4034/404
f 4036/4033/397 4039/4036/397 4038/4035/397
f 4039/4036/397 4037/4034/404 4038/4035/397
f 4040/4037/778 4041/4038/778 4042/4039/778
f 4042/4039/778 4041/4038/778 4043/4040/780
f 4040/4037/778 4044/4041/778 4041/4038/778
f 4042/4039/778 4043/4040/780 4045/4042/780
f 4046/4043/778 4044/4041/778 4040/4037/778
f 4045/4042/780 4043/4040/780 4047/4044/780
f 4046/4043/778 4048/4045/778 4044/4041/778
f 4045/4042/780 4047/4044/780 4049/4046/778
f 4050/4047/778 4048/4045/778 4046/4043/778
f 4049/4046/778 4047/4044/780 4051/4048/778
f 4050/4047/778 4052/4049/780 4048/4045/778
f 4049/4046/778 4051/4048/778 4053/4050/778
f 4054/4051/778 4052/4049/780 4050/4047/778
f 4053/4050/778 4051/4048/778 4055/4052/778
f 4054/4051/778 4056/4053/780 4052/4049/780
f 4053/4050/778 4055/4052/778 4057/4054/778
f 4058/4055/778 4056/4053/780 4054/4051/778
f 4057/4054/778 4055/4052/778 4059/4056/778
f 4058/4055/778 4060/4057/780 4056/4053/780
f 4057/4054/778 4059/4056/778 4061/4058/778
f 4062/4059/778 4060/4057/780 4058/4055/778
f 4061/4058/778 4059/4056/778 4063/4060/778
f 4062/4059/778 4064/4061/778 4060/4057/780
f 4061/4058/778 4063/4060/778 4065/4062/778
f 4064/4061/778 4062/4059/778 4065/4062/778
f 4064/4061/778 4065/4062/778 4063/4060/778
f 4066/4063/2114 4067/4064/778 4068/4065/2115
f 4066/4063/2114 4069/4066/1507 4067/4064/778
f 4068/4065/2115 4070/4067/2116 4066/4063/2114
f 4068/4065/2115 4071/4068/2117 4070/4067/2116
f 4071/4068/2117 4072/4069/2118 4070/4067/2116
f 4071/4068/2117 4073/4070/2119 4072/4069/2118
f 4072/4069/2118 4073/4070/2119 4074/4071/2120
f 4073/4070/2119 4075/4072/2121 4074/4071/2120
f 4076/4073/2122 4074/4071/2120 4075/4072/2121
f 4074/4071/2120 4077/4074/2123 4072/4069/2118
f 4078/4075/2124 4072/4069/2118 4077/4074/2123
f 4077/4074/2123 4079/4076/2125 4078/4075/2124
f 4077/4074/2123 4080/4077/2126 4079/4076/2125
f 4074/4071/2120 4080/4077/2126 4077/4074/2123
f 4081/4078/184 4079/4076/2125 4080/4077/2126
f 4076/4073/2122 4082/4079/2127 4074/4071/2120
f 4074/4071/2120 4082/4079/2127 4080/4077/2126
f 4083/4080/801 4081/4078/184 4080/4077/2126
f 4083/4080/801 4080/4077/2126 4082/4079/2127
f 4082/4079/2127 4076/4073/2122 4083/4080/801
f 4076/4073/2122 4084/4081/2128 4083/4080/801
f 4083/4080/801 4084/4081/2128 4085/4082/638
f 4084/4081/2128 4086/4083/2129 4085/4082/638
f 4084/4081/2128 4087/4084/2130 4086/4083/2129
f 4084/4081/2128 4088/4085/2131 4087/4084/2130
f 4086/4083/2129 4089/4086/2132 4085/4082/638
f 4087/4084/2130 4089/4086/2132 4086/4083/2129
f 4085/4082/638 4089/4086/2132 4090/4087/638
f 4087/4084/2130 4088/4085/2131 4091/4088/2133
f 4089/4086/2132 4092/4089/2134 4090/4087/638
f 4093/4090/2135 4087/4084/2130 4091/4088/2133
f 4094/4091/2136 4092/4089/2134 4089/4086/2132
f 4087/4084/2130 4094/4091/2136 4089/4086/2132
f 4094/4091/2136 4087/4084/2130 4093/4090/2135
f 4094/4091/2136 4095/4092/2137 4092/4089/2134
f 4093/4090/2135 4095/4092/2137 4094/4091/2136
f 4091/4088/2133 4096/4093/2138 4093/4090/2135
f 4091/4088/2133 4097/4094/2139 4096/4093/2138
f 4097/4094/2139 4098/4095/2140 4096/4093/2138
f 4097/4094/2139 4099/4096/2141 4098/4095/2140
f 4100/4097/397 4098/4095/2140 4099/4096/2141
f 4100/4097/397 4101/4098/1508 4098/4095/2140
f 4102/4099/92 4103/4100/92 4104/4099/2142
f 4102/4099/92 4105/4100/92 4103/4100/92
f 4106/4101/92 4107/4102/92 4108/4101/92
f 4106/4101/92 4109/4102/2142 4107/4102/92
f 4110/4103/2143 4111/4104/2144 4112/4105/2145
f 4112/4105/2145 4111/4104/2144 4113/4106/2146
f 4110/4103/2143 4114/4107/2147 4111/4104/2144
f 4113/4106/2146 4115/4108/2060 4112/4105/2145
f 4114/4107/2147 4110/4103/2143 4116/4109/2148
f 4117/4110/2146 4112/4105/2145 4115/4108/2060
f 4114/4107/2147 4116/4109/2148 4118/4111/2149
f 4116/4109/2148 4119/4112/2049 4118/4111/2149
f 4118/4111/2149 4119/4112/2049 4120/4113/2049
f 4115/4108/2060 4121/4114/2150 4117/4110/2146
f 4122/4115/2151 4121/4114/2150 4115/4108/2060
f 4122/4115/2151 4123/4116/2152 4121/4114/2150
f 4121/4114/2150 4124/4117/2061 4117/4110/2146
f 4124/4117/2061 4125/4118/2146 4117/4110/2146
f 4124/4117/2061 4126/4119/2153 4125/4118/2146
f 4126/4119/2153 4127/4120/2146 4125/4118/2146
f 4126/4119/2153 4128/4121/2154 4127/4120/2146
f 4127/4120/2146 4128/4121/2154 4129/4122/2155
f 4128/4121/2154 4130/4123/2146 4129/4122/2155
f 4129/4122/2155 4130/4123/2146 4131/4124/2146
f 4130/4123/2146 4132/4125/2146 4131/4124/2146
f 4133/4126/2156 4131/4124/2146 4132/4125/2146
f 4132/4125/2146 4134/4127/2146 4133/4126/2156
f 4134/4127/2146 4135/4128/2156 4133/4126/2156
f 4136/4129/2157 4133/4126/2156 4135/4128/2156
f 4136/4129/2157 4135/4128/2156 4137/4130/2157
f 4136/4129/2157 4137/4130/2157 4138/4131/2049
f 4138/4131/2049 4139/4132/2049 4136/4129/2157
f 4140/4133/2050 4136/4129/2157 4139/4132/2049
f 4139/4132/2049 4141/4134/2148 4140/4133/2050
f 4139/4132/2049 4142/4135/2158 4141/4134/2148
f 4142/4135/2158 4120/4113/2049 4141/4134/2148
f 4142/4135/2158 4118/4111/2149 4120/4113/2049
f 4142/4135/2158 4143/4136/2159 4118/4111/2149
f 4142/4135/2158 4144/4137/2160 4143/4136/2159
f 4145/4138/778 4146/4139/778 4147/4140/780
f 4146/4139/778 4148/4141/778 4147/4140/780
f 4149/4142/778 4146/4139/778 4145/4138/778
f 4150/4143/397 4151/4144/397 4152/4145/397
f 4151/4144/397 4153/4146/397 4152/4145/397
f 4154/4147/397 4151/4144/397 4150/4143/397
f 4155/4148/2161 4156/4149/2162 4157/4150/2163
f 4156/4149/2162 4158/4151/2164 4157/4150/2163
f 4158/4151/2164 4159/4152/2162 4157/4150/2163
f 4160/4153/2165 4157/4150/2163 4159/4152/2162
f 4161/4154/2162 4160/4153/2165 4159/4152/2162
f 4155/4148/2161 4157/4150/2163 4162/4155/397
f 4155/4148/2161 4162/4155/397 4163/4156/397
f 4155/4148/2161 4164/4157/2166 4156/4149/2162
f 4155/4148/2161 4165/4158/2162 4164/4157/2166
f 4155/4148/2161 4166/4159/2164 4165/4158/2162
f 4155/4148/2161 4167/4160/2167 4166/4159/2164
f 4167/4160/2167 4168/4161/2168 4166/4159/2164
f 4169/4162/2163 4170/4163/397 4171/4164/397
f 4169/4162/2163 4172/4165/2169 4170/4163/397
f 4172/4165/2169 4169/4162/2163 4173/4166/2168
f 4173/4166/2168 4174/4167/2162 4172/4165/2169
f 4169/4162/2163 4175/4168/2166 4173/4166/2168
f 4174/4167/2162 4176/4169/2162 4172/4165/2169
f 4177/4170/2170 4172/4165/2169 4176/4169/2162
f 4178/4171/2165 4177/4170/2170 4176/4169/2162
f 4169/4162/2163 4179/4172/2168 4175/4168/2166
f 4169/4162/2163 4180/4173/2164 4179/4172/2168
f 4169/4162/2163 4181/4174/2166 4180/4173/2164
f 4181/4174/2166 4182/4175/2164 4180/4173/2164
f 4183/4176/2171 4184/4177/92 4185/4178/2171
f 4183/4176/2171 4186/4179/92 4184/4177/92
f 4183/4176/2171 4187/4180/92 4186/4179/92
f 4183/4176/2171 4188/4181/92 4187/4180/92
f 4184/4177/92 4189/4182/92 4185/4178/2171
f 4189/4182/92 4190/4183/92 4185/4178/2171
f 4190/4183/92 4191/4184/92 4185/4178/2171
f 4185/4178/2171 4192/4185/92 4183/4176/2171
f 4192/4185/92 4193/4186/92 4183/4176/2171
f 4194/4187/92 4192/4185/92 4185/4178/2171
f 4195/4188/92 4194/4187/92 4185/4178/2171
f 4196/4189/2163 4197/4190/2161 4198/4191/2162
f 4198/4191/2162 4199/4192/2162 4196/4189/2163
f 4199/4192/2162 4200/4193/2164 4196/4189/2163
f 4201/4194/2165 4196/4189/2163 4200/4193/2164
f 4202/4195/2162 4201/4194/2165 4200/4193/2164
f 4197/4190/2161 4196/4189/2163 4203/4196/397
f 4197/4190/2161 4203/4196/397 4204/4197/397
f 4197/4190/2161 4205/4198/2167 4198/4191/2162
f 4197/4190/2161 4206/4199/2164 4205/4198/2167
f 4197/4190/2161 4207/4200/2162 4206/4199/2164
f 4197/4190/2161 4208/4201/2166 4207/4200/2162
f 4208/4201/2166 4209/4202/2168 4207/4200/2162
f 4210/4203/778 4211/4204/2172 4212/4205/778
f 4210/4203/778 4213/4206/2173 4211/4204/2172
f 4213/4206/2173 4214/4207/2174 4211/4204/2172
f 4213/4206/2173 4215/4208/2175 4214/4207/2174
f 4214/4207/2174 4216/4209/2176 4211/4204/2172
f 4213/4206/2173 4217/4210/2177 4215/4208/2175
f 4213/4206/2173 4218/4211/2178 4217/4210/2177
f 4218/4211/2178 4219/4212/2177 4217/4210/2177
f 4216/4209/2176 4220/4213/2176 4211/4204/2172
f 4220/4213/2176 4221/4214/2176 4211/4204/2172
f 4222/4215/2175 4211/4204/2172 4221/4214/2176
f 4223/4216/2177 4222/4215/2175 4221/4214/2176
f 4224/4217/778 4225/4218/2179 4226/4219/778
f 4224/4217/778 4227/4220/2173 4225/4218/2179
f 4227/4220/2173 4228/4221/2175 4225/4218/2179
f 4227/4220/2173 4229/4222/2174 4228/4221/2175
f 4228/4221/2175 4230/4223/2177 4225/4218/2179
f 4227/4220/2173 4231/4224/2177 4229/4222/2174
f 4227/4220/2173 4232/4225/2180 4231/4224/2177
f 4232/4225/2180 4233/4226/2177 4231/4224/2177
f 4230/4223/2177 4234/4227/2181 4225/4218/2179
f 4234/4227/2181 4235/4228/2176 4225/4218/2179
f 4236/4229/2182 4225/4218/2179 4235/4228/2176
f 4237/4230/2177 4236/4229/2182 4235/4228/2176
f 4238/4231/778 4239/4232/2172 4240/4233/778
f 4238/4231/778 4241/4234/2173 4239/4232/2172
f 4241/4234/2173 4242/4235/2175 4239/4232/2172
f 4241/4234/2173 4243/4236/2183 4242/4235/2175
f 4242/4235/2175 4244/4237/2177 4239/4232/2172
f 4241/4234/2173 4245/4238/2177 4243/4236/2183
f 4241/4234/2173 4246/4239/2178 4245/4238/2177
f 4246/4239/2178 4247/4240/2181 4245/4238/2177
f 4244/4237/2177 4248/4241/2177 4239/4232/2172
f 4248/4241/2177 4249/4242/2177 4239/4232/2172
f 4250/4243/2174 4239/4232/2172 4249/4242/2177
f 4251/4244/2177 4250/4243/2174 4249/4242/2177
f 4252/4245/92 4253/4246/92 4254/4247/92
f 4252/4245/92 4255/4248/92 4253/4246/92
f 4256/4249/778 4257/4250/778 4258/4251/778
f 4257/4250/778 4259/4252/778 4258/4251/778
f 4257/4250/778 4260/4253/778 4259/4252/778
f 4258/4251/778 4261/4254/778 4256/4249/778
f 4261/4254/778 4262/4255/778 4256/4249/778
f 4263/4256/397 4264/4257/397 4265/4258/397
f 4263/4256/397 4266/4259/397 4264/4257/397
f 4266/4259/397 4267/4260/397 4264/4257/397
f 4265/4258/397 4268/4261/397 4263/4256/397
f 4265/4258/397 4269/4262/397 4268/4261/397
f 4270/4263/2184 4271/4264/219 4272/4265/2185
f 4271/4264/219 4273/4266/218 4272/4265/2185
f 4271/4264/219 4274/4267/217 4273/4266/218
f 4274/4267/217 4275/4268/217 4273/4266/218
f 4270/4263/2184 4276/4269/217 4271/4264/219
f 4270/4263/2184 4272/4265/2185 4277/4270/2186
f 4270/4263/2184 4278/4271/217 4276/4269/217
f 4276/4269/217 4278/4271/217 4279/4272/217
f 4278/4271/217 4280/4273/217 4279/4272/217
f 4270/4263/2184 4277/4270/2186 4281/4274/2187
f 4277/4270/2186 4282/4275/2188 4281/4274/2187
f 4277/4270/2186 4283/4276/2189 4282/4275/2188
f 4283/4276/2189 4284/4277/2190 4282/4275/2188
f 4283/4276/2189 4285/4278/2191 4284/4277/2190
f 4284/4277/2190 4285/4278/2191 4286/4279/26
f 4286/4279/26 4287/4280/25 4284/4277/2190
f 4286/4279/26 4288/4281/25 4287/4280/25
f 4288/4281/25 4289/4282/25 4287/4280/25
f 4285/4278/2191 4290/4283/26 4286/4279/26
f 4285/4278/2191 4291/4284/55 4290/4283/26
f 4290/4283/26 4291/4284/55 4292/4285/25
f 4291/4284/55 4293/4286/25 4292/4285/25
f 4294/4287/2192 4295/4288/2193 4296/4289/2194
f 4295/4288/2193 4297/4290/2193 4296/4289/2194
f 4297/4290/2193 4298/4291/2193 4296/4289/2194
f 4298/4291/2193 4299/4292/2195 4296/4289/2194
f 4298/4291/2193 4300/4293/2193 4299/4292/2195
f 4301/4294/2196 4294/4287/2192 4296/4289/2194
f 4301/4294/2196 4302/4295/2193 4294/4287/2192
f 4303/4296/397 4301/4294/2196 4296/4289/2194
f 4303/4296/397 4304/4297/1508 4301/4294/2196
f 4301/4294/2196 4305/4298/2197 4302/4295/2193
f 4301/4294/2196 4306/4299/2198 4305/4298/2197
f 4306/4299/2198 4307/4300/2193 4305/4298/2197
f 4308/4301/2199 4309/4302/2197 4310/4303/2194
f 4309/4302/2197 4311/4304/2193 4310/4303/2194
f 4311/4304/2193 4312/4305/2197 4310/4303/2194
f 4312/4305/2197 4313/4306/2192 4310/4303/2194
f 4312/4305/2197 4314/4307/2193 4313/4306/2192
f 4315/4308/2196 4308/4301/2199 4310/4303/2194
f 4315/4308/2196 4316/4309/2193 4308/4301/2199
f 4317/4310/397 4315/4308/2196 4310/4303/2194
f 4317/4310/397 4318/4311/397 4315/4308/2196
f 4315/4308/2196 4319/4312/2197 4316/4309/2193
f 4315/4308/2196 4320/4313/2198 4319/4312/2197
f 4320/4313/2198 4321/4314/2198 4319/4312/2197
f 4322/4315/2199 4323/4316/2193 4324/4317/2194
f 4323/4316/2193 4325/4318/2200 4324/4317/2194
f 4325/4318/2200 4326/4319/2193 4324/4317/2194
f 4326/4319/2193 4327/4320/2192 4324/4317/2194
f 4326/4319/2193 4328/4321/2193 4327/4320/2192
f 4329/4322/2196 4322/4315/2199 4324/4317/2194
f 4329/4322/2196 4330/4323/2193 4322/4315/2199
f 4331/4324/397 4329/4322/2196 4324/4317/2194
f 4331/4324/397 4332/4325/1508 4329/4322/2196
f 4329/4322/2196 4333/4326/2197 4330/4323/2193
f 4329/4322/2196 4334/4327/2193 4333/4326/2197
f 4334/4327/2193 4335/4328/2198 4333/4326/2197
f 4336/4329/2201 4337/4330/2202 4338/4331/2203
f 4336/4329/2201 4339/4332/2204 4337/4330/2202
f 4338/4331/2203 4340/4333/2205 4336/4329/2201
f 4338/4331/2203 4341/4334/2204 4340/4333/2205
f 4339/4332/2204 4342/4335/2201 4337/4330/2202
f 4338/4331/2203 4343/4336/2201 4341/4334/2204
f 4338/4331/2203 4344/4337/2205 4343/4336/2201
f 4344/4337/2205 4345/4338/2206 4343/4336/2201
f 4337/4330/2202 4346/4339/778 4338/4331/2203
f 4337/4330/2202 4347/4340/1507 4346/4339/778
f 4342/4335/2201 4348/4341/2207 4337/4330/2202
f 4342/4335/2201 4349/4342/2208 4348/4341/2207
f 4350/4343/2206 4351/4344/2202 4352/4345/2203
f 4350/4343/2206 4353/4346/2201 4351/4344/2202
f 4352/4345/2203 4354/4347/2209 4350/4343/2206
f 4352/4345/2203 4355/4348/2204 4354/4347/2209
f 4353/4346/2201 4356/4349/2204 4351/4344/2202
f 4352/4345/2203 4357/4350/2201 4355/4348/2204
f 4352/4345/2203 4358/4351/2209 4357/4350/2201
f 4358/4351/2209 4359/4352/2204 4357/4350/2201
f 4351/4344/2202 4360/4353/778 4352/4345/2203
f 4351/4344/2202 4361/4354/1507 4360/4353/778
f 4356/4349/2204 4362/4355/2208 4351/4344/2202
f 4356/4349/2204 4363/4356/2201 4362/4355/2208
f 4364/4357/2202 4365/4358/778 4366/4359/2203
f 4364/4357/2202 4367/4360/778 4365/4358/778
f 4368/4361/2201 4364/4357/2202 4366/4359/2203
f 4368/4361/2201 4369/4362/2201 4364/4357/2202
f 4366/4359/2203 4370/4363/2205 4368/4361/2201
f 4369/4362/2201 4371/4364/2201 4364/4357/2202
f 4371/4364/2201 4372/4365/2208 4364/4357/2202
f 4371/4364/2201 4373/4366/2208 4372/4365/2208
f 4366/4359/2203 4374/4367/2201 4370/4363/2205
f 4366/4359/2203 4375/4368/2206 4374/4367/2201
f 4366/4359/2203 4376/4369/2205 4375/4368/2206
f 4376/4369/2205 4377/4370/2206 4375/4368/2206
f 4378/4371/404 4379/4372/404 4380/4373/404
f 4380/4373/404 4381/4374/1192 4378/4371/404
f 4382/4375/397 4378/4371/404 4381/4374/1192
f 4381/4374/1192 4383/4376/397 4382/4375/397
f 4380/4373/404 4384/4377/397 4381/4374/1192
f 4384/4377/397 4385/4378/397 4381/4374/1192
f 4386/4379/780 4387/4380/780 4388/4381/1258
f 4386/4379/780 4389/4382/780 4387/4380/780
f 4387/4380/780 4390/4383/778 4388/4381/1258
f 4390/4383/778 4391/4384/778 4388/4381/1258
f 4392/4385/778 4386/4379/780 4388/4381/1258
f 4393/4386/778 4392/4385/778 4388/4381/1258
f 4394/4387/778 4395/4388/778 4396/4389/1258
f 4394/4387/778 4397/4390/778 4395/4388/778
f 4397/4390/778 4398/4391/778 4395/4388/778
f 4399/4392/778 4394/4387/778 4396/4389/1258
f 4396/4389/1258 4400/4393/778 4399/4392/778
f 4400/4393/778 4401/4394/778 4399/4392/778
f 4402/4395/778 4400/4393/778 4396/4389/1258
f 4396/4389/1258 4403/4396/778 4402/4395/778
f 4403/4396/778 4404/4397/778 4402/4395/778
f 4404/4397/778 4405/4398/778 4402/4395/778
f 4406/4399/397 4407/4400/397 4408/4401/1192
f 4409/4402/397 4408/4401/1192 4407/4400/397
f 4410/4403/397 4409/4402/397 4407/4400/397
f 4409/4402/397 4411/4404/397 4408/4401/1192
f 4408/4401/1192 4412/4405/397 4406/4399/397
f 4412/4405/397 4413/4406/404 4406/4399/397
f 4412/4405/397 4414/4407/2210 4413/4406/404
f 4415/4408/397 4408/4401/1192 4411/4404/397
f 4416/4409/397 4415/4408/397 4411/4404/397
f 4411/4404/397 4417/4410/397 4416/4409/397
f 4418/4411/778 4419/4412/778 4420/4413/779
f 4418/4411/778 4421/4414/778 4419/4412/778
f 4422/4415/780 4420/4413/779 4419/4412/778
f 4423/4416/780 4420/4413/779 4422/4415/780
f 4420/4413/779 4423/4416/780 4424/4417/780
f 4425/4418/778 4420/4413/779 4424/4417/780
f 4424/4417/780 4426/4419/778 4425/4418/778
f 4426/4419/778 4427/4420/778 4425/4418/778
f 4424/4417/780 4428/4421/780 4426/4419/778
f 4420/4413/779 4429/4422/779 4418/4411/778
f 4429/4422/779 4430/4423/778 4418/4411/778
f 4420/4413/779 4431/4424/778 4429/4422/779
f 4431/4424/778 4432/4425/778 4429/4422/779
f 4429/4422/779 4433/4426/780 4430/4423/778
f 4429/4422/779 4434/4427/780 4433/4426/780
f 4434/4427/780 4435/4428/780 4433/4426/780
f 4436/4429/778 4437/4430/780 4438/4431/778
f 4436/4429/778 4439/4432/780 4437/4430/780
f 4436/4429/778 4440/4433/778 4439/4432/780
f 4440/4433/778 4441/4434/778 4439/4432/780
f 4442/4435/778 4436/4429/778 4438/4431/778
f 4443/4436/778 4442/4435/778 4438/4431/778
f 4438/4431/778 4444/4437/780 4443/4436/778
f 4444/4437/780 4445/4438/780 4443/4436/778
f 4445/4438/780 4446/4439/778 4443/4436/778
f 4447/4440/780 4448/4441/780 4449/4442/1921
f 4447/4440/780 4450/4443/778 4448/4441/780
f 4451/4444/404 4452/4445/404 4453/4446/397
f 4451/4444/404 4454/4447/2210 4452/4445/404
f 4455/4448/1509 4456/4449/397 4457/4450/404
f 4457/4450/404 4458/4451/397 4455/4448/1509
f 4455/4448/1509 4459/4452/397 4456/4449/397
f 4458/4451/397 4460/4453/397 4461/4454/397
f 4458/4451/397 4461/4454/397 4455/4448/1509
f 4455/4448/1509 4462/4455/397 4459/4452/397
f 4462/4455/397 4463/4456/397 4459/4452/397
f 4463/4456/397 4464/4457/404 4459/4452/397
f 4462/4455/397 4465/4458/397 4463/4456/397
f 4466/4459/404 4467/4460/404 4455/4448/1509
f 4468/4461/1192 4466/4459/404 4455/4448/1509
f 4455/4448/1509 4461/4454/397 4468/4461/1192
f 4461/4454/397 4469/4462/397 4468/4461/1192
f 4469/4462/397 4470/4463/397 4468/4461/1192
f 4470/4463/397 4471/4464/404 4468/4461/1192
f 4470/4463/397 4472/4465/404 4471/4464/404
f 4473/4466/397 4474/4467/397 4475/4468/397
f 4475/4468/397 4476/4469/397 4473/4466/397
f 4477/4470/397 4473/4466/397 4476/4469/397
f 4478/4471/1778 4477/4470/397 4476/4469/397
f 4473/4466/397 4479/4472/397 4474/4467/397
f 4479/4472/397 4480/4473/397 4474/4467/397
f 4481/4474/397 4474/4467/397 4480/4473/397
f 4482/4475/397 4481/4474/397 4480/4473/397
f 4480/4473/397 4483/4476/397 4482/4475/397
f 4484/4477/2211 4485/4478/2212 4486/4479/2213
f 4484/4477/2211 4487/4480/2214 4485/4478/2212
f 4488/4481/2215 4486/4479/2213 4485/4478/2212
f 4489/4482/2216 4484/4477/2211 4486/4479/2213
f 4488/4481/2215 4489/4482/2216 4486/4479/2213
f 4489/4482/2216 4490/4483/2217 4484/4477/2211
f 4488/4481/2215 4485/4478/2212 4491/4484/2218
f 4488/4481/2215 4492/4485/2219 4489/4482/2216
f 4487/4480/2214 4493/4486/2220 4485/4478/2212
f 4491/4484/2218 4485/4478/2212 4493/4486/2220
f 4487/4480/2214 4494/4487/2221 4493/4486/2220
f 4491/4484/2218 4493/4486/2220 4495/4488/2222
f 4496/4489/2223 4489/4482/2216 4492/4485/2219
f 4490/4483/2217 4489/4482/2216 4496/4489/2223
f 4496/4489/2223 4492/4485/2219 4497/4490/2224
f 4490/4483/2217 4496/4489/2223 4498/4491/2225
f 4495/4488/2222 4493/4486/2220 4499/4492/2226
f 4494/4487/2221 4499/4492/2226 4493/4486/2220
f 4495/4488/2222 4499/4492/2226 4500/4493/2227
f 4494/4487/2221 4501/4494/2228 4499/4492/2226
f 4502/4495/2229 4500/4493/2227 4499/4492/2226
f 4502/4495/2229 4499/4492/2226 4501/4494/2228
f 4502/4495/2229 4503/4496/2230 4500/4493/2227
f 4502/4495/2229 4501/4494/2228 4504/4497/2231
f 4498/4491/2225 4496/4489/2223 4505/4498/2232
f 4505/4498/2232 4496/4489/2223 4497/4490/2224
f 4498/4491/2225 4505/4498/2232 4506/4499/2233
f 4505/4498/2232 4497/4490/2224 4507/4500/2234
f 4508/4501/2235 4506/4499/2233 4505/4498/2232
f 4509/4502/2236 4505/4498/2232 4507/4500/2234
f 4508/4501/2235 4505/4498/2232 4510/4503/2237
f 4509/4502/2236 4510/4503/2237 4505/4498/2232
f 4511/4504/2238 4508/4501/2235 4510/4503/2237
f 4512/4505/2239 4510/4503/2237 4509/4502/2236
f 4511/4504/2238 4510/4503/2237 4513/4506/2240
f 4512/4505/2239 4513/4506/2240 4510/4503/2237
f 4514/4507/2241 4511/4504/2238 4513/4506/2240
f 4512/4505/2239 4514/4507/2241 4513/4506/2240
f 4514/4507/2241 4515/4508/2242 4511/4504/2238
f 4512/4505/2239 4516/4509/2243 4514/4507/2241
f 4515/4508/2242 4514/4507/2241 4517/4510/2244
f 4517/4510/2244 4518/4511/2245 4515/4508/2242
f 4514/4507/2241 4516/4509/2243 4519/4512/2246
f 4516/4509/2243 4520/4513/2247 4519/4512/2246
f 4514/4507/2241 4521/4514/2248 4517/4510/2244
f 4521/4514/2248 4514/4507/2241 4519/4512/2246
f 4521/4514/2248 4522/4515/2249 4517/4510/2244
f 4519/4512/2246 4523/4516/2250 4521/4514/2248
f 4522/4515/2249 4521/4514/2248 4524/4517/2251
f 4523/4516/2250 4524/4517/2251 4521/4514/2248
f 4522/4515/2249 4524/4517/2251 4525/4518/2252
f 4523/4516/2250 4526/4519/2253 4524/4517/2251
f 4525/4518/2252 4524/4517/2251 4527/4520/2254
f 4526/4519/2253 4527/4520/2254 4524/4517/2251
f 4525/4518/2252 4527/4520/2254 4528/4521/2255
f 4526/4519/2253 4529/4522/2256 4527/4520/2254
f 4527/4520/2254 4529/4522/2256 4530/4523/2257
f 4531/4524/2258 4528/4521/2255 4527/4520/2254
f 4531/4524/2258 4527/4520/2254 4530/4523/2257
f 4530/4523/2257 4532/4525/2259 4531/4524/2258
f 4530/4523/2257 4533/4526/2259 4532/4525/2259
f 4533/4526/2259 4534/4527/2259 4532/4525/2259
f 4532/4525/2259 4535/4528/2260 4531/4524/2258
f 4536/4529/2261 4531/4524/2258 4535/4528/2260
f 4537/4530/2259 4536/4529/2261 4535/4528/2260
f 4538/4531/2262 4539/4532/2263 4540/4533/2264
f 4538/4531/2262 4541/4534/2262 4539/4532/2263
f 4542/4535/92 4541/4534/2262 4538/4531/2262
f 4538/4531/2262 4543/4536/92 4542/4535/92
f 4543/4536/92 4544/4537/2265 4542/4535/92
f 4544/4537/2265 4545/4538/2266 4542/4535/92
f 4546/4539/2023 4540/4533/2264 4539/4532/2263
f 4546/4539/2023 4547/4540/2024 4540/4533/2264
f 4539/4532/2263 4548/4541/2023 4546/4539/2023
f 4549/4542/2267 4540/4533/2264 4547/4540/2024
f 4539/4532/2263 4550/4543/2024 4548/4541/2023
f 4551/4544/2267 4549/4542/2267 4547/4540/2024
f 4539/4532/2263 4552/4545/2024 4550/4543/2024
f 4547/4540/2024 4553/4546/2268 4551/4544/2267
f 4539/4532/2263 4554/4547/2269 4552/4545/2024
f 4553/4546/2268 4555/4548/2268 4551/4544/2267
f 4554/4547/2269 4556/4549/2270 4552/4545/2024
f 4555/4548/2268 4553/4546/2268 4557/4550/2271
f 4555/4548/2268 4557/4550/2271 4558/4551/2272
f 4559/4552/2273 4558/4551/2272 4557/4550/2271
f 4559/4552/2273 4557/4550/2271 4560/4553/2274
f 4561/4554/2034 4559/4552/2273 4560/4553/2274
f 4554/4547/2269 4562/4555/2275 4556/4549/2270
f 4563/4556/2276 4561/4554/2034 4560/4553/2274
f 4563/4556/2276 4560/4553/2274 4564/4557/2032
f 4562/4555/2275 4554/4547/2269 4565/4558/2277
f 4566/4559/2276 4563/4556/2276 4564/4557/2032
f 4564/4557/2032 4567/4560/2278 4566/4559/2276
f 4567/4560/2278 4568/4561/2273 4566/4559/2276
f 4568/4561/2273 4569/4562/2032 4566/4559/2276
f 4565/4558/2277 4566/4559/2276 4569/4562/2032
f 4563/4556/2276 4566/4559/2276 4570/4563/2279
f 4571/4564/2032 4565/4558/2277 4569/4562/2032
f 4563/4556/2276 4570/4563/2279 4572/4565/2280
f 4573/4566/2281 4565/4558/2277 4571/4564/2032
f 4565/4558/2277 4573/4566/2281 4562/4555/2275
f 4573/4566/2281 4574/4567/397 4562/4555/2275
f 4574/4567/397 4575/4568/404 4562/4555/2275
f 4572/4565/2280 4570/4563/2279 4576/4569/842
f 4577/4570/184 4572/4565/2280 4576/4569/842
f 4578/4571/184 4577/4570/184 4576/4569/842
f 4579/4572/638 4578/4571/184 4576/4569/842
f 4576/4569/842 4580/4573/2282 4579/4572/638
f 4576/4569/842 4581/4574/2283 4580/4573/2282
f 4581/4574/2283 4582/4575/2284 4580/4573/2282
f 4581/4574/2283 4583/4576/2285 4582/4575/2284
f 4582/4575/2284 4583/4576/2285 4584/4577/2060
f 4583/4576/2285 4585/4578/2155 4584/4577/2060
f 4586/4579/2150 4582/4575/2284 4584/4577/2060
f 4583/4576/2285 4587/4580/2146 4585/4578/2155
f 4588/4581/2146 4582/4575/2284 4586/4579/2150
f 4583/4576/2285 4589/4582/2146 4587/4580/2146
f 4590/4583/2150 4588/4581/2146 4586/4579/2150
f 4591/4584/2286 4590/4583/2150 4586/4579/2150
f 4591/4584/2286 4592/4585/2286 4590/4583/2150
f 4591/4584/2286 4593/4586/2287 4592/4585/2286
f 4591/4584/2286 4594/4587/2288 4593/4586/2287
f 4595/4588/2289 4593/4586/2287 4594/4587/2288
f 4595/4588/2289 4594/4587/2288 4596/4589/2050
f 4597/4590/2050 4595/4588/2289 4596/4589/2050
f 4598/4591/2290 4597/4590/2050 4596/4589/2050
f 4598/4591/2290 4596/4589/2050 4599/4592/2050
f 4600/4593/2290 4598/4591/2290 4599/4592/2050
f 4600/4593/2290 4601/4594/2291 4598/4591/2290
f 4600/4593/2290 4602/4595/2292 4601/4594/2291
f 4599/4592/2050 4603/4596/2148 4600/4593/2290
f 4603/4596/2148 4604/4597/2050 4600/4593/2290
f 4604/4597/2050 4605/4598/2289 4600/4593/2290
f 4606/4599/2293 4600/4593/2290 4605/4598/2289
f 4607/4600/2289 4606/4599/2293 4605/4598/2289
f 4608/4601/2294 4606/4599/2293 4607/4600/2289
f 4609/4602/2295 4606/4599/2293 4608/4601/2294
f 4608/4601/2294 4610/4603/1921 4611/4604/778
f 4611/4604/778 4612/4605/2296 4608/4601/2294
f 4612/4605/2296 4609/4602/2295 4608/4601/2294
f 4609/4602/2295 4612/4605/2296 4613/4606/2155
f 4609/4602/2295 4613/4606/2155 4589/4582/2146
f 4583/4576/2285 4609/4602/2295 4589/4582/2146
f 4614/4607/778 4615/4608/778 4616/4609/780
f 4614/4607/778 4617/4610/778 4615/4608/778
f 4618/4611/780 4614/4607/778 4616/4609/780
f 4615/4608/778 4617/4610/778 4619/4612/778
f 4616/4609/780 4620/4613/780 4618/4611/780
f 4617/4610/778 4621/4614/780 4619/4612/778
f 4622/4615/778 4618/4611/780 4620/4613/780
f 4621/4614/780 4623/4616/778 4619/4612/778
f 4620/4613/780 4624/4617/778 4622/4615/778
f 4621/4614/780 4625/4618/778 4623/4616/778
f 4626/4619/778 4622/4615/778 4624/4617/778
f 4625/4618/778 4627/4620/778 4623/4616/778
f 4628/4621/780 4626/4619/778 4624/4617/778
f 4625/4618/778 4629/4622/778 4627/4620/778
f 4630/4623/780 4626/4619/778 4628/4621/780
f 4629/4622/778 4631/4624/778 4627/4620/778
f 4628/4621/780 4632/4625/778 4630/4623/780
f 4629/4622/778 4633/4626/778 4631/4624/778
f 4634/4627/778 4630/4623/780 4632/4625/778
f 4633/4626/778 4635/4628/778 4631/4624/778
f 4636/4629/778 4634/4627/778 4632/4625/778
f 4635/4628/778 4633/4626/778 4637/4630/780
f 4634/4627/778 4636/4629/778 4638/4631/780
f 4639/4632/780 4635/4628/778 4637/4630/780
f 4636/4629/778 4639/4632/780 4638/4631/780
f 4637/4630/780 4638/4631/780 4639/4632/780
f 4640/4633/404 4641/4634/397 4642/4635/397
f 4643/4636/397 4642/4635/397 4641/4634/397
f 4642/4635/397 4644/4637/404 4640/4633/404
f 4641/4634/397 4645/4638/404 4643/4636/397
f 4644/4637/404 4646/4639/397 4640/4633/404
f 4647/4640/404 4643/4636/397 4645/4638/404
f 4644/4637/404 4648/4641/397 4646/4639/397
f 4645/4638/404 4649/4642/404 4647/4640/404
f 4648/4641/397 4650/4643/397 4646/4639/397
f 4651/4644/397 4647/4640/404 4649/4642/404
f 4648/4641/397 4652/4645/397 4650/4643/397
f 4653/4646/397 4651/4644/397 4649/4642/404
f 4650/4643/397 4652/4645/397 4654/4647/404
f 4655/4648/397 4651/4644/397 4653/4646/397
f 4652/4645/397 4656/4649/404 4654/4647/404
f 4653/4646/397 4657/4650/397 4655/4648/397
f 4656/4649/404 4658/4651/404 4654/4647/404
f 4657/4650/397 4659/4652/397 4655/4648/397
f 4656/4649/404 4660/4653/397 4658/4651/404
f 4659/4652/397 4657/4650/397 4661/4654/397
f 4660/4653/397 4662/4655/397 4658/4651/404
f 4663/4656/397 4659/4652/397 4661/4654/397
f 4662/4655/397 4660/4653/397 4664/4657/397
f 4663/4656/397 4661/4654/397 4665/4658/397
f 4665/4658/397 4662/4655/397 4664/4657/397
f 4664/4657/397 4663/4656/397 4665/4658/397
f 4666/4659/184 4667/4660/184 4668/4661/184
f 4669/4662/184 4666/4659/184 4668/4661/184
f 4670/4663/184 4669/4662/184 4668/4661/184
f 4668/4661/184 4671/4664/184 4670/4663/184
f 4672/4665/184 4673/4666/2297 4674/4667/2298
f 4675/4668/184 4672/4665/184 4674/4667/2298
f 4673/4666/2297 4676/4669/2299 4674/4667/2298
f 4674/4667/2298 4677/4670/2300 4675/4668/184
f 4673/4666/2297 4678/4671/2301 4676/4669/2299
f 4677/4670/2300 4679/4672/2302 4675/4668/184
f 4680/4673/2303 4676/4669/2299 4678/4671/2301
f 4681/4674/2304 4679/4672/2302 4677/4670/2300
f 4682/4675/2305 4680/4673/2303 4678/4671/2301
f 4681/4674/2304 4677/4670/2300 4683/4676/2306
f 4684/4677/2307 4681/4674/2304 4683/4676/2306
f 4684/4677/2307 4683/4676/2306 4685/4678/2308
f 4686/4679/2309 4682/4675/2305 4678/4671/2301
f 4687/4680/2310 4682/4675/2305 4686/4679/2309
f 4687/4680/2310 4686/4679/2309 4688/4681/2311
f 4689/4682/2312 4687/4680/2310 4688/4681/2311
f 4688/4681/2311 4690/4683/2313 4689/4682/2312
f 4691/4684/2314 4689/4682/2312 4690/4683/2313
f 4692/4685/2315 4691/4684/2314 4690/4683/2313
f 4690/4683/2313 4693/4686/2314 4692/4685/2315
f 4694/4687/2314 4692/4685/2315 4693/4686/2314
f 4694/4687/2314 4695/4688/2314 4696/4689/2316
f 4697/4690/2315 4694/4687/2314 4696/4689/2316
f 4697/4690/2315 4692/4685/2315 4694/4687/2314
f 4692/4685/2315 4697/4690/2315 4698/4691/2317
f 4698/4691/2317 4699/4692/2318 4692/4685/2315
f 4700/4693/2319 4698/4691/2317 4697/4690/2315
f 4701/4694/2320 4698/4691/2317 4700/4693/2319
f 4700/4693/2319 4702/4695/2320 4701/4694/2320
f 4703/4696/2321 4704/4697/2322 4705/4698/2323
f 4703/4696/2321 4706/4699/2321 4704/4697/2322
f 4707/4700/2324 4706/4699/2321 4703/4696/2321
f 4707/4700/2324 4708/4701/2325 4706/4699/2321
f 4708/4701/2325 4707/4700/2324 4709/4702/184
f 4707/4700/2324 4710/4703/2326 4709/4702/184
f 4710/4703/2326 4711/4704/184 4709/4702/184
f 4710/4703/2326 4712/4705/2327 4711/4704/184
f 4713/4706/2328 4712/4705/2327 4710/4703/2326
f 4713/4706/2328 4714/4707/2329 4712/4705/2327
f 4714/4707/2329 4713/4706/2328 4715/4708/2330
f 4715/4708/2330 4716/4709/2331 4714/4707/2329
f 4716/4709/2331 4717/4710/2332 4714/4707/2329
f 4718/4711/2333 4717/4710/2332 4716/4709/2331
f 4718/4711/2333 4719/4712/2333 4717/4710/2332
f 4718/4711/2333 4720/4713/2334 4719/4712/2333
f 4721/4714/2335 4719/4712/2333 4720/4713/2334
f 4720/4713/2334 4722/4715/2336 4721/4714/2335
f 4722/4715/2336 4723/4716/2337 4721/4714/2335
f 4724/4717/2334 4721/4714/2335 4723/4716/2337
f 4723/4716/2337 4725/4718/2336 4724/4717/2334
f 4726/4719/2335 4727/4720/2336 4725/4718/2336
f 4725/4718/2336 4728/4721/2337 4726/4719/2335
f 4723/4716/2337 4728/4721/2337 4725/4718/2336
f 4728/4721/2337 4723/4716/2337 4729/4722/2338
f 4723/4716/2337 4730/4723/2339 4729/4722/2338
f 4731/4724/2340 4728/4721/2337 4729/4722/2338
f 4729/4722/2338 4732/4725/2341 4731/4724/2340
f 4732/4725/2341 4733/4726/2342 4731/4724/2340
f 4734/4727/780 4735/4728/778 4736/4729/780
f 4735/4728/778 4737/4730/778 4736/4729/780
f 4738/4731/778 4735/4728/778 4734/4727/780
f 4739/4732/397 4740/4733/397 4741/4734/397
f 4739/4732/397 4742/4735/397 4740/4733/397
f 4743/4736/404 4744/4737/404 4745/4738/397
f 4746/4739/397 4745/4738/397 4744/4737/404
f 4745/4738/397 4747/4740/397 4743/4736/404
f 4748/4741/397 4749/4742/397 4750/4743/397
f 4748/4741/397 4751/4744/397 4749/4742/397
f 4752/4745/778 4753/4746/778 4754/4747/778
f 4752/4745/778 4755/4748/778 4753/4746/778
f 4756/4749/778 4757/4750/778 4758/4751/778
f 4756/4749/778 4759/4752/778 4757/4750/778
f 4760/4753/778 4761/4754/778 4762/4755/778
f 4760/4753/778 4763/4756/778 4761/4754/778
f 4764/4757/397 4765/4758/397 4766/4759/397
f 4764/4757/397 4767/4760/397 4765/4758/397
f 4768/4761/2343 4769/4762/2343 4770/4763/2344
f 4768/4761/2343 4771/4764/2343 4769/4762/2343
f 4772/4765/2343 4773/4766/2343 4774/4767/2344
f 4772/4765/2343 4775/4768/2343 4773/4766/2343
f 4776/4769/1258 4777/4770/778 4778/4771/778
f 4777/4770/778 4779/4772/778 4778/4771/778
f 4776/4769/1258 4780/4773/780 4777/4770/778
f 4778/4771/778 4781/4774/780 4776/4769/1258
f 4781/4774/780 4782/4775/778 4776/4769/1258
f 4782/4775/778 4783/4776/778 4776/4769/1258
f 4784/4777/397 4785/4778/404 4786/4779/1192
f 4784/4777/397 4787/4780/397 4785/4778/404
f 4785/4778/404 4788/4781/404 4786/4779/1192
f 4789/4782/397 4784/4777/397 4786/4779/1192
f 4790/4783/397 4789/4782/397 4786/4779/1192
f 4786/4779/1192 4791/4784/397 4790/4783/397
f 4792/4785/116 4793/4786/118 4794/4787/2345
f 4792/4785/116 4795/4788/1965 4793/4786/118
f 4796/4789/2346 4792/4785/116 4794/4787/2345
f 4796/4789/2346 4794/4787/2345 4797/4790/2347
f 4798/4791/2348 4796/4789/2346 4797/4790/2347
f 4798/4791/2348 4797/4790/2347 4799/4792/2349
f 4800/4793/2350 4798/4791/2348 4799/4792/2349
f 4800/4793/2350 4799/4792/2349 4801/4794/2351
f 4802/4795/2352 4800/4793/2350 4801/4794/2351
f 4802/4795/2352 4801/4794/2351 4803/4796/2353
f 4804/4797/2354 4802/4795/2352 4803/4796/2353
f 4804/4797/2354 4803/4796/2353 4805/4798/2354
f 4806/4799/2355 4804/4797/2354 4805/4798/2354
f 4806/4799/2355 4805/4798/2354 4807/4800/2356
f 4808/4801/2357 4806/4799/2355 4807/4800/2356
f 4808/4801/2357 4807/4800/2356 4809/4802/2358
f 4810/4803/2359 4808/4801/2357 4809/4802/2358
f 4810/4803/2359 4809/4802/2358 4811/4804/2360
f 4812/4805/2361 4810/4803/2359 4811/4804/2360
f 4812/4805/2361 4811/4804/2360 4813/4806/2362
f 4814/4807/108 4812/4805/2361 4813/4806/2362
f 4814/4807/108 4813/4806/2362 4815/4808/108
f 4816/4809/2363 4814/4807/108 4815/4808/108
f 4816/4809/2363 4815/4808/108 4817/4810/112
f 4818/4811/2364 4816/4809/2363 4817/4810/112
f 4818/4811/2364 4817/4810/112 4819/4812/92
f 4820/4813/397 4821/4814/2365 4822/4813/2366
f 4820/4813/397 4823/4814/397 4821/4814/2365
f 4824/4813/2367 4822/4813/2366 4821/4814/2365
f 4824/4813/2367 4821/4814/2365 4825/4814/2368
f 4826/4813/2369 4824/4813/2367 4825/4814/2368
f 4826/4813/2369 4825/4814/2368 4827/4814/2370
f 4828/4813/2371 4826/4813/2369 4827/4814/2370
f 4828/4813/2371 4827/4814/2370 4829/4814/2372
f 4828/4813/2371 4829/4814/2372 4830/4814/778
f 4828/4813/2371 4830/4814/778 4831/4813/778
f 4832/4815/778 4833/4816/778 4834/4817/1507
f 4832/4815/778 4835/4818/778 4833/4816/778
f 4836/4819/397 4837/4820/397 4838/4821/1508
f 4836/4819/397 4839/4822/397 4837/4820/397
f 4840/4823/92 4841/4824/92 4842/4825/92
f 4840/4823/92 4843/4826/92 4841/4824/92
f 4844/4827/92 4845/4828/92 4846/4829/92
f 4844/4827/92 4847/4830/92 4845/4828/92
f 4848/4831/397 4849/4832/397 4850/4833/397
f 4848/4831/397 4851/4834/397 4849/4832/397
f 4852/4835/2373 4848/4831/397 4850/4833/397
f 4849/4832/397 4853/4836/404 4850/4833/397
f 4849/4832/397 4854/4837/404 4853/4836/404
f 4855/4838/2373 4852/4835/2373 4850/4833/397
f 4856/4839/2374 4852/4835/2373 4855/4838/2373
f 4856/4839/2374 4855/4838/2373 4857/4840/2375
f 4858/4841/92 4859/4842/92 4860/4843/92
f 4859/4842/92 4861/4844/92 4860/4843/92
f 4858/4841/92 4862/4845/92 4859/4842/92
f 4858/4841/92 4863/4846/92 4862/4845/92
f 4864/4847/92 4865/4848/92 4866/4849/1965
f 4864/4847/92 4867/4850/92 4865/4848/92
f 4864/4847/92 4868/4851/92 4867/4850/92
f 4866/4849/1965 4869/4852/1965 4864/4847/92
f 4866/4849/1965 4870/4853/1965 4869/4852/1965
f 4870/4853/1965 4871/4854/92 4869/4852/1965
f 4872/4855/778 4873/4856/778 4874/4857/778
f 4873/4856/778 4875/4858/778 4874/4857/778
f 4874/4857/778 4876/4859/2376 4872/4855/778
f 4872/4855/778 4877/4860/780 4873/4856/778
f 4877/4860/780 4878/4861/780 4873/4856/778
f 4876/4859/2376 4879/4862/2376 4872/4855/778
f 4880/4863/2377 4879/4862/2376 4876/4859/2376
f 4880/4863/2377 4881/4864/2378 4879/4862/2376
f 4882/4865/2379 4883/4866/1175 4884/4867/1175
f 4884/4867/1175 4883/4866/1175 4885/4868/2380
f 4882/4865/2379 4886/4869/2381 4883/4866/1175
f 4884/4867/1175 4885/4868/2380 4887/4870/2382
f 4886/4869/2381 4882/4865/2379 4888/4871/217
f 4887/4870/2382 4885/4868/2380 4889/4872/2383
f 4890/4873/217 4886/4869/2381 4888/4871/217
f 4888/4871/217 4891/4874/217 4890/4873/217
f 4891/4874/217 4892/4875/217 4890/4873/217
f 4887/4870/2382 4889/4872/2383 4893/4876/2384
f 4893/4876/2384 4889/4872/2383 4894/4877/1154
f 4893/4876/2384 4894/4877/1154 4895/4878/2385
f 4895/4878/2385 4894/4877/1154 4896/4879/2386
f 4895/4878/2385 4896/4879/2386 4897/4880/2387
f 4898/4881/25 4897/4880/2387 4896/4879/2386
f 4899/4882/25 4898/4881/25 4896/4879/2386
f 4896/4879/2386 4900/4883/25 4899/4882/25
f 4901/4884/25 4899/4882/25 4900/4883/25
f 4902/4885/25 4901/4884/25 4900/4883/25
f 4903/4886/219 4904/4887/217 4905/4888/2379
f 4906/4889/219 4904/4887/217 4903/4886/219
f 4903/4886/219 4907/4890/219 4906/4889/219
f 4904/4887/217 4908/4891/2381 4905/4888/2379
f 4909/4892/1175 4905/4888/2379 4908/4891/2381
f 4909/4892/1175 4908/4891/2381 4910/4893/1175
f 4911/4894/2382 4909/4892/1175 4910/4893/1175
f 4911/4894/2382 4910/4893/1175 4912/4895/2388
f 4913/4896/2384 4911/4894/2382 4912/4895/2388
f 4913/4896/2384 4912/4895/2388 4914/4897/2383
f 4915/4898/1154 4913/4896/2384 4914/4897/2383
f 4915/4898/1154 4914/4897/2383 4916/4899/2385
f 4917/4900/2387 4915/4898/1154 4916/4899/2385
f 4917/4900/2387 4916/4899/2385 4918/4901/2386
f 4917/4900/2387 4918/4901/2386 4919/4902/25
f 4919/4902/25 4920/4903/26 4917/4900/2387
f 4921/4904/25 4917/4900/2387 4920/4903/26
f 4920/4903/26 4922/4905/25 4921/4904/25
f 4922/4905/25 4923/4906/25 4921/4904/25
f 4924/4907/2389 4925/4908/404 4926/4909/2390
f 4926/4909/2390 4927/4910/2390 4924/4907/2389
f 4927/4910/2390 4928/4911/406 4924/4907/2389
f 4924/4907/2389 4929/4912/404 4925/4908/404
f 4925/4908/404 4929/4912/404 4930/4913/404
f 4929/4912/404 4931/4914/404 4930/4913/404
f 4931/4914/404 4932/4915/404 4930/4913/404
f 4931/4914/404 4933/4916/397 4932/4915/404
f 4931/4914/404 4934/4917/397 4933/4916/397
f 4933/4916/397 4934/4917/397 4935/4918/397
f 4935/4918/397 4934/4917/397 4936/4919/397
f 4934/4917/397 4937/4920/397 4936/4919/397
f 4937/4920/397 4938/4921/397 4936/4919/397
f 4937/4920/397 4939/4922/2391 4938/4921/397
f 4939/4922/2391 4940/4923/406 4938/4921/397
f 4941/4924/406 4940/4923/406 4939/4922/2391
f 4942/4925/406 4941/4924/406 4939/4922/2391
f 4928/4911/406 4942/4925/406 4939/4922/2391
f 4928/4911/406 4939/4922/2391 4924/4907/2389
f 4924/4907/2389 4939/4922/2391 4943/4926/2392
f 4924/4907/2389 4943/4926/2392 4944/4927/2392
f 4945/4928/2393 4946/4929/2394 4947/4930/2393
f 4945/4928/2393 4948/4931/2395 4946/4929/2394
f 4946/4929/2394 4949/4932/2396 4950/4933/2396
f 4946/4929/2394 4951/4934/417 4949/4932/2396
f 4950/4933/2396 4952/4935/780 4946/4929/2394
f 4946/4929/2394 4948/4931/2395 4951/4934/417
f 4953/4936/780 4946/4929/2394 4952/4935/780
f 4952/4935/780 4954/4937/780 4953/4936/780
f 4955/4938/780 4953/4936/780 4954/4937/780
f 4954/4937/780 4956/4939/780 4955/4938/780
f 4956/4939/780 4957/4940/778 4955/4938/780
f 4957/4940/778 4958/4941/778 4955/4938/780
f 4958/4941/778 4957/4940/778 4959/4942/778
f 4958/4941/778 4959/4942/778 4960/4943/778
f 4961/4944/778 4958/4941/778 4960/4943/778
f 4961/4944/778 4960/4943/778 4962/4945/778
f 4948/4931/2395 4961/4944/778 4962/4945/778
f 4963/4946/417 4948/4931/2395 4962/4945/778
f 4948/4931/2395 4963/4946/417 4964/4947/417
f 4948/4931/2395 4964/4947/417 4965/4948/417
f 4948/4931/2395 4965/4948/417 4951/4934/417
f 4966/4949/780 4967/4950/780 4968/4951/780
f 4967/4950/780 4969/4952/778 4968/4951/780
f 4966/4949/780 4970/4953/780 4967/4950/780
f 4967/4950/780 4971/4954/778 4969/4952/778
f 4972/4955/778 4970/4953/780 4966/4949/780
f 4969/4952/778 4971/4954/778 4973/4956/778
f 4972/4955/778 4966/4949/780 4974/4957/778
f 4969/4952/778 4973/4956/778 4975/4958/778
f 4976/4959/778 4972/4955/778 4974/4957/778
f 4973/4956/778 4977/4960/780 4975/4958/778
f 4976/4959/778 4978/4961/778 4972/4955/778
f 4973/4956/778 4979/4962/780 4977/4960/780
f 4980/4963/778 4978/4961/778 4976/4959/778
f 4977/4960/780 4979/4962/780 4981/4964/778
f 4980/4963/778 4976/4959/778 4982/4965/778
f 4977/4960/780 4981/4964/778 4983/4966/780
f 4984/4967/778 4980/4963/778 4982/4965/778
f 4983/4966/780 4981/4964/778 4985/4968/778
f 4984/4967/778 4982/4965/778 4986/4969/780
f 4983/4966/780 4985/4968/778 4987/4970/780
f 4988/4971/778 4984/4967/778 4986/4969/780
f 4985/4968/778 4989/4972/778 4987/4970/780
f 4988/4971/778 4990/4973/778 4984/4967/778
f 4989/4972/778 4990/4973/778 4988/4971/778
f 4985/4968/778 4991/4974/780 4989/4972/778
f 4989/4972/778 4991/4974/780 4990/4973/778
f 4992/4975/397 4993/4976/397 4994/4977/404
f 4995/4978/397 4992/4975/397 4994/4977/404
f 4992/4975/397 4996/4979/397 4993/4976/397
f 4995/4978/397 4997/4980/397 4992/4975/397
f 4993/4976/397 4996/4979/397 4998/4981/397
f 4999/4982/397 4997/4980/397 4995/4978/397
f 4993/4976/397 4998/4981/397 5000/4983/397
f 4999/4982/397 4995/4978/397 5001/4984/404
f 4998/4981/397 5002/4985/397 5000/4983/397
f 5003/4986/404 4999/4982/397 5001/4984/404
f 4998/4981/397 5004/4987/397 5002/4985/397
f 5003/4986/404 5005/4988/397 4999/4982/397
f 5002/4985/397 5004/4987/397 5006/4989/397
f 5007/4990/397 5005/4988/397 5003/4986/404
f 5002/4985/397 5006/4989/397 5008/4991/404
f 5007/4990/397 5003/4986/404 5009/4992/404
f 5008/4991/404 5006/4989/397 5010/4993/404
f 5011/4994/397 5007/4990/397 5009/4992/404
f 5008/4991/404 5010/4993/404 5012/4995/404
f 5011/4994/397 5009/4992/404 5013/4996/404
f 5010/4993/404 5014/4997/397 5012/4995/404
f 5015/4998/397 5011/4994/397 5013/4996/404
f 5010/4993/404 5016/4999/397 5014/4997/397
f 5016/4999/397 5015/4998/397 5014/4997/397
f 5015/4998/397 5017/5000/397 5011/4994/397
f 5016/4999/397 5017/5000/397 5015/4998/397
f 5018/5001/2397 5019/5002/638 5020/5003/2398
f 5018/5001/2397 5021/5004/184 5019/5002/638
f 5022/5005/2399 5018/5001/2397 5020/5003/2398
f 5021/5004/184 5023/5006/2400 5019/5002/638
f 5022/5005/2399 5020/5003/2398 5024/5007/2401
f 5021/5004/184 5025/5008/2402 5023/5006/2400
f 5026/5009/2403 5022/5005/2399 5024/5007/2401
f 5025/5008/2402 5027/5010/2404 5023/5006/2400
f 5026/5009/2403 5024/5007/2401 5028/5011/2405
f 5025/5008/2402 5029/5012/2406 5027/5010/2404
f 5030/5013/2407 5026/5009/2403 5028/5011/2405
f 5029/5012/2406 5031/5014/2408 5027/5010/2404
f 5030/5013/2407 5028/5011/2405 5032/5015/2409
f 5029/5012/2406 5033/5016/2410 5031/5014/2408
f 5034/5017/2411 5030/5013/2407 5032/5015/2409
f 5033/5016/2410 5035/5018/2412 5031/5014/2408
f 5034/5017/2411 5032/5015/2409 5036/5019/2413
f 5037/5020/2414 5034/5017/2411 5036/5019/2413
f 5037/5020/2414 5036/5019/2413 5038/5021/809
f 5033/5016/2410 5039/5022/2415 5035/5018/2412
f 5039/5022/2415 5040/5023/2416 5035/5018/2412
f 5039/5022/2415 5041/5024/2417 5040/5023/2416
f 5041/5024/2417 5042/5025/805 5040/5023/2416
f 5041/5024/2417 5043/5026/804 5042/5025/805
f 5043/5026/804 5044/5027/2414 5042/5025/805
f 5043/5026/804 5045/5028/809 5044/5027/2414
f 5046/5029/25 5047/5030/26 5048/5031/26
f 5047/5030/26 5049/5032/26 5048/5031/26
f 5048/5031/26 5050/5033/25 5046/5029/25
f 5049/5032/26 5051/5034/25 5048/5031/26
f 5052/5035/26 5046/5029/25 5050/5033/25
f 5049/5032/26 5053/5036/25 5051/5034/25
f 5054/5037/25 5052/5035/26 5050/5033/25
f 5053/5036/25 5055/5038/25 5051/5034/25
f 5054/5037/25 5056/5039/25 5052/5035/26
f 5053/5036/25 5057/5040/26 5055/5038/25
f 5058/5041/25 5052/5035/26 5056/5039/25
f 5053/5036/25 5059/5042/26 5057/5040/26
f 5056/5039/25 5060/5043/26 5058/5041/25
f 5060/5043/26 5057/5040/26 5059/5042/26
f 5060/5043/26 5061/5044/25 5058/5041/25
f 5060/5043/26 5059/5042/26 5061/5044/25
f 5062/5045/404 5063/5046/404 5064/5047/397
f 5062/5045/404 5065/5048/404 5063/5046/404
f 5066/5049/397 5062/5045/404 5064/5047/397
f 5064/5047/397 5067/5050/397 5066/5049/397
f 5067/5050/397 5068/5051/404 5066/5049/397
f 5068/5051/404 5069/5052/404 5066/5049/397
f 5070/5053/778 5071/5054/780 5072/5055/778
f 5070/5053/778 5073/5056/780 5071/5054/780
f 5073/5056/780 5074/5057/780 5071/5054/780
f 5075/5058/778 5070/5053/778 5072/5055/778
f 5076/5059/778 5075/5058/778 5072/5055/778
f 5077/5060/778 5076/5059/778 5072/5055/778
f 5078/5061/397 5079/5062/397 5080/5063/2418
f 5080/5063/2418 5081/5064/2419 5078/5061/397
f 5082/5065/2420 5081/5064/2419 5080/5063/2418
f 5081/5064/2419 5083/5066/397 5078/5061/397
f 5083/5066/397 5084/5067/397 5078/5061/397
f 5082/5065/2420 5085/5068/2420 5081/5064/2419
f 5086/5069/2421 5085/5068/2420 5082/5065/2420
f 5086/5069/2421 5087/5070/2422 5085/5068/2420
f 5088/5071/2423 5087/5070/2422 5086/5069/2421
f 5088/5071/2423 5086/5069/2421 5089/5072/2424
f 5090/5073/2425 5088/5071/2423 5089/5072/2424
f 5090/5073/2425 5089/5072/2424 5091/5074/2425
f 5092/5075/2426 5090/5073/2425 5091/5074/2425
f 5092/5075/2426 5091/5074/2425 5093/5076/2427
f 5092/5075/2426 5093/5076/2427 5094/5077/778
f 5093/5076/2427 5095/5078/778 5094/5077/778
f 5096/5079/778 5092/5075/2426 5094/5077/778
f 5094/5077/778 5097/5080/778 5096/5079/778
f 5098/5081/2397 5099/5082/638 5100/5083/2398
f 5098/5081/2397 5101/5084/184 5099/5082/638
f 5102/5085/2399 5098/5081/2397 5100/5083/2398
f 5101/5084/184 5103/5086/2402 5099/5082/638
f 5102/5085/2399 5100/5083/2398 5104/5087/2401
f 5101/5084/184 5105/5088/2402 5103/5086/2402
f 5106/5089/2428 5102/5085/2399 5104/5087/2401
f 5105/5088/2402 5107/5090/2404 5103/5086/2402
f 5106/5089/2428 5104/5087/2401 5108/5091/2405
f 5105/5088/2402 5109/5092/2406 5107/5090/2404
f 5110/5093/2407 5106/5089/2428 5108/5091/2405
f 5109/5092/2406 5111/5094/2408 5107/5090/2404
f 5110/5093/2407 5108/5091/2405 5112/5095/2409
f 5109/5092/2406 5113/5096/2408 5111/5094/2408
f 5114/5097/2411 5110/5093/2407 5112/5095/2409
f 5113/5096/2408 5115/5098/2412 5111/5094/2408
f 5114/5097/2411 5112/5095/2409 5116/5099/2411
f 5117/5100/2414 5114/5097/2411 5116/5099/2411
f 5117/5100/2414 5116/5099/2411 5118/5101/809
f 5113/5096/2408 5119/5102/2429 5115/5098/2412
f 5119/5102/2429 5120/5103/2430 5115/5098/2412
f 5119/5102/2429 5121/5104/2417 5120/5103/2430
f 5121/5104/2417 5122/5105/805 5120/5103/2430
f 5121/5104/2417 5123/5106/805 5122/5105/805
f 5123/5106/805 5124/5107/2414 5122/5105/805
f 5123/5106/805 5125/5108/809 5124/5107/2414
f 5126/5109/2398 5127/5110/638 5128/5111/2431
f 5126/5109/2398 5129/5112/184 5127/5110/638
f 5130/5113/2401 5126/5109/2398 5128/5111/2431
f 5129/5112/184 5131/5114/2402 5127/5110/638
f 5130/5113/2401 5128/5111/2431 5132/5115/2399
f 5129/5112/184 5133/5116/2402 5131/5114/2402
f 5134/5117/2428 5130/5113/2401 5132/5115/2399
f 5133/5116/2402 5135/5118/2404 5131/5114/2402
f 5134/5117/2428 5132/5115/2399 5136/5119/2405
f 5133/5116/2402 5137/5120/2406 5135/5118/2404
f 5138/5121/2432 5134/5117/2428 5136/5119/2405
f 5137/5120/2406 5139/5122/2408 5135/5118/2404
f 5138/5121/2432 5136/5119/2405 5140/5123/2409
f 5137/5120/2406 5141/5124/2433 5139/5122/2408
f 5142/5125/2411 5138/5121/2432 5140/5123/2409
f 5141/5124/2433 5143/5126/2415 5139/5122/2408
f 5142/5125/2411 5140/5123/2409 5144/5127/2434
f 5145/5128/2414 5142/5125/2411 5144/5127/2434
f 5145/5128/2414 5144/5127/2434 5146/5129/809
f 5141/5124/2433 5147/5130/2435 5143/5126/2415
f 5147/5130/2435 5148/5131/2417 5143/5126/2415
f 5147/5130/2435 5149/5132/2430 5148/5131/2417
f 5149/5132/2430 5150/5133/804 5148/5131/2417
f 5149/5132/2430 5151/5134/805 5150/5133/804
f 5151/5134/805 5152/5135/2414 5150/5133/804
f 5151/5134/805 5153/5136/809 5152/5135/2414
f 5154/5137/780 5155/5138/2396 5156/5139/1258
f 5154/5137/780 5157/5140/2396 5155/5138/2396
f 5154/5137/780 5158/5141/778 5157/5140/2396
f 5156/5139/1258 5159/5142/778 5154/5137/780
f 5156/5139/1258 5160/5143/778 5159/5142/778
f 5161/5144/778 5156/5139/1258 5155/5138/2396
f 5162/5145/417 5161/5144/778 5155/5138/2396
f 5163/5146/780 5161/5144/778 5162/5145/417
f 5156/5139/1258 5164/5147/778 5160/5143/778
f 5165/5148/778 5160/5143/778 5164/5147/778
f 5166/5149/778 5165/5148/778 5164/5147/778
f 5167/5150/778 5166/5149/778 5164/5147/778
f 5168/5151/778 5166/5149/778 5167/5150/778
f 5169/5152/780 5168/5151/778 5167/5150/778
f 5170/5153/779 5168/5151/778 5169/5152/780
f 5170/5153/779 5171/5154/1507 5168/5151/778
f 5170/5153/779 5169/5152/780 5172/5155/780
f 5173/5156/1258 5170/5153/779 5172/5155/780
f 5172/5155/780 5174/5157/778 5173/5156/1258
f 5174/5157/778 5175/5158/778 5173/5156/1258
f 5176/5159/778 5173/5156/1258 5175/5158/778
f 5177/5160/778 5176/5159/778 5175/5158/778
f 5173/5156/1258 5178/5161/778 5170/5153/779
f 5179/5162/778 5170/5153/779 5178/5161/778
f 5178/5161/778 5180/5163/1258 5179/5162/778
f 5180/5163/1258 5181/5164/780 5179/5162/778
f 5181/5164/780 5182/5165/778 5179/5162/778
f 5180/5163/1258 5183/5166/780 5181/5164/780
f 5184/5167/778 5183/5166/780 5180/5163/1258
f 5185/5168/1258 5184/5167/778 5180/5163/1258
f 5186/5169/780 5184/5167/778 5185/5168/1258
f 5187/5170/778 5186/5169/780 5185/5168/1258
f 5187/5170/778 5188/5171/780 5186/5169/780
f 5185/5168/1258 5189/5172/778 5187/5170/778
f 5185/5168/1258 5190/5173/778 5189/5172/778
f 5191/5174/778 5192/5175/778 5193/5176/778
f 5191/5174/778 5194/5177/778 5192/5175/778
f 5195/5178/397 5196/5179/397 5197/5180/397
f 5195/5178/397 5198/5181/397 5196/5179/397
f 5199/5182/397 5200/5183/397 5201/5184/397
f 5201/5184/397 5202/5185/397 5199/5182/397
f 5203/5186/397 5201/5184/397 5200/5183/397
f 5200/5183/397 5204/5187/397 5203/5186/397
f 5201/5184/397 5205/5188/1192 5202/5185/397
f 5202/5185/397 5205/5188/1192 5206/5189/397
f 5207/5190/404 5203/5186/397 5204/5187/397
f 5208/5191/404 5206/5189/397 5205/5188/1192
f 5209/5192/1191 5207/5190/404 5204/5187/397
f 5204/5187/397 5210/5193/1508 5209/5192/1191
f 5211/5194/404 5207/5190/404 5209/5192/1191
f 5212/5195/2390 5208/5191/404 5205/5188/1192
f 5205/5188/1192 5213/5196/397 5212/5195/2390
f 5212/5195/2390 5214/5197/2390 5208/5191/404
f 5214/5197/2390 5215/5198/397 5208/5191/404
f 5213/5196/397 5216/5199/406 5212/5195/2390
f 5213/5196/397 5217/5200/404 5216/5199/406
f 5218/5201/1192 5211/5194/404 5209/5192/1191
f 5219/5202/397 5211/5194/404 5218/5201/1192
f 5220/5203/397 5219/5202/397 5218/5201/1192
f 5218/5201/1192 5221/5204/397 5220/5203/397
f 5221/5204/397 5222/5205/397 5220/5203/397
f 5223/5206/397 5218/5201/1192 5209/5192/1191
f 5223/5206/397 5209/5192/1191 5224/5207/397
f 5225/5208/1192 5223/5206/397 5224/5207/397
f 5226/5209/404 5225/5208/1192 5224/5207/397
f 5224/5207/397 5227/5210/397 5226/5209/404
f 5226/5209/404 5228/5211/404 5225/5208/1192
f 5228/5211/404 5229/5212/397 5225/5208/1192
f 5229/5212/397 5230/5213/1192 5225/5208/1192
f 5229/5212/397 5231/5214/404 5230/5213/1192
f 5231/5214/404 5232/5215/397 5230/5213/1192
f 5231/5214/404 5233/5216/404 5232/5215/397
f 5232/5215/397 5234/5217/397 5230/5213/1192
f 5234/5217/397 5235/5218/397 5230/5213/1192
f 2918/2915/1384 2922/2919/1388 5236/5219/2436
f 2919/2916/1385 5237/5220/2437 2922/2919/1388
f 5236/5219/2436 2922/2919/1388 5237/5220/2437
f 2919/2916/1385 2920/2917/1386 5238/5221/1385
f 2919/2916/1385 5238/5221/1385 5237/5220/2437
f 2920/2917/1386 2921/2918/1387 5239/5222/2438
f 5239/5222/2438 5238/5221/1385 2920/2917/1386
f 5239/5222/2438 2921/2918/1387 3520/3517/1789
f 5236/5219/2436 5237/5220/2437 5240/5223/2439
f 5240/5223/2439 5241/5224/549 5236/5219/2436
f 5240/5223/2439 5242/5225/553 5241/5224/549
f 5240/5223/2439 5243/5226/2440 5242/5225/553
f 5243/5226/2440 5240/5223/2439 5237/5220/2437
f 5243/5226/2440 5244/5227/555 5242/5225/553
f 5243/5226/2440 5245/5228/557 5244/5227/555
f 5246/5229/554 5244/5227/555 5245/5228/557
f 5243/5226/2440 5237/5220/2437 5247/5230/2441
f 5238/5221/1385 5247/5230/2441 5237/5220/2437
f 5245/5228/557 5243/5226/2440 5247/5230/2441
f 5248/5231/2442 5246/5229/554 5245/5228/557
f 5238/5221/1385 5249/5232/2443 5247/5230/2441
f 5239/5222/2438 5249/5232/2443 5238/5221/1385
f 5245/5228/557 5247/5230/2441 5250/5233/2444
f 5249/5232/2443 5250/5233/2444 5247/5230/2441
f 5251/5234/2445 5248/5231/2442 5245/5228/557
f 5250/5233/2444 5251/5234/2445 5245/5228/557
f 5249/5232/2443 5252/5235/2446 5250/5233/2444
f 3513/3510/1778 5249/5232/2443 5239/5222/2438
f 3513/3510/1778 5252/5235/2446 5249/5232/2443
f 5239/5222/2438 3520/3517/1789 3513/3510/1778
f 5252/5235/2446 3492/3489/1766 5250/5233/2444
f 3513/3510/1778 3492/3489/1766 5252/5235/2446
f 5253/5236/2447 5251/5234/2445 5250/5233/2444
f 3492/3489/1766 5253/5236/2447 5250/5233/2444
f 5251/5234/2445 5253/5236/2447 5254/5237/1765
f 5254/5237/1765 5253/5236/2447 3492/3489/1766
f 5251/5234/2445 5254/5237/1765 5255/5238/2448
f 3491/3488/1765 5254/5237/1765 3492/3489/1766
f 5254/5237/1765 3491/3488/1765 5256/5239/2448
f 5254/5237/1765 5256/5239/2448 5255/5238/2448
f 5257/5240/2449 5255/5238/2448 5256/5239/2448
f 5258/5241/2450 5251/5234/2445 5255/5238/2448
f 5251/5234/2445 5258/5241/2450 5248/5231/2442
f 5258/5241/2450 5255/5238/2448 5259/5242/2451
f 5257/5240/2449 5260/5243/2449 5255/5238/2448
f 5259/5242/2451 5255/5238/2448 5260/5243/2449
f 5261/5244/248 5258/5241/2450 5259/5242/2451
f 5260/5243/2449 5261/5244/248 5259/5242/2451
f 5258/5241/2450 5262/5245/2450 5248/5231/2442
f 5261/5244/248 5262/5245/2450 5258/5241/2450
f 5263/5246/557 5248/5231/2442 5262/5245/2450
f 5264/5247/2450 5263/5246/557 5262/5245/2450
f 5264/5247/2450 5265/5248/2442 5263/5246/557
f 5266/5249/2452 5264/5247/2450 5262/5245/2450
f 5266/5249/2452 5262/5245/2450 5261/5244/248
f 5267/5250/1427 5266/5249/2452 5261/5244/248
f 5260/5243/2449 5268/5251/1427 5261/5244/248
f 5267/5250/1427 5261/5244/248 5268/5251/1427
f 5267/5250/1427 5268/5251/1427 5269/5252/1343
f 5269/5252/1343 5270/5253/232 5267/5250/1427
f 5271/5254/1427 5268/5251/1427 5260/5243/2449
f 5268/5251/1427 5271/5254/1427 5269/5252/1343
f 5260/5243/2449 5257/5240/2449 5271/5254/1427
f 5271/5254/1427 5272/5255/1343 5269/5252/1343
f 5257/5240/2449 5273/5256/2453 5271/5254/1427
f 5271/5254/1427 5274/5257/1343 5272/5255/1343
f 5271/5254/1427 5273/5256/2453 5274/5257/1343
f 5275/5258/2024 5276/5259/2023 5277/5260/2454
f 5278/5261/2270 5275/5258/2024 5277/5260/2454
f 5278/5261/2270 5279/5262/2024 5275/5258/2024
f 5280/5263/2455 5279/5262/2024 5278/5261/2270
f 5281/5264/2023 5280/5263/2455 5278/5261/2270
f 5281/5264/2023 5282/5265/2455 5280/5263/2455
f 5283/5266/2456 5280/5263/2455 5282/5265/2455
f 5283/5266/2456 5284/5267/2456 5280/5263/2455
f 5284/5267/2456 5283/5266/2456 5285/5268/2034
f 5285/5268/2034 5286/5269/2273 5284/5267/2456
f 5287/5270/2273 5284/5267/2456 5286/5269/2273
f 5286/5269/2273 5288/5271/2273 5287/5270/2273
f 5288/5271/2273 5289/5272/2032 5287/5270/2273
f 5288/5271/2273 5290/5273/2457 5289/5272/2032
f 5289/5272/2032 5290/5273/2457 5291/5274/2273
f 5290/5273/2457 5292/5275/2458 5291/5274/2273
f 5291/5274/2273 5292/5275/2458 5293/5276/2273
f 5294/5277/2459 5292/5275/2458 5290/5273/2457
f 5292/5275/2458 5295/5278/2273 5293/5276/2273
f 5294/5277/2459 5296/5279/2460 5292/5275/2458
f 5293/5276/2273 5295/5278/2273 5297/5280/2032
f 5296/5279/2460 5294/5277/2459 5298/5281/184
f 5296/5279/2460 5298/5281/184 5299/5282/184
f 5300/5283/2461 5296/5279/2460 5299/5282/184
f 5299/5282/184 5301/5284/638 5300/5283/2461
f 5301/5284/638 5302/5285/2462 5300/5283/2461
f 5295/5278/2273 5303/5286/2273 5297/5280/2032
f 5302/5285/2462 4126/4119/2153 5300/5283/2461
f 5302/5285/2462 4128/4121/2154 4126/4119/2153
f 5303/5286/2273 5304/5287/2032 5297/5280/2032
f 5303/5286/2273 5305/5288/2463 5304/5287/2032
f 5305/5288/2463 5306/5289/2278 5304/5287/2032
f 5304/5287/2032 5307/5290/2464 5297/5280/2032
f 5304/5287/2032 5308/5291/2273 5307/5290/2464
f 5308/5291/2273 5309/5292/2464 5307/5290/2464
f 5309/5292/2464 5310/5293/2465 5307/5290/2464
f 5309/5292/2464 5311/5294/2466 5310/5293/2465
f 5312/5295/2467 5310/5293/2465 5311/5294/2466
f 5311/5294/2466 5313/5296/2454 5312/5295/2467
f 5314/5297/2023 5312/5295/2467 5313/5296/2454
f 5276/5259/2023 5314/5297/2023 5313/5296/2454
f 5313/5296/2454 5277/5260/2454 5276/5259/2023
f 5277/5260/2454 5313/5296/2454 5315/5298/2468
f 5277/5260/2454 5315/5298/2468 5316/5299/2469
f 5317/5300/1965 5316/5299/2469 5315/5298/2468
f 5317/5300/1965 5315/5298/2468 5318/5301/92
f 5319/5302/92 5317/5300/1965 5318/5301/92
f 5319/5302/92 5318/5301/92 5320/5303/2171
f 5321/5304/92 5319/5302/92 5320/5303/2171
f 5318/5301/92 5322/5305/92 5320/5303/2171
f 5320/5303/2171 5323/5306/92 5321/5304/92
f 5323/5306/92 5324/5307/92 5321/5304/92
f 5322/5305/92 5325/5308/92 5320/5303/2171
f 5322/5305/92 5326/5309/92 5325/5308/92
f 5322/5305/92 5327/5310/2142 5326/5309/92
f 5328/5311/2470 5329/5312/2471 5330/5313/2472
f 5331/5314/2471 5329/5312/2471 5328/5311/2470
f 5329/5312/2471 5332/5315/2473 5330/5313/2472
f 5333/5316/778 5328/5311/2470 5334/5317/780
f 5328/5311/2470 5330/5313/2472 5334/5317/780
f 5330/5313/2472 5335/5318/780 5334/5317/780
f 5336/5319/778 5335/5318/780 5330/5313/2472
f 5337/5320/778 5336/5319/778 5330/5313/2472
f 5330/5313/2472 5338/5321/417 5337/5320/778
f 5338/5321/417 5339/5322/417 5337/5320/778
f 5340/5323/2474 5341/5324/2475 5342/5325/2476
f 5340/5323/2474 5343/5326/2477 5341/5324/2475
f 5342/5325/2476 5344/5327/2478 5340/5323/2474
f 5341/5324/2475 5345/5328/397 5346/5329/397
f 5342/5325/2476 5341/5324/2475 5346/5329/397
f 5342/5325/2476 5346/5329/397 5347/5330/404
f 5342/5325/2476 5347/5330/404 5348/5331/397
f 5348/5331/397 5349/5332/397 5342/5325/2476
f 5350/5333/406 5342/5325/2476 5349/5332/397
f 5351/5334/406 5350/5333/406 5349/5332/397
f 5352/5335/2479 5353/5336/2480 5354/5337/2480
f 5352/5335/2479 5355/5338/2479 5353/5336/2480
f 5355/5338/2479 5352/5335/2479 5356/5339/778
f 5357/5340/778 5355/5338/2479 5356/5339/778
f 5356/5339/778 5358/5341/778 5357/5340/778
f 5358/5341/778 5359/5342/778 5357/5340/778
f 5360/5343/397 5361/5344/2481 5362/5345/397
f 5363/5346/397 5360/5343/397 5362/5345/397
f 5364/5347/397 5363/5346/397 5362/5345/397
f 5360/5343/397 5365/5348/2482 5361/5344/2481
f 5365/5348/2482 5366/5349/2483 5361/5344/2481
f 5365/5348/2482 5367/5350/2483 5366/5349/2483
f 5368/5351/2484 5369/5352/2485 5370/5353/2486
f 5369/5352/2485 5371/5354/2487 5370/5353/2486
f 5368/5351/2484 5372/5355/2488 5369/5352/2485
f 5373/5356/2489 5374/5357/2490 5375/5358/2491
f 5375/5358/2491 5376/5359/2489 5373/5356/2489
f 5376/5359/2489 5377/5360/2489 5373/5356/2489
f 5378/5361/2492 5379/5362/2483 5380/5363/2483
f 5378/5361/2492 5381/5364/2492 5379/5362/2483
f 5382/5365/397 5381/5364/2492 5378/5361/2492
f 5382/5365/397 5378/5361/2492 5383/5366/397
f 5384/5367/2493 5385/5368/778 5386/5369/778
f 5384/5367/2493 5387/5370/2493 5385/5368/778
f 5388/5371/2494 5387/5370/2493 5384/5367/2493
f 5388/5371/2494 5384/5367/2493 5389/5372/2480
f 5390/5373/2495 5391/5374/778 5392/5375/778
f 5390/5373/2495 5393/5376/2495 5391/5374/778
f 5394/5377/2473 5393/5376/2495 5390/5373/2495
f 5394/5377/2473 5390/5373/2495 5395/5378/2480
f 5396/5379/2496 5397/5380/2497 5398/5381/2483
f 5396/5379/2496 5399/5382/2496 5397/5380/2497
f 5400/5383/397 5399/5382/2496 5396/5379/2496
f 5400/5383/397 5396/5379/2496 5401/5384/397
f 5402/5385/780 5403/5386/778 5404/5387/778
f 5405/5388/778 5404/5387/778 5403/5386/778
f 5406/5389/778 5405/5388/778 5403/5386/778
f 5404/5387/778 5407/5390/778 5402/5385/780
f 5407/5390/778 5408/5391/780 5402/5385/780
f 5407/5390/778 5409/5392/778 5408/5391/780
f 5409/5392/778 5410/5393/780 5408/5391/780
f 5410/5393/780 5411/5394/778 5408/5391/780
f 5412/5395/397 5413/5396/404 5414/5397/397
f 5412/5395/397 5415/5398/404 5413/5396/404
f 5416/5399/397 5412/5395/397 5414/5397/397
f 5417/5400/404 5416/5399/397 5414/5397/397
f 5414/5397/397 5418/5401/397 5417/5400/404
f 5413/5396/404 5415/5398/404 5419/5402/397
f 5415/5398/404 5420/5403/397 5419/5402/397
f 5420/5403/397 5421/5404/397 5419/5402/397
f 5422/5405/2498 5423/5406/2499 5424/5407/2500
f 5422/5405/2498 5425/5408/2501 5423/5406/2499
f 5426/5409/2502 5423/5406/2499 5425/5408/2501
f 5426/5409/2502 5427/5410/2503 5423/5406/2499
f 5424/5407/2500 5423/5406/2499 5427/5410/2503
f 5428/5411/2504 5427/5410/2503 5426/5409/2502
f 5424/5407/2500 5429/5412/2505 5422/5405/2498
f 5429/5412/2505 5424/5407/2500 5427/5410/2503
f 5422/5405/2498 5429/5412/2505 5430/5413/2506
f 5428/5411/2504 5431/5414/2507 5427/5410/2503
f 5432/546/2508 5429/5412/2505 5427/5410/2503
f 5431/5414/2507 5432/546/2508 5427/5410/2503
f 5428/5411/2504 5433/5415/2509 5431/5414/2507
f 5428/5411/2504 5434/5416/2510 5433/5415/2509
f 5435/5417/2511 5432/546/2508 5431/5414/2507
f 5431/5414/2507 5433/5415/2509 5435/5417/2511
f 5436/5418/2512 5433/5415/2509 5434/5416/2510
f 5436/5418/2512 5435/5417/2511 5433/5415/2509
f 5432/546/2508 5435/5417/2511 5436/5418/2512
f 5432/546/2508 5436/5418/2512 5437/544/281
f 5438/545/282 5429/5412/2505 5432/546/2508
f 5438/545/282 5437/544/2513 5439/549/286
f 5438/545/282 5440/5419/2514 5429/5412/2505
f 5439/549/286 5441/548/285 5438/545/282
f 5440/5419/2514 5438/545/282 5442/5420/2515
f 5441/548/285 5442/5420/2515 5438/545/282
f 5430/5413/2506 5440/5419/2514 5442/5420/2515
f 5442/5420/2515 5443/5421/2516 5430/5413/2506
f 5444/5422/2517 5442/5420/2515 5441/548/285
f 5444/5422/2517 5445/5423/2518 5443/5421/2519
f 5444/5422/2517 5441/548/285 5446/547/2520
f 5447/5424/2521 5446/547/2520 5439/549/286
f 5444/5422/2517 5448/5425/2522 5445/5423/2518
f 5449/5426/2523 5446/547/2520 5447/5424/2521
f 5448/5425/2522 5444/5422/2517 5450/5427/2524
f 5444/5422/2517 5446/547/2520 5450/5427/2524
f 5445/5423/2518 5448/5425/2522 5451/5428/2525
f 5450/5427/2524 5451/5428/2525 5448/5425/2522
f 5445/5423/2518 5451/5428/2525 5452/5429/2526
f 5453/5430/2527 5452/5429/2526 5451/5428/2525
f 5453/5430/2527 5451/5428/2525 5450/5427/2524
f 5454/5431/2528 5450/5427/2524 5446/547/2520
f 5454/5431/2528 5453/5430/2527 5450/5427/2524
f 5446/547/2520 5449/5426/2523 5454/5431/2528
f 5454/5431/2528 5455/5432/2529 5453/5430/2527
f 5449/5426/2523 5456/5433/2530 5454/5431/2528
f 5455/5432/2529 5454/5431/2528 5456/5433/2530
f 5447/5424/2521 5456/5433/2530 5449/5426/2523
f 5455/5432/2529 5456/5433/2530 5457/5434/2531
f 5447/5424/2521 5457/5434/2531 5456/5433/2530
f 5458/5435/778 5459/5436/778 5460/5437/778
f 5460/5437/778 5461/5438/780 5458/5435/778
f 5462/5439/778 5460/5437/778 5459/5436/778
f 5463/5440/1921 5462/5439/778 5459/5436/778
f 5460/5437/778 5464/5441/778 5461/5438/780
f 5464/5441/778 5465/5442/1507 5461/5438/780
f 5466/5443/397 5467/5444/397 5468/5445/397
f 5469/5446/397 5468/5445/397 5467/5444/397
f 5468/5445/397 5470/5447/397 5466/5443/397
f 5470/5447/397 5471/5448/2210 5466/5443/397
f 5472/5449/397 5468/5445/397 5469/5446/397
f 5469/5446/397 5473/5450/1508 5472/5449/397
f 5474/5451/397 5475/5452/1192 5476/5453/397
f 5477/5454/397 5475/5452/1192 5474/5451/397
f 5477/5454/397 5478/5455/397 5475/5452/1192
f 5475/5452/1192 5479/5456/397 5476/5453/397
f 5475/5452/1192 5480/5457/404 5479/5456/397
f 5479/5456/397 5481/5458/404 5476/5453/397
f 5479/5456/397 5482/5459/404 5481/5458/404
f 5483/5460/781 5484/5461/778 5485/5462/778
f 5483/5460/781 5486/5463/778 5484/5461/778
f 5483/5460/781 5487/5464/778 5486/5463/778
f 5488/5465/780 5483/5460/781 5485/5462/778
f 5488/5465/780 5489/5466/780 5483/5460/781
f 5490/5467/780 5488/5465/780 5485/5462/778
f 5490/5467/780 5491/5468/780 5488/5465/780
f 5492/5469/2532 5493/5470/2533 5494/5471/2533
f 5494/5471/2533 5495/5472/2534 5492/5469/2532
f 5496/5473/2535 5494/5471/2533 5493/5470/2533
f 5496/5473/2535 5493/5470/2533 5497/5474/2536
f 5492/5469/2532 5498/5475/2532 5493/5470/2533
f 5492/5469/2532 5499/5476/2537 5498/5475/2532
f 5500/5477/2538 5501/5478/2539 5502/5479/2539
f 5502/5479/2539 5501/5478/2539 5503/5480/2540
f 5504/5481/2538 5500/5477/2538 5502/5479/2539
f 5502/5479/2539 5505/5482/2541 5504/5481/2538
f 5500/5477/2538 5504/5481/2538 5506/5483/2542
f 5500/5477/2538 5506/5483/2542 5507/5484/2543
f 5508/5485/219 5509/5486/219 5510/5487/219
f 5508/5485/219 5510/5487/219 5511/5488/217
f 5508/5485/219 5512/5489/217 5509/5486/219
f 5513/5490/217 5508/5485/219 5511/5488/217
f 5514/5491/217 5509/5486/219 5512/5489/217
f 5511/5488/217 5515/5492/217 5513/5490/217
f 5514/5491/217 5512/5489/217 5516/5493/217
f 5517/5494/217 5513/5490/217 5515/5492/217
f 5514/5491/217 5516/5493/217 5518/5495/217
f 5517/5494/217 5515/5492/217 5519/5496/217
f 5520/5497/217 5514/5491/217 5518/5495/217
f 5515/5492/217 5521/5498/217 5519/5496/217
f 5520/5497/217 5518/5495/217 5522/5499/217
f 5522/5499/217 5519/5496/217 5521/5498/217
f 5523/5500/217 5520/5497/217 5522/5499/217
f 5521/5498/217 5523/5500/217 5522/5499/217
f 5524/5501/397 5525/5502/397 5526/5503/397
f 5527/5504/404 5524/5501/397 5526/5503/397
f 5526/5503/397 5528/5505/404 5527/5504/404
f 5529/5506/778 5530/5507/778 5531/5508/778
f 5532/5509/778 5529/5506/778 5531/5508/778
f 5531/5508/778 5533/5510/778 5532/5509/778
f 5534/5511/2544 5535/5512/2545 5536/5513/2546
f 5534/5511/2544 5537/5514/2545 5535/5512/2545
f 5538/5515/2547 5534/5511/2544 5536/5513/2546
f 5538/5515/2547 5536/5513/2546 5539/5516/2548
f 5538/5515/2547 5539/5516/2548 5540/5517/2549
f 5538/5515/2547 5540/5517/2549 5541/5518/2550
f 5541/5518/2550 5540/5517/2549 5542/5519/2551
f 5541/5518/2550 5542/5519/2551 5543/5520/2551
f 5543/5520/2551 5542/5519/2551 5544/5521/2552
f 5543/5520/2551 5544/5521/2552 5545/5522/2552
f 5545/5522/2552 5544/5521/2552 5546/5523/2553
f 5546/5523/2553 5547/5524/2553 5545/5522/2552
f 5548/5525/2554 5545/5522/2552 5547/5524/2553
f 5546/5523/2553 5549/5526/2555 5547/5524/2553
f 5546/5523/2553 5550/5527/2555 5549/5526/2555
f 5551/5528/2556 5549/5526/2555 5550/5527/2555
f 5551/5528/2556 5550/5527/2555 5552/5529/2557
f 5552/5529/2557 5553/5530/118 5551/5528/2556
f 5552/5529/2557 5554/5531/119 5553/5530/118
f 5555/5532/2558 5556/5533/2559 5557/5534/2560
f 5556/5533/2559 5555/5532/2558 5558/5535/2561
f 5559/5536/2562 5555/5532/2558 5557/5534/2560
f 5560/5537/2563 5556/5533/2559 5558/5535/2561
f 5559/5536/2562 5557/5534/2560 5561/5538/2564
f 5561/5538/2564 5562/5539/2564 5559/5536/2562
f 5557/5534/2560 5563/5540/2564 5561/5538/2564
f 5563/5540/2564 5564/5541/2564 5561/5538/2564
f 5560/5537/2563 5558/5535/2561 5565/5542/2565
f 5565/5542/2565 5558/5535/2561 5566/5543/2566
f 5567/5544/2567 5560/5537/2563 5565/5542/2565
f 5566/5543/2566 5567/5544/2567 5565/5542/2565
f 5568/5545/2568 5569/5546/2569 5570/5547/2570
f 5570/5547/2570 5569/5546/2569 5571/5548/2571
f 5571/5548/2571 5572/5549/2572 5570/5547/2570
f 5568/5545/2568 5573/5550/2573 5569/5546/2569
f 5574/5551/2574 5569/5546/2569 5573/5550/2573
f 5568/5545/2568 5575/5552/2575 5573/5550/2573
f 5575/5552/2575 5574/5551/2574 5573/5550/2573
f 5572/5549/2572 5571/5548/2571 5576/5553/2576
f 5577/5554/2577 5572/5549/2572 5576/5553/2576
f 5576/5553/2576 5578/5555/2577 5577/5554/2577
f 5579/5556/2577 5572/5549/2572 5577/5554/2577
f 5577/5554/2577 5580/5557/2577 5579/5556/2577
f 5581/5558/801 5582/5559/184 5583/5560/801
f 5582/5559/184 5584/5561/184 5583/5560/801
f 5584/5561/184 5585/5562/184 5583/5560/801
f 5581/5558/801 5586/5563/184 5582/5559/184
f 5581/5558/801 5587/5564/184 5586/5563/184
f 5583/5560/801 5588/5565/801 5581/5558/801
f 5583/5560/801 5589/5566/184 5588/5565/801
f 5589/5566/184 5590/5567/184 5588/5565/801
f 5588/5565/801 5591/5568/184 5581/5558/801
f 5588/5565/801 5592/5569/184 5591/5568/184
f 5592/5569/184 5593/5570/184 5591/5568/184
f 5594/5571/184 5591/5568/184 5593/5570/184
f 5595/5572/184 5594/5571/184 5593/5570/184
f 5595/5572/184 5596/5573/802 5594/5571/184
f 5597/5574/2578 5598/5575/2579 5599/5576/2580
f 5600/5577/2581 5597/5574/2578 5599/5576/2580
f 5601/5578/2581 5600/5577/2581 5599/5576/2580
f 5599/5576/2580 5602/5579/2580 5601/5578/2581
f 5601/5578/2581 5603/5580/108 5600/5577/2581
f 5601/5578/2581 5604/5581/110 5603/5580/108
f 5604/5581/110 5605/5582/2362 5603/5580/108
f 5604/5581/110 5606/5583/2361 5605/5582/2362
f 5606/5583/2361 5607/5584/2582 5605/5582/2362
f 5606/5583/2361 5608/5585/2359 5607/5584/2582
f 5608/5585/2359 5609/5586/2357 5607/5584/2582
f 5608/5585/2359 5610/5587/2583 5609/5586/2357
f 5610/5587/2583 5611/5588/2584 5609/5586/2357
f 5610/5587/2583 5612/5589/2584 5611/5588/2584
f 5613/5590/2585 5611/5588/2584 5612/5589/2584
f 5612/5589/2584 5614/5591/2586 5613/5590/2585
f 5614/5591/2586 5615/5592/2586 5613/5590/2585
f 5614/5591/2586 5616/5593/2353 5615/5592/2586
f 5614/5591/2586 5617/5594/2352 5616/5593/2353
f 5617/5594/2352 5618/5595/2351 5616/5593/2353
f 5617/5594/2352 5619/5596/2351 5618/5595/2351
f 5619/5596/2351 5620/5597/2587 5618/5595/2351
f 5619/5596/2351 5621/5598/2349 5620/5597/2587
f 5621/5598/2349 5622/5599/2346 5620/5597/2587
f 5621/5598/2349 5623/5600/115 5622/5599/2346
f 5623/5600/115 5624/5601/2588 5622/5599/2346
f 5623/5600/115 5625/5602/2588 5624/5601/2588
f 5624/5601/2588 5625/5602/2588 5626/5603/2589
f 5625/5602/2588 5627/5604/2589 5626/5603/2589
f 5628/5605/2579 5624/5601/2588 5626/5603/2589
f 5626/5603/2589 5629/5606/2579 5628/5605/2579
f 5630/5607/219 5631/5608/219 5632/5609/219
f 5630/5607/219 5633/5610/219 5631/5608/219
f 5634/5611/217 5630/5607/219 5632/5609/219
f 5635/5612/219 5631/5608/219 5633/5610/219
f 5634/5611/217 5632/5609/219 5636/5613/217
f 5635/5612/219 5633/5610/219 5637/5614/219
f 5638/5615/219 5634/5611/217 5636/5613/217
f 5635/5612/219 5637/5614/219 5639/5616/219
f 5638/5615/219 5636/5613/217 5640/5617/219
f 5635/5612/219 5639/5616/219 5641/5618/219
f 5642/5619/219 5638/5615/219 5640/5617/219
f 5643/5620/217 5641/5618/219 5639/5616/219
f 5642/5619/219 5640/5617/219 5644/5621/219
f 5643/5620/217 5645/5622/217 5641/5618/219
f 5642/5619/219 5644/5621/219 5646/5623/217
f 5645/5622/217 5643/5620/217 5647/5624/219
f 5642/5619/219 5646/5623/217 5648/5625/217
f 5649/5626/217 5648/5625/217 5646/5623/217
f 5649/5626/217 5646/5623/217 5650/5627/217
f 5645/5622/217 5647/5624/219 5651/5628/219
f 5652/5629/219 5651/5628/219 5647/5624/219
f 5652/5629/219 5653/5630/219 5651/5628/219
f 5652/5629/219 5654/5631/217 5653/5630/219
f 5652/5629/219 5655/5632/217 5654/5631/217
f 5654/5631/217 5655/5632/217 5656/5633/217
f 5654/5631/217 5656/5633/217 5657/5634/217
f 5658/5635/2590 5659/5636/778 5660/5637/778
f 5661/5638/778 5662/5639/778 5659/5636/778
f 5663/5640/778 5661/5638/778 5659/5636/778
f 5658/5635/2590 5663/5640/778 5659/5636/778
f 5664/5641/778 5663/5640/778 5658/5635/2590
f 5658/5635/2590 5665/5642/778 5664/5641/778
f 5666/5643/778 5664/5641/778 5665/5642/778
f 5667/5644/2591 5658/5635/2590 5660/5637/778
f 5668/5645/2050 5658/5635/2590 5667/5644/2591
f 5668/5645/2050 5667/5644/2591 5669/5646/2050
f 5670/5647/778 5667/5644/2591 5660/5637/778
f 5660/5637/778 5671/5648/778 5670/5647/778
f 5671/5648/778 5672/5649/778 5670/5647/778
f 5673/5650/778 5667/5644/2591 5670/5647/778
f 5674/5651/778 5667/5644/2591 5673/5650/778
f 5675/5652/1507 5667/5644/2591 5674/5651/778
f 5673/5650/778 5676/5653/778 5674/5651/778
f 5676/5653/778 5677/5654/778 5674/5651/778
f 5678/5655/2592 5679/5656/2024 5680/5657/2024
f 5678/5655/2592 5681/5658/2593 5679/5656/2024
f 5678/5655/2592 5682/5659/1508 5683/5660/397
f 5683/5660/397 5684/5661/397 5685/5662/397
f 5683/5660/397 5685/5662/397 5686/5663/397
f 5678/5655/2592 5683/5660/397 5686/5663/397
f 5678/5655/2592 5686/5663/397 5687/5664/397
f 5687/5664/397 5688/5665/1192 5678/5655/2592
f 5681/5658/2593 5678/5655/2592 5688/5665/1192
f 5687/5664/397 5689/5666/397 5688/5665/1192
f 5689/5666/397 5690/5667/397 5688/5665/1192
f 5688/5665/1192 5691/5668/397 5681/5658/2593
f 5692/5669/397 5693/5670/397 5691/5668/397
f 5693/5670/397 5694/5671/397 5691/5668/397
f 5691/5668/397 5694/5671/397 5681/5658/2593
f 5694/5671/397 5695/5672/397 5681/5658/2593
f 5681/5658/2593 5695/5672/397 5696/5673/397
f 5695/5672/397 5697/5674/397 5696/5673/397
f 5698/5675/2594 5699/5676/2595 5700/5677/2596
f 5700/5677/2596 5699/5676/2595 5701/5678/2597
f 5698/5675/2594 5702/5679/2598 5699/5676/2595
f 5700/5677/2596 5701/5678/2597 5703/5680/2599
f 5704/5681/2600 5702/5679/2598 5698/5675/2594
f 5703/5680/2599 5701/5678/2597 5705/5682/2601
f 5704/5681/2600 5698/5675/2594 5706/5683/2602
f 5703/5680/2599 5705/5682/2601 5707/5684/2603
f 5707/5684/2603 5705/5682/2601 5708/5685/2604
f 5707/5684/2603 5708/5685/2604 5709/5686/2604
f 5710/5687/2605 5704/5681/2600 5706/5683/2602
f 5710/5687/2605 5711/5688/2606 5704/5681/2600
f 5712/5689/2607 5711/5688/2606 5710/5687/2605
f 5712/5689/2607 5710/5687/2605 5713/5690/2608
f 5714/5691/2609 5715/5692/2610 5716/5693/2610
f 5716/5693/2610 5715/5692/2610 5717/5694/2611
f 5714/5691/2609 5718/5695/2612 5715/5692/2610
f 5716/5693/2610 5717/5694/2611 5719/5696/2613
f 5720/5697/2614 5718/5695/2612 5714/5691/2609
f 5719/5696/2613 5717/5694/2611 5721/5698/2615
f 5720/5697/2614 5722/5699/2614 5718/5695/2612
f 5719/5696/2613 5721/5698/2615 5723/5700/2615
f 5724/5701/368 5722/5699/2614 5720/5697/2614
f 5723/5700/2615 5721/5698/2615 5725/5702/2616
f 5724/5701/368 5726/5703/184 5722/5699/2614
f 5723/5700/2615 5725/5702/2616 5727/5704/2617
f 5728/5705/2618 5726/5703/184 5724/5701/368
f 5727/5704/2617 5725/5702/2616 5729/5706/2619
f 5728/5705/2618 5730/5707/2618 5726/5703/184
f 5727/5704/2617 5729/5706/2619 5731/5708/2619
f 5732/5709/2620 5730/5707/2618 5728/5705/2618
f 5731/5708/2619 5729/5706/2619 5733/5710/2621
f 5732/5709/2620 5734/5711/2620 5730/5707/2618
f 5731/5708/2619 5733/5710/2621 5735/5712/2622
f 5736/5713/2623 5734/5711/2620 5732/5709/2620
f 5735/5712/2622 5733/5710/2621 5737/5714/2624
f 5736/5713/2623 5738/5715/2623 5734/5711/2620
f 5735/5712/2622 5737/5714/2624 5739/5716/2625
f 5739/5716/2625 5737/5714/2624 5740/5717/2626
f 5739/5716/2625 5740/5717/2626 5741/5718/2626
f 5742/5719/2627 5738/5715/2623 5736/5713/2623
f 5742/5719/2627 5743/5720/2627 5738/5715/2623
f 5744/5721/2628 5743/5720/2627 5742/5719/2627
f 5744/5721/2628 5745/5722/2629 5743/5720/2627
f 5746/5723/2630 5745/5722/2629 5744/5721/2628
f 5746/5723/2630 5747/5724/2630 5745/5722/2629
f 5748/5725/2631 5747/5724/2630 5746/5723/2630
f 5748/5725/2631 5749/5726/2632 5747/5724/2630
f 5750/5727/2633 5749/5726/2632 5748/5725/2631
f 5750/5727/2633 5751/5728/2634 5749/5726/2632
f 5752/5729/2635 5751/5728/2634 5750/5727/2633
f 5752/5729/2635 5753/5730/2635 5751/5728/2634
f 5754/5731/2636 5755/5732/2637 5756/5733/2636
f 5754/5731/2636 5757/5734/2638 5755/5732/2637
f 5758/5735/2639 5754/5731/2636 5756/5733/2636
f 5755/5732/2637 5757/5734/2638 5759/5736/2640
f 5758/5735/2639 5756/5733/2636 5760/5737/2641
f 5758/5735/2639 5760/5737/2641 5761/5738/2642
f 5758/5735/2639 5761/5738/2642 5762/5739/2643
f 5755/5732/2637 5759/5736/2640 5763/5740/2644
f 5764/5741/2645 5763/5740/2644 5759/5736/2640
f 5764/5741/2645 5759/5736/2640 5765/5742/2646
f 5766/5743/2647 5764/5741/2645 5765/5742/2646
f 5766/5743/2647 5765/5742/2646 5767/5744/2648
f 5766/5743/2647 5767/5744/2648 5768/5745/93
f 5766/5743/2647 5768/5745/93 5769/5746/93
f 5770/5747/2649 5771/5748/2650 5772/5749/2651
f 5770/5747/2649 5773/5750/2652 5771/5748/2650
f 5771/5748/2650 5773/5750/2652 5774/5751/2653
f 5771/5748/2650 5774/5751/2653 5775/5752/2654
f 5774/5751/2653 5776/5753/2655 5775/5752/2654
f 5774/5751/2653 5777/5754/2656 5776/5753/2655
f 5778/5755/2657 5776/5753/2655 5777/5754/2656
f 5778/5755/2657 5779/5756/2658 5776/5753/2655
f 5778/5755/2657 5780/5757/2659 5779/5756/2658
f 5778/5755/2657 5781/5758/2660 5780/5757/2659
f 5782/5759/2546 5780/5757/2659 5781/5758/2660
f 5782/5759/2546 5783/5760/2661 5780/5757/2659
f 5782/5759/2546 5784/5761/2662 5783/5760/2661
f 5782/5759/2546 5785/5762/2663 5784/5761/2662
f 5786/5763/2664 5784/5761/2662 5785/5762/2663
f 5786/5763/2664 5785/5762/2663 5787/5764/2665
f 5787/5764/2665 5788/5765/2666 5786/5763/2664
f 5787/5764/2665 5789/5766/2667 5788/5765/2666
f 5788/5765/2666 5789/5766/2667 5790/5767/2668
f 5788/5765/2666 5790/5767/2668 5791/5768/2669
f 5790/5767/2668 5792/5769/2670 5791/5768/2669
f 5790/5767/2668 5793/5770/2671 5792/5769/2670
f 5792/5769/2670 5793/5770/2671 5794/5771/2672
f 5792/5769/2670 5794/5771/2672 5795/5772/2673
f 5794/5771/2672 5796/5773/2674 5795/5772/2673
f 5794/5771/2672 5797/5774/2675 5796/5773/2674
f 5798/5775/2676 5796/5773/2674 5797/5774/2675
f 5798/5775/2676 5799/5776/2677 5796/5773/2674
f 5798/5775/2676 5800/5777/2678 5799/5776/2677
f 5798/5775/2676 5801/5778/2679 5800/5777/2678
f 5801/5778/2679 5802/5779/2680 5800/5777/2678
f 5801/5778/2679 5803/5780/2680 5802/5779/2680
f 5804/5781/2649 5805/5782/2650 5806/5783/2651
f 5804/5781/2649 5807/5784/2652 5805/5782/2650
f 5805/5782/2650 5807/5784/2652 5808/5785/2681
f 5805/5782/2650 5808/5785/2681 5809/5786/2654
f 5808/5785/2681 5810/5787/2682 5809/5786/2654
f 5808/5785/2681 5811/5788/2656 5810/5787/2682
f 5812/5789/2657 5810/5787/2682 5811/5788/2656
f 5812/5789/2657 5813/5790/2658 5810/5787/2682
f 5812/5789/2657 5814/5791/2683 5813/5790/2658
f 5812/5789/2657 5815/5792/2660 5814/5791/2683
f 5816/5793/2546 5814/5791/2683 5815/5792/2660
f 5816/5793/2546 5817/5794/2661 5814/5791/2683
f 5816/5793/2546 5818/5795/2662 5817/5794/2661
f 5816/5793/2546 5819/5796/2663 5818/5795/2662
f 5820/5797/2664 5818/5795/2662 5819/5796/2663
f 5820/5797/2664 5819/5796/2663 5821/5798/2665
f 5821/5798/2665 5822/5799/2551 5820/5797/2664
f 5821/5798/2665 5823/5800/2667 5822/5799/2551
f 5822/5799/2551 5823/5800/2667 5824/5801/2668
f 5822/5799/2551 5824/5801/2668 5825/5802/2669
f 5824/5801/2668 5826/5803/2670 5825/5802/2669
f 5824/5801/2668 5827/5804/2671 5826/5803/2670
f 5826/5803/2670 5827/5804/2671 5828/5805/2672
f 5826/5803/2670 5828/5805/2672 5829/5806/2673
f 5828/5805/2672 5830/5807/2684 5829/5806/2673
f 5828/5805/2672 5831/5808/2675 5830/5807/2684
f 5832/5809/2676 5830/5807/2684 5831/5808/2675
f 5832/5809/2676 5833/5810/2677 5830/5807/2684
f 5832/5809/2676 5834/5811/2678 5833/5810/2677
f 5832/5809/2676 5835/5812/2679 5834/5811/2678
f 5835/5812/2679 5836/5813/2680 5834/5811/2678
f 5835/5812/2679 5837/5814/2680 5836/5813/2680
f 5838/5815/25 5839/5816/25 5840/5817/25
f 5838/5815/25 5841/5818/25 5839/5816/25
f 5842/5819/92 5843/5820/92 5844/5821/92
f 5843/5820/92 5845/5822/92 5844/5821/92
f 5846/5823/92 5842/5819/92 5844/5821/92
f 5844/5821/92 5847/5824/92 5846/5823/92
f 5847/5824/92 5848/5825/92 5846/5823/92
f 5848/5825/92 5849/5826/92 5846/5823/92
f 5850/5827/778 5851/5828/778 5852/5829/778
f 5850/5827/778 5853/5830/778 5851/5828/778
f 5854/5831/397 5855/5832/397 5856/5833/397
f 5854/5831/397 5857/5834/397 5855/5832/397
f 5858/5835/184 5859/5836/184 5860/5837/184
f 5858/5835/184 5861/5838/184 5859/5836/184
f 5862/5839/184 5863/5840/184 5864/5841/184
f 5862/5839/184 5865/5842/184 5863/5840/184
f 5866/5843/184 5867/5844/184 5868/5845/184
f 5866/5843/184 5869/5846/184 5867/5844/184
f 5870/5847/184 5871/5848/184 5872/5849/184
f 5870/5847/184 5873/5850/184 5871/5848/184
f 5874/5851/184 5875/5852/184 5876/5853/184
f 5874/5851/184 5877/5854/184 5875/5852/184
f 5878/5855/184 5879/5856/184 5880/5857/184
f 5878/5855/184 5881/5858/184 5879/5856/184
f 5882/5859/184 5883/5860/184 5884/5861/184
f 5882/5859/184 5885/5862/184 5883/5860/184
f 5886/5863/184 5887/5864/184 5888/5865/184
f 5886/5863/184 5889/5866/184 5887/5864/184
f 5890/5867/184 5891/5868/184 5892/5869/184
f 5890/5867/184 5893/5870/184 5891/5868/184
f 5894/5871/184 5895/5872/184 5896/5873/184
f 5894/5871/184 5897/5874/184 5895/5872/184
f 5898/5875/184 5899/5876/184 5900/5877/184
f 5898/5875/184 5901/5878/184 5899/5876/184
f 5902/5879/184 5903/5880/184 5904/5881/184
f 5902/5879/184 5905/5882/184 5903/5880/184
f 5906/5883/397 5907/5884/397 5908/5884/397
f 5906/5883/397 5909/5883/397 5907/5884/397
f 5910/5885/778 5911/5886/778 5912/5886/778
f 5910/5885/778 5913/5885/778 5911/5886/778
f 5914/5887/2685 5915/5888/2685 5916/5889/2685
f 5914/5887/2685 5917/5890/2686 5915/5888/2685
f 5918/5891/778 5919/5892/778 5920/5893/1258
f 5918/5891/778 5921/5894/778 5919/5892/778
f 5922/5895/778 5923/5896/778 5920/5893/1258
f 5923/5896/778 5924/5897/778 5920/5893/1258
f 5925/5898/779 5918/5891/778 5920/5893/1258
f 5924/5897/778 5925/5898/779 5920/5893/1258
f 5924/5897/778 5926/5899/778 5925/5898/779
f 5926/5899/778 5927/5900/778 5925/5898/779
f 5925/5898/779 5928/5901/1258 5918/5891/778
f 5925/5898/779 5929/5902/778 5928/5901/1258
f 5930/5903/778 5931/5904/778 5929/5902/778
f 5931/5904/778 5932/5905/778 5929/5902/778
f 5929/5902/778 5932/5905/778 5928/5901/1258
f 5932/5905/778 5933/5906/1258 5928/5901/1258
f 5933/5906/1258 5934/5907/778 5928/5901/1258
f 5933/5906/1258 5935/5908/778 5934/5907/778
f 5932/5905/778 5936/5909/1258 5933/5906/1258
f 5936/5909/1258 5937/5910/1258 5933/5906/1258
f 5938/5911/778 5939/5912/778 5936/5909/1258
f 5939/5912/778 5940/5913/778 5936/5909/1258
f 5936/5909/1258 5940/5913/778 5937/5910/1258
f 5941/5914/778 5942/5915/778 5937/5910/1258
f 5943/5916/1258 5941/5914/778 5937/5910/1258
f 5940/5913/778 5943/5916/1258 5937/5910/1258
f 5940/5913/778 5944/5917/778 5943/5916/1258
f 5944/5917/778 5945/5918/778 5943/5916/1258
f 5945/5918/778 5946/5919/778 5943/5916/1258
f 5947/5920/397 5948/5921/397 5949/5922/1192
f 5947/5920/397 5950/5923/397 5948/5921/397
f 5950/5923/397 5951/5924/397 5948/5921/397
f 5948/5921/397 5952/5925/397 5949/5922/1192
f 5952/5925/397 5953/5926/397 5949/5922/1192
f 5949/5922/1192 5954/5927/1192 5947/5920/397
f 5949/5922/1192 5955/5928/397 5954/5927/1192
f 5955/5928/397 5956/5929/397 5954/5927/1192
f 5954/5927/1192 5957/5930/397 5947/5920/397
f 5954/5927/1192 5958/5931/397 5957/5930/397
f 5958/5931/397 5959/5932/1192 5957/5930/397
f 5959/5932/1192 5960/5933/397 5957/5930/397
f 5959/5932/1192 5961/5934/1508 5960/5933/397
f 5958/5931/397 5962/5935/1192 5959/5932/1192
f 5958/5931/397 5963/5936/397 5962/5935/1192
f 5963/5936/397 5964/5937/397 5962/5935/1192
f 5962/5935/1192 5965/5938/397 5959/5932/1192
f 5962/5935/1192 5966/5939/1192 5965/5938/397
f 5966/5939/1192 5967/5940/397 5968/5941/397
f 5966/5939/1192 5968/5941/397 5969/5942/1192
f 5966/5939/1192 5970/5943/1192 5965/5938/397
f 5966/5939/1192 5969/5942/1192 5970/5943/1192
f 5970/5943/1192 5971/5944/397 5965/5938/397
f 5970/5943/1192 5972/5945/397 5971/5944/397
f 5970/5943/1192 5969/5942/1192 5973/5946/397
f 5969/5942/1192 5974/5947/397 5973/5946/397
f 5969/5942/1192 5975/5948/397 5974/5947/397
f 5976/5949/2685 5977/5950/2685 5978/5951/2686
f 5976/5949/2685 5979/5952/2685 5977/5950/2685
f 5980/5953/780 5981/5954/778 5982/5955/778
f 5982/5955/778 5983/5956/780 5980/5953/780
f 5984/5957/1369 5982/5955/778 5981/5954/778
f 5985/5958/778 5984/5957/1369 5981/5954/778
f 5986/5959/778 5984/5957/1369 5985/5958/778
f 5987/5960/397 5988/5961/2210 5989/5962/397
f 5990/5963/397 5987/5960/397 5989/5962/397
f 5989/5962/397 5991/5964/397 5990/5963/397
f 5990/5963/397 5991/5964/397 5992/5965/404
f 5991/5964/397 5993/5966/2210 5992/5965/404
f 5994/5967/2687 5995/5968/2688 5996/5969/2689
f 5997/5970/2690 5994/5967/2687 5996/5969/2689
f 5997/5970/2690 5996/5969/2689 5998/5971/2691
f 5994/5967/2687 5999/5972/2692 5995/5968/2688
f 5995/5968/2688 5999/5972/2692 6000/5973/2693
f 6001/5974/2694 5995/5968/2688 6000/5973/2693
f 6000/5973/2693 6002/5975/2694 6001/5974/2694
f 6003/5976/2689 6004/5977/2695 6005/5978/2695
f 6003/5976/2689 6006/5979/2687 6004/5977/2695
f 6006/5979/2687 6003/5976/2689 6007/5980/2692
f 6006/5979/2687 6007/5980/2692 6008/5981/2692
f 6009/5982/2693 6008/5981/2692 6007/5980/2692
f 6009/5982/2693 6007/5980/2692 6010/5983/2696
f 6010/5983/2696 6011/5984/2694 6009/5982/2693
f 6012/5985/2697 6013/5986/2698 6014/5987/2697
f 6012/5985/2697 6015/5988/2699 6013/5986/2698
f 6016/5989/2700 6013/5986/2698 6015/5988/2699
f 6016/5989/2700 6015/5988/2699 6017/5990/2701
f 6016/5989/2700 6017/5990/2701 6018/5991/2702
f 6017/5990/2701 6019/5992/2703 6018/5991/2702
f 6016/5989/2700 6018/5991/2702 6020/5993/2704
f 6020/5993/2704 6021/5994/2705 6016/5989/2700
f 6020/5993/2704 6022/5995/2706 6021/5994/2705
f 6020/5993/2704 6023/5996/2703 6022/5995/2706
f 6024/5997/2707 6021/5994/2705 6022/5995/2706
f 6022/5995/2706 6025/5998/2708 6024/5997/2707
f 6025/5998/2708 6026/5999/2707 6024/5997/2707
f 6027/6000/2709 6024/5997/2707 6026/5999/2707
f 6028/6001/2710 6027/6000/2709 6026/5999/2707
f 6029/6002/2711 6027/6000/2709 6028/6001/2710
f 6028/6001/2710 6030/6003/2712 6031/6004/2710
f 6028/6001/2710 6031/6004/2710 6032/6005/2708
f 6032/6005/2708 6029/6002/2711 6028/6001/2710
f 6032/6005/2708 6033/6006/2711 6029/6002/2711
f 6029/6002/2711 6033/6006/2711 6034/6007/184
f 6035/6008/184 6029/6002/2711 6034/6007/184
f 6034/6007/184 6036/6009/184 6035/6008/184
f 6036/6009/184 6037/6010/184 6035/6008/184
f 6038/6011/184 6039/6012/184 6040/6013/184
f 6039/6012/184 6041/6014/184 6040/6013/184
f 6042/6015/2713 6039/6012/184 6038/6011/184
f 6038/6011/184 6043/6016/2711 6042/6015/2713
f 6042/6015/2713 6043/6016/2711 6044/6017/2714
f 6042/6015/2713 6044/6017/2714 6045/6018/2715
f 6044/6017/2714 6046/6019/2710 6045/6018/2715
f 6046/6019/2710 6047/6020/2712 6045/6018/2715
f 6048/6021/2716 6042/6015/2713 6045/6018/2715
f 6049/6022/2708 6048/6021/2716 6045/6018/2715
f 6050/6023/2708 6048/6021/2716 6049/6022/2708
f 6049/6022/2708 6051/6024/2707 6050/6023/2708
f 6051/6024/2707 6052/6025/2717 6050/6023/2708
f 6052/6025/2717 6053/6026/2705 6050/6023/2708
f 6053/6026/2705 6052/6025/2717 6054/6027/2718
f 6052/6025/2717 6055/6028/2703 6054/6027/2718
f 6053/6026/2705 6054/6027/2718 6056/6029/2719
f 6054/6027/2718 6057/6030/2703 6056/6029/2719
f 6057/6030/2703 6058/6031/2720 6056/6029/2719
f 6057/6030/2703 6059/6032/2703 6058/6031/2720
f 6060/6033/2699 6056/6029/2719 6058/6031/2720
f 6060/6033/2699 6061/6034/2721 6056/6029/2719
f 6061/6034/2721 6060/6033/2699 6062/6035/2697
f 6061/6034/2721 6062/6035/2697 6063/6036/2697
f 6064/6037/2610 6065/6038/2722 6066/6039/2610
f 6064/6037/2610 6067/6040/2612 6065/6038/2722
f 6068/6041/2611 6064/6037/2610 6066/6039/2610
f 6067/6040/2612 6069/6042/2614 6065/6038/2722
f 6068/6041/2611 6066/6039/2610 6070/6043/2613
f 6067/6040/2612 6071/6044/2723 6069/6042/2614
f 6072/6045/2615 6068/6041/2611 6070/6043/2613
f 6071/6044/2723 6073/6046/368 6069/6042/2614
f 6072/6045/2615 6070/6043/2613 6074/6047/2615
f 6071/6044/2723 6075/6048/184 6073/6046/368
f 6076/6049/2616 6072/6045/2615 6074/6047/2615
f 6075/6048/184 6077/6050/2618 6073/6046/368
f 6076/6049/2616 6074/6047/2615 6078/6051/2617
f 6075/6048/184 6079/6052/2618 6077/6050/2618
f 6080/6053/2619 6076/6049/2616 6078/6051/2617
f 6079/6052/2618 6081/6054/2620 6077/6050/2618
f 6080/6053/2619 6078/6051/2617 6082/6055/2619
f 6079/6052/2618 6083/6056/2620 6081/6054/2620
f 6084/6057/2621 6080/6053/2619 6082/6055/2619
f 6083/6056/2620 6085/6058/2623 6081/6054/2620
f 6084/6057/2621 6082/6055/2619 6086/6059/2622
f 6083/6056/2620 6087/6060/2623 6085/6058/2623
f 6088/6061/2624 6084/6057/2621 6086/6059/2622
f 6087/6060/2623 6089/6062/2627 6085/6058/2623
f 6088/6061/2624 6086/6059/2622 6090/6063/2625
f 6091/6064/2626 6088/6061/2624 6090/6063/2625
f 6091/6064/2626 6090/6063/2625 6092/6065/2626
f 6087/6060/2623 6093/6066/2627 6089/6062/2627
f 6093/6066/2627 6094/6067/2628 6089/6062/2627
f 6093/6066/2627 6095/6068/2629 6094/6067/2628
f 6095/6068/2629 6096/6069/2630 6094/6067/2628
f 6095/6068/2629 6097/6070/2630 6096/6069/2630
f 6097/6070/2630 6098/6071/2631 6096/6069/2630
f 6097/6070/2630 6099/6072/2631 6098/6071/2631
f 6099/6072/2631 6100/6073/2633 6098/6071/2631
f 6099/6072/2631 6101/6074/2634 6100/6073/2633
f 6101/6074/2634 6102/6075/2635 6100/6073/2633
f 6101/6074/2634 6103/6076/2635 6102/6075/2635
f 6104/6077/2724 3578/3575/1835 3572/3569/1830
f 3572/3569/1830 6105/6078/2725 6104/6077/2724
f 6104/6077/2724 6106/6079/2726 3578/3575/1835
f 6107/6080/2727 6106/6079/2726 6104/6077/2724
f 6106/6079/2726 6108/6081/2728 3578/3575/1835
f 6108/6081/2728 6106/6079/2726 6109/6082/2729
f 6110/6083/2730 6108/6081/2728 6109/6082/2729
f 6109/6082/2729 6111/6084/2731 6110/6083/2730
f 6112/6085/807 6110/6083/2730 6111/6084/2731
f 6112/6085/807 6111/6084/2731 6113/6086/807
f 6114/6087/804 6112/6085/807 6113/6086/807
f 6114/6087/804 6113/6086/807 6115/6088/2732
f 6116/6089/2733 3577/3574/1834 6117/6090/2734
f 6117/6090/2734 3577/3574/1834 3579/3576/1836
f 6117/6090/2734 3579/3576/1836 6118/6091/2735
f 6118/6091/2735 6119/6092/2736 6117/6090/2734
f 3579/3576/1836 6120/6093/2737 6118/6091/2735
f 6121/6094/2738 6118/6091/2735 6120/6093/2737
f 6120/6093/2737 6122/6095/2739 6121/6094/2738
f 6122/6095/2739 6123/6096/2740 6121/6094/2738
f 6122/6095/2739 6124/6097/2741 6123/6096/2740
f 6122/6095/2739 6125/6098/2742 6124/6097/2741
f 6126/6099/165 6127/6100/2743 6128/6101/165
f 6126/6099/165 6129/6102/2743 6127/6100/2743
f 6130/6103/2744 6127/6100/2743 6129/6102/2743
f 6130/6103/2744 6129/6102/2743 6131/6104/2745
f 6132/6105/2746 6130/6103/2744 6131/6104/2745
f 6132/6105/2746 6131/6104/2745 6133/6106/2747
f 6134/6107/2748 6132/6105/2746 6133/6106/2747
f 6134/6107/2748 6135/6108/2748 6132/6105/2746
f 6135/6108/2748 6134/6107/2748 6136/6109/2749
f 6135/6108/2748 6136/6109/2749 6137/6110/2750
f 6137/6110/2750 6136/6109/2749 6138/6111/2751
f 6137/6110/2750 6138/6111/2751 6139/6112/2752
f 6140/6113/2753 6139/6112/2752 6138/6111/2751
f 6140/6113/2753 6141/6114/2753 6139/6112/2752
f 6142/6115/2754 6143/6116/2755 6144/6117/2754
f 6145/6118/2748 6142/6115/2754 6144/6117/2754
f 6142/6115/2754 6146/6119/2755 6143/6116/2755
f 6145/6118/2748 6147/6120/2748 6142/6115/2754
f 6146/6119/2755 6148/6121/2756 6143/6116/2755
f 6147/6120/2748 6145/6118/2748 6149/6122/2749
f 6146/6119/2755 6150/6123/2756 6148/6121/2756
f 6151/6124/165 6148/6121/2756 6150/6123/2756
f 6151/6124/165 6150/6123/2756 6152/6125/2757
f 6147/6120/2748 6149/6122/2749 6153/6126/2750
f 6153/6126/2750 6149/6122/2749 6154/6127/2751
f 6153/6126/2750 6154/6127/2751 6155/6128/2751
f 6156/6129/2753 6155/6128/2751 6154/6127/2751
f 6156/6129/2753 6157/6130/2753 6155/6128/2751
f 6158/6131/2750 6159/6132/2751 6160/6133/2752
f 6161/6134/2758 6160/6133/2752 6159/6132/2751
f 6161/6134/2758 6162/6135/2753 6160/6133/2752
f 6158/6131/2750 6163/6136/2749 6159/6132/2751
f 6164/6137/2748 6163/6136/2749 6158/6131/2750
f 6164/6137/2748 6165/6138/2748 6163/6136/2749
f 6165/6138/2748 6164/6137/2748 6166/6139/2754
f 6165/6138/2748 6166/6139/2754 6167/6140/2759
f 6166/6139/2754 6168/6141/2755 6167/6140/2759
f 6166/6139/2754 6169/6142/2755 6168/6141/2755
f 6169/6142/2755 6170/6143/2756 6168/6141/2755
f 6169/6142/2755 6171/6144/2756 6170/6143/2756
f 6172/6145/165 6170/6143/2756 6171/6144/2756
f 6172/6145/165 6171/6144/2756 6173/6146/165
f 6174/6147/165 6175/6148/2760 6176/6149/2760
f 6174/6147/165 6177/6150/165 6175/6148/2760
f 6178/6151/2761 6176/6149/2760 6175/6148/2760
f 6178/6151/2761 6179/6152/2745 6176/6149/2760
f 6180/6153/2746 6179/6152/2745 6178/6151/2761
f 6180/6153/2746 6181/6154/2762 6179/6152/2745
f 6180/6153/2746 6182/6155/2763 6181/6154/2762
f 6180/6153/2746 6183/6156/2763 6182/6155/2763
f 6184/6157/2764 6182/6155/2763 6183/6156/2763
f 6184/6157/2764 6183/6156/2763 6185/6158/2765
f 6186/6159/2766 6184/6157/2764 6185/6158/2765
f 6186/6159/2766 6185/6158/2765 6187/6160/2766
f 6187/6160/2766 6188/6161/2758 6186/6159/2766
f 6187/6160/2766 6189/6162/2753 6188/6161/2758
f 6190/6163/165 6191/6164/2767 6192/6165/2768
f 6190/6163/165 6193/6166/2757 6191/6164/2767
f 6194/6167/2769 6192/6165/2768 6191/6164/2767
f 6194/6167/2769 6195/6168/2769 6192/6165/2768
f 6196/6169/2770 6195/6168/2769 6194/6167/2769
f 6196/6169/2770 6197/6170/2770 6195/6168/2769
f 6196/6169/2770 6198/6171/2763 6197/6170/2770
f 6196/6169/2770 6199/6172/2763 6198/6171/2763
f 6200/6173/2764 6198/6171/2763 6199/6172/2763
f 6200/6173/2764 6199/6172/2763 6201/6174/2765
f 6202/6175/2766 6200/6173/2764 6201/6174/2765
f 6202/6175/2766 6201/6174/2765 6203/6176/2766
f 6203/6176/2766 6204/6177/2771 6202/6175/2766
f 6203/6176/2766 6205/6178/2772 6204/6177/2771
f 6206/6179/2773 6207/6180/2758 6208/6181/2766
f 6206/6179/2773 6209/6182/2758 6207/6180/2758
f 6208/6181/2766 6210/6183/2765 6206/6179/2773
f 6208/6181/2766 6211/6184/2764 6210/6183/2765
f 6211/6184/2764 6212/6185/2763 6210/6183/2765
f 6211/6184/2764 6213/6186/2763 6212/6185/2763
f 6214/6187/2770 6212/6185/2763 6213/6186/2763
f 6214/6187/2770 6213/6186/2763 6215/6188/2774
f 6214/6187/2770 6215/6188/2774 6216/6189/2769
f 6214/6187/2770 6216/6189/2769 6217/6190/2769
f 6217/6190/2769 6216/6189/2769 6218/6191/2768
f 6217/6190/2769 6218/6191/2768 6219/6192/2767
f 6220/6193/165 6219/6192/2767 6218/6191/2768
f 6220/6193/165 6221/6194/165 6219/6192/2767
f 6222/6195/2775 6223/6196/2776 6224/6197/2777
f 6225/6198/1290 6224/6197/2777 6223/6196/2776
f 6226/6199/1292 6225/6198/1290 6223/6196/2776
f 6222/6195/2775 6227/6200/2778 6223/6196/2776
f 6223/6196/2776 6228/6201/2779 6226/6199/1292
f 6227/6200/2778 6222/6195/2775 6229/6202/1572
f 6227/6200/2778 6229/6202/1572 6230/6203/2780
f 6231/6204/2781 6227/6200/2778 6230/6203/2780
f 6231/6204/2781 6230/6203/2780 6232/6205/2782
f 6232/6205/2782 6233/6206/1573 6231/6204/2781
f 6234/6207/2783 6231/6204/2781 6233/6206/1573
f 6233/6206/1573 6235/6208/1572 6234/6207/2783
f 6236/6209/2775 6234/6207/2783 6235/6208/1572
f 6235/6208/1572 6237/6210/1572 6236/6209/2775
f 6237/6210/1572 6238/6211/2778 6236/6209/2775
f 6239/6212/2776 6236/6209/2775 6238/6211/2778
f 6239/6212/2776 6240/6213/2777 6236/6209/2775
f 6240/6213/2777 6239/6212/2776 6241/6214/1293
f 6240/6213/2777 6241/6214/1293 6242/6215/249
f 6243/6216/2784 6240/6213/2777 6242/6215/249
f 6243/6216/2784 6242/6215/249 6244/6217/249
f 6243/6216/2784 6244/6217/249 6245/6218/1293
f 6228/6201/2779 6243/6216/2784 6245/6218/1293
f 6245/6218/1293 6226/6199/1292 6228/6201/2779
f 6246/6219/2785 6243/6216/2784 6228/6201/2779
f 6246/6219/2785 6247/6220/2786 6243/6216/2784
f 6247/6220/2786 6246/6219/2785 6248/6221/2787
f 6246/6219/2785 6249/6222/2787 6248/6221/2787
f 6247/6220/2786 6248/6221/2787 6250/6223/258
f 6250/6223/258 6251/6224/2788 6247/6220/2786
f 6252/6225/2789 6247/6220/2786 6251/6224/2788
f 6253/6226/258 6252/6225/2789 6251/6224/2788
f 6254/6227/2790 6252/6225/2789 6253/6226/258
f 6246/6219/2785 6255/6228/2790 6249/6222/2787
f 6255/6228/2790 6256/6229/1315 6249/6222/2787
f 6255/6228/2790 6257/6230/2789 6256/6229/1315
f 6255/6228/2790 6258/6231/2791 6257/6230/2789
f 6255/6228/2790 6259/6232/2792 6258/6231/2791
f 6260/6233/1443 6258/6231/2791 6259/6232/2792
f 6261/6234/2793 6260/6233/1443 6259/6232/2792
f 6259/6232/2792 6262/6235/2794 6261/6234/2793
f 6263/6236/2795 6261/6234/2793 6262/6235/2794
f 6262/6235/2794 6264/6237/2796 6263/6236/2795
f 6264/6237/2796 6265/6238/1441 6263/6236/2795
f 6264/6237/2796 6262/6235/2794 6266/6239/2781
f 6264/6237/2796 6266/6239/2781 6267/6240/2783
f 6264/6237/2796 6268/6241/1442 6265/6238/1441
f 6264/6237/2796 6269/6242/2797 6268/6241/1442
f 6269/6242/2797 6270/6243/1443 6268/6241/1442
f 6269/6242/2797 6271/6244/2792 6270/6243/1443
f 6269/6242/2797 6254/6227/2790 6271/6244/2792
f 6269/6242/2797 6252/6225/2789 6254/6227/2790
f 6272/6245/780 6273/6246/778 6274/6247/780
f 6274/6247/780 6275/6248/778 6272/6245/780
f 6275/6248/778 6276/6249/778 6272/6245/780
f 6277/6250/404 6278/6251/404 6279/6252/397
f 6278/6251/404 6280/6253/397 6279/6252/397
f 6277/6250/404 6281/6254/397 6278/6251/404
f 6282/6255/397 6283/6256/397 6284/6257/397
f 6285/6258/397 6284/6257/397 6283/6256/397
f 6284/6257/397 6286/6259/1192 6282/6255/397
f 6286/6259/1192 6287/6260/397 6282/6255/397
f 6286/6259/1192 6288/6261/397 6287/6260/397
f 6284/6257/397 6289/6262/397 6286/6259/1192
f 6289/6262/397 6290/6263/397 6286/6259/1192
f 6291/6264/1192 6285/6258/397 6283/6256/397
f 6292/6265/397 6285/6258/397 6291/6264/1192
f 6293/6266/397 6292/6265/397 6291/6264/1192
f 6294/6267/397 6291/6264/1192 6283/6256/397
f 6294/6267/397 6295/6268/397 6291/6264/1192
f 6289/6262/397 6296/6269/1192 6290/6263/397
f 6296/6269/1192 6297/6270/397 6290/6263/397
f 6296/6269/1192 6298/6271/397 6297/6270/397
f 6289/6262/397 6299/6272/397 6296/6269/1192
f 6299/6272/397 6300/6273/397 6296/6269/1192
f 6299/6272/397 6301/6274/397 6300/6273/397
f 6302/6275/778 6303/6276/778 6304/6277/1258
f 6303/6276/778 6305/6278/778 6304/6277/1258
f 6304/6277/1258 6306/6279/778 6302/6275/778
f 6302/6275/778 6306/6279/778 6307/6280/778
f 6308/6281/778 6306/6279/778 6304/6277/1258
f 6309/6282/778 6308/6281/778 6304/6277/1258
f 6309/6282/778 6310/6283/778 6308/6281/778
f 6306/6279/778 6311/6284/778 6307/6280/778
f 6307/6280/778 6311/6284/778 6312/6285/778
f 6312/6285/778 6313/6286/778 6307/6280/778
f 6312/6285/778 6314/6287/778 6313/6286/778
f 6315/6288/778 6312/6285/778 6311/6284/778
f 6311/6284/778 6316/6289/778 6315/6288/778
f 6316/6289/778 6317/6290/1258 6315/6288/778
f 6317/6290/1258 6318/6291/778 6315/6288/778
f 6317/6290/1258 6319/6292/778 6318/6291/778
f 6316/6289/778 6320/6293/778 6317/6290/1258
f 6320/6293/778 6321/6294/778 6317/6290/1258
f 6322/6295/2798 6323/6296/2799 780/777/362
f 6322/6295/2798 6324/6297/2800 6323/6296/2799
f 777/774/360 6322/6295/2798 780/777/362
f 6325/6298/2801 6323/6296/2799 6324/6297/2800
f 6325/6298/2801 6324/6297/2800 6326/6299/2802
f 6326/6299/2802 6327/6300/2803 6325/6298/2801
f 6327/6300/2803 6328/6301/2804 6325/6298/2801
f 6327/6300/2803 6329/6302/2805 6328/6301/2804
f 6329/6302/2805 6330/6303/2806 6328/6301/2804
f 6330/6303/2806 6329/6302/2805 6331/6304/362
f 6330/6303/2806 6331/6304/362 6332/6305/2798
f 6332/6305/2798 6331/6304/362 6333/6306/361
f 6332/6305/2798 6333/6306/361 6334/6307/360
f 6333/6306/361 6335/6308/217 6334/6307/360
f 6335/6308/217 6336/6309/217 6334/6307/360
f 6333/6306/361 755/752/340 6335/6308/217
f 755/752/340 754/751/339 6335/6308/217
f 6337/6310/778 6338/6311/778 6339/6312/778
f 6337/6310/778 6340/6313/778 6338/6311/778
f 6341/6314/397 6342/6315/397 6343/6316/397
f 6341/6314/397 6344/6317/397 6342/6315/397
f 6345/6318/2649 6346/6319/2650 6347/6320/2651
f 6345/6318/2649 6348/6321/2652 6346/6319/2650
f 6346/6319/2650 6348/6321/2652 6349/6322/2681
f 6346/6319/2650 6349/6322/2681 6350/6323/2654
f 6351/6324/2682 6350/6323/2654 6349/6322/2681
f 6351/6324/2682 6349/6322/2681 6352/6325/2656
f 6351/6324/2682 6352/6325/2656 6353/6326/2657
f 6351/6324/2682 6353/6326/2657 6354/6327/2658
f 6355/6328/2659 6354/6327/2658 6353/6326/2657
f 6355/6328/2659 6353/6326/2657 6356/6329/2660
f 6357/6330/2546 6355/6328/2659 6356/6329/2660
f 6357/6330/2546 6358/6331/2661 6355/6328/2659
f 6357/6330/2546 6359/6332/2662 6358/6331/2661
f 6357/6330/2546 6360/6333/2663 6359/6332/2662
f 6361/6334/2664 6359/6332/2662 6360/6333/2663
f 6361/6334/2664 6360/6333/2663 6362/6335/2665
f 6362/6335/2665 6363/6336/2551 6361/6334/2664
f 6362/6335/2665 6364/6337/2667 6363/6336/2551
f 6363/6336/2551 6364/6337/2667 6365/6338/2668
f 6363/6336/2551 6365/6338/2668 6366/6339/2669
f 6367/6340/2807 6366/6339/2669 6365/6338/2668
f 6367/6340/2807 6365/6338/2668 6368/6341/2671
f 6369/6342/2672 6367/6340/2807 6368/6341/2671
f 6369/6342/2672 6370/6343/2673 6367/6340/2807
f 6371/6344/2684 6370/6343/2673 6369/6342/2672
f 6371/6344/2684 6369/6342/2672 6372/6345/2675
f 6373/6346/2676 6371/6344/2684 6372/6345/2675
f 6373/6346/2676 6374/6347/2677 6371/6344/2684
f 6373/6346/2676 6375/6348/2678 6374/6347/2677
f 6373/6346/2676 6376/6349/2679 6375/6348/2678
f 6376/6349/2679 6377/6350/2680 6375/6348/2678
f 6376/6349/2679 6378/6351/2680 6377/6350/2680
f 6379/6352/184 6380/6353/184 6381/6354/184
f 6379/6352/184 6382/6355/184 6380/6353/184
f 6383/6356/2345 6384/6357/118 6385/6358/116
f 6383/6356/2345 6386/6359/119 6384/6357/118
f 6387/6360/2808 6383/6356/2345 6385/6358/116
f 6387/6360/2808 6385/6358/116 6388/6361/2347
f 6389/6362/2348 6387/6360/2808 6388/6361/2347
f 6389/6362/2348 6388/6361/2347 6390/6363/2348
f 6391/6364/2351 6389/6362/2348 6390/6363/2348
f 6391/6364/2351 6390/6363/2348 6392/6365/2809
f 6393/6366/2353 6391/6364/2351 6392/6365/2809
f 6393/6366/2353 6392/6365/2809 6394/6367/2353
f 6395/6368/2810 6393/6366/2353 6394/6367/2353
f 6395/6368/2810 6394/6367/2353 6396/6369/2811
f 6397/6370/2812 6395/6368/2810 6396/6369/2811
f 6397/6370/2812 6398/6371/2813 6395/6368/2810
f 6397/6370/2812 6399/6372/2814 6398/6371/2813
f 6397/6370/2812 6400/6373/2814 6399/6372/2814
f 6401/6374/2583 6399/6372/2814 6400/6373/2814
f 6401/6374/2583 6402/6375/2357 6399/6372/2814
f 6403/6376/2815 6402/6375/2357 6401/6374/2583
f 6403/6376/2815 6404/6377/2359 6402/6375/2357
f 6405/6378/2362 6404/6377/2359 6403/6376/2815
f 6405/6378/2362 6406/6379/2362 6404/6377/2359
f 6407/6380/2816 6406/6379/2362 6405/6378/2362
f 6407/6380/2816 6408/6381/2817 6406/6379/2362
f 6409/6382/112 6408/6381/2817 6407/6380/2816
f 6409/6382/112 6410/6383/2363 6408/6381/2817
f 6411/6384/92 6410/6383/2363 6409/6382/112
f 6411/6384/92 6412/6385/113 6410/6383/2363
f 6413/6386/184 6414/6387/184 6415/6388/184
f 6413/6386/184 6416/6389/184 6414/6387/184
f 6417/6390/184 6418/6391/184 6419/6392/184
f 6417/6390/184 6420/6393/184 6418/6391/184
f 6421/6394/184 6422/6395/184 6423/6396/184
f 6421/6394/184 6424/6397/184 6422/6395/184
f 6425/6398/184 6426/6399/184 6427/6400/184
f 6425/6398/184 6428/6401/802 6426/6399/184
f 6429/6402/184 6430/6403/184 6431/6404/184
f 6429/6402/184 6432/6405/184 6430/6403/184
f 6433/6406/184 6434/6407/184 6435/6408/184
f 6433/6406/184 6436/6409/802 6434/6407/184
f 6437/6410/2818 6438/6411/2819 6439/6412/2820
f 6440/6413/184 6437/6410/2818 6439/6412/2820
f 6440/6413/184 6439/6412/2820 6441/6414/802
f 6437/6410/2818 6442/6415/2821 6438/6411/2819
f 6442/6415/2821 6443/6416/2822 6438/6411/2819
f 6442/6415/2821 6444/6417/1168 6443/6416/2822
f 6443/6416/2822 6445/6418/1987 6438/6411/2819
f 6442/6415/2821 6446/6419/2822 6444/6417/1168
f 6442/6415/2821 6447/6420/1168 6446/6419/2822
f 6447/6420/1168 6448/6421/1168 6446/6419/2822
f 6445/6418/1987 6449/6422/1024 6438/6411/2819
f 6449/6422/1024 6450/6423/2822 6438/6411/2819
f 6451/6424/2823 6438/6411/2819 6450/6423/2822
f 6452/6425/1168 6451/6424/2823 6450/6423/2822
f 6453/6426/2818 6454/6427/2824 6455/6428/2820
f 6456/6429/184 6453/6426/2818 6455/6428/2820
f 6456/6429/184 6455/6428/2820 6457/6430/802
f 6453/6426/2818 6458/6431/2821 6454/6427/2824
f 6458/6431/2821 6459/6432/2822 6454/6427/2824
f 6458/6431/2821 6460/6433/1168 6459/6432/2822
f 6459/6432/2822 6461/6434/1168 6454/6427/2824
f 6458/6431/2821 6462/6435/2822 6460/6433/1168
f 6458/6431/2821 6463/6436/1168 6462/6435/2822
f 6463/6436/1168 6464/6437/1987 6462/6435/2822
f 6461/6434/1168 6465/6438/1168 6454/6427/2824
f 6465/6438/1168 6466/6439/2822 6454/6427/2824
f 6467/6440/2825 6454/6427/2824 6466/6439/2822
f 6468/6441/1168 6467/6440/2825 6466/6439/2822
f 6469/6442/1168 6470/6443/1168 6471/6444/2819
f 6470/6443/1168 6472/6445/2823 6471/6444/2819
f 6473/6446/2822 6469/6442/1168 6471/6444/2819
f 6474/6447/2825 6471/6444/2819 6472/6445/2823
f 6475/6448/1987 6474/6447/2825 6472/6445/2823
f 6476/6449/2821 6473/6446/2822 6471/6444/2819
f 6476/6449/2821 6477/6450/1168 6473/6446/2822
f 6478/6451/2820 6476/6449/2821 6471/6444/2819
f 6476/6449/2821 6479/6452/2823 6477/6450/1168
f 6476/6449/2821 6480/6453/1168 6479/6452/2823
f 6480/6453/1168 6481/6454/1168 6479/6452/2823
f 6478/6451/2820 6482/6455/2818 6476/6449/2821
f 6483/6456/184 6482/6455/2818 6478/6451/2820
f 6483/6456/184 6478/6451/2820 6484/6457/184
f 6485/6458/2826 6486/6459/2827 6487/6460/2828
f 6487/6460/2828 6486/6459/2827 6488/6461/184
f 6487/6460/2828 6488/6461/184 6489/6462/802
f 6485/6458/2826 6490/6463/2829 6486/6459/2827
f 6490/6463/2829 6485/6458/2826 6491/6464/1238
f 6491/6464/1238 6492/6465/2830 6490/6463/2829
f 6485/6458/2826 6493/6466/2830 6491/6464/1238
f 6492/6465/2830 6494/6467/1238 6490/6463/2829
f 6495/6468/1018 6490/6463/2829 6494/6467/1238
f 6496/6469/1237 6495/6468/1018 6494/6467/1238
f 6485/6458/2826 6497/6470/1018 6493/6466/2830
f 6485/6458/2826 6498/6471/1238 6497/6470/1018
f 6485/6458/2826 6499/6472/2831 6498/6471/1238
f 6499/6472/2831 6500/6473/1018 6498/6471/1238
f 6501/6474/2826 6502/6475/2827 6503/6476/2828
f 6503/6476/2828 6502/6475/2827 6504/6477/184
f 6503/6476/2828 6504/6477/184 6505/6478/802
f 6501/6474/2826 6506/6479/2829 6502/6475/2827
f 6506/6479/2829 6501/6474/2826 6507/6480/1018
f 6507/6480/1018 6508/6481/1018 6506/6479/2829
f 6501/6474/2826 6509/6482/1018 6507/6480/1018
f 6508/6481/1018 6510/6483/2832 6506/6479/2829
f 6511/6484/1018 6506/6479/2829 6510/6483/2832
f 6512/6485/1018 6511/6484/1018 6510/6483/2832
f 6501/6474/2826 6513/6486/1018 6509/6482/1018
f 6501/6474/2826 6514/6487/1238 6513/6486/1018
f 6501/6474/2826 6515/6488/2831 6514/6487/1238
f 6515/6488/2831 6516/6489/1018 6514/6487/1238
f 6517/6490/2829 6518/6491/2826 6519/6492/2830
f 6518/6491/2826 6520/6493/1237 6519/6492/2830
f 6518/6491/2826 6521/6494/1018 6520/6493/1237
f 6519/6492/2830 6522/6495/1018 6517/6490/2829
f 6518/6491/2826 6523/6496/1238 6521/6494/1018
f 6518/6491/2826 6524/6497/2831 6523/6496/1238
f 6524/6497/2831 6525/6498/1018 6523/6496/1238
f 6526/6499/2828 6518/6491/2826 6517/6490/2829
f 6522/6495/1018 6527/6500/2832 6517/6490/2829
f 6528/6501/1018 6517/6490/2829 6527/6500/2832
f 6529/6502/1018 6528/6501/1018 6527/6500/2832
f 6526/6499/2828 6517/6490/2829 6530/6503/2827
f 6526/6499/2828 6530/6503/2827 6531/6504/184
f 6526/6499/2828 6531/6504/184 6532/6505/184
f 6533/6506/2431 6534/6507/184 6535/6508/2833
f 6533/6506/2431 6536/6509/638 6534/6507/184
f 6537/6510/2399 6533/6506/2431 6535/6508/2833
f 6536/6509/638 6538/6511/2834 6534/6507/184
f 6537/6510/2399 6535/6508/2833 6539/6512/2399
f 6536/6509/638 6540/6513/2400 6538/6511/2834
f 6541/6514/2405 6537/6510/2399 6539/6512/2399
f 6540/6513/2400 6542/6515/2406 6538/6511/2834
f 6541/6514/2405 6539/6512/2399 6543/6516/2428
f 6540/6513/2400 6544/6517/2404 6542/6515/2406
f 6545/6518/2432 6541/6514/2405 6543/6516/2428
f 6544/6517/2404 6546/6519/2433 6542/6515/2406
f 6545/6518/2432 6543/6516/2428 6547/6520/2407
f 6544/6517/2404 6548/6521/2408 6546/6519/2433
f 6549/6522/2434 6545/6518/2432 6547/6520/2407
f 6548/6521/2408 6550/6523/2835 6546/6519/2433
f 6549/6522/2434 6547/6520/2407 6551/6524/2411
f 6548/6521/2408 6552/6525/2415 6550/6523/2835
f 6553/6526/809 6549/6522/2434 6551/6524/2411
f 6552/6525/2415 6554/6527/2430 6550/6523/2835
f 6553/6526/809 6551/6524/2411 6555/6528/807
f 6556/6529/804 6553/6526/809 6555/6528/807
f 6556/6529/804 6555/6528/807 6557/6530/2732
f 6552/6525/2415 6558/6531/2430 6554/6527/2430
f 6558/6531/2430 6559/6532/2742 6554/6527/2430
f 6558/6531/2430 6560/6533/2742 6559/6532/2742
f 6561/6534/2836 6562/6535/2837 6563/6536/2838
f 6562/6535/2837 6564/6537/2837 6563/6536/2838
f 6564/6537/2837 6565/6538/2838 6563/6536/2838
f 6565/6538/2838 6566/6539/2839 6563/6536/2838
f 6565/6538/2838 6567/6540/2840 6566/6539/2839
f 6563/6536/2838 6568/6541/2841 6561/6534/2836
f 6567/6540/2840 6569/6542/2842 6566/6539/2839
f 6570/6543/2843 6566/6539/2839 6569/6542/2842
f 6568/6541/2841 6571/6544/2844 6561/6534/2836
f 6571/6544/2844 6572/6545/2845 6561/6534/2836
f 6573/6546/2846 6571/6544/2844 6568/6541/2841
f 6573/6546/2846 6574/6547/2847 6571/6544/2844
f 6573/6546/2846 6575/6548/2848 6574/6547/2847
f 6573/6546/2846 6576/6549/2849 6575/6548/2848
f 6575/6548/2848 6576/6549/2849 6577/6550/2850
f 6578/6551/2851 6575/6548/2848 6577/6550/2850
f 6577/6550/2850 6579/6552/2852 6578/6551/2851
f 6580/6553/2852 6578/6551/2851 6579/6552/2852
f 6581/6554/2853 6580/6553/2852 6579/6552/2852
f 6579/6552/2852 6582/6555/2854 6581/6554/2853
f 6583/6556/2855 6581/6554/2853 6582/6555/2854
f 6583/6556/2855 6584/6557/2856 6581/6554/2853
f 6585/6558/2857 6584/6557/2856 6583/6556/2855
f 6585/6558/2857 6583/6556/2855 6570/6543/2843
f 6585/6558/2857 6570/6543/2843 6569/6542/2842
f 6569/6542/2842 6586/6559/2845 6585/6558/2857
f 6587/6560/404 6588/6561/404 6589/6562/404
f 6590/6563/2858 6587/6560/404 6589/6562/404
f 6591/6564/2858 6590/6563/2858 6589/6562/404
f 6591/6564/2858 6592/6565/2859 6590/6563/2858
f 6591/6564/2858 6593/6566/2860 6592/6565/2859
f 6594/6567/2861 6592/6565/2859 6593/6566/2860
f 6594/6567/2861 6593/6566/2860 6595/6568/2862
f 6594/6567/2861 6595/6568/2862 6596/6569/2863
f 6594/6567/2861 6596/6569/2863 6597/6570/2863
f 6597/6570/2863 6596/6569/2863 6598/6571/780
f 6599/6572/780 6597/6570/2863 6598/6571/780
f 6598/6571/780 6600/6573/780 6599/6572/780
f 6601/6574/92 6602/6575/92 6603/6576/92
f 6601/6574/92 6604/6577/92 6602/6575/92
f 6605/6578/2864 6606/6579/2865 6607/6580/2864
f 6605/6578/2864 6608/6581/2866 6606/6579/2865
f 6609/6582/2865 6610/6583/2864 6611/6584/2864
f 6609/6582/2865 6612/6585/2866 6610/6583/2864
f 6613/6586/1258 6614/6587/778 6615/6588/778
f 6613/6586/1258 6616/6589/778 6614/6587/778
f 6615/6588/778 6617/6590/2867 6613/6586/1258
f 6618/6591/778 6617/6590/2867 6615/6588/778
f 6619/6592/778 6617/6590/2867 6618/6591/778
f 6618/6591/778 6620/6593/778 6619/6592/778
f 6620/6593/778 6621/6594/778 6619/6592/778
f 6622/6595/778 6617/6590/2867 6619/6592/778
f 6617/6590/2867 6623/6596/2868 6613/6586/1258
f 6623/6596/2868 6624/6597/778 6613/6586/1258
f 6617/6590/2867 6625/6598/2869 6623/6596/2868
f 6617/6590/2867 6626/6599/2870 6625/6598/2869
f 6623/6596/2868 6627/6600/778 6624/6597/778
f 6623/6596/2868 6628/6601/778 6627/6600/778
f 6627/6600/778 6629/6602/778 6624/6597/778
f 6627/6600/778 6630/6603/778 6629/6602/778
f 6631/6604/2871 6625/6598/2869 6626/6599/2870
f 6631/6604/2871 6632/6605/2872 6625/6598/2869
f 6632/6605/2872 6631/6604/2871 6633/6606/2873
f 6632/6605/2872 6633/6606/2873 6634/6607/2874
f 6635/6608/397 6636/6609/397 6634/6607/2874
f 6637/6610/397 6638/6611/397 6635/6608/397
f 6639/6612/397 6637/6610/397 6635/6608/397
f 6639/6612/397 6635/6608/397 6634/6607/2874
f 6640/6613/1192 6639/6612/397 6634/6607/2874
f 6634/6607/2874 6633/6606/2873 6640/6613/1192
f 6641/6614/397 6642/6615/397 6640/6613/1192
f 6643/6616/397 6641/6614/397 6640/6613/1192
f 6633/6606/2873 6643/6616/397 6640/6613/1192
f 6633/6606/2873 6644/6617/397 6643/6616/397
f 6633/6606/2873 6645/6618/397 6644/6617/397
f 6633/6606/2873 6646/6619/397 6645/6618/397
f 6645/6618/397 6647/6620/397 6644/6617/397
f 6645/6618/397 6648/6621/397 6647/6620/397
f 6649/6622/2875 5537/5514/2545 6650/6623/2875
f 5537/5514/2545 6651/6624/2876 6650/6623/2875
f 5535/5512/2545 5537/5514/2545 6649/6622/2875
f 6652/6625/2877 6649/6622/2875 6650/6623/2875
f 6652/6625/2877 6653/6626/2878 6649/6622/2875
f 6654/6627/2879 6653/6626/2878 6652/6625/2877
f 6654/6627/2879 6655/6628/2880 6653/6626/2878
f 6656/6629/92 6655/6628/2880 6654/6627/2879
f 6656/6629/92 6657/6630/113 6655/6628/2880
f 6658/6631/778 6659/6632/778 6660/6633/778
f 6661/6634/778 6658/6631/778 6660/6633/778
f 6660/6633/778 6662/6635/778 6661/6634/778
f 6663/6636/778 6664/6637/778 6665/6638/778
f 6663/6636/778 6666/6639/778 6664/6637/778
f 6667/6640/397 6668/6641/397 6669/6642/397
f 6667/6640/397 6670/6643/397 6668/6641/397
f 6671/6644/397 6672/6645/397 6673/6646/397
f 6671/6644/397 6674/6647/397 6672/6645/397
f 6675/6648/397 6676/6649/397 6677/6650/397
f 6675/6648/397 6678/6651/397 6676/6649/397
f 6677/6650/397 6679/6652/404 6675/6648/397
f 6680/6653/404 6681/6654/404 6682/6655/397
f 6682/6655/397 6683/6656/397 6680/6653/404
f 6682/6655/397 6684/6657/397 6683/6656/397
f 6684/6657/397 6685/6658/397 6683/6656/397
f 6680/6653/404 6686/6659/1731 6681/6654/404
f 6680/6653/404 6687/6660/397 6686/6659/1731
f 6686/6659/1731 6687/6660/397 6688/6661/397
f 6687/6660/397 6689/6662/397 6688/6661/397
f 6688/6661/397 6690/6663/397 6686/6659/1731
f 6691/6664/397 6686/6659/1731 6690/6663/397
f 6692/6665/397 6691/6664/397 6690/6663/397
f 6690/6663/397 6693/6666/397 6692/6665/397
f 6694/6667/780 6695/6668/781 6696/6669/780
f 6696/6669/780 6697/6670/778 6694/6667/780
f 6696/6669/780 6698/6671/778 6697/6670/778
f 6698/6671/778 6699/6672/778 6697/6670/778
f 6698/6671/778 6700/6673/778 6699/6672/778
f 6701/6674/778 6696/6669/780 6695/6668/781
f 6695/6668/781 6702/6675/778 6701/6674/778
f 6703/6676/778 6701/6674/778 6702/6675/778
f 6704/6677/778 6702/6675/778 6695/6668/781
f 6695/6668/781 6705/6678/778 6704/6677/778
f 6705/6678/778 6706/6679/778 6704/6677/778
f 6706/6679/778 6707/6680/780 6704/6677/778
f 6708/6681/778 6709/6682/778 6710/6683/778
f 6708/6681/778 6711/6684/778 6709/6682/778
f 6712/6685/397 6713/6686/397 6714/6687/397
f 6713/6686/397 6715/6688/397 6714/6687/397
f 6714/6687/397 6716/6689/397 6712/6685/397
f 6716/6689/397 6717/6690/397 6712/6685/397
f 6718/6691/778 6719/6692/778 6720/6693/778
f 6719/6692/778 6721/6694/778 6720/6693/778
f 6722/6695/778 6719/6692/778 6718/6691/778
f 6718/6691/778 6723/6696/778 6722/6695/778
f 6724/6697/778 6725/6698/2881 6726/6699/2882
f 6724/6697/778 6727/6700/778 6725/6698/2881
f 6728/6701/2204 6726/6699/2882 6725/6698/2881
f 6728/6701/2204 6729/6702/2201 6726/6699/2882
f 6725/6698/2881 6730/6703/2201 6728/6701/2204
f 6731/6704/184 6732/6705/184 6733/6706/184
f 6731/6704/184 6734/6707/184 6732/6705/184
f 6735/6708/2204 6736/6709/2883 6737/6710/2884
f 6735/6708/2204 6738/6711/2207 6736/6709/2883
f 6739/6712/778 6737/6710/2884 6736/6709/2883
f 6739/6712/778 6740/6713/778 6737/6710/2884
f 6741/6714/2885 6742/6715/2204 6743/6716/2885
f 6741/6714/2885 6744/6717/2201 6742/6715/2204
f 6745/6718/778 6741/6714/2885 6743/6716/2885
f 6745/6718/778 6746/6719/778 6741/6714/2885
f 6747/6720/184 6748/6721/184 6749/6722/184
f 6747/6720/184 6750/6723/184 6748/6721/184
f 6751/6724/2886 6752/6725/2198 6753/6726/2197
f 6754/6727/2887 6751/6724/2886 6753/6726/2197
f 6753/6726/2197 6755/6728/2200 6754/6727/2887
f 6754/6727/2887 6756/6729/397 6751/6724/2886
f 6754/6727/2887 6757/6730/397 6756/6729/397
f 6758/6731/184 6759/6732/184 6760/6733/184
f 6758/6731/184 6761/6734/184 6759/6732/184
f 6762/6735/2888 6763/6736/397 6764/6737/2889
f 6762/6735/2888 6765/6738/397 6763/6736/397
f 6762/6735/2888 6764/6737/2889 6766/6739/2197
f 6762/6735/2888 6766/6739/2197 6767/6740/2193
f 6768/6741/184 6769/6742/184 6770/6743/184
f 6768/6741/184 6771/6744/184 6769/6742/184
f 6772/6745/2890 6773/6746/2197 6774/6747/2891
f 6772/6745/2890 6775/6748/2197 6773/6746/2197
f 6774/6747/2891 6776/6749/397 6772/6745/2890
f 6774/6747/2891 6777/6750/397 6776/6749/397
f 6778/6751/184 6779/6752/184 6780/6753/184
f 6778/6751/184 6781/6754/184 6779/6752/184
f 6782/6755/184 6783/6756/184 6784/6757/184
f 6782/6755/184 6785/6758/184 6783/6756/184
f 6786/6759/184 6787/6760/184 6788/6761/184
f 6786/6759/184 6789/6762/184 6787/6760/184
f 6790/6763/184 6791/6764/184 6792/6765/184
f 6790/6763/184 6793/6766/184 6791/6764/184
f 6794/6767/2892 6795/6768/2893 6796/6769/2894
f 6797/6770/2895 6794/6767/2892 6796/6769/2894
f 6797/6770/2895 6796/6769/2894 6798/6771/2896
f 6794/6767/2892 6799/6772/2897 6795/6768/2893
f 6799/6772/2897 6800/6773/1290 6795/6768/2893
f 6799/6772/2897 6801/6774/1290 6800/6773/1290
f 6802/6775/2898 6803/6776/1441 6804/6777/1441
f 6802/6775/2898 6805/6778/2899 6803/6776/1441
f 6806/6779/2900 6805/6778/2899 6802/6775/2898
f 6806/6779/2900 6807/6780/2901 6805/6778/2899
f 6808/6781/1315 6807/6780/2901 6806/6779/2900
f 6808/6781/1315 6809/6782/1315 6807/6780/2901
f 6810/6783/184 6811/6784/184 6812/6785/184
f 6810/6783/184 6813/6786/184 6811/6784/184
f 6814/6787/184 6815/6788/184 6816/6789/184
f 6814/6787/184 6817/6790/184 6815/6788/184
f 6818/6791/184 6819/6792/184 6820/6793/184
f 6818/6791/184 6821/6794/184 6819/6792/184
f 6822/6795/184 6823/6796/184 6824/6797/184
f 6822/6795/184 6825/6798/184 6823/6796/184
f 6826/6799/184 6827/6800/184 6828/6801/184
f 6826/6799/184 6829/6802/184 6827/6800/184
f 6830/6803/184 6831/6804/184 6832/6805/184
f 6830/6803/184 6833/6806/184 6831/6804/184
f 6834/6807/1965 6835/6808/92 6836/6809/92
f 6835/6808/92 6837/6810/2902 6836/6809/92
f 6838/6811/92 6835/6808/92 6834/6807/1965
f 6837/6810/2902 6839/6812/2903 6836/6809/92
f 6840/6813/2904 6838/6811/92 6834/6807/1965
f 6839/6812/2903 6837/6810/2902 6841/6814/2905
f 6834/6807/1965 6842/6815/2906 6840/6813/2904
f 6843/6816/2907 6839/6812/2903 6841/6814/2905
f 6844/6817/2908 6840/6813/2904 6842/6815/2906
f 6841/6814/2905 6845/6818/2909 6843/6816/2907
f 6846/6819/2908 6844/6817/2908 6842/6815/2906
f 6846/6819/2908 6843/6816/2907 6845/6818/2909
f 6847/6820/2910 6844/6817/2908 6846/6819/2908
f 6846/6819/2908 6845/6818/2909 6847/6820/2910
f 6847/6820/2910 6845/6818/2909 6848/6821/2911
f 6847/6820/2910 6848/6821/2911 6849/6822/2912
f 6850/6823/692 6849/6822/2912 6848/6821/2911
f 6850/6823/692 6848/6821/2911 6851/6824/25
f 6850/6823/692 6851/6824/25 6852/6825/25
f 6851/6824/25 6853/6826/693 6852/6825/25
f 6852/6825/25 6854/6827/26 6850/6823/692
f 6854/6827/26 6855/6828/693 6850/6823/692
f 6856/6829/2913 6857/6830/397 6858/6831/1508
f 6856/6829/2913 6859/6832/2914 6857/6830/397
f 6859/6832/2914 6860/6833/397 6857/6830/397
f 6859/6832/2914 6861/6834/2915 6860/6833/397
f 6862/6835/2916 6859/6832/2914 6856/6829/2913
f 6863/6836/2917 6861/6834/2915 6859/6832/2914
f 6863/6836/2917 6859/6832/2914 6862/6835/2916
f 6864/6837/2918 6862/6835/2916 6856/6829/2913
f 6865/6838/2919 6863/6836/2917 6862/6835/2916
f 6856/6829/2913 6866/6839/2920 6864/6837/2918
f 6866/6839/2920 6867/6840/2921 6864/6837/2918
f 6856/6829/2913 6868/6841/2920 6866/6839/2920
f 6869/6842/1420 6867/6840/2921 6866/6839/2920
f 6866/6839/2920 6868/6841/2920 6869/6842/1420
f 6868/6841/2920 6870/6843/2922 6869/6842/1420
f 6870/6843/2922 6871/6844/1435 6869/6842/1420
f 6863/6836/2917 6865/6838/2919 6872/6845/2923
f 6870/6843/2922 6873/6846/2922 6871/6844/1435
f 6873/6846/2922 6874/6847/2922 6871/6844/1435
f 6875/6848/2924 6874/6847/2922 6873/6846/2922
f 6873/6846/2922 6870/6843/2922 6876/6849/2925
f 6875/6848/2924 6873/6846/2922 6876/6849/2925
f 6877/6850/2926 6875/6848/2924 6876/6849/2925
f 6878/6851/2927 6872/6845/2923 6877/6850/2926
f 6863/6836/2917 6872/6845/2923 6878/6851/2927
f 6879/6852/2928 6877/6850/2926 6876/6849/2925
f 6879/6852/2928 6878/6851/2927 6877/6850/2926
f 6880/6853/778 6879/6852/2928 6876/6849/2925
f 6880/6853/778 6876/6849/2925 6881/6854/778
f 6882/6855/778 6879/6852/2928 6880/6853/778
f 6882/6855/778 6883/6856/2929 6879/6852/2928
f 6883/6856/2929 6878/6851/2927 6879/6852/2928
f 6883/6856/2929 6884/6857/2930 6878/6851/2927
f 6878/6851/2927 6884/6857/2930 6885/6858/2931
f 6878/6851/2927 6885/6858/2931 6886/6859/1420
f 6878/6851/2927 6886/6859/1420 6863/6836/2917
f 6887/6860/2932 6885/6858/2931 6884/6857/2930
f 6886/6859/1420 6888/6861/1435 6863/6836/2917
f 6888/6861/1435 6887/6860/2932 6863/6836/2917
f 6887/6860/2932 6884/6857/2930 6889/6862/2933
f 6887/6860/2932 6889/6862/2933 6863/6836/2917
f 6863/6836/2917 6889/6862/2933 6861/6834/2915
f 6890/6863/92 6891/6864/92 6892/6865/92
f 6890/6863/92 6893/6866/92 6891/6864/92
f 6894/6867/92 6895/6868/92 6896/6869/92
f 6894/6867/92 6897/6870/92 6895/6868/92
f 6898/6871/92 6899/6872/92 6900/6873/92
f 6898/6871/92 6901/6874/92 6899/6872/92
f 6902/6875/92 6903/6876/92 6904/6877/92
f 6902/6875/92 6905/6878/92 6903/6876/92
f 6906/6879/92 6907/6880/92 6908/6881/92
f 6906/6879/92 6909/6882/92 6907/6880/92
f 6910/6883/92 6911/6884/92 6912/6885/92
f 6910/6883/92 6913/6886/92 6911/6884/92
f 6914/6887/92 6915/6888/92 6916/6889/92
f 6914/6887/92 6917/6890/92 6915/6888/92
f 6918/6891/92 6919/6892/92 6920/6893/92
f 6918/6891/92 6921/6894/92 6919/6892/92
f 6922/6895/92 6923/6896/92 6924/6897/92
f 6922/6895/92 6925/6898/92 6923/6896/92
f 6926/6899/92 6927/6900/92 6928/6901/92
f 6926/6899/92 6929/6902/92 6927/6900/92
f 6930/6903/92 6931/6904/92 6932/6905/92
f 6930/6903/92 6933/6906/92 6931/6904/92
f 6934/6907/92 6935/6908/92 6936/6909/92
f 6934/6907/92 6937/6910/92 6935/6908/92
f 6938/6911/2934 6939/6912/2471 6940/6913/2471
f 6938/6911/2934 6941/6914/2935 6939/6912/2471
f 6938/6911/2934 6942/6915/2494 6941/6914/2935
f 6938/6911/2934 6943/6916/2936 6942/6915/2494
f 6943/6916/2936 6944/6917/2480 6942/6915/2494
f 6945/6918/2937 6946/6919/2480 6938/6911/2934
f 6945/6918/2937 6947/6920/2938 6946/6919/2480
f 6947/6920/2938 6948/6921/2494 6946/6919/2480
f 6948/6921/2494 6949/6922/2480 6946/6919/2480
f 6947/6920/2938 6950/6923/2471 6948/6921/2494
f 6949/6922/2480 6951/6924/2494 6946/6919/2480
f 6951/6924/2494 6952/6925/2480 6946/6919/2480
f 6951/6924/2494 6953/6926/2480 6952/6925/2480
f 6947/6920/2938 6954/6927/2480 6950/6923/2471
f 6947/6920/2938 6955/6928/2938 6954/6927/2480
f 6947/6920/2938 6956/6929/2934 6955/6928/2938
f 6956/6929/2934 6957/6930/2480 6955/6928/2938
f 6958/6931/2939 6959/6932/2940 6960/6933/2941
f 6961/6934/2942 6959/6932/2940 6958/6931/2939
f 6962/6935/2477 6963/6936/2474 6960/6933/2941
f 6962/6935/2477 6964/6937/2483 6963/6936/2474
f 6963/6936/2474 6965/6938/2483 6960/6933/2941
f 6962/6935/2477 6966/6939/2474 6964/6937/2483
f 6962/6935/2477 6967/6940/2483 6966/6939/2474
f 6967/6940/2483 6968/6941/2483 6966/6939/2474
f 6965/6938/2483 6969/6942/2483 6960/6933/2941
f 6969/6942/2483 6970/6943/2474 6960/6933/2941
f 6971/6944/2943 6960/6933/2941 6970/6943/2474
f 6972/6945/2483 6971/6944/2943 6970/6943/2474
f 6973/6946/2483 6974/6947/2483 6961/6934/2942
f 6974/6947/2483 6975/6948/2474 6961/6934/2942
f 6976/6949/2474 6973/6946/2483 6961/6934/2942
f 6977/6950/2942 6961/6934/2942 6975/6948/2474
f 6978/6951/2483 6977/6950/2942 6975/6948/2474
f 6958/6931/2939 6976/6949/2474 6961/6934/2942
f 6958/6931/2939 6979/6952/2483 6976/6949/2474
f 6958/6931/2939 6980/6953/2474 6979/6952/2483
f 6958/6931/2939 6981/6954/2477 6980/6953/2474
f 6981/6954/2477 6982/6955/2477 6980/6953/2474
f 6983/6956/2944 6984/6957/2945 6985/6958/2944
f 6986/6959/2946 6983/6956/2944 6985/6958/2944
f 6983/6956/2944 6987/6960/2947 6984/6957/2945
f 6986/6959/2946 6988/6961/2946 6983/6956/2944
f 6987/6960/2947 6989/6962/2948 6984/6957/2945
f 6988/6961/2946 6986/6959/2946 6990/6963/2949
f 6987/6960/2947 6991/6964/2950 6989/6962/2948
f 6992/6965/2951 6989/6962/2948 6991/6964/2950
f 6992/6965/2951 6991/6964/2950 6993/6966/2952
f 6988/6961/2946 6990/6963/2949 6994/6967/2949
f 6994/6967/2949 6990/6963/2949 6995/6968/2953
f 6994/6967/2949 6995/6968/2953 6996/6969/2954
f 6997/6970/2955 6996/6969/2954 6995/6968/2953
f 6997/6970/2955 6998/6971/2955 6996/6969/2954
f 6999/6972/2608 7000/6973/2954 7001/6974/2953
f 6999/6972/2608 7002/6975/2608 7000/6973/2954
f 7003/6976/2949 7001/6974/2953 7000/6973/2954
f 7003/6976/2949 7004/6977/2949 7001/6974/2953
f 7005/6978/2946 7004/6977/2949 7003/6976/2949
f 7005/6978/2946 7006/6979/2946 7004/6977/2949
f 7006/6979/2946 7005/6978/2946 7007/6980/2944
f 7006/6979/2946 7007/6980/2944 7008/6981/2944
f 7007/6980/2944 7009/6982/2956 7008/6981/2944
f 7007/6980/2944 7010/6983/2947 7009/6982/2956
f 7010/6983/2947 7011/6984/2948 7009/6982/2956
f 7010/6983/2947 7012/6985/2948 7011/6984/2948
f 7013/6986/2951 7011/6984/2948 7012/6985/2948
f 7013/6986/2951 7012/6985/2948 7014/6987/2951
f 7015/6988/2949 7016/6989/2953 7017/6990/2954
f 7018/6991/2955 7017/6990/2954 7016/6989/2953
f 7018/6991/2955 7019/6992/2955 7017/6990/2954
f 7015/6988/2949 7020/6993/2949 7016/6989/2953
f 7021/6994/2946 7020/6993/2949 7015/6988/2949
f 7021/6994/2946 7022/6995/2946 7020/6993/2949
f 7022/6995/2946 7021/6994/2946 7023/6996/2944
f 7022/6995/2946 7023/6996/2944 7024/6997/2944
f 7023/6996/2944 7025/6998/2956 7024/6997/2944
f 7023/6996/2944 7026/6999/2947 7025/6998/2956
f 7026/6999/2947 7027/7000/2948 7025/6998/2956
f 7026/6999/2947 7028/7001/2950 7027/7000/2948
f 7029/7002/2957 7027/7000/2948 7028/7001/2950
f 7029/7002/2957 7028/7001/2950 7030/7003/2951
f 7031/7004/2958 7032/7005/2955 7033/7006/2958
f 7031/7004/2958 7034/7007/2955 7032/7005/2955
f 7033/7006/2958 7035/7008/2959 7031/7004/2958
f 7033/7006/2958 7036/7009/2959 7035/7008/2959
f 7036/7009/2959 7037/7010/2960 7035/7008/2959
f 7036/7009/2959 7038/7011/2960 7037/7010/2960
f 7039/7012/2961 7037/7010/2960 7038/7011/2960
f 7039/7012/2961 7038/7011/2960 7040/7013/2961
f 7039/7012/2961 7040/7013/2961 7041/7014/2962
f 7039/7012/2961 7041/7014/2962 7042/7015/2963
f 7042/7015/2963 7041/7014/2962 7043/7016/2964
f 7042/7015/2963 7043/7016/2964 7044/7017/2964
f 7045/7018/2951 7044/7017/2964 7043/7016/2964
f 7045/7018/2951 7046/7019/2952 7044/7017/2964
f 7047/7020/2958 7048/7021/2965 7049/7022/2958
f 7047/7020/2958 7050/7023/2608 7048/7021/2965
f 7049/7022/2958 7051/7024/2959 7047/7020/2958
f 7049/7022/2958 7052/7025/2959 7051/7024/2959
f 7052/7025/2959 7053/7026/2960 7051/7024/2959
f 7052/7025/2959 7054/7027/2960 7053/7026/2960
f 7055/7028/2961 7053/7026/2960 7054/7027/2960
f 7055/7028/2961 7054/7027/2960 7056/7029/2961
f 7055/7028/2961 7056/7029/2961 7057/7030/2966
f 7055/7028/2961 7057/7030/2966 7058/7031/2963
f 7058/7031/2963 7057/7030/2966 7059/7032/2964
f 7058/7031/2963 7059/7032/2964 7060/7033/2964
f 7061/7034/2951 7060/7033/2964 7059/7032/2964
f 7061/7034/2951 7062/7035/2951 7060/7033/2964
f 7063/7036/2958 7064/7037/2955 7065/7038/2958
f 7063/7036/2958 7066/7039/2955 7064/7037/2955
f 7065/7038/2958 7067/7040/2959 7063/7036/2958
f 7065/7038/2958 7068/7041/2959 7067/7040/2959
f 7068/7041/2959 7069/7042/2960 7067/7040/2959
f 7068/7041/2959 7070/7043/2960 7069/7042/2960
f 7071/7044/2961 7069/7042/2960 7070/7043/2960
f 7071/7044/2961 7070/7043/2960 7072/7045/2961
f 7071/7044/2961 7072/7045/2961 7073/7046/2966
f 7071/7044/2961 7073/7046/2966 7074/7047/2963
f 7074/7047/2963 7073/7046/2966 7075/7048/2964
f 7074/7047/2963 7075/7048/2964 7076/7049/2967
f 7077/7050/2957 7076/7049/2967 7075/7048/2964
f 7077/7050/2957 7078/7051/2951 7076/7049/2967
f 7079/7052/92 7080/7053/92 7081/7054/92
f 7080/7053/92 7082/7055/92 7081/7054/92
f 7081/7054/92 2654/2651/1234 7079/7052/92
f 7083/7056/92 2654/2651/1234 7081/7054/92
f 7079/7052/92 2654/2651/1234 7084/7057/1965
f 7085/7058/92 2654/2651/1234 7083/7056/92
f 7086/7059/92 7085/7058/92 7083/7056/92
f 2654/2651/1234 7087/7060/2968 7084/7057/1965
f 2653/2650/1233 7087/7060/2968 2654/2651/1234
f 7087/7060/2968 7088/7061/1965 7084/7057/1965
f 7088/7061/1965 7089/7062/92 7084/7057/1965
f 7088/7061/1965 7090/7063/92 7089/7062/92
f 7087/7060/2968 7091/7064/92 7088/7061/1965
f 7092/7065/92 7091/7064/92 7087/7060/2968
f 7093/7066/92 7092/7065/92 7087/7060/2968
f 7094/7067/92 7093/7066/92 7087/7060/2968
f 7095/7068/404 7096/7069/397 7097/7070/397
f 7098/7071/397 7097/7070/397 7096/7069/397
f 7095/7068/404 7097/7070/397 7099/7072/2969
f 7099/7072/2969 7100/7073/404 7095/7068/404
f 7097/7070/397 7101/7074/397 7099/7072/2969
f 7099/7072/2969 7102/7075/2969 7100/7073/404
f 7103/7076/397 7099/7072/2969 7101/7074/397
f 7101/7074/397 7104/7077/397 7103/7076/397
f 7102/7075/2969 7099/7072/2969 7105/7078/2970
f 7099/7072/2969 7106/7079/2971 7105/7078/2970
f 7105/7078/2970 7107/7080/2970 7102/7075/2969
f 7108/7081/2972 7107/7080/2970 7105/7078/2970
f 7108/7081/2972 7109/7082/2973 7107/7080/2970
f 7110/7083/2974 7109/7082/2973 7108/7081/2972
f 7110/7083/2974 7111/7084/2975 7109/7082/2973
f 7111/7084/2975 7110/7083/2974 7112/7085/92
f 7111/7084/2975 7112/7085/92 7113/7086/92
f 7114/7087/92 7115/7088/92 7111/7084/2975
f 7116/7089/92 7114/7087/92 7111/7084/2975
f 7111/7084/2975 7113/7086/92 7117/7090/1965
f 7118/7091/2976 7116/7089/92 7111/7084/2975
f 7117/7090/1965 7118/7091/2976 7111/7084/2975
f 7118/7091/2976 7119/7092/92 7116/7089/92
f 7120/7093/92 7117/7090/1965 7113/7086/92
f 7117/7090/1965 7121/7094/1965 7118/7091/2976
f 7113/7086/92 7122/7095/92 7120/7093/92
f 7121/7094/1965 7123/7096/2977 7118/7091/2976
f 7122/7095/92 7124/7097/92 7120/7093/92
f 7123/7096/2977 7125/7098/2978 7118/7091/2976
f 7126/7099/92 7120/7093/92 7124/7097/92
f 7123/7096/2977 7127/7100/2979 7125/7098/2978
f 7124/7097/92 7128/7101/92 7126/7099/92
f 7127/7100/2979 7129/7102/2980 7125/7098/2978
f 7124/7097/92 7130/7103/92 7128/7101/92
f 7127/7100/2979 7131/7104/2980 7129/7102/2980
f 7130/7103/92 7132/7105/2981 7128/7101/92
f 7130/7103/92 7133/7106/2982 7132/7105/2981
f 7134/7107/2983 7132/7105/2981 7133/7106/2982
f 7134/7107/2983 7135/7108/2983 7132/7105/2981
f 7136/7109/2984 7135/7108/2983 7134/7107/2983
f 7136/7109/2984 7137/7110/2985 7135/7108/2983
f 7138/7111/2986 7137/7110/2985 7136/7109/2984
f 7138/7111/2986 7139/7112/2986 7137/7110/2985
f 7140/7113/2987 7139/7112/2986 7138/7111/2986
f 7140/7113/2987 7141/7114/2988 7139/7112/2986
f 7142/7115/2989 7129/7102/2980 7131/7104/2980
f 7143/7116/2989 7142/7115/2989 7131/7104/2980
f 7144/7117/2990 7143/7116/2989 7131/7104/2980
f 7142/7115/2989 7143/7116/2989 7145/7118/778
f 7145/7118/778 7143/7116/2989 7146/7119/778
f 7146/7119/778 7143/7116/2989 7147/7120/780
f 7146/7119/778 7147/7120/780 7148/7121/780
f 7147/7120/780 7149/7122/780 7148/7121/780
f 7150/7123/778 7147/7120/780 7143/7116/2989
f 7143/7116/2989 7151/7124/778 7150/7123/778
f 7151/7124/778 7152/7125/778 7150/7123/778
f 7153/7126/2991 7154/7127/2992 7155/7128/2993
f 7154/7127/2992 7156/7129/2993 7155/7128/2993
f 7157/7130/2992 7154/7127/2992 7153/7126/2991
f 7158/7131/2994 7159/7132/2995 7160/7133/2996
f 7159/7132/2995 7161/7134/2996 7160/7133/2996
f 7162/7135/2994 7159/7132/2995 7158/7131/2994
f 7163/7136/2997 7164/7137/2998 7165/7138/2999
f 7166/7139/1441 7165/7138/2999 7164/7137/2998
f 7166/7139/1441 7167/7140/1441 7165/7138/2999
f 7163/7136/2997 7168/7141/3000 7164/7137/2998
f 7168/7141/3000 7163/7136/2997 7169/7142/2795
f 7169/7142/2795 7170/7143/2795 7168/7141/3000
f 7163/7136/2997 7171/7144/1441 7169/7142/2795
f 7172/7145/1443 7169/7142/2795 7171/7144/1441
f 7172/7145/1443 7171/7144/1441 7173/7146/1443
f 7174/7147/3001 7175/7148/3002 7176/7149/3003
f 7176/7149/3003 7177/7150/1573 7174/7147/3001
f 7176/7149/3003 7178/7151/1573 7177/7150/1573
f 7174/7147/3001 7179/7152/3002 7175/7148/3002
f 7180/7153/3004 7175/7148/3002 7179/7152/3002
f 7179/7152/3002 7181/7154/2782 7180/7153/3004
f 7180/7153/3004 7182/7155/1573 7175/7148/3002
f 7183/7156/1572 7182/7155/1573 7180/7153/3004
f 7183/7156/1572 7184/7157/1572 7182/7155/1573
f 7185/7158/92 7186/7159/3005 7187/7160/3006
f 7185/7158/92 7188/7161/92 7186/7159/3005
f 7189/7162/3007 7187/7160/3006 7186/7159/3005
f 7189/7162/3007 7186/7159/3005 6945/6918/2937
f 6945/6918/2937 7190/7163/2480 6947/6920/2938
f 7191/7164/2480 7192/7165/2471 7189/7162/3007
f 7192/7165/2471 7193/7166/2494 7189/7162/3007
f 7194/7167/2938 7191/7164/2480 7189/7162/3007
f 7195/7168/2473 7196/7169/2471 7193/7166/2494
f 7196/7169/2471 7189/7162/3007 7193/7166/2494
f 7197/7170/2934 7194/7167/2938 7189/7162/3007
f 7197/7170/2934 7198/7171/2473 7194/7167/2938
f 7197/7170/2934 7199/7172/2494 7198/7171/2473
f 7197/7170/2934 7200/7173/2938 7199/7172/2494
f 7200/7173/2938 7201/7174/2480 7199/7172/2494
f 7202/7175/2480 7197/7170/2934 7189/7162/3007
f 7189/7162/3007 6945/6918/2937 6938/6911/2934
f 7202/7175/2480 7189/7162/3007 6938/6911/2934
f 6938/6911/2934 6940/6913/2471 7202/7175/2480
f 6940/6913/2471 7203/7176/2480 7202/7175/2480
f 7203/7176/2480 7204/7177/2494 7202/7175/2480
f 7205/7178/2480 7202/7175/2480 7204/7177/2494
f 7206/7179/2480 7205/7178/2480 7204/7177/2494
f 7207/7180/2940 7208/7181/3008 7209/7182/3009
f 7208/7181/3008 7210/7183/92 7209/7182/3009
f 7208/7181/3008 7211/7184/92 7210/7183/92
f 7207/7180/2940 6959/6932/2940 7208/7181/3008
f 7212/7185/2483 6959/6932/2940 6961/6934/2942
f 7207/7180/2940 7213/7186/2483 7214/7187/2477
f 7207/7180/2940 7215/7188/2474 7213/7186/2483
f 7216/7189/2477 7217/7190/2497 7215/7188/2474
f 7207/7180/2940 7216/7189/2477 7215/7188/2474
f 7207/7180/2940 7214/7187/2477 7218/7191/2943
f 7207/7180/2940 7218/7191/2943 7219/7192/2942
f 7218/7191/2943 7220/7193/3010 7219/7192/2942
f 7220/7193/3010 7221/7194/2943 7219/7192/2942
f 7221/7194/2943 7222/7195/2942 7219/7192/2942
f 7221/7194/2943 7223/7196/2477 7222/7195/2942
f 7207/7180/2940 7219/7192/2942 6962/6935/2477
f 6959/6932/2940 7207/7180/2940 6960/6933/2941
f 6960/6933/2941 7207/7180/2940 6962/6935/2477
f 7224/7197/92 7225/7198/2895 7226/7199/92
f 7224/7197/92 7227/7200/3011 7225/7198/2895
f 7228/7201/217 7229/7202/217 7230/7203/217
f 7230/7203/217 7231/7204/217 7228/7201/217
f 7232/7205/217 7230/7203/217 7229/7202/217
f 7233/7206/217 7232/7205/217 7229/7202/217
f 7234/7207/2931 7235/7208/2931 7236/7209/1420
f 7234/7207/2931 7237/7210/1420 7235/7208/2931
f 7238/7211/1420 7239/7212/1421 7240/7213/2931
f 7238/7211/1420 7241/7214/1435 7239/7212/1421
f 7239/7212/1421 7242/7215/1421 7240/7213/2931
f 7243/7216/1420 7238/7211/1420 7240/7213/2931
f 7240/7213/2931 7244/7217/1420 7243/7216/1420
f 7245/7218/1420 7243/7216/1420 7244/7217/1420
f 7244/7217/1420 7246/7219/1420 7245/7218/1420
f 7247/7220/25 7248/7221/3012 7249/7222/25
f 7247/7220/25 7250/7223/3013 7248/7221/3012
f 7251/7224/831 7248/7221/3012 7250/7223/3013
f 7251/7224/831 7250/7223/3013 7252/7225/828
f 7253/7226/3014 7251/7224/831 7252/7225/828
f 7253/7226/3014 7252/7225/828 7254/7227/3015
f 7255/7228/3016 7253/7226/3014 7254/7227/3015
f 7255/7228/3016 7254/7227/3015 7256/7229/3017
f 7257/7230/836 7255/7228/3016 7256/7229/3017
f 7257/7230/836 7256/7229/3017 7258/7231/837
f 7259/7232/3018 7257/7230/836 7258/7231/837
f 7259/7232/3018 7258/7231/837 7260/7233/3019
f 7259/7232/3018 7260/7233/3019 7261/7234/217
f 7262/7235/217 7259/7232/3018 7261/7234/217
f 7261/7234/217 7263/7236/3020 7262/7235/217
f 7264/7237/3021 7262/7235/217 7263/7236/3020
f 7265/7238/92 7266/7239/92 7267/7240/92
f 7265/7238/92 7268/7241/92 7266/7239/92
f 7269/7242/3022 7270/7243/92 7271/7244/92
f 7269/7242/3022 7272/7245/3023 7270/7243/92
f 7273/7246/2024 7272/7245/3023 7269/7242/3022
f 7273/7246/2024 7274/7247/2267 7272/7245/3023
f 7275/7248/3024 7276/7249/2024 7277/7250/3025
f 7275/7248/3024 7278/7251/2024 7276/7249/2024
f 7275/7248/3024 7277/7250/3025 7279/7252/92
f 7275/7248/3024 7279/7252/92 7280/7253/92
f 7281/7254/3026 7282/7255/2467 7283/7256/2467
f 7281/7254/3026 7284/7257/3026 7282/7255/2467
f 7281/7254/3026 7285/7258/1965 7284/7257/3026
f 7286/7259/92 7284/7257/3026 7285/7258/1965
f 7285/7258/1965 7287/7260/92 7286/7259/92
f 7287/7260/92 7288/7261/92 7286/7259/92
f 7287/7260/92 7289/7262/92 7288/7261/92
f 7290/7263/2024 7291/7264/3023 7292/7265/3027
f 7290/7263/2024 7293/7266/3028 7291/7264/3023
f 7292/7265/3027 7291/7264/3023 7294/7267/92
f 7292/7265/3027 7294/7267/92 7295/7268/92
f 7296/7269/2148 7297/7270/3029 7298/7271/2289
f 7296/7269/2148 7299/7272/3030 7297/7270/3029
f 7300/7273/92 7297/7270/3029 7299/7272/3030
f 7301/7274/1965 7300/7273/92 7299/7272/3030
f 7302/7275/92 7300/7273/92 7301/7274/1965
f 7301/7274/1965 7303/7276/92 7302/7275/92
f 7303/7276/92 7304/7277/92 7302/7275/92
f 7305/7278/3031 7306/7279/2148 7307/7280/3032
f 7305/7278/3031 7308/7281/2050 7306/7279/2148
f 7309/7282/92 7305/7278/3031 7307/7280/3032
f 7309/7282/92 7307/7280/3032 7310/7283/92
f 7311/7284/3033 7312/7285/2050 7313/7286/3032
f 7311/7284/3033 7314/7287/2289 7312/7285/2050
f 7315/7288/92 7311/7284/3033 7313/7286/3032
f 7315/7288/92 7313/7286/3032 7316/7289/92
f 7317/7290/92 7318/7291/3034 7319/7292/92
f 7317/7290/92 7320/7293/3035 7318/7291/3034
f 7318/7291/3034 7320/7293/3035 7321/7294/2050
f 7318/7291/3034 7321/7294/2050 7322/7295/2050
f 7323/7296/3036 7324/7297/3037 7325/7298/3038
f 7323/7296/3036 7326/7299/3037 7324/7297/3037
f 7325/7298/3038 7327/7300/3037 7323/7296/3036
f 7325/7298/3038 7328/7301/3037 7327/7300/3037
f 7264/7237/3021 7329/7302/218 7262/7235/217
f 7264/7237/3021 7330/7303/217 7329/7302/218
f 7263/7236/3020 7331/7304/217 7332/7305/219
f 7263/7236/3020 7332/7305/219 7333/7306/3039
f 7332/7305/219 7334/7307/219 7333/7306/3039
f 7334/7307/219 7335/7308/217 7333/7306/3039
f 7336/7309/3040 7263/7236/3020 7333/7306/3039
f 7336/7309/3040 7264/7237/3021 7263/7236/3020
f 7333/7306/3039 7337/7310/217 7336/7309/3040
f 7333/7306/3039 7338/7311/219 7337/7310/217
f 7338/7311/219 7339/7312/3041 7337/7310/217
f 7338/7311/219 7340/7313/3042 7339/7312/3041
f 7341/7314/837 7339/7312/3041 7340/7313/3042
f 7341/7314/837 7342/7315/836 7339/7312/3041
f 7343/7316/3016 7342/7315/836 7341/7314/837
f 7343/7316/3016 7344/7317/3017 7342/7315/836
f 7345/7318/3014 7344/7317/3017 7343/7316/3016
f 7345/7318/3014 7346/7319/3015 7344/7317/3017
f 7347/7320/828 7346/7319/3015 7345/7318/3014
f 7347/7320/828 7348/7321/831 7346/7319/3015
f 7349/7322/3043 7348/7321/831 7347/7320/828
f 7349/7322/3043 7350/7323/3044 7348/7321/831
f 7350/7323/3044 7349/7322/3043 7351/7324/25
f 7350/7323/3044 7351/7324/25 7352/7325/25
f 7337/7310/217 7353/7326/217 7336/7309/3040
f 7353/7326/217 7354/7327/217 7336/7309/3040
f 7336/7309/3040 7355/7328/3045 7356/7329/3046
f 7356/7329/3046 7357/7330/3047 7336/7309/3040
f 7356/7329/3046 7358/7331/3048 7357/7330/3047
f 7357/7330/3047 7359/7332/3048 7336/7309/3040
f 7264/7237/3021 7336/7309/3040 7359/7332/3048
f 7264/7237/3021 7359/7332/3048 7360/7333/3046
f 7360/7333/3046 7361/7334/3047 7264/7237/3021
f 7362/7335/3049 7264/7237/3021 7361/7334/3047
f 7363/7336/3049 7361/7334/3047 7360/7333/3046
f 7364/7337/3050 7365/7338/3050 7366/7339/3050
f 7367/7340/3050 7364/7337/3050 7366/7339/3050
f 7368/7341/3051 7367/7340/3050 7366/7339/3050
f 7369/7342/3052 7368/7341/3051 7366/7339/3050
f 7370/7343/3053 7371/7344/3054 7372/7345/3053
f 7370/7343/3053 7373/7346/3054 7371/7344/3054
f 7372/7345/3053 7374/7347/3053 7370/7343/3053
f 7374/7347/3053 7375/7348/3054 7370/7343/3053
f 7376/7349/3055 7377/7350/3056 7378/7351/3057
f 7378/7351/3057 7379/7352/3057 7380/7353/3058
f 7378/7351/3057 7380/7353/3058 7376/7349/3055
f 7376/7349/3055 7381/7354/3059 7377/7350/3056
f 7376/7349/3055 7382/7355/3060 7381/7354/3059
f 7382/7355/3060 7383/7356/3057 7381/7354/3059
f 7382/7355/3060 7376/7349/3055 7384/7357/3061
f 7376/7349/3055 7385/7358/3062 7384/7357/3061
f 7386/7359/3062 7382/7355/3060 7384/7357/3061
f 7386/7359/3062 7384/7357/3061 7387/7360/3061
f 7386/7359/3062 7387/7360/3061 7388/7361/3063
f 7389/7362/3064 7386/7359/3062 7388/7361/3063
f 7389/7362/3064 7388/7361/3063 7390/7363/3061
f 7391/7364/3065 7389/7362/3064 7390/7363/3061
f 7392/7365/3063 7391/7364/3065 7390/7363/3061
f 7393/7366/3064 7392/7365/3063 7390/7363/3061
f 7393/7366/3064 7394/7367/3061 7392/7365/3063
f 7394/7367/3061 7395/7368/3066 7392/7365/3063
f 7396/7369/3067 7395/7368/3066 7394/7367/3061
f 7397/7370/3062 7396/7369/3067 7394/7367/3061
f 7395/7368/3066 7396/7369/3067 7398/7371/3057
f 7399/7372/3057 7395/7368/3066 7398/7371/3057
f 7400/7373/3058 7398/7371/3057 7396/7369/3067
f 7401/7374/3068 7400/7373/3058 7396/7369/3067
f 7402/7375/3069 7401/7374/3068 7396/7369/3067
f 7402/7375/3069 7403/7376/3057 7401/7374/3068
f 7404/7377/3070 7405/7378/3071 7406/7379/3071
f 7407/7380/3072 7404/7377/3070 7406/7379/3071
f 7406/7379/3071 7408/7381/3072 7407/7380/3072
f 7409/7382/3073 7410/7383/3074 7411/7384/3075
f 7409/7382/3073 7412/7385/3075 7410/7383/3074
f 7411/7384/3075 7413/7386/3074 7409/7382/3073
f 7414/7387/219 7415/7388/217 7416/7389/3076
f 7415/7388/217 7417/7390/3077 7416/7389/3076
f 7416/7389/3076 7417/7390/3077 7418/7391/3078
f 7416/7389/3076 7419/7392/219 7414/7387/219
f 7420/7393/3079 7416/7389/3076 7418/7391/3078
f 7414/7387/219 7419/7392/219 7421/7394/217
f 7419/7392/219 7422/7395/217 7421/7394/217
f 7422/7395/217 7423/7396/217 7421/7394/217
f 7418/7391/3078 7424/7397/3080 7420/7393/3079
f 7425/7398/3081 7420/7393/3079 7424/7397/3080
f 7424/7397/3080 7426/7399/3082 7425/7398/3081
f 7426/7399/3082 7427/7400/3083 7425/7398/3081
f 7428/7401/219 7429/7402/3084 7430/7403/217
f 7430/7403/217 7431/7404/217 7428/7401/219
f 7432/7405/217 7428/7401/219 7431/7404/217
f 7431/7404/217 7433/7406/217 7432/7405/217
f 7429/7402/3084 7434/7407/217 7430/7403/217
f 7429/7402/3084 7435/7408/3085 7434/7407/217
f 7436/7409/3086 7435/7408/3085 7429/7402/3084
f 7436/7409/3086 7429/7402/3084 7437/7410/3087
f 7437/7410/3087 7438/7411/3088 7436/7409/3086
f 7438/7411/3088 7437/7410/3087 7439/7412/3089
f 7439/7412/3089 7440/7413/3090 7438/7411/3088
f 7439/7412/3089 7441/7414/3091 7440/7413/3090
f 7442/7415/3092 7443/7416/3092 7444/7417/3093
f 7442/7415/3092 7445/7418/3092 7443/7416/3092
f 7446/7419/3094 7447/7420/3095 7448/7421/3096
f 7449/7422/3097 7448/7421/3096 7447/7420/3095
f 7449/7422/3097 7447/7420/3095 7450/7423/3097
f 7451/7424/3098 7449/7422/3097 7450/7423/3097
f 7451/7424/3098 2144/2141/960 7449/7422/3097
f 2144/2141/960 7451/7424/3098 2145/2142/961
f 7452/7425/3099 7446/7419/3094 7448/7421/3096
f 7453/7426/2471 7452/7425/3099 7448/7421/3096
f 7454/7427/3100 7446/7419/3094 7452/7425/3099
f 7454/7427/3100 7455/7428/3101 7446/7419/3094
f 7455/7428/3101 7454/7427/3100 7456/7429/3102
f 7454/7427/3100 7457/7430/2477 7456/7429/3102
f 7456/7429/3102 7458/7431/3103 7455/7428/3101
f 7458/7431/3103 7456/7429/3102 7459/7432/3104
f 7458/7431/3103 7459/7432/3104 7460/7433/3104
f 7461/7434/3105 7460/7433/3104 7459/7432/3104
f 7461/7434/3105 7459/7432/3104 7462/7435/3106
f 7461/7434/3105 7462/7435/3106 7463/7436/3107
f 7463/7436/3107 7462/7435/3106 7464/7437/3108
f 7462/7435/3106 7465/7438/3109 7464/7437/3108
f 7463/7436/3107 7464/7437/3108 7466/7439/3110
f 7463/7436/3107 7466/7439/3110 7467/7440/3110
f 7468/7441/3111 7467/7440/3110 7466/7439/3110
f 7468/7441/3111 7469/7442/3112 7467/7440/3110
f 7469/7442/3112 7468/7441/3111 7470/7443/1701
f 7471/7444/3113 7469/7442/3112 7470/7443/1701
f 7472/7445/3113 7471/7444/3113 7470/7443/1701
f 7473/7446/3114 7474/7447/780 7475/7448/780
f 7475/7448/780 7476/7449/778 7473/7446/3114
f 7473/7446/3114 7476/7449/778 7477/7450/3114
f 7476/7449/778 7478/7451/778 7477/7450/3114
f 7477/7450/3114 7479/7452/3115 7473/7446/3114
f 7477/7450/3114 7480/7453/3116 7479/7452/3115
f 7481/7454/3117 7479/7452/3115 7480/7453/3116
f 7481/7454/3117 7480/7453/3116 7482/7455/3118
f 7481/7454/3117 7482/7455/3118 7483/7456/3119
f 7481/7454/3117 7483/7456/3119 7484/7457/3119
f 7484/7457/3119 7483/7456/3119 7485/7458/397
f 7483/7456/3119 7486/7459/397 7485/7458/397
f 7485/7458/397 7487/7460/397 7484/7457/3119
f 7487/7460/397 7488/7461/397 7484/7457/3119
f 7489/7462/217 7490/7463/217 7491/7464/217
f 7489/7462/217 7492/7465/217 7490/7463/217
f 7493/7466/217 7494/7467/217 7495/7468/217
f 7493/7466/217 7496/7469/217 7494/7467/217
f 7497/7470/92 7498/7471/2142 7499/7472/92
f 7500/7473/92 7497/7470/92 7499/7472/92
f 7501/7474/92 7500/7473/92 7499/7472/92
f 7499/7472/92 7502/7475/2142 7501/7474/92
f 7503/7476/3120 7504/7477/3121 7505/7478/3120
f 7505/7478/3120 7506/7479/3122 7503/7476/3120
f 7506/7479/3122 7507/7480/3123 7503/7476/3120
f 7507/7480/3123 7508/7481/3120 7503/7476/3120
f 7503/7476/3120 7509/7482/3124 7504/7477/3121
f 7509/7482/3124 7510/7483/3125 7504/7477/3121
f 7509/7482/3124 7511/7484/3126 7510/7483/3125
f 7511/7484/3126 7512/7485/3126 7510/7483/3125
f 7512/7485/3126 7513/7486/3127 7510/7483/3125
f 7514/7487/3128 7515/7488/3127 7516/7489/3126
f 7516/7489/3126 7517/7490/3126 7514/7487/3128
f 7517/7490/3126 7518/7491/3129 7514/7487/3128
f 7519/7492/3121 7514/7487/3128 7518/7491/3129
f 7519/7492/3121 7518/7491/3129 7520/7493/3120
f 7520/7493/3120 7521/7494/3130 7519/7492/3121
f 7522/7495/3130 7521/7494/3130 7520/7493/3120
f 7523/7496/3120 7522/7495/3130 7520/7493/3120
f 7520/7493/3120 7524/7497/3120 7523/7496/3120
f 7525/7498/3131 7526/7499/3131 7527/7500/3132
f 7525/7498/3131 7528/7501/3132 7526/7499/3131
f 7529/7502/2991 7530/7503/2992 7531/7504/3133
f 7531/7504/3133 7532/7505/2991 7529/7502/2991
f 7533/7506/3133 7531/7504/3133 7530/7503/2992
f 7534/7507/2991 7533/7506/3133 7530/7503/2992
f 7535/7508/2992 7533/7506/3133 7534/7507/2991
f 7536/7509/3134 7531/7504/3133 7533/7506/3133
f 7536/7509/3134 7537/7510/3135 7531/7504/3133
f 7538/7511/3136 7537/7510/3135 7536/7509/3134
f 7538/7511/3136 7539/7512/3136 7537/7510/3135
f 7538/7511/3136 7540/7513/3137 7539/7512/3136
f 7538/7511/3136 7541/7514/3137 7540/7513/3137
f 7541/7514/3137 7542/7515/3138 7543/7516/3139
f 7543/7516/3139 7544/7517/3140 7541/7514/3137
f 7540/7513/3137 7541/7514/3137 7544/7517/3140
f 7544/7517/3140 7545/7518/3139 7540/7513/3137
f 7545/7518/3139 7546/7519/2996 7540/7513/3137
f 7547/7520/3141 7548/7521/3142 7549/7522/3143
f 7550/7523/3144 7549/7522/3143 7548/7521/3142
f 7547/7520/3141 7551/7524/3145 7548/7521/3142
f 7547/7520/3141 7552/7525/3146 7551/7524/3145
f 7547/7520/3141 7553/7526/3147 7552/7525/3146
f 7550/7523/3144 7548/7521/3142 7554/7527/3148
f 7555/7528/3149 7550/7523/3144 7554/7527/3148
f 7555/7528/3149 7556/7529/3150 7550/7523/3144
f 7557/7530/3151 7556/7529/3150 7555/7528/3149
f 7557/7530/3151 7555/7528/3149 7558/7531/3151
f 7559/7532/25 7560/7533/25 7561/7534/693
f 7559/7532/25 7562/7535/25 7560/7533/25
f 7563/7536/25 7564/7537/25 7565/7538/693
f 7563/7536/25 7566/7539/25 7564/7537/25
f 7567/7540/3152 7568/7541/3153 7569/7542/3153
f 7570/7543/3154 7567/7540/3152 7569/7542/3153
f 7571/7544/3153 7570/7543/3154 7569/7542/3153
f 7572/7545/3155 7573/7546/3156 7574/7547/3156
f 7574/7547/3156 7575/7548/3155 7572/7545/3155
f 7575/7548/3155 7576/7549/3156 7572/7545/3155
f 7577/7550/3157 7578/7551/3158 7579/7552/3159
f 7577/7550/3157 7580/7553/3160 7578/7551/3158
f 7578/7551/3158 7581/7554/3161 7582/7555/3162
f 7581/7554/3161 7578/7551/3158 7580/7553/3160
f 7582/7555/3162 7581/7554/3161 7583/7556/3163
f 7584/7557/3164 7581/7554/3161 7580/7553/3160
f 7583/7556/3163 7581/7554/3161 7584/7557/3164
f 7585/7558/3165 7586/7559/3166 7587/7560/693
f 7588/7561/3167 7586/7559/3166 7585/7558/3165
f 7586/7559/3166 7589/7562/3168 7587/7560/693
f 7588/7561/3167 7590/7563/3169 7586/7559/3166
f 7589/7562/3168 7586/7559/3166 7590/7563/3169
f 7591/7564/1765 7590/7563/3169 7588/7561/3167
f 7592/7565/3170 7587/7560/693 7589/7562/3168
f 7591/7564/1765 7593/7566/3171 7590/7563/3169
f 7594/7567/3172 7590/7563/3169 7593/7566/3171
f 7589/7562/3168 7590/7563/3169 7594/7567/3172
f 7594/7567/3172 7593/7566/3171 7595/7568/3173
f 7596/7569/3174 7594/7567/3172 7595/7568/3173
f 7592/7565/3170 7589/7562/3168 7597/7570/3175
f 7597/7570/3175 7589/7562/3168 7594/7567/3172
f 7598/7571/3176 7592/7565/3170 7597/7570/3175
f 7598/7571/3176 7597/7570/3175 7599/7572/3177
f 7597/7570/3175 7594/7567/3172 7600/7573/3178
f 7596/7569/3174 7600/7573/3178 7594/7567/3172
f 7600/7573/3178 7599/7572/3177 7597/7570/3175
f 7596/7569/3174 7601/7574/3179 7600/7573/3178
f 7601/7574/3179 7599/7572/3177 7600/7573/3178
f 7602/7575/217 7603/7576/217 7604/7577/3039
f 7602/7575/217 7605/7578/217 7603/7576/217
f 7606/7579/217 7602/7575/217 7604/7577/3039
f 7604/7577/3039 7607/7580/219 7606/7579/217
f 7604/7577/3039 7608/7581/219 7607/7580/219
f 7603/7576/217 7609/7582/217 7604/7577/3039
f 7609/7582/217 7610/7583/219 7604/7577/3039
f 7609/7582/217 7611/7584/217 7610/7583/219
f 7611/7584/217 7612/7585/3039 7610/7583/219
f 7611/7584/217 7613/7586/217 7612/7585/3039
f 7612/7585/3039 7614/7587/219 7610/7583/219
f 7613/7586/217 7615/7588/218 7612/7585/3039
f 7612/7585/3039 7616/7589/217 7614/7587/219
f 7616/7589/217 7617/7590/219 7614/7587/219
f 7616/7589/217 7618/7591/217 7617/7590/219
f 7619/7592/3039 7612/7585/3039 7615/7588/218
f 7615/7588/218 7620/7593/217 7619/7592/3039
f 7621/7594/217 7619/7592/3039 7620/7593/217
f 7620/7593/217 7622/7595/217 7621/7594/217
f 7621/7594/217 7623/7596/217 7619/7592/3039
f 7623/7596/217 7624/7597/219 7619/7592/3039
f 7624/7597/219 7625/7598/219 7619/7592/3039
f 7626/7599/996 7627/7600/3180 7628/7601/3181
f 7627/7600/3180 7626/7599/996 7629/7602/3182
f 7626/7599/996 7630/7603/60 7629/7602/3182
f 7627/7600/3180 7629/7602/3182 7631/7604/1373
f 7632/7605/3183 7627/7600/3180 7631/7604/1373
f 7626/7599/996 7633/7606/996 7630/7603/60
f 7632/7605/3183 7634/7607/3184 7627/7600/3180
f 7634/7607/3184 7632/7605/3183 7635/7608/1371
f 7636/7609/3185 7627/7600/3180 7634/7607/3184
f 7627/7600/3180 7636/7609/3185 7628/7601/3181
f 7630/7603/60 7633/7606/996 7637/7610/3186
f 7630/7603/60 7637/7610/3186 7638/7611/1378
f 7639/7612/693 7633/7606/996 7626/7599/996
f 7639/7612/693 7626/7599/996 7628/7601/3181
f 7633/7606/996 7639/7612/693 7637/7610/3186
f 7637/7610/3186 7640/7613/3187 7638/7611/1378
f 7637/7610/3186 7641/7614/3188 7640/7613/3187
f 7642/7615/3189 7640/7613/3187 7641/7614/3188
f 7637/7610/3186 7639/7612/693 7643/7616/3190
f 7643/7616/3190 7641/7614/3188 7637/7610/3186
f 7639/7612/693 7628/7601/3181 7644/7617/3165
f 7643/7616/3190 7639/7612/693 7644/7617/3165
f 7642/7615/3189 7641/7614/3188 7645/7618/3191
f 7645/7618/3191 7641/7614/3188 7643/7616/3190
f 7642/7615/3189 7645/7618/3191 7646/7619/3192
f 7642/7615/3189 7646/7619/3192 7647/7620/3193
f 7645/7618/3191 7643/7616/3190 7648/7621/3194
f 7648/7621/3194 7643/7616/3190 7644/7617/3165
f 7645/7618/3191 7648/7621/3194 7646/7619/3192
f 7649/7622/1508 7647/7620/3193 7646/7619/3192
f 7649/7622/1508 7646/7619/3192 7650/7623/3195
f 7649/7622/1508 7650/7623/3195 7651/7624/3196
f 7649/7622/1508 7651/7624/3196 7652/7625/1791
f 7650/7623/3195 7646/7619/3192 7653/7626/3197
f 7653/7626/3197 7646/7619/3192 7648/7621/3194
f 7653/7626/3197 7651/7624/3196 7650/7623/3195
f 7654/7627/1792 7652/7625/1791 7651/7624/3196
f 7655/7628/3198 7653/7626/3197 7648/7621/3194
f 7653/7626/3197 7655/7628/3198 7651/7624/3196
f 7644/7617/3165 7655/7628/3198 7648/7621/3194
f 7654/7627/1792 7651/7624/3196 7656/7629/3199
f 7656/7629/3199 7651/7624/3196 7655/7628/3198
f 7657/7630/1794 7654/7627/1792 7656/7629/3199
f 7657/7630/1794 7656/7629/3199 7658/7631/3200
f 7658/7631/3200 7659/7632/3201 7657/7630/1794
f 7656/7629/3199 7655/7628/3198 7660/7633/3202
f 7644/7617/3165 7660/7633/3202 7655/7628/3198
f 7661/7634/3203 7658/7631/3200 7656/7629/3199
f 7658/7631/3200 7661/7634/3203 7659/7632/3201
f 7661/7634/3203 7656/7629/3199 7660/7633/3202
f 7662/7635/1795 7659/7632/3201 7661/7634/3203
f 7662/7635/1795 7661/7634/3203 7663/7636/3204
f 7663/7636/3204 7661/7634/3203 7660/7633/3202
f 7663/7636/3204 7660/7633/3202 7644/7617/3165
f 7664/7637/121 7644/7617/3165 7628/7601/3181
f 7628/7601/3181 7636/7609/3185 7664/7637/121
f 7636/7609/3185 7665/7638/3205 7664/7637/121
f 7636/7609/3185 7666/7639/3206 7665/7638/3205
f 7636/7609/3185 7634/7607/3184 7666/7639/3206
f 7634/7607/3184 7635/7608/1371 7666/7639/3206
f 7667/7640/3207 7666/7639/3206 7635/7608/1371
f 7666/7639/3206 7667/7640/3207 7665/7638/3205
f 7667/7640/3207 7635/7608/1371 7668/7641/3208
f 7669/7642/1507 7667/7640/3207 7668/7641/3208
f 7669/7642/1507 7670/7643/3209 7667/7640/3207
f 7669/7642/1507 7671/7644/3210 7670/7643/3209
f 7669/7642/1507 7672/7645/1757 7671/7644/3210
f 7670/7643/3209 7673/7646/3211 7667/7640/3207
f 7673/7646/3211 7665/7638/3205 7667/7640/3207
f 7671/7644/3210 7673/7646/3211 7670/7643/3209
f 7671/7644/3210 7672/7645/1757 7674/7647/3212
f 7665/7638/3205 7673/7646/3211 7675/7648/3213
f 7671/7644/3210 7675/7648/3213 7673/7646/3211
f 7675/7648/3213 7664/7637/121 7665/7638/3205
f 7671/7644/3210 7674/7647/3212 7676/7649/3214
f 7675/7648/3213 7671/7644/3210 7676/7649/3214
f 7676/7649/3214 7674/7647/3212 7677/7650/3215
f 7678/7651/3216 7664/7637/121 7675/7648/3213
f 7675/7648/3213 7676/7649/3214 7678/7651/3216
f 7678/7651/3216 7679/7652/3217 7664/7637/121
f 7676/7649/3214 7677/7650/3215 7680/7653/3218
f 7681/7654/3219 7680/7653/3218 7677/7650/3215
f 7676/7649/3214 7682/7655/3220 7678/7651/3216
f 7678/7651/3216 7682/7655/3220 7679/7652/3217
f 7676/7649/3214 7680/7653/3218 7682/7655/3220
f 7681/7654/3219 7682/7655/3220 7680/7653/3218
f 7682/7655/3220 7683/7656/3221 7679/7652/3217
f 7682/7655/3220 7681/7654/3219 7683/7656/3221
f 7684/7657/3222 7685/7658/1339 7686/7659/1344
f 7684/7657/3222 7686/7659/1344 7687/7660/3223
f 7687/7660/3223 7686/7659/1344 7688/7661/1343
f 7689/7662/3224 7685/7658/1339 7684/7657/3222
f 7688/7661/1343 7690/7663/3225 7687/7660/3223
f 7689/7662/3224 7691/7664/3226 7685/7658/1339
f 7688/7661/1343 7692/7665/232 7690/7663/3225
f 7582/7555/3162 7691/7664/3226 7689/7662/3224
f 7582/7555/3162 7693/7666/3227 7691/7664/3226
f 7690/7663/3225 7692/7665/232 7694/7667/3228
f 7582/7555/3162 7583/7556/3163 7693/7666/3227
f 7690/7663/3225 7695/7668/3229 7687/7660/3223
f 7695/7668/3229 7684/7657/3222 7687/7660/3223
f 7588/7561/3167 7690/7663/3225 7694/7667/3228
f 7588/7561/3167 7694/7667/3228 7591/7564/1765
f 7690/7663/3225 7585/7558/3165 7695/7668/3229
f 7585/7558/3165 7690/7663/3225 7588/7561/3167
f 7696/7669/3230 7684/7657/3222 7695/7668/3229
f 7696/7669/3230 7689/7662/3224 7684/7657/3222
f 7695/7668/3229 7585/7558/3165 7697/7670/3181
f 7696/7669/3230 7695/7668/3229 7697/7670/3181
f 7587/7560/693 7697/7670/3181 7585/7558/3165
f 7689/7662/3224 7696/7669/3230 7698/7671/3231
f 7697/7670/3181 7698/7671/3231 7696/7669/3230
f 7689/7662/3224 7698/7671/3231 7582/7555/3162
f 7579/7552/3159 7698/7671/3231 7697/7670/3181
f 7579/7552/3159 7578/7551/3158 7698/7671/3231
f 7578/7551/3158 7582/7555/3162 7698/7671/3231
f 7699/7672/3232 7700/7673/3233 7701/7674/3234
f 7699/7672/3232 7702/7675/3232 7700/7673/3233
f 7703/7676/3235 7702/7675/3232 7699/7672/3232
f 7703/7676/3235 7704/7677/3236 7702/7675/3232
f 7701/7674/3234 7700/7673/3233 7705/7678/3237
f 7701/7674/3234 7705/7678/3237 7706/7679/3238
f 7705/7678/3237 7707/7680/3239 7706/7679/3238
f 7705/7678/3237 7708/7681/3239 7707/7680/3239
f 7708/7681/3239 7709/7682/3240 7707/7680/3239
f 7708/7681/3239 7710/7683/3241 7709/7682/3240
f 7710/7683/3241 7711/7684/3242 7709/7682/3240
f 7710/7683/3241 7712/7685/3242 7711/7684/3242
f 7712/7685/3242 7713/7686/3243 7711/7684/3242
f 7712/7685/3242 7714/7687/3244 7713/7686/3243
f 7714/7687/3244 7715/7688/3235 7713/7686/3243
f 7714/7687/3244 7716/7689/3245 7715/7688/3235
f 7717/7690/327 7718/7691/331 7719/7692/327
f 7719/7692/327 7720/7693/331 7717/7690/327
f 7721/7694/331 7717/7690/327 7720/7693/331
f 7722/7695/330 7720/7693/331 7719/7692/327
f 7717/7690/327 7723/7696/330 7718/7691/331
f 7723/7696/330 7724/7697/328 7718/7691/331
f 7724/7697/328 7725/7698/328 7718/7691/331
f 7725/7698/328 7726/7699/329 7718/7691/331
f 7727/7700/331 7719/7692/327 7718/7691/331
f 7718/7691/331 7728/7701/330 7727/7700/331
f 7718/7691/331 7729/7702/608 7728/7701/330
f 7729/7702/608 7730/7703/330 7728/7701/330
f 7729/7702/608 7731/7704/330 7730/7703/330
f 7718/7691/331 7732/7705/332 7729/7702/608
f 7732/7705/332 7733/7706/332 7729/7702/608
f 7734/7707/331 7733/7706/332 7732/7705/332
f 7735/7708/327 7734/7707/331 7736/7709/329
f 7736/7709/329 7734/7707/331 7737/7710/329
f 7737/7710/329 7738/7711/328 7736/7709/329
f 7732/7705/332 7737/7710/329 7734/7707/331
f 7739/7712/328 7737/7710/329 7732/7705/332
f 7740/7713/331 7739/7712/328 7732/7705/332
f 7741/7714/331 7740/7713/331 7732/7705/332
f 7742/7715/329 7741/7714/331 7732/7705/332
f 7743/7716/3246 7744/7717/3247 7745/7718/3248
f 7743/7716/3246 7746/7719/3246 7744/7717/3247
f 7743/7716/3246 7747/7720/3249 7746/7719/3246
f 7743/7716/3246 7748/7721/3249 7747/7720/3249
f 7749/7722/3250 7747/7720/3249 7748/7721/3249
f 7749/7722/3250 7748/7721/3249 7750/7723/3251
f 7749/7722/3250 7750/7723/3251 7751/7724/3252
f 7750/7723/3251 7752/7725/3253 7751/7724/3252
f 7753/7726/3254 7749/7722/3250 7751/7724/3252
f 7754/7727/3254 7753/7726/3254 7751/7724/3252
f 7751/7724/3252 7752/7725/3253 7755/7728/3255
f 7751/7724/3252 7755/7728/3255 7756/7729/3256
f 7757/7730/3257 7758/7731/3258 7759/7732/3258
f 7759/7732/3258 7758/7731/3258 7760/7733/3259
f 7757/7730/3257 7761/7734/3253 7758/7731/3258
f 7759/7732/3258 7760/7733/3259 7762/7735/3259
f 7763/7736/3255 7761/7734/3253 7757/7730/3257
f 7763/7736/3255 7757/7730/3257 7764/7737/3256
f 7759/7732/3258 7765/7738/3260 7757/7730/3257
f 7765/7738/3260 7766/7739/3260 7757/7730/3257
f 7767/7740/3261 7762/7735/3259 7760/7733/3259
f 7767/7740/3261 7768/7741/3262 7762/7735/3259
f 7769/7742/2852 7768/7741/3262 7767/7740/3261
f 7769/7742/2852 7767/7740/3261 7770/7743/2852
f 7771/7744/3263 7772/7745/3264 7773/7746/3263
f 7773/7746/3263 7774/7747/3264 7771/7744/3263
f 7774/7747/3264 7775/7748/3264 7771/7744/3263
f 7776/7749/3264 7771/7744/3263 7775/7748/3264
f 7775/7748/3264 7774/7747/3264 7777/7750/25
f 7775/7748/3264 7778/7751/3265 7776/7749/3264
f 7778/7751/3265 7779/7752/3266 7776/7749/3264
f 7780/7753/26 7775/7748/3264 7777/7750/25
f 7781/7754/25 7780/7753/26 7777/7750/25
f 7777/7750/25 7782/7755/25 7781/7754/25
f 7782/7755/25 7783/7756/25 7781/7754/25
f 7783/7756/25 7784/7757/26 7781/7754/25
f 7783/7756/25 7785/7758/3267 7784/7757/26
f 7783/7756/25 7786/7759/3267 7785/7758/3267
f 7785/7758/3267 7786/7759/3267 7787/7760/3268
f 7788/7761/3269 7785/7758/3267 7787/7760/3268
f 7787/7760/3268 7789/7762/3270 7788/7761/3269
f 7790/7763/3267 7787/7760/3268 7786/7759/3267
f 7786/7759/3267 7791/7764/3271 7790/7763/3267
f 7791/7764/3271 7792/7765/3267 7790/7763/3267
f 7793/7766/3272 7794/7767/3273 7795/7768/3274
f 7793/7766/3272 7796/7769/3275 7794/7767/3273
f 7797/7770/3127 7795/7768/3274 7794/7767/3273
f 7797/7770/3127 7794/7767/3273 7798/7771/3276
f 7797/7770/3127 7798/7771/3276 7799/7772/3276
f 7800/7773/3127 7797/7770/3127 7799/7772/3276
f 7798/7771/3276 7801/7774/3276 7799/7772/3276
f 7798/7771/3276 7802/7775/3277 7801/7774/3276
f 7803/7776/3278 7800/7773/3127 7799/7772/3276
f 7804/7777/3279 7800/7773/3127 7803/7776/3278
f 7803/7776/3278 7805/7778/3272 7804/7777/3279
f 7803/7776/3278 7806/7779/3275 7805/7778/3272
f 7807/7780/3280 7808/7781/3281 7809/7782/3280
f 7807/7780/3280 7810/7783/3281 7808/7781/3281
f 7811/7784/3282 7812/7785/3282 7813/7786/3280
f 7811/7784/3282 7814/7787/3282 7812/7785/3282
f 7815/7788/217 7816/7789/217 7817/7790/239
f 7815/7788/217 7818/7791/239 7816/7789/217
f 7819/7792/217 7820/7793/217 7821/7794/239
f 7819/7792/217 7822/7795/239 7820/7793/217
f 7823/7796/3283 7824/7797/3284 7825/7798/3283
f 7823/7796/3283 7826/7799/3284 7824/7797/3284
f 7827/7800/3285 7828/7801/3286 7829/7802/3287
f 7829/7802/3287 7828/7801/3286 7830/7803/3288
f 7827/7800/3285 7831/7804/3289 7828/7801/3286
f 7829/7802/3287 7830/7803/3288 7832/7805/3288
f 7833/7806/3290 7831/7804/3289 7827/7800/3285
f 7832/7805/3288 7830/7803/3288 7834/7807/3291
f 7833/7806/3290 7835/7808/3292 7831/7804/3289
f 7832/7805/3288 7834/7807/3291 7836/7809/3291
f 7833/7806/3290 7837/7810/3293 7835/7808/3292
f 7836/7809/3291 7834/7807/3291 7838/7811/3294
f 7833/7806/3290 7839/7812/3295 7837/7810/3293
f 7836/7809/3291 7838/7811/3294 7840/7813/3296
f 7841/7814/3297 7837/7810/3293 7839/7812/3295
f 7840/7813/3296 7838/7811/3294 7842/7815/3298
f 7841/7814/3297 7839/7812/3295 7843/7816/3299
f 7840/7813/3296 7842/7815/3298 7844/7817/3300
f 7844/7817/3300 7842/7815/3298 7845/7818/25
f 7844/7817/3300 7845/7818/25 7846/7819/3301
f 7847/7820/3302 7841/7814/3297 7843/7816/3299
f 7847/7820/3302 7843/7816/3299 7848/7821/3302
f 7849/7822/3303 7847/7820/3302 7848/7821/3302
f 7849/7822/3303 7848/7821/3302 7850/7823/3304
f 7851/7824/3305 7849/7822/3303 7850/7823/3304
f 7851/7824/3305 7850/7823/3304 7852/7825/3306
f 7853/7826/3307 7851/7824/3305 7852/7825/3306
f 7853/7826/3307 7852/7825/3306 7854/7827/55
f 7855/7828/3308 7856/7829/3309 7857/7830/3309
f 7857/7830/3309 7858/7831/3309 7855/7828/3308
f 7859/7832/3309 7857/7830/3309 7856/7829/3309
f 7856/7829/3309 7860/7833/3309 7859/7832/3309
f 7860/7833/3309 7861/7834/3308 7859/7832/3309
f 7861/7834/3308 7862/7835/3310 7859/7832/3309
f 7863/7836/3311 7864/7837/3312 7865/7838/3313
f 7863/7836/3311 7866/7839/3314 7864/7837/3312
f 7865/7838/3313 7867/7840/3311 7863/7836/3311
f 7863/7836/3311 7868/7841/3315 7866/7839/3314
f 7863/7836/3311 7869/7842/3312 7868/7841/3315
f 7869/7842/3312 7870/7843/3316 7868/7841/3315
f 7871/7844/3314 7863/7836/3311 7867/7840/3311
f 7872/7845/3317 7871/7844/3314 7867/7840/3311
f 7872/7845/3317 7873/7846/3317 7871/7844/3314
f 7873/7846/3317 7874/7847/3312 7871/7844/3314
f 7875/7848/3311 7876/7849/3311 7877/7850/3312
f 7878/7851/3314 7875/7848/3311 7877/7850/3312
f 7876/7849/3311 7879/7852/3314 7877/7850/3312
f 7880/7853/3317 7878/7851/3314 7877/7850/3312
f 7881/7854/3312 7877/7850/3312 7879/7852/3314
f 7882/7855/3316 7881/7854/3312 7879/7852/3314
f 7877/7850/3312 7883/7856/3318 7880/7853/3317
f 7883/7856/3318 7884/7857/3319 7880/7853/3317
f 7883/7856/3318 7885/7858/3317 7884/7857/3319
f 7883/7856/3318 7886/7859/3312 7885/7858/3317
f 7887/7860/3320 7888/7861/3321 7889/7862/3322
f 7890/7863/3323 7888/7861/3321 7887/7860/3320
f 7890/7863/3323 7887/7860/3320 7891/7864/3324
f 7889/7862/3322 7892/7865/3322 7887/7860/3320
f 7892/7865/3322 7893/7866/3322 7887/7860/3320
f 7894/7867/3325 7895/7868/3326 7896/7869/3327
f 7897/7870/3328 7896/7869/3327 7895/7868/3326
f 7897/7870/3328 7898/7871/3329 7896/7869/3327
f 7899/7872/3325 7894/7867/3325 7896/7869/3327
f 7900/7873/3325 7899/7872/3325 7896/7869/3327
f 7901/7874/217 7902/7875/219 7903/7876/219
f 7901/7874/217 7904/7877/217 7902/7875/219
f 7903/7876/219 7905/7878/217 7901/7874/217
f 7906/7879/217 7902/7875/219 7904/7877/217
f 7905/7878/217 7903/7876/219 7907/7880/217
f 7904/7877/217 7908/7881/217 7906/7879/217
f 7905/7878/217 7907/7880/217 7909/7882/217
f 7910/7883/219 7906/7879/217 7908/7881/217
f 7911/7884/217 7909/7882/217 7907/7880/217
f 7908/7881/217 7912/7885/217 7910/7883/219
f 7907/7880/217 7913/7886/217 7911/7884/217
f 7912/7885/217 7914/7887/219 7910/7883/219
f 7915/7888/217 7911/7884/217 7913/7886/217
f 7914/7887/219 7916/7889/219 7910/7883/219
f 7917/7890/219 7915/7888/217 7913/7886/217
f 7914/7887/219 7918/7891/217 7916/7889/219
f 7919/7892/217 7915/7888/217 7917/7890/219
f 7920/7893/219 7916/7889/219 7918/7891/217
f 7919/7892/217 7917/7890/219 7921/7894/219
f 7918/7891/217 7922/7895/219 7920/7893/219
f 7923/7896/217 7919/7892/217 7921/7894/219
f 7922/7895/219 7924/7897/219 7920/7893/219
f 7923/7896/217 7921/7894/219 7925/7898/219
f 7922/7895/219 7926/7899/217 7924/7897/219
f 7927/7900/217 7923/7896/217 7925/7898/219
f 7928/7901/219 7924/7897/219 7926/7899/217
f 7927/7900/217 7925/7898/219 7928/7901/219
f 7926/7899/217 7929/7902/217 7928/7901/219
f 7929/7902/217 7927/7900/217 7928/7901/219
f 7930/7903/2601 7931/7904/3330 7932/7905/3331
f 7931/7904/3330 7933/7906/3331 7932/7905/3331
f 7933/7906/3331 7934/7907/2601 7932/7905/3331
f 7932/7905/3331 7935/7908/2601 7930/7903/2601
f 7930/7903/2601 7935/7908/2601 7936/7909/3331
f 7935/7908/2601 7937/7910/3330 7936/7909/3331
f 7935/7908/2601 7938/7911/2601 7937/7910/3330
f 7939/7912/3332 7940/7913/3333 7941/7914/3334
f 7942/7915/3332 7941/7914/3334 7940/7913/3333
f 7943/7916/3331 7942/7915/3332 7940/7913/3333
f 7940/7913/3333 7944/7917/2601 7943/7916/3331
f 7941/7914/3334 7945/7918/3334 7939/7912/3332
f 7945/7918/3334 7946/7919/3332 7939/7912/3332
f 7946/7919/3332 7947/7920/3332 7939/7912/3332
f 7948/7921/3335 7949/7922/3336 7950/7923/3336
f 7951/7924/3337 7949/7922/3336 7948/7921/3335
f 7952/7925/3337 7951/7924/3337 7948/7921/3335
f 7948/7921/3335 7953/7926/3338 7952/7925/3337
f 7954/7927/3336 7948/7921/3335 7950/7923/3336
f 7950/7923/3336 7955/7928/3335 7954/7927/3336
f 7955/7928/3335 7956/7929/3337 7954/7927/3336
f 7948/7921/3335 7957/7930/3335 7953/7926/3338
f 7958/7931/3336 7953/7926/3338 7957/7930/3335
f 7959/7932/3339 7958/7931/3336 7957/7930/3335
f 7960/7933/3338 7959/7932/3339 7957/7930/3335
f 7961/7934/3338 7960/7933/3338 7957/7930/3335
f 7962/7935/3337 7961/7934/3338 7957/7930/3335
f 7963/7936/3335 7961/7934/3338 7962/7935/3337
f 7962/7935/3337 7964/7937/3337 7963/7936/3335
f 7965/7938/3331 7966/7939/3331 7967/7940/2601
f 7966/7939/3331 7968/7941/3331 7967/7940/2601
f 7969/7942/3331 7966/7939/3331 7965/7938/3331
f 7970/7943/3330 7969/7942/3331 7965/7938/3331
f 7971/7944/3331 7970/7943/3330 7965/7938/3331
f 7972/7945/3333 7973/7946/3332 7974/7947/3334
f 7973/7946/3332 7975/7948/3330 7974/7947/3334
f 7975/7948/3330 7976/7949/3331 7974/7947/3334
f 7974/7947/3334 7977/7950/3334 7972/7945/3333
f 7977/7950/3334 7978/7951/3331 7972/7945/3333
f 7979/7952/768 1610/1607/768 7980/7953/768
f 1606/1603/765 7980/7953/768 1610/1607/768
f 7980/7953/768 7981/7954/768 7979/7952/768
f 7980/7953/768 7982/7955/763 7981/7954/768
f 7982/7955/763 7983/7956/765 7981/7954/768
f 7980/7953/768 7984/7957/151 7982/7955/763
f 2565/2562/763 7985/7958/766 7986/7959/768
f 2565/2562/763 7986/7959/768 2563/2560/763
f 7986/7959/768 7987/7960/768 2563/2560/763
f 7988/7961/3311 7989/7962/3317 7990/7963/3313
f 7988/7961/3311 7991/7964/3312 7989/7962/3317
f 7990/7963/3313 7992/7965/3313 7988/7961/3311
f 7988/7961/3311 7993/7966/3311 7991/7964/3312
f 7988/7961/3311 7994/7967/3314 7993/7966/3311
f 7994/7967/3314 7995/7968/3312 7993/7966/3311
f 7996/7969/3314 7988/7961/3311 7992/7965/3313
f 7997/7970/3312 7996/7969/3314 7992/7965/3313
f 7997/7970/3312 7998/7971/3317 7996/7969/3314
f 7998/7971/3317 7999/7972/3314 7996/7969/3314
f 8000/7973/3319 8001/7974/3311 8002/7975/3312
f 8003/7976/3314 8000/7973/3319 8002/7975/3312
f 8001/7974/3311 8004/7977/3312 8002/7975/3312
f 8005/7978/3317 8003/7976/3314 8002/7975/3312
f 8006/7979/3314 8002/7975/3312 8004/7977/3312
f 8007/7980/3312 8006/7979/3314 8004/7977/3312
f 8002/7975/3312 8008/7981/3313 8005/7978/3317
f 8008/7981/3313 8009/7982/3311 8005/7978/3317
f 8008/7981/3313 8010/7983/3317 8009/7982/3311
f 8008/7981/3313 8011/7984/3314 8010/7983/3317
f 8012/7985/25 8013/7986/25 8014/7987/25
f 8012/7985/25 8015/7988/25 8013/7986/25
f 8016/7989/3330 8017/7990/3330 8018/7991/2601
f 8019/7992/3330 8018/7991/2601 8017/7990/3330
f 8020/7993/3330 8019/7992/3330 8017/7990/3330
f 8017/7990/3330 8021/7994/2601 8020/7993/3330
f 8018/7991/2601 8022/7995/3334 8016/7989/3330
f 8022/7995/3334 8023/7996/3331 8016/7989/3330
f 8023/7996/3331 8024/7997/2601 8016/7989/3330
f 8025/7998/3332 8026/7999/3332 8027/8000/3332
f 8026/7999/3332 8028/8001/3330 8027/8000/3332
f 8028/8001/3330 8029/8002/2601 8027/8000/3332
f 8027/8000/3332 8030/8003/3334 8025/7998/3332
f 8025/7998/3332 8030/8003/3334 8031/8004/3331
f 8030/8003/3334 8032/8005/3332 8031/8004/3331
f 8030/8003/3334 8033/8006/3334 8032/8005/3332
f 8034/8007/217 8035/8008/217 8036/8009/217
f 8034/8007/217 8037/8010/217 8035/8008/217
f 8036/8009/217 8038/8011/217 8034/8007/217
f 8039/8012/217 8035/8008/217 8037/8010/217
f 8038/8011/217 8036/8009/217 8040/8013/217
f 8037/8010/217 8041/8014/217 8039/8012/217
f 8038/8011/217 8040/8013/217 8042/8015/219
f 8043/8016/217 8039/8012/217 8041/8014/217
f 8044/8017/219 8042/8015/219 8040/8013/217
f 8041/8014/217 8045/8018/219 8043/8016/217
f 8040/8013/217 8046/8019/217 8044/8017/219
f 8045/8018/219 8047/8020/219 8043/8016/217
f 8048/8021/219 8044/8017/219 8046/8019/217
f 8047/8020/219 8049/8022/217 8043/8016/217
f 8050/8023/219 8048/8021/219 8046/8019/217
f 8047/8020/219 8051/8024/219 8049/8022/217
f 8052/8025/217 8048/8021/219 8050/8023/219
f 8053/8026/219 8049/8022/217 8051/8024/219
f 8052/8025/217 8050/8023/219 8054/8027/219
f 8051/8024/219 8055/8028/219 8053/8026/219
f 8056/8029/219 8052/8025/217 8054/8027/219
f 8055/8028/219 8057/8030/219 8053/8026/219
f 8056/8029/219 8054/8027/219 8058/8031/217
f 8055/8028/219 8059/8032/219 8057/8030/219
f 8060/8033/217 8056/8029/219 8058/8031/217
f 8061/8034/219 8057/8030/219 8059/8032/219
f 8060/8033/217 8058/8031/217 8061/8034/219
f 8059/8032/219 8062/8035/217 8061/8034/219
f 8062/8035/217 8060/8033/217 8061/8034/219
f 8063/8036/3330 8064/8037/2601 8065/8038/2601
f 8064/8037/2601 8066/8039/2601 8065/8038/2601
f 8067/8040/2601 8064/8037/2601 8063/8036/3330
f 8068/8041/3330 8067/8040/2601 8063/8036/3330
f 8069/8042/3331 8068/8041/3330 8063/8036/3330
f 8070/8043/3333 8071/8044/3334 8072/8045/3332
f 8071/8044/3334 8073/8046/3330 8072/8045/3332
f 8073/8046/3330 8074/8047/3331 8072/8045/3332
f 8072/8045/3332 8075/8048/3332 8070/8043/3333
f 8075/8048/3332 8076/8049/3330 8070/8043/3333
f 8077/8050/3340 8078/8051/3341 8079/8052/3342
f 8077/8050/3340 8080/8053/3343 8078/8051/3341
f 8079/8052/3342 8078/8051/3341 8081/8054/3344
f 8079/8052/3342 8081/8054/3344 8082/8055/3345
f 8082/8055/3345 8081/8054/3344 8083/8056/3346
f 8082/8055/3345 8083/8056/3346 8084/8057/3347
f 8084/8057/3347 8083/8056/3346 8085/8058/3348
f 8084/8057/3347 8085/8058/3348 8086/8059/3349
f 8087/8060/3350 8086/8059/3349 8085/8058/3348
f 8087/8060/3350 8085/8058/3348 8088/8061/3350
f 8089/8062/3349 8090/8063/3350 8091/8064/3350
f 8089/8062/3349 8092/8065/3348 8090/8063/3350
f 8089/8062/3349 8093/8066/3347 8092/8065/3348
f 8089/8062/3349 8094/8067/3346 8093/8066/3347
f 8094/8067/3346 8095/8068/3345 8093/8066/3347
f 8094/8067/3346 8096/8069/3344 8095/8068/3345
f 8096/8069/3344 8097/8070/3341 8095/8068/3345
f 8096/8069/3344 8098/8071/3351 8097/8070/3341
f 8098/8071/3351 8099/8072/3340 8097/8070/3341
f 8098/8071/3351 8100/8073/3343 8099/8072/3340
f 8101/8074/2942 8102/8075/2483 8103/8076/3352
f 8101/8074/2942 8104/8077/2483 8102/8075/2483
f 8103/8076/3352 8105/8078/3352 8101/8074/2942
f 8105/8078/3352 8106/8079/2483 8101/8074/2942
f 8103/8076/3352 8107/8080/3353 8105/8078/3352
f 8103/8076/3352 8108/8081/3354 8107/8080/3353
f 8107/8080/3353 8108/8081/3354 8109/8082/3355
f 8107/8080/3353 8109/8082/3355 8110/8083/3355
f 8110/8083/3355 8109/8082/3355 8111/8084/3356
f 8112/8085/3357 8110/8083/3355 8111/8084/3356
f 8109/8082/3355 8113/8086/3356 8111/8084/3356
f 8113/8086/3356 8114/8087/3358 8111/8084/3356
f 8115/8088/2480 8116/8089/3359 8117/8090/3360
f 8115/8088/2480 8118/8091/2480 8116/8089/3359
f 8117/8090/3360 8119/8092/2473 8115/8088/2480
f 8119/8092/2473 8120/8093/2480 8115/8088/2480
f 8121/8094/3361 8117/8090/3360 8116/8089/3359
f 8121/8094/3361 8122/8095/3361 8117/8090/3360
f 8121/8094/3361 8123/8096/3362 8122/8095/3361
f 8121/8094/3361 8124/8097/3362 8123/8096/3362
f 8123/8096/3362 8124/8097/3362 8125/8098/3363
f 8124/8097/3362 8126/8099/3363 8125/8098/3363
f 8125/8098/3363 8127/8100/3364 8123/8096/3362
f 8125/8098/3363 8128/8101/3365 8127/8100/3364
f 8129/8102/3366 8130/8103/3367 8131/8104/3367
f 8129/8102/3366 8132/8105/3366 8130/8103/3367
f 8132/8105/3366 8129/8102/3366 8133/8106/3368
f 8134/8107/3368 8132/8105/3366 8133/8106/3368
f 8135/8108/3369 8132/8105/3366 8134/8107/3368
f 8134/8107/3368 8136/8109/3369 8135/8108/3369
f 8137/8110/3368 8138/8111/3368 8139/8112/3370
f 8140/8113/3371 8139/8112/3370 8138/8111/3368
f 8139/8112/3370 8141/8114/3369 8137/8110/3368
f 8141/8114/3369 8142/8115/3372 8137/8110/3368
f 8143/8116/3373 8139/8112/3370 8140/8113/3371
f 8143/8116/3373 8140/8113/3371 8144/8117/3373
f 8145/8118/70 8146/8119/3374 8147/8120/3375
f 8145/8118/70 8148/8121/372 8146/8119/3374
f 8149/8122/73 8145/8118/70 8147/8120/3375
f 8149/8122/73 8147/8120/3375 8150/8123/3376
f 8151/8124/3377 8149/8122/73 8150/8123/3376
f 8151/8124/3377 8150/8123/3376 8152/8125/72
f 8153/8126/67 8151/8124/3377 8152/8125/72
f 8153/8126/67 8152/8125/72 8154/8127/494
f 8155/8128/65 8153/8126/67 8154/8127/494
f 8155/8128/65 8154/8127/494 8156/8129/367
f 8157/8130/3378 8155/8128/65 8156/8129/367
f 8157/8130/3378 8158/8131/639 8155/8128/65
f 8159/8132/184 8158/8131/639 8157/8130/3378
f 8159/8132/184 8157/8130/3378 8160/8133/368
f 8161/8134/3379 8159/8132/184 8160/8133/368
f 8161/8134/3379 8160/8133/368 8162/8135/370
f 8163/8136/57 8161/8134/3379 8162/8135/370
f 8163/8136/57 8164/8137/57 8161/8134/3379
f 8165/8138/59 8164/8137/57 8163/8136/57
f 8165/8138/59 8163/8136/57 8166/8139/59
f 8167/8140/3380 8165/8138/59 8166/8139/59
f 8167/8140/3380 8168/8141/63 8165/8138/59
f 8169/8142/3381 8168/8141/63 8167/8140/3380
f 8169/8142/3381 8167/8140/3380 8170/8143/66
f 8171/8144/3382 8169/8142/3381 8170/8143/66
f 8171/8144/3382 8170/8143/66 8172/8145/3383
f 8173/8146/3311 8174/8147/3313 8175/8148/3312
f 8176/8149/3312 8173/8146/3311 8175/8148/3312
f 8174/8147/3313 8177/8150/3317 8175/8148/3312
f 8178/8151/3314 8176/8149/3312 8175/8148/3312
f 8179/8152/3312 8175/8148/3312 8177/8150/3317
f 8180/8153/3384 8179/8152/3312 8177/8150/3317
f 8175/8148/3312 8181/8154/3312 8178/8151/3314
f 8181/8154/3312 8182/8155/3317 8178/8151/3314
f 8181/8154/3312 8183/8156/3314 8182/8155/3317
f 8181/8154/3312 8184/8157/3317 8183/8156/3314
f 8185/8158/3311 8186/8159/3317 8187/8160/3313
f 8185/8158/3311 8188/8161/3312 8186/8159/3317
f 8187/8160/3313 8189/8162/3311 8185/8158/3311
f 8185/8158/3311 8190/8163/3313 8188/8161/3312
f 8185/8158/3311 8191/8164/3312 8190/8163/3313
f 8191/8164/3312 8192/8165/3384 8190/8163/3313
f 8193/8166/3311 8185/8158/3311 8189/8162/3311
f 8194/8167/3319 8193/8166/3311 8189/8162/3311
f 8194/8167/3319 8195/8168/3314 8193/8166/3311
f 8195/8168/3314 8196/8169/3317 8193/8166/3311
f 8197/5412/3385 8198/5419/2514 8199/5413/3386
f 8200/5421/2516 8201/5420/2515 8202/5422/3387
f 8203/8170/3331 8204/8171/3331 8205/8172/3330
f 8204/8171/3331 8206/8173/3330 8205/8172/3330
f 8206/8173/3330 8207/8174/2601 8205/8172/3330
f 8205/8172/3330 8208/8175/3330 8203/8170/3331
f 8203/8170/3331 8208/8175/3330 8209/8176/2601
f 8208/8175/3330 8210/8177/3330 8209/8176/2601
f 8208/8175/3330 8211/8178/2601 8210/8177/3330
f 8212/8179/3332 8213/8180/3332 8214/8181/3333
f 8215/8182/3333 8214/8181/3333 8213/8180/3332
f 8216/8183/3330 8215/8182/3333 8213/8180/3332
f 8213/8180/3332 8217/8184/2601 8216/8183/3330
f 8214/8181/3333 8218/8185/3333 8212/8179/3332
f 8218/8185/3333 8219/8186/3332 8212/8179/3332
f 8219/8186/3332 8220/8187/3332 8212/8179/3332
f 8221/8188/219 8222/8189/219 8223/8190/219
f 8221/8188/219 8223/8190/219 8224/8191/217
f 8225/8192/217 8221/8188/219 8224/8191/217
f 8221/8188/219 8226/8193/217 8222/8189/219
f 8222/8189/219 8226/8193/217 8227/8194/217
f 8226/8193/217 8228/8195/217 8227/8194/217
f 8222/8189/219 8229/8196/217 8223/8190/219
f 8230/8197/217 8223/8190/219 8229/8196/217
f 8229/8196/217 8231/8198/217 8230/8197/217
f 8229/8196/217 8232/8199/217 8231/8198/217
f 8233/8200/3334 8234/8201/3332 8235/8202/3333
f 8234/8201/3332 8236/8203/2601 8235/8202/3333
f 8237/8204/3333 8234/8201/3332 8233/8200/3334
f 8238/8205/3330 8237/8204/3333 8233/8200/3334
f 8239/8206/2601 8238/8205/3330 8233/8200/3334
f 8240/8207/3330 8241/8208/3331 8242/8209/3331
f 8241/8208/3331 8243/8210/3330 8242/8209/3331
f 8243/8210/3330 8244/8211/2601 8242/8209/3331
f 8242/8209/3331 8245/8212/3331 8240/8207/3330
f 8245/8212/3331 8246/8213/2601 8240/8207/3330
f 8247/8214/3388 8248/8215/3389 8249/8216/3390
f 8247/8214/3388 8250/8217/3389 8248/8215/3389
f 8251/8218/3391 8247/8214/3388 8249/8216/3390
f 8251/8218/3391 8249/8216/3390 8252/8219/3392
f 8253/8220/896 8251/8218/3391 8252/8219/3392
f 8253/8220/896 8252/8219/3392 8254/8221/3393
f 8255/8222/3394 8253/8220/896 8254/8221/3393
f 8255/8222/3394 8254/8221/3393 8256/8223/3395
f 8257/8224/217 8258/8225/219 8259/8226/219
f 8257/8224/217 8260/8227/217 8258/8225/219
f 8259/8226/219 8261/8228/217 8257/8224/217
f 8262/8229/219 8258/8225/219 8260/8227/217
f 8261/8228/217 8259/8226/219 8263/8230/219
f 8260/8227/217 8264/8231/217 8262/8229/219
f 8261/8228/217 8263/8230/219 8265/8232/217
f 8266/8233/219 8262/8229/219 8264/8231/217
f 8267/8234/217 8265/8232/217 8263/8230/219
f 8264/8231/217 8268/8235/217 8266/8233/219
f 8263/8230/219 8269/8236/217 8267/8234/217
f 8268/8235/217 8270/8237/219 8266/8233/219
f 8271/8238/217 8267/8234/217 8269/8236/217
f 8270/8237/219 8272/8239/219 8266/8233/219
f 8273/8240/219 8271/8238/217 8269/8236/217
f 8270/8237/219 8274/8241/217 8272/8239/219
f 8275/8242/219 8271/8238/217 8273/8240/219
f 8276/8243/219 8272/8239/219 8274/8241/217
f 8275/8242/219 8273/8240/219 8277/8244/219
f 8274/8241/217 8278/8245/219 8276/8243/219
f 8279/8246/219 8275/8242/219 8277/8244/219
f 8278/8245/219 8280/8247/219 8276/8243/219
f 8279/8246/219 8277/8244/219 8281/8248/217
f 8278/8245/219 8282/8249/219 8280/8247/219
f 8283/8250/219 8279/8246/219 8281/8248/217
f 8284/8251/217 8280/8247/219 8282/8249/219
f 8283/8250/219 8281/8248/217 8284/8251/217
f 8282/8249/219 8285/8252/219 8284/8251/217
f 8285/8252/219 8283/8250/219 8284/8251/217
f 8286/8253/3396 8287/8254/3397 8288/8255/3398
f 8287/8254/3397 8289/8256/3399 8288/8255/3398
f 8288/8255/3398 8290/8257/3400 8286/8253/3396
f 8291/8258/3398 8288/8255/3398 8289/8256/3399
f 8286/8253/3396 8290/8257/3400 8292/8259/3401
f 8293/8260/3396 8291/8258/3398 8289/8256/3399
f 8294/8261/3400 8291/8258/3398 8293/8260/3396
f 8295/8262/3401 8294/8261/3400 8293/8260/3396
f 8290/8257/3400 8296/8263/3400 8292/8259/3401
f 8296/8263/3400 8297/8264/3402 8292/8259/3401
f 8296/8263/3400 8298/8265/3398 8297/8264/3402
f 8298/8265/3398 8299/8266/3398 8297/8264/3402
f 8300/8267/3403 8301/8268/3404 8302/8269/3404
f 8301/8268/3404 8303/8270/3405 8302/8269/3404
f 8300/8267/3403 8304/8271/3403 8301/8268/3404
f 8304/8271/3403 8305/8272/3403 8301/8268/3404
f 8306/8273/3406 8307/8274/3407 8308/8275/3408
f 8309/8276/3408 8306/8273/3406 8308/8275/3408
f 8310/8277/3408 8309/8276/3408 8308/8275/3408
f 8311/8278/3408 8310/8277/3408 8308/8275/3408
f 8312/8279/691 8313/8280/55 8314/8281/25
f 8315/8282/25 8314/8281/25 8313/8280/55
f 8316/8283/25 8315/8282/25 8313/8280/55
f 8314/8281/25 8317/8284/25 8312/8279/691
f 8318/8285/25 8316/8283/25 8313/8280/55
f 8313/8280/55 8319/8286/25 8318/8285/25
f 8319/8286/25 8320/8287/25 8318/8285/25
f 8317/8284/25 8321/8288/25 8312/8279/691
f 8321/8288/25 8322/8289/25 8312/8279/691
f 8322/8289/25 8323/8290/25 8312/8279/691
f 8323/8290/25 8324/8291/25 8312/8279/691
f 8323/8290/25 8325/8292/25 8324/8291/25
f 8326/8293/3409 8327/8294/3410 8328/8295/3411
f 8329/8296/3412 8326/8293/3409 8328/8295/3411
f 8326/8293/3409 8330/8297/3410 8327/8294/3410
f 8329/8296/3412 8331/8298/3412 8326/8293/3409
f 8327/8294/3410 8330/8297/3410 8332/8299/3413
f 8333/8300/3414 8331/8298/3412 8329/8296/3412
f 8327/8294/3410 8332/8299/3413 8334/8301/3415
f 8334/8301/3415 8332/8299/3413 8335/8302/3416
f 8334/8301/3415 8335/8302/3416 8336/8303/3416
f 8333/8300/3414 8337/8304/3417 8331/8298/3412
f 8338/8305/3418 8337/8304/3417 8333/8300/3414
f 8338/8305/3418 8333/8300/3414 8339/8306/3419
f 8340/8307/3420 8338/8305/3418 8339/8306/3419
f 8340/8307/3420 8339/8306/3419 8341/8308/3421
f 8342/8309/3422 8343/8310/3423 8344/8311/3413
f 8342/8309/3422 8345/8312/3416 8343/8310/3423
f 8346/8313/3410 8342/8309/3422 8344/8311/3413
f 8346/8313/3410 8344/8311/3413 8347/8314/3424
f 8346/8313/3410 8347/8314/3424 8348/8315/3409
f 8346/8313/3410 8348/8315/3409 8349/8316/3411
f 8350/8317/3425 8349/8316/3411 8348/8315/3409
f 8350/8317/3425 8348/8315/3409 8351/8318/3412
f 8352/8319/3414 8350/8317/3425 8351/8318/3412
f 8352/8319/3414 8351/8318/3412 8353/8320/3426
f 8352/8319/3414 8353/8320/3426 8354/8321/3418
f 8352/8319/3414 8354/8321/3418 8355/8322/3427
f 8355/8322/3427 8354/8321/3418 8356/8323/3421
f 8355/8322/3427 8356/8323/3421 8357/8324/3428
f 8358/8325/25 8359/8326/26 8360/8327/26
f 8358/8325/25 8361/8328/25 8359/8326/26
f 8359/8326/26 8362/8329/26 8360/8327/26
f 8362/8329/26 8363/8330/25 8360/8327/26
f 8360/8327/26 8364/8331/25 8358/8325/25
f 8364/8331/25 8365/8332/25 8358/8325/25
f 8366/8333/2385 8367/8334/3429 8368/8335/3430
f 8369/8336/3431 8368/8335/3430 8367/8334/3429
f 8368/8335/3430 8369/8336/3431 8370/8337/3432
f 8370/8337/3432 8371/8338/3433 8372/8339/3434
f 8372/8339/3434 8368/8335/3430 8370/8337/3432
f 8368/8335/3430 8372/8339/3434 8373/8340/26
f 8368/8335/3430 8373/8340/26 8374/8341/26
f 8375/8342/25 8374/8341/26 8373/8340/26
f 8373/8340/26 8376/8343/25 8375/8342/25
f 8377/8344/25 8375/8342/25 8376/8343/25
f 8378/8345/3435 8368/8335/3430 8374/8341/26
f 8368/8335/3430 8378/8345/3435 8366/8333/2385
f 8378/8345/3435 8379/8346/3436 8366/8333/2385
f 8380/8347/3437 8378/8345/3435 8374/8341/26
f 8381/8348/3438 8379/8346/3436 8378/8345/3435
f 8378/8345/3435 8380/8347/3437 8381/8348/3438
f 8380/8347/3437 8382/8349/3439 8381/8348/3438
f 8376/8343/25 8383/8350/55 8377/8344/25
f 8383/8350/55 8384/8351/25 8377/8344/25
f 8384/8351/25 8385/8352/25 8377/8344/25
f 8384/8351/25 8386/8353/26 8385/8352/25
f 8387/8354/25 8384/8351/25 8383/8350/55
f 8388/8355/25 8387/8354/25 8383/8350/55
f 8383/8350/55 8389/8356/693 8388/8355/25
f 8390/8357/3440 8391/8358/3441 8392/8359/3441
f 8393/8360/3440 8390/8357/3440 8392/8359/3441
f 8394/8361/3442 8393/8360/3440 8392/8359/3441
f 8395/8362/3443 8396/8363/3444 8397/8364/3445
f 8398/8365/3445 8395/8362/3443 8397/8364/3445
f 8396/8363/3444 8399/8366/3444 8397/8364/3445
f 8397/8364/3445 8400/8367/3443 8398/8365/3445
f 8396/8363/3444 8401/8368/3446 8399/8366/3444
f 8400/8367/3443 8402/8369/3443 8398/8365/3445
f 8399/8366/3444 8401/8368/3446 8403/8370/3444
f 8404/8371/3447 8402/8369/3443 8400/8367/3443
f 8405/8372/3444 8399/8366/3444 8403/8370/3444
f 8404/8371/3447 8400/8367/3443 8406/8373/3443
f 8403/8370/3444 8407/8374/3443 8405/8372/3444
f 8408/8375/3444 8404/8371/3447 8406/8373/3443
f 8409/8376/3447 8408/8375/3444 8406/8373/3443
f 8406/8373/3443 8410/8377/3443 8409/8376/3447
f 8410/8377/3443 8411/8378/3448 8409/8376/3447
f 8412/8379/3449 8411/8378/3448 8410/8377/3443
f 8413/8380/3449 8412/8379/3449 8410/8377/3443
f 8414/8381/3444 8412/8379/3449 8413/8380/3449
f 8413/8380/3449 8415/8382/3445 8414/8381/3444
f 8415/8382/3445 8405/8372/3444 8407/8374/3443
f 8414/8381/3444 8415/8382/3445 8416/8383/3450
f 8407/8374/3443 8417/8384/3449 8415/8382/3445
f 8415/8382/3445 8418/8385/3445 8416/8383/3450
f 8417/8384/3449 8418/8385/3445 8415/8382/3445
f 8419/8386/3451 8420/8387/3452 8421/8388/3451
f 8419/8386/3451 8422/8389/3452 8420/8387/3452
f 8423/8390/496 8424/8391/73 8425/8392/73
f 8425/8392/73 8424/8391/73 8426/8393/72
f 8423/8390/496 8427/8394/70 8424/8391/73
f 8425/8392/73 8426/8393/72 8428/8395/72
f 8428/8395/72 8426/8393/72 8429/8396/494
f 8428/8395/72 8429/8396/494 8430/8397/641
f 8431/8398/495 8427/8394/70 8423/8390/496
f 8431/8398/495 8432/8399/68 8427/8394/70
f 8433/8400/66 8432/8399/68 8431/8398/495
f 8433/8400/66 8434/8401/66 8432/8399/68
f 8435/8402/63 8434/8401/66 8433/8400/66
f 8435/8402/63 8436/8403/63 8434/8401/66
f 8437/8404/59 8436/8403/63 8435/8402/63
f 8437/8404/59 8438/8405/59 8436/8403/63
f 8439/8406/493 8438/8405/59 8437/8404/59
f 8439/8406/493 8440/8407/57 8438/8405/59
f 8441/8408/370 8440/8407/57 8439/8406/493
f 8441/8408/370 8442/8409/370 8440/8407/57
f 8443/8410/368 8442/8409/370 8441/8408/370
f 8443/8410/368 8444/8411/184 8442/8409/370
f 8445/8412/64 8444/8411/184 8443/8410/368
f 8445/8412/64 8446/8413/64 8444/8411/184
f 8447/8414/65 8446/8413/64 8445/8412/64
f 8447/8414/65 8448/8415/65 8446/8413/64
f 8449/8416/494 8448/8415/65 8447/8414/65
f 8449/8416/494 8450/8417/494 8448/8415/65
f 8451/8418/217 8452/8419/217 8453/8420/217
f 8453/8420/217 8454/8421/217 8451/8418/217
f 8454/8421/217 8455/8422/217 8451/8418/217
f 8454/8421/217 8456/8423/217 8455/8422/217
f 8456/8423/217 8457/8424/219 8455/8422/217
f 8456/8423/217 8458/8425/219 8457/8424/219
f 8458/8425/219 8459/8426/217 8457/8424/219
f 8458/8425/219 8460/8427/219 8459/8426/217
f 8459/8426/217 8460/8427/219 8461/8428/219
f 8462/8429/219 8461/8428/219 8460/8427/219
f 8460/8427/219 8463/8430/217 8462/8429/219
f 8464/8431/217 8453/8420/217 8452/8419/217
f 8464/8431/217 8465/8432/217 8453/8420/217
f 8464/8431/217 8466/8433/217 8465/8432/217
f 8467/8434/219 8464/8431/217 8452/8419/217
f 8468/8435/218 8467/8434/219 8452/8419/217
f 8469/8436/217 8467/8434/219 8468/8435/218
f 8470/8437/219 8469/8436/217 8468/8435/218
f 8471/8438/217 8470/8437/219 8468/8435/218
f 8471/8438/217 8468/8435/218 8472/8439/217
f 8473/8440/217 8470/8437/219 8471/8438/217
f 8473/8440/217 8474/8441/217 8470/8437/219
f 8475/8442/217 8471/8438/217 8472/8439/217
f 8472/8439/217 8476/8443/217 8475/8442/217
f 8477/8444/217 8475/8442/217 8476/8443/217
f 8478/8445/217 8477/8444/217 8476/8443/217
f 8479/8446/217 8477/8444/217 8478/8445/217
f 8478/8445/217 8480/8447/217 8479/8446/217
f 8481/8448/219 8479/8446/217 8480/8447/217
f 8480/8447/217 8482/8449/219 8481/8448/219
f 8482/8449/219 8483/8450/219 8481/8448/219
f 8484/8451/217 8481/8448/219 8483/8450/219
f 8485/8452/217 8486/8453/217 8487/8454/217
f 8487/8454/217 8488/8454/217 8485/8452/217
f 8488/8454/217 8489/8453/217 8485/8452/217
f 8490/8455/3453 8491/8456/1154 8492/8457/3454
f 8493/8458/92 8490/8455/3453 8492/8457/3454
f 8493/8458/92 8492/8457/3454 8494/8459/92
f 8490/8455/3453 8495/8460/3455 8491/8456/1154
f 8491/8456/1154 8495/8460/3455 8496/8461/3456
f 8491/8456/1154 8496/8461/3456 8497/8462/3457
f 8496/8461/3456 8498/8463/25 8497/8462/3457
f 8496/8461/3456 8499/8464/25 8498/8463/25
f 8500/8465/219 8501/8466/219 8502/8467/219
f 8501/8466/219 8503/8468/217 8502/8467/219
f 8500/8465/219 8504/8469/217 8501/8466/219
f 8500/8465/219 8505/8470/217 8504/8469/217
f 8502/8467/219 8506/8471/217 8500/8465/219
f 8502/8467/219 8507/8472/217 8506/8471/217
f 8508/8473/3458 8509/8474/3458 8510/8475/3459
f 8510/8475/3459 8511/8476/3460 8508/8473/3458
f 8508/8473/3458 8511/8476/3460 8512/8477/3132
f 8511/8476/3460 8513/8478/3461 8512/8477/3132
f 8510/8475/3459 8514/8479/3462 8511/8476/3460
f 8510/8475/3459 8515/8480/3463 8514/8479/3462
f 8514/8479/3462 8515/8480/3463 8516/8481/3464
f 8514/8479/3462 8516/8481/3464 8517/8482/3465
f 8516/8481/3464 8518/8483/3466 8517/8482/3465
f 8516/8481/3464 8519/8484/3466 8518/8483/3466
f 8520/8485/217 8521/8486/217 8522/8487/219
f 8523/8488/219 8522/8487/219 8521/8486/217
f 8522/8487/219 8524/8489/217 8520/8485/217
f 8525/8490/217 8523/8488/219 8521/8486/217
f 8520/8485/217 8524/8489/217 8526/8491/217
f 8527/8492/217 8525/8490/217 8521/8486/217
f 8524/8489/217 8528/8493/217 8526/8491/217
f 8525/8490/217 8527/8492/217 8529/8494/217
f 8528/8493/217 8530/8495/217 8526/8491/217
f 8531/8496/219 8525/8490/217 8529/8494/217
f 8528/8493/217 8532/8497/219 8530/8495/217
f 8533/8498/219 8531/8496/219 8529/8494/217
f 8534/8499/217 8530/8495/217 8532/8497/219
f 8533/8498/219 8529/8494/217 8535/8500/217
f 8532/8497/219 8536/8501/219 8534/8499/217
f 8537/8502/219 8533/8498/219 8535/8500/217
f 8534/8499/217 8536/8501/219 8538/8503/219
f 8537/8502/219 8535/8500/217 8539/8504/217
f 8536/8501/219 8540/8505/219 8538/8503/219
f 8541/8506/217 8537/8502/219 8539/8504/217
f 8538/8503/219 8540/8505/219 8542/8507/217
f 8543/8508/217 8541/8506/217 8539/8504/217
f 8540/8505/219 8544/8509/217 8542/8507/217
f 8545/8510/217 8541/8506/217 8543/8508/217
f 8546/8511/217 8542/8507/217 8544/8509/217
f 8543/8508/217 8546/8511/217 8545/8510/217
f 8544/8509/217 8545/8510/217 8546/8511/217
f 8547/8512/3467 8548/8513/3468 8549/8514/3467
f 8547/8512/3467 8550/8515/3469 8548/8513/3468
f 8548/8513/3468 8550/8515/3469 8551/8516/3470
f 8548/8513/3468 8551/8516/3470 8552/8517/3471
f 8553/8518/3472 8552/8517/3471 8551/8516/3470
f 8553/8518/3472 8551/8516/3470 8554/8519/3473
f 8555/8520/3474 8553/8518/3472 8554/8519/3473
f 8555/8520/3474 8554/8519/3473 8556/8521/3474
f 8557/8522/3475 8558/8523/3476 8559/8524/3477
f 8559/8524/3477 8560/8525/3478 8557/8522/3475
f 8557/8522/3475 8560/8525/3478 8561/8526/3479
f 8560/8525/3478 8562/8527/3478 8561/8526/3479
f 8563/8528/219 8564/8529/220 8565/8530/220
f 8563/8528/219 8566/8531/219 8564/8529/220
f 8567/8532/219 8563/8528/219 8565/8530/220
f 8566/8531/219 8568/8533/217 8564/8529/220
f 8565/8530/220 8569/8534/217 8567/8532/219
f 8568/8533/217 8570/8535/217 8564/8529/220
f 8565/8530/220 8571/8536/219 8569/8534/217
f 8572/8537/217 8564/8529/220 8570/8535/217
f 8565/8530/220 8573/8538/217 8571/8536/219
f 8570/8535/217 8574/8539/219 8572/8537/217
f 8571/8536/219 8573/8538/217 8575/8540/219
f 8576/8541/219 8572/8537/217 8574/8539/219
f 8573/8538/217 8577/8542/219 8575/8540/219
f 8576/8541/219 8574/8539/219 8578/8543/219
f 8577/8542/219 8579/8544/219 8575/8540/219
f 8580/8545/217 8576/8541/219 8578/8543/219
f 8577/8542/219 8581/8546/217 8579/8544/219
f 8578/8543/219 8582/8547/217 8580/8545/217
f 8581/8546/217 8583/8548/217 8579/8544/219
f 8580/8545/217 8582/8547/217 8584/8549/217
f 8584/8549/217 8583/8548/217 8581/8546/217
f 8581/8546/217 8580/8545/217 8584/8549/217
f 8585/8550/219 8586/8551/217 8587/8552/219
f 8585/8550/219 8588/8553/217 8586/8551/217
f 8589/8554/217 8585/8550/219 8587/8552/219
f 8588/8553/217 8590/8555/217 8586/8551/217
f 8591/8556/217 8589/8554/217 8587/8552/219
f 8590/8555/217 8592/8557/217 8586/8551/217
f 8591/8556/217 8593/8558/219 8589/8554/217
f 8590/8555/217 8594/8559/217 8592/8557/217
f 8595/8560/219 8589/8554/217 8593/8558/219
f 8594/8559/217 8596/8561/217 8592/8557/217
f 8597/8562/219 8595/8560/219 8593/8558/219
f 8598/8563/219 8596/8561/217 8594/8559/217
f 8599/8564/217 8595/8560/219 8597/8562/219
f 8594/8559/217 8600/8565/217 8598/8563/219
f 8597/8562/219 8601/8566/217 8599/8564/217
f 8600/8565/217 8602/8567/219 8598/8563/219
f 8603/8568/217 8599/8564/217 8601/8566/217
f 8604/8569/219 8598/8563/219 8602/8567/219
f 8605/8570/217 8603/8568/217 8601/8566/217
f 8606/8571/217 8604/8569/219 8602/8567/219
f 8605/8570/217 8601/8566/217 8607/8572/219
f 8602/8567/219 8608/8573/219 8606/8571/217
f 8609/8574/219 8605/8570/217 8607/8572/219
f 8608/8573/219 8610/8575/219 8606/8571/217
f 8611/8576/219 8609/8574/219 8607/8572/219
f 8610/8575/219 8609/8574/219 8611/8576/219
f 8610/8575/219 8611/8576/219 8612/8577/219
f 8610/8575/219 8612/8577/219 8606/8571/217
f 8613/8578/3480 8614/8579/3480 8615/8580/3480
f 8613/8578/3480 8616/8581/3480 8614/8579/3480
f 8617/8582/3481 8618/8583/3482 8619/8584/3483
f 8618/8583/3482 8617/8582/3481 8620/8585/3484
f 8621/8586/3485 8618/8583/3482 8620/8585/3484
f 8617/8582/3481 8622/8587/3484 8620/8585/3484
f 8617/8582/3481 8619/8584/3483 8623/8588/3486
f 8624/8589/3487 8623/8588/3486 8619/8584/3483
f 8624/8589/3487 8625/8590/3488 8623/8588/3486
f 8619/8584/3483 8626/8591/3489 8624/8589/3487
f 8627/8592/3490 8628/8593/3491 8629/8594/3492
f 8628/8593/3491 8630/8595/3492 8629/8594/3492
f 8630/8595/3492 8631/8596/3490 8629/8594/3492
f 8632/8597/3493 8628/8593/3491 8627/8592/3490
f 8633/8598/3490 8632/8597/3493 8627/8592/3490
f 8627/8592/3490 8634/8599/3492 8633/8598/3490
f 8635/8600/3494 8636/8601/3495 8637/8602/3494
f 8636/8601/3495 8638/8603/3496 8637/8602/3494
f 8637/8602/3494 8639/8604/3496 8635/8600/3494
f 8639/8604/3496 8640/8605/3497 8635/8600/3494
f 8635/8600/3494 8640/8605/3497 8641/8606/3498
f 8640/8605/3497 8642/8607/3499 8641/8606/3498
f 8642/8607/3499 8643/8608/3499 8641/8606/3498
f 8642/8607/3499 8644/8609/3498 8643/8608/3499
f 8645/8610/3499 8646/8611/3500 8647/8612/3499
f 8647/8612/3499 8648/8613/3498 8645/8610/3499
f 8645/8610/3499 8649/8614/3501 8646/8611/3500
f 8650/8615/3502 8646/8611/3500 8649/8614/3501
f 8650/8615/3502 8651/8616/3502 8646/8611/3500
f 8652/8617/3499 8645/8610/3499 8648/8613/3498
f 8653/8618/3497 8652/8617/3499 8648/8613/3498
f 8653/8618/3497 8654/8619/3497 8652/8617/3499
f 8655/526/274 8658/8620/3503 8657/8621/3504
f 8655/526/274 8656/527/273 8658/8620/3503
f 527/8620/3505 526/8621/3506 8657/8621/3504 8658/8620/3503
s 0
f 530/525/3507 527/525/3507 8658/525/3507 8656/525/3507
s 1
f 8659/8622/3508 8661/8621/3509 8660/8620/3510
f 8659/8622/3508 8662/8623/3508 8661/8621/3509
s 0
f 527/525/3511 525/525/3511 8659/525/3511 8660/525/3511
s 1
f 526/8621/3506 527/8620/3505 8660/8620/3510 8661/8621/3509
